tree
version=v4
num_class=1
num_tree_per_iteration=1
label_index=0
max_feature_idx=30
objective=binary sigmoid:1
feature_names=amount payment_rail transaction_type authentication_method card_present auth_success currency merchant_category_code merchant_risk_score merchant_familiarity_score device_age_days account_age_days is_new_device is_new_beneficiary velocity_score transaction_count_last_1h transaction_count_last_24h avg_amount_last_1d avg_amount_last_7d amount_to_avg_7d_ratio amount_zscore_account seconds_since_prev_tx distinct_beneficiaries_last_24h distinct_devices_last_7d account_tx_count_to_date campaign_step location_country location_region hour_of_day day_of_week is_night
feature_infos=[0.63:10000000] [0:12] [0:27] [0:6] [0:1] [0:1] [0:10] [0:5] [0:0.96999999999999997] [0:1] [0:975] [0:2177] [0:1] [0:1] [0:1] [0:25] [0:32] [0:10000000] [0:9933802.5099999998] [0:13413.3024] [-27.544599999999999:12260.6561] [-1:602926] [0:20] [0:8] [0:116] [0:25] [0:10] [0:11] [0:23] [0:6] [0:1]
tree_sizes=2568 2898 2788 2475 2697 2985 2672 2594 2471 2455 2885 2878 2894 2676 2446 2777 2892 2265 2359 2475 2553 1931 2900 2794 2674 2111 2163 1744 2911 2163 2672 1846 2048 3109 1837 1426 3217 1935 3006 1828 1952 1636 3112 2781 1842 3001 1720 1926 1948 1956 2779 1950 1847 1819 1808 2871 1848 1852 1743 1847 1926 1635 1927 1955 2494 1945 3205 2783 1851 1843 2268 1820 2887 1853 2276 2369 1961 2594 2272 1753 2378 1856 2910 2257 2275 2715 1647 1848 2698 2145 1862 2692 1619 2250 1857 1726 2028 1717 2489 3008 1722 2050 2883 1749 2568 2357 2029 2886 1807 2570 1531 2156 1837 1929 1972 2259 3022 1629 1952 2054 2794 2600 1633 2672 2141 1971 2045 1836 1951 2464 2147 2248 2463 2788 2053 2383 1605 2248 2045 1619 2135 2425 2479 2042 2029 2230 1829 2425 2788 2243 1514 1727 2486 2426 1313 2578 2337 1842 2380 2485 2137 1313 2144 2663 2154 2483 2172 2888 1944 2278 2373 3093 2687 1742 2056 1852 2274 1953 2176 1962 2705 2004 3246 1917 1287 2248 1936 1527 1841 2165 1839 2352 1817 1637 2591 2253 1543 2794 1723 2271 2804 2130 1638 1964 1608 2016 1754 2047 1746 2145 2260 1844 1607 1193 2780 2322 2458 2057 2812 1293 2561 1965

Tree=0
num_leaves=23
num_cat=0
split_feature=3 15 3 10 1 2 0 1 15 1 2 15 2 10 15 1 3 17 10 14 17 18
split_gain=816.854 378.299 191.277 121.898 88.1596 74.9086 62.151 54.7319 53.779 46.7987 54.776 38.7781 38.4012 25.9635 25.8028 19.5677 16.7218 10.9951 6.92075 6.23892 2.06305 0.457431
threshold=3.5000000000000004 1.0000000180025095e-35 4.5000000000000009 40.500000000000007 1.5000000000000002 23.500000000000004 4179.9000000000005 1.5000000000000002 6.5000000000000009 1.5000000000000002 24.500000000000004 1.0000000180025095e-35 5.5000000000000009 1.0000000180025095e-35 1.0000000180025095e-35 7.5000000000000009 1.5000000000000002 78061.185000000012 789.50000000000011 0.41740000000000005 24438.930000000004 128359.30500000001
decision_type=2 2 2 2 2 2 2 2 2 2 2 2 2 2 2 2 2 2 2 2 2 2
left_child=1 3 6 -1 16 -6 14 -4 9 -3 -11 18 -8 -14 15 -2 -5 -10 -9 -13 -16 -19
right_child=2 8 7 4 5 -7 12 11 17 10 -12 19 13 -15 20 -17 -18 21 -20 -21 -22 -23
leaf_value=-0.08212880285803166 0.033267670570432964 0.073757160076302078 0.081690793980762427 0.074879755300996845 -0.042561092664027605 0.0017315677748190803 0.0052447672672953048 -0.049704178991869699 0.081960109858977198 -0.004538669094750954 0.046450502702125224 0.0055114885563167463 0.012327525885681288 0.085852851202660396 0.071474254836873252 -0.023207322187579666 0.0037768039166734962 0.021024884619238227 -0.0023889876410318391 0.050546401574857652 0.033148360531361137 0.042269169637068268
leaf_weight=133.95854106545448 41.358477920293808 27.125576421618462 13.433211922645567 19.90701225399971 490.32314023375511 119.44577984511852 16.456730961799622 50.942109167575836 35.331056177616119 225.71226932108402 66.499761119484901 18.201487943530086 13.211984261870382 314.74652869999409 31.109855934977531 21.710618242621422 12.717218711972235 11.214613482356073 10.475080668926237 11.951530784368513 9.9646220505237562 15.691043034195898
leaf_count=536 166 109 54 80 1964 479 66 204 142 905 267 73 53 1265 125 87 51 45 42 48 40 63
internal_value=0.00498867 -0.0188949 0.0548368 -0.0388971 -0.0296232 -0.0339409 0.0690068 -0.00566256 0.0217934 0.0133056 0.00723236 -0.0199441 0.0792641 0.082982 0.0342349 0.0133963 0.0483906 0.063582 -0.0422872 0.0253802 0.0641359 0.0354648
internal_weight=1711.49 1157.93 553.562 776.352 642.393 609.769 448.559 105.003 381.574 319.338 292.212 91.5702 344.415 327.959 104.144 63.0691 32.6242 62.2367 61.4172 30.153 41.0745 26.9057
internal_count=6864 4641 2223 3110 2574 2443 1802 421 1531 1281 1172 367 1384 1318 418 253 131 250 246 121 165 108
is_linear=0
shrinkage=1


Tree=1
num_leaves=26
num_cat=0
split_feature=3 15 3 10 23 1 25 17 1 25 15 15 1 17 19 23 8 3 23 23 24 17 14 14 12
split_gain=738.661 342.531 172.859 110.699 86.7899 80.0052 65.712 58.3143 49.9779 47.0234 44.3601 35.3148 26.3178 25.5933 24.8016 16.72 16.5172 15.2844 10.8044 7.63011 6.62351 5.65678 4.26324 3.99311 3.13798
threshold=3.5000000000000004 1.0000000180025095e-35 4.5000000000000009 40.500000000000007 1.5000000000000002 1.5000000000000002 1.0000000180025095e-35 359.44500000000011 1.5000000000000002 4.5000000000000009 6.5000000000000009 1.0000000180025095e-35 9.5000000000000018 113081.24000000001 0.063050000000000009 2.5000000000000004 0.052950000000000004 1.5000000000000002 1.5000000000000002 1.5000000000000002 6.5000000000000009 7332.3700000000008 0.15515000000000004 0.089850000000000013 1.0000000180025095e-35
decision_type=2 2 2 2 2 2 2 2 2 2 2 2 2 2 2 2 2 2 2 2 2 2 2 2 2
left_child=1 3 7 -1 9 17 -7 12 -4 16 13 20 23 -6 19 -12 -3 -5 -13 -9 -10 -11 -14 -2 -16
right_child=2 4 8 5 10 6 -8 14 11 21 15 18 22 -15 24 -17 -18 -19 -20 -21 -22 -23 -24 -25 -26
leaf_value=-0.0832089348561562 0.029214906732251685 0.029588546678052899 0.073226789311357801 0.066556952113660195 -0.0046420855484395228 -0.093886829471155134 -0.032294704455794694 0.058304978919813677 -0.067143145509302449 0.041085738335999447 0.069953503413175244 0.047401765851280628 -0.014258888797786771 -0.047391820956627119 0.079906004932023489 0.0032145407280200385 -0.011273992085593525 -0.0014045375722397625 -0.0092114806765734112 0.017390413223297402 -0.029750573789787994 0.075575818128928829 0.017896848309261422 0.055346914446927013 0.040800315266058568
leaf_weight=133.73382221162319 34.093652561306953 72.974686995148659 13.410917848348616 19.879270195960999 94.489441275596619 45.981774479150772 563.56926414370537 22.379960998892784 22.473731011152267 27.872530743479729 18.63765549659729 14.685808390378954 25.417390301823616 54.670677095651627 255.8311964571476 18.185186147689819 35.167390093207359 12.717260509729384 15.459648594260214 27.887742668390274 38.912414133548737 59.437980309128761 14.43417666852474 54.940933123230934 12.940161794424055
leaf_count=536 137 293 54 80 379 184 2259 90 90 112 75 59 102 219 1030 73 141 51 62 112 156 239 58 221 52
internal_value=-0.000217976 -0.0229304 0.0472192 -0.041971 0.0157911 -0.0331356 -0.0372491 0.0607039 -0.0103028 0.038895 -0.00859161 -0.0239524 0.0314713 -0.0207967 0.0722126 0.0391152 0.016246 0.0412049 0.0192907 0.0373315 -0.0452845 0.065844 -0.00207451 0.0463118 0.0783754
internal_weight=1710.18 1157.32 552.868 775.881 381.436 642.148 609.551 447.925 104.943 195.453 185.983 91.5316 128.886 149.16 319.039 36.8228 108.142 32.5965 30.1455 50.2677 61.3861 87.3105 39.8516 89.0346 268.771
internal_count=6864 4641 2223 3110 1531 2574 2443 1802 421 785 746 367 518 598 1284 148 434 131 121 202 246 351 160 358 1082
is_linear=0
shrinkage=0.05


Tree=2
num_leaves=25
num_cat=0
split_feature=15 10 25 1 23 2 15 2 15 24 2 23 23 1 22 28 2 24 17 17 28 1 0 10
split_gain=490.575 180.112 162.523 127.346 101.101 78.5212 59.7706 50.8019 35.0392 34.6728 20.1517 19.396 18.7881 17.6612 11.7172 11.3383 13.1732 8.37194 5.67733 5.67606 3.91577 2.31015 1.19189 0.319987
threshold=1.0000000180025095e-35 31.500000000000004 1.0000000180025095e-35 10.500000000000002 1.5000000000000002 23.500000000000004 6.5000000000000009 23.500000000000004 1.5000000000000002 10.500000000000002 22.500000000000004 2.5000000000000004 2.5000000000000004 9.5000000000000018 1.5000000000000002 6.5000000000000009 24.500000000000004 7.5000000000000009 15727.460000000001 108154.01500000001 2.5000000000000004 9.5000000000000018 15161.600000000002 317.50000000000006
decision_type=2 2 2 2 2 2 2 2 2 2 2 2 2 2 2 2 2 2 2 2 2 2 2 2
left_child=1 15 -3 7 8 -5 9 -4 10 14 13 -11 -8 -2 -6 22 21 18 -10 -14 -19 -17 -1 -12
right_child=4 2 3 5 6 -7 12 -9 17 11 23 -13 19 -15 -16 16 -18 20 -20 -21 -22 -23 -24 -25
leaf_value=-0.045325215545467402 0.032846220899056956 -0.091896813408343894 -0.00054444787594303467 -0.046410137243417034 0.00080994665220692234 0.011216390521898866 0.077997776386973625 0.034850229219948826 0.025055086697118329 0.028091113235756932 0.036669605633680463 -0.0061446084700827507 0.038695896993469224 -0.014712585508993134 -0.046507399215673026 -0.044342452156549569 -0.0035618757450427089 0.042749080336234528 0.060437795399599571 -0.0040754218076866026 0.078619542462200653 -0.0785839031702944 -0.08428570701465167 0.068997881581395609
leaf_weight=11.174747601151465 63.120084300637245 57.524358868598938 434.55380563437939 233.82727886736393 18.430739358067513 77.640610709786415 36.382220461964607 129.99270744621754 23.866746500134468 89.522081285715103 10.916225418448446 73.687744408845901 17.380309358239177 26.168623507022858 39.392904132604599 27.315299674868584 13.401967346668242 18.109100803732872 37.715497925877571 11.701217010617254 122.66639515757561 18.386044681072235 86.451186656951904 27.506108075380325
leaf_count=45 254 231 1747 938 74 312 147 523 96 360 44 296 70 105 158 110 54 73 152 47 495 74 348 111
internal_value=-0.000187228 -0.0203415 -0.0119282 -0.00646823 0.0353858 -0.0320336 0.013467 0.00768215 0.0541854 0.00084004 0.0327189 0.0126862 0.0546638 0.0187812 -0.0317354 -0.0696098 -0.0487173 0.0672315 0.0481016 0.0220099 0.0747387 -0.061045 -0.0809259 0.0623292
internal_weight=1706.83 1090.27 933.539 876.014 616.566 311.468 286.497 564.547 330.069 221.033 127.711 163.21 65.4637 89.2887 57.8236 156.729 59.1033 202.358 61.5822 29.0815 140.775 45.7013 97.6259 38.4223
internal_count=6864 4382 3751 3520 2482 1250 1152 2270 1330 888 514 656 264 359 232 631 238 816 248 117 568 184 393 155
is_linear=0
shrinkage=0.05


Tree=3
num_leaves=22
num_cat=0
split_feature=16 23 10 25 2 24 1 21 25 21 23 1 1 19 2 8 22 2 24 14 27
split_gain=359.592 211.572 136.229 134.287 99.1195 97.1636 90.5006 52.7882 43.0037 36.4445 29.6343 27.5623 20.8603 19.2376 9.47062 9.02427 8.71834 8.67942 8.53589 5.42209 2.41925
threshold=1.5000000000000002 1.5000000000000002 8.5000000000000018 1.0000000180025095e-35 23.500000000000004 10.500000000000002 10.500000000000002 1099.0000000000002 5.5000000000000009 5844.0000000000009 2.5000000000000004 10.500000000000002 3.5000000000000004 0.35355000000000009 6.5000000000000009 0.064700000000000021 1.5000000000000002 23.500000000000004 4.5000000000000009 0.36640000000000006 10.500000000000002
decision_type=2 2 2 2 2 2 2 2 2 2 2 2 2 2 2 2 2 2 2 2 2
left_child=2 8 -1 -4 6 13 -5 10 9 15 -7 -9 -6 16 19 -2 -3 -11 -15 -10 -16
right_child=1 5 3 4 12 7 -8 11 14 17 -12 -13 -14 18 20 -17 -18 -19 -20 -21 -22
leaf_value=-0.075244386886532177 0.05620105698954142 -0.022539163205492624 -0.087956638905054438 -0.0045930099743390794 0.045352675908782225 0.052239892916689748 -0.046782702882501692 0.0085693712957671531 0.0096426544811892521 -0.010368744302132006 0.0095206415929074487 -0.034001719333534589 0.0097068215616343528 -0.046000526359596894 0.077344547847506051 0.026319371951923409 -0.068764673654810149 0.030824133518839954 0.0037855786596703786 0.055757078726711484 0.038581945347413632
leaf_weight=103.94391910731792 104.12777142226696 16.919515624642372 56.143827706575394 369.84475755691528 66.734848856925964 88.790697664022446 192.57641014456749 100.37206743657589 12.418935939669611 42.717464566230774 76.577798187732697 58.429967895150185 107.91796316206455 10.449369743466375 134.51701007783413 42.657506346702576 48.856921717524529 15.881944313645361 26.07848434150219 15.791759237647055 11.609050258994101
leaf_count=421 421 68 227 1487 269 359 774 404 50 172 308 235 434 42 545 172 196 64 105 64 47
internal_value=-0.000173767 0.0240238 -0.021934 -0.014764 -0.00895233 -0.000155027 -0.0191713 0.0132555 0.0510643 0.0348983 0.0328676 -0.00726022 0.023743 -0.042184 0.0694408 0.0480548 -0.0580377 0.00127941 -0.0118456 0.0377698 0.0748951
internal_weight=1703.36 806.196 897.162 793.218 737.074 426.475 562.421 324.171 379.721 205.385 165.368 158.802 174.653 102.304 174.337 146.785 65.7764 58.5994 36.5279 28.2107 146.126
internal_count=6864 3252 3612 3191 2964 1717 2261 1306 1535 829 667 639 703 411 706 593 264 236 147 114 592
is_linear=0
shrinkage=0.05


Tree=4
num_leaves=24
num_cat=0
split_feature=3 14 3 12 23 17 23 0 2 2 0 14 17 12 14 22 24 18 12 7 9 25 9
split_gain=634.903 186.673 147.988 102.436 84.9378 62.9469 68.0957 51.2094 32.4725 26.3845 26.2243 24.2402 18.9419 15.2481 13.9248 16.7508 13.3911 11.8719 10.9926 10.738 8.60468 6.08885 2.5396
threshold=3.5000000000000004 0.30930000000000007 4.5000000000000009 1.0000000180025095e-35 2.5000000000000004 132.57000000000002 1.5000000000000002 4179.9000000000005 5.5000000000000009 24.500000000000004 291467.7900000001 0.53550000000000009 359.44500000000011 1.0000000180025095e-35 0.67945000000000011 3.5000000000000004 1.0000000180025095e-35 3742.7300000000005 1.0000000180025095e-35 2.5000000000000004 0.024350000000000004 1.0000000180025095e-35 0.012250000000000002
decision_type=2 2 2 2 2 2 2 2 2 2 2 2 2 2 2 2 2 2 2 2 2 2 2
left_child=1 3 7 5 10 9 -7 12 -9 -1 17 13 22 20 15 -6 21 -3 -10 -14 -4 -5 -2
right_child=2 4 11 16 14 6 -8 8 18 -11 -12 -13 19 -15 -16 -17 -18 -19 -20 -21 -22 -23 -24
leaf_value=-0.046145131780772924 0.0052838770393107432 0.017659974743990444 0.0010048712630281265 -0.073068279491767044 0.0010018695093178638 0.0074029800311816068 -0.031919015968829116 -0.0019126659695736081 0.072381924978874967 -0.0083793163617991474 -0.025231565274591986 0.05601038074180538 -0.0017110726047840305 -0.062019601477954371 0.0075673311602437775 -0.065561357304916856 -0.076050266819259082 0.05355321920406797 0.03526108329485711 0.049955744885567921 -0.035883827501856688 -0.029492378571876379 -0.021111809178032955
leaf_weight=269.70011761784554 26.841358661651611 33.374196320772171 60.321247711777687 11.471240803599356 13.198965191841124 238.98519572615623 200.74334886670113 16.407666876912117 295.60370057821274 57.760264202952385 12.874525904655455 10.565225422382353 11.654091909527777 14.337673857808111 16.427375629544258 28.42848514020443 116.23626187443733 110.82479140162468 28.765931889414787 53.863145530223846 19.145450785756111 40.131462261080742 11.194280132651327
leaf_count=1087 108 135 243 47 53 962 807 66 1202 232 52 43 47 58 66 114 474 450 116 218 77 162 45
internal_value=-0.000162835 -0.021276 0.0439918 -0.0309324 0.0205467 -0.0230577 -0.0105888 0.056532 0.0659051 -0.0396053 0.0395511 -0.00936008 0.0249274 -0.0178427 -0.03031 -0.0451483 -0.0661731 0.0456695 0.0693568 0.0408388 -0.00842252 -0.0417307 -0.00290144
internal_weight=1698.86 1150.16 548.7 935.028 215.128 767.189 439.729 444.33 340.777 327.46 157.074 104.37 103.553 93.8044 58.0548 41.6275 167.839 144.199 324.37 65.5172 79.4667 51.6027 38.0356
internal_count=6864 4641 2223 3771 870 3088 1769 1802 1384 1319 637 421 418 378 233 167 683 585 1318 265 320 209 153
is_linear=0
shrinkage=0.05


Tree=5
num_leaves=27
num_cat=0
split_feature=15 10 1 23 2 0 15 2 1 0 15 24 2 16 19 23 1 22 28 2 17 28 0 1 24 0
split_gain=384.435 144.02 109.192 80.7482 63.8797 49.2722 48.8634 47.0107 51.4017 34.1999 28.1439 26.8785 22.6957 20.5694 18.6286 15.3027 13.9167 10.4121 9.33588 11.4309 5.1256 4.5351 3.74047 2.15345 1.3418 1.23492
threshold=1.0000000180025095e-35 31.500000000000004 10.500000000000002 1.5000000000000002 23.500000000000004 5237.4250000000011 6.5000000000000009 24.500000000000004 1.5000000000000002 3337.1900000000001 2.5000000000000004 10.500000000000002 22.500000000000004 2.5000000000000004 0.063050000000000009 2.5000000000000004 1.5000000000000002 1.5000000000000002 6.5000000000000009 24.500000000000004 108154.01500000001 2.5000000000000004 4386.7150000000011 9.5000000000000018 6.5000000000000009 15161.600000000002
decision_type=2 2 2 2 2 2 2 2 2 2 2 2 2 2 2 2 2 2 2 2 2 2 2 2 2 2
left_child=1 18 7 10 13 -6 11 8 -3 -9 12 17 16 -4 -13 -8 -2 -5 25 23 -17 -12 -14 -20 -23 -1
right_child=3 2 4 6 5 -7 15 9 -10 -11 21 14 22 -15 -16 20 -18 -19 19 -21 -22 24 -24 -25 -26 -27
leaf_value=-0.039842322028962533 0.068683603939448168 0.04806383837605252 -0.051369337957074247 0.002278281883536831 -0.042612268185398122 0.035585527502954142 0.070790496498895378 -0.014537179582665191 -0.010241820400055571 0.043678819437618685 0.034725024259704244 -0.012404739133785035 0.024148990914366189 -0.010596312993229329 0.022883840322601118 0.035857798522069891 0.016595193137713529 -0.042214837242432773 -0.039576943688636609 -0.0016349461671838995 -0.0047253553466746834 0.047706114709109682 0.06722002057368702 -0.071814325163760198 0.074092862119791866 -0.076268761707370597
leaf_weight=10.993299335241316 13.051973864436148 39.458745047450066 217.02940249443054 18.407652512192726 30.877545207738876 49.958964452147484 35.616825312376022 32.548700168728828 424.49323385953903 96.007260873913765 18.094577550888062 54.739883109927177 9.8540661185979825 38.163186460733414 107.84640495479107 17.284258678555492 117.44416706264019 39.23680591583252 26.968095138669014 13.30118617415428 11.682636544108389 24.001772791147232 47.511762455105782 17.965463891625404 95.797878682613373 84.152804866433144
leaf_count=45 53 159 879 74 124 202 147 131 1713 389 74 220 40 154 436 70 475 158 110 54 47 98 195 74 395 348
internal_value=-0.000164885 -0.0180637 -0.01057 0.0314904 -0.0332485 0.00528753 0.0118728 0.00234345 -0.00507649 0.0288658 0.0484348 0.000474972 0.0350806 -0.0454406 0.0109357 0.0494077 0.0228386 -0.0282392 -0.0626444 -0.0435843 0.0199192 0.0657951 0.0610527 -0.0551903 0.0697586 -0.0730698
internal_weight=1692.49 1081.92 928.537 610.571 336.029 80.8365 284.814 592.508 463.952 128.556 325.756 220.231 187.862 255.193 162.586 64.5837 130.496 57.6445 153.381 58.2347 28.9669 137.894 57.3658 44.9336 119.8 95.1461
internal_count=6864 4382 3751 2482 1359 326 1152 2392 1872 520 1330 888 763 1033 656 264 528 232 631 238 117 567 235 184 493 393
is_linear=0
shrinkage=0.05


Tree=6
num_leaves=24
num_cat=0
split_feature=15 10 25 1 23 2 15 25 25 2 17 0 2 23 2 28 2 17 0 17 15 1 0
split_gain=349.988 132.938 131.023 93.2769 74.1196 55.0137 44.8463 38.5738 26.2315 23.8553 30.5518 25.2124 17.3556 14.2392 13.8777 8.73489 10.5527 4.70488 4.6946 3.90723 4.78331 2.08603 1.13914
threshold=1.0000000180025095e-35 31.500000000000004 1.0000000180025095e-35 10.500000000000002 1.5000000000000002 23.500000000000004 6.5000000000000009 10.500000000000002 4.5000000000000009 23.500000000000004 72327.715000000011 3852.1550000000002 22.500000000000004 2.5000000000000004 18.500000000000004 6.5000000000000009 24.500000000000004 108154.01500000001 4532.630000000001 7332.3700000000008 4.5000000000000009 9.5000000000000018 15161.600000000002
decision_type=2 2 2 2 2 2 2 2 2 2 2 2 2 2 2 2 2 2 2 2 2 2 2
left_child=1 15 -3 7 8 -5 9 -4 12 10 -6 -11 14 -8 -2 22 21 -15 -14 20 -10 -17 -1
right_child=4 2 3 5 6 -7 13 -9 19 11 -12 -13 18 17 -16 16 -18 -19 -20 -21 -22 -23 -24
leaf_value=-0.038343225064390425 0.027250669403442819 -0.082860056558776651 0.0025426182704715149 -0.039346504813238523 0.011515186769148707 0.0090324300303137924 0.068262678634817081 0.046292410445071902 0.022645408809153413 -0.031781400161071657 -0.030326874714880259 0.049237234583469167 0.018718608054548176 0.03435235002375394 -0.025266033590187406 -0.037901711695903367 -0.0015639997196104528 -0.0045229050832703427 0.06382733641333381 0.067880834464355264 0.06151230392667776 -0.069417627600089252 -0.073619079567952952
leaf_weight=10.931705906987188 110.22478364408016 55.979986131191254 508.30521412193775 231.056376516819 89.824294283986092 77.285639777779579 35.174146577715874 54.051681727170944 21.064570695161819 10.933153778314589 81.059206485748291 38.201520889997482 9.8214636445045453 17.228685393929485 12.392630562186239 26.843626141548157 13.300087839365004 11.68475805222988 42.266230836510658 109.48863115906715 18.310655042529106 17.731376603245735 82.925381347537041
leaf_count=45 447 231 2051 938 362 312 147 219 86 44 327 155 40 70 50 110 54 47 175 456 76 74 348
internal_value=-0.00014612 -0.017244 -0.0100635 -0.00519255 0.0301373 -0.0272081 0.0113353 0.00691456 0.0464443 0.000436116 -0.00839613 0.030476 0.0325471 0.0474561 0.0215424 -0.0603311 -0.0418681 0.0190421 0.0565134 0.0620401 0.0430611 -0.0530956 -0.0705005
internal_weight=1686.09 1078.41 926.679 870.699 607.675 308.342 284.106 562.357 323.569 220.018 170.884 49.1347 174.705 64.0876 122.617 151.732 57.8751 28.9134 52.0877 148.864 39.3752 44.575 93.8571
internal_count=6864 4382 3751 3520 2482 1250 1152 2270 1330 888 689 199 712 264 497 631 238 117 215 618 162 184 393
is_linear=0
shrinkage=0.05


Tree=7
num_leaves=23
num_cat=0
split_feature=3 15 3 10 23 25 0 2 25 15 2 15 22 2 10 15 8 8 10 23 18 10
split_gain=549.389 198.461 128.911 69.2726 53.0714 50.8913 43.6683 36.5332 33.047 28.3646 28.3162 25.2364 23.5749 17.0132 16.1463 14.9954 12.9044 12.7573 10.7951 8.40937 5.7033 4.89708
threshold=3.5000000000000004 1.0000000180025095e-35 4.5000000000000009 40.500000000000007 1.5000000000000002 1.0000000180025095e-35 4179.9000000000005 23.500000000000004 4.5000000000000009 6.5000000000000009 5.5000000000000009 1.0000000180025095e-35 1.0000000180025095e-35 3.5000000000000004 1.0000000180025095e-35 1.0000000180025095e-35 0.052950000000000004 1.0000000180025095e-35 803.50000000000011 1.5000000000000002 8053.4300000000012 31.500000000000004
decision_type=2 2 2 2 2 2 2 2 2 2 2 2 2 2 2 2 2 2 2 2 2 2
left_child=1 3 6 -1 8 -5 13 -7 16 12 -8 18 -6 -2 -12 -15 -3 -11 21 -13 -10 -4
right_child=2 4 11 5 9 7 10 -9 20 17 14 19 -14 15 -16 -17 -18 -19 -20 -21 -22 -23
leaf_value=-0.068183760775589977 0.06039585655323703 0.021261494892753488 -0.065681069698220296 -0.07819755223916737 0.040021972094929456 -0.029695513170526378 -0.0016182114372601552 0.0012910532457683175 0.02793395669604079 0.048791905015806526 0.0083641830850341749 0.046243107514367693 -0.025353622559845974 -0.0042481855745489542 0.067392701753982209 0.039455962706612974 -0.014870416251908209 -0.012037670062434773 0.016129609726317509 -0.00046497954794485488 0.06045618714082969 -0.025933929093477359
leaf_weight=126.56796514987946 22.556963086128235 72.063675165176392 10.106809496879576 44.62259429693222 13.42736893892288 472.52288021147251 16.339920297265053 118.0026737600565 26.462541282176971 24.400603219866753 13.075122162699698 18.179405882954597 135.17204986512661 51.069516554474831 305.78382033109665 29.209884718060493 35.060590624809265 11.456731796264647 10.897369578480719 17.569881498813629 57.738451197743416 46.642249718308449
leaf_count=536 92 293 42 188 54 1912 66 474 109 101 53 75 544 206 1265 120 141 47 44 71 242 189
internal_value=-0.000136217 -0.0198704 0.0412257 -0.0345132 0.00980989 -0.0275949 0.0530364 -0.0235032 0.0281403 -0.00924733 0.0617997 -0.00877251 -0.0189269 0.0237428 0.0650706 0.0121047 0.00928848 0.029483 -0.0265433 0.0242139 0.0512364 -0.035178
internal_weight=1678.93 1137.5 541.431 761.716 375.782 635.148 438.035 590.526 191.325 184.457 335.199 103.396 148.599 102.836 318.859 80.2794 107.124 35.8573 67.6464 35.7493 84.201 56.7491
internal_count=6864 4641 2223 3110 1531 2574 1802 2386 785 746 1384 421 598 418 1318 326 434 148 275 146 351 231
is_linear=0
shrinkage=0.05


Tree=8
num_leaves=22
num_cat=0
split_feature=3 16 3 1 10 1 2 0 1 10 2 2 14 1 10 3 20 10 25 18 1
split_gain=499.88 166.209 118.016 71.6826 61.1333 46.7685 44.2412 40.2949 39.2074 38.2231 33.7432 26.1516 18.3609 17.443 14.9275 11.2206 9.20391 8.13978 8.06124 7.14976 1.09551
threshold=3.5000000000000004 1.5000000000000002 4.5000000000000009 1.5000000000000002 40.500000000000007 1.0000000180025095e-35 24.500000000000004 4179.9000000000005 1.5000000000000002 77.500000000000014 23.500000000000004 5.5000000000000009 0.41740000000000005 7.5000000000000009 1.0000000180025095e-35 1.5000000000000002 -0.42874999999999996 72.500000000000014 7.5000000000000009 12486.425000000001 10.500000000000002
decision_type=2 2 2 2 2 2 2 2 2 2 2 2 2 2 2 2 2 2 2 2 2
left_child=1 3 7 15 19 -6 -7 13 -4 20 -11 -9 17 18 -13 -1 -15 -10 -2 -3 -5
right_child=2 4 8 9 5 6 -8 11 12 10 -12 14 -14 16 -16 -17 -18 -19 -20 -21 -22
leaf_value=0.056697909496884469 0.025379432668663951 -0.010663609762787773 0.066264254719526877 -0.055617177190482314 0.071124889072623779 -0.004391452074952497 0.034333073669254845 -0.0015460761425499956 -0.062554540535327649 -0.039866650972858998 -0.0063094507917034852 0.0080008794821036355 0.032660120263647466 0.021712340555910616 0.064795294698218486 -0.0019670340773886739 -0.03008765024893997 -0.020564895174892319 0.067329439030375235 -0.062512888027121058 -0.076050477060647492
leaf_weight=19.734204709529877 56.384232640266418 9.8753526359796506 13.123668208718298 67.802764669060707 25.68633197247982 337.79645785689354 92.150893554091454 16.34047394990921 13.941407814621924 387.30771912634373 94.714646443724632 13.07618175446987 12.062160879373549 12.995417043566706 302.30737356841564 12.320057660341261 17.963595926761627 63.921493798494339 15.197145536541937 34.481476068496704 50.210256084799767
leaf_count=80 229 41 54 288 106 1375 378 66 58 1581 382 53 50 53 1265 50 73 259 63 144 216
internal_value=-0.000122051 -0.0189731 0.0395004 -0.0359718 0.00255439 0.00810578 0.00400579 0.050874 -0.00839083 -0.0398871 -0.0333468 0.0593603 -0.0205994 0.0227143 0.0625373 0.0350651 -0.00804248 -0.0295867 0.0360096 -0.0521433 -0.0655166
internal_weight=1669.39 1132.08 537.313 632.09 499.991 455.634 429.947 434.264 103.049 600.035 482.022 331.724 89.9251 102.54 315.384 32.0543 30.959 77.8629 71.5814 44.3568 118.013
internal_count=6864 4641 2223 2597 2044 1859 1753 1802 421 2467 1963 1384 367 418 1318 130 126 317 292 185 504
is_linear=0
shrinkage=0.05


Tree=9
num_leaves=22
num_cat=0
split_feature=16 23 25 10 24 1 23 25 1 25 0 21 17 17 0 28 17 18 17 24 13
split_gain=227.187 154.109 97.6186 92.6522 74.2761 59.443 40.5703 37.8865 33.4731 32.8751 25.2474 23.0299 19.4515 12.8664 9.89948 7.90015 7.60139 6.99314 5.15073 2.89188 2.223
threshold=1.5000000000000002 1.5000000000000002 1.0000000180025095e-35 8.5000000000000018 10.500000000000002 10.500000000000002 2.5000000000000004 5.5000000000000009 1.5000000000000002 5.5000000000000009 16613.760000000006 5844.0000000000009 108154.01500000001 8146.9350000000004 13681.900000000003 12.500000000000002 3339.3350000000005 3642.6300000000006 1208.5550000000003 7.5000000000000009 1.0000000180025095e-35
decision_type=2 2 2 2 2 2 2 2 2 2 2 2 2 2 2 2 2 2 2 2 2
left_child=2 9 -1 20 13 8 7 -6 -5 11 -7 15 -8 -3 -15 -2 18 -13 -11 -18 -4
right_child=1 4 3 5 6 10 12 -9 -10 16 -12 17 -14 14 -16 -17 19 -19 -20 -21 -22
leaf_value=-0.077517266170745405 0.027547305481075587 0 -0.034460897837877695 0.046532285672931953 -0.0010116270002105741 -0.037778697085310071 0.0075331374203796491 0.046548622847903162 -0.0006290085480975345 0.053882743699011672 -0.0039036812053609886 -0.030551996783220597 -0.028459085093256589 -0.062720718800974559 -0.025390885308019119 0.05312574309788657 0.039860757313382594 0.010608533985393921 0.012730490593700626 0.069180440300613516 -0.065524118470372053
leaf_weight=61.280267328023911 79.962285414338112 18.45736126601696 16.048014625906944 39.129536926746368 70.321427971124649 166.21422965824604 82.258063524961472 99.759927332401276 436.66286168992519 15.341165050864218 83.503965735435486 11.067746102809904 65.636570528149605 44.324879392981529 37.982234433293343 62.37775893509388 21.731516256928444 46.665376350283623 17.924072697758675 111.54008863866329 71.765508711338043
leaf_count=264 332 75 69 159 287 683 336 416 1778 64 344 45 267 180 156 261 92 191 74 476 315
internal_value=-0.000111169 0.0193773 -0.0176265 -0.0129226 -0.00134769 -0.00695628 0.0105116 0.0270432 0.00340719 0.0429552 -0.0266119 0.0287271 -0.00854031 -0.038345 -0.0466238 0.0394066 0.0594454 0.00179168 0.0339721 0.0651335 -0.0608524
internal_weight=1659.95 785.35 874.604 813.324 418.74 725.511 317.976 170.081 475.792 366.61 249.718 200.073 147.895 100.764 82.3071 142.34 166.537 57.7331 33.2652 133.272 87.8135
internal_count=6864 3252 3612 3348 1717 2964 1306 703 1937 1535 1027 829 603 411 336 593 706 236 138 568 384
is_linear=0
shrinkage=0.05


Tree=10
num_leaves=26
num_cat=0
split_feature=3 15 3 1 10 23 25 1 17 25 17 15 19 1 2 15 19 2 2 23 3 18 23 10 18
split_gain=447.345 159.409 106.727 58.119 49.229 43.8764 37.4487 34.7657 33.7164 27.0759 25.9183 19.1495 18.0913 17.2952 20.0369 15.8825 11.4547 10.2171 6.24573 6.03846 5.55105 5.42016 5.18651 4.95991 1.55539
threshold=3.5000000000000004 1.0000000180025095e-35 4.5000000000000009 1.0000000180025095e-35 40.500000000000007 1.5000000000000002 1.0000000180025095e-35 1.5000000000000002 359.44500000000011 4.5000000000000009 113081.24000000001 1.0000000180025095e-35 0.063050000000000009 9.5000000000000018 24.500000000000004 6.5000000000000009 0.10495 24.500000000000004 5.5000000000000009 1.5000000000000002 1.5000000000000002 8053.4300000000012 1.5000000000000002 789.50000000000011 1169.8950000000002
decision_type=2 2 2 2 2 2 2 2 2 2 2 2 2 2 2 2 2 2 2 2 2 2 2 2 2
left_child=1 3 8 20 -5 9 -6 -4 13 16 15 23 22 18 -15 -7 -3 -12 -2 -13 -1 -11 -10 -9 -14
right_child=2 5 7 4 6 10 -8 11 12 21 17 19 24 14 -16 -17 -18 -19 -20 -21 -22 -23 -24 -25 -26
leaf_value=0.056086422378132397 0.0023411895562386745 0.035272414703647094 0.062797782074282715 -0.063357696497893051 -0.072804257891066093 -0.0039451544990528366 -0.024357939869331543 -0.041862852062023767 0.045439241696186433 0.024375081561239978 -0.04184002291880972 0.034253227065087204 0.030206332435102463 -0.034184704319104635 0.033974543781317486 0.040272321264187685 -0.0012032072014896765 0.0089010249790158393 0.04337498568439891 -0.0083537810226640089 0.0073071407085990511 0.055861448013968341 0.011519590029545486 -0.0024385824841149438 0.064192686667856602
leaf_weight=16.117812633514408 11.389807447791098 27.232516258955002 12.898631557822226 118.64569693803787 41.967213004827499 94.05268207192421 562.64419223368168 49.417902618646622 21.377812936902046 26.048529341816902 54.906250953674316 14.116600260138513 9.8500914573669416 20.433453857898712 18.742653802037239 23.712240293622017 79.340927854180336 10.883397758007048 75.676652997732162 15.321649715304373 10.356629729270933 55.99449235200882 27.40606726706028 10.395165652036665 243.20922662317753
leaf_count=66 46 111 54 527 186 379 2289 204 90 109 223 59 41 83 77 100 323 44 312 62 42 242 112 42 1041
internal_value=-0.000106929 -0.0179954 0.0376492 -0.0312504 -0.0339444 0.00870414 -0.0279661 -0.0080632 0.0485671 0.0255307 -0.00862137 -0.0195656 0.0576929 0.02611 -0.00126672 0.00539848 0.00850329 -0.0332836 0.0382924 0.0126389 0.039209 0.0468015 0.0277847 -0.0354735 0.0631562
internal_weight=1652.14 1121.9 530.236 749.732 723.257 372.171 604.611 102.15 428.086 188.616 183.555 89.2513 301.843 126.243 39.1761 117.765 106.573 65.7896 87.0665 29.4382 26.4744 82.043 48.7839 59.8131 253.059
internal_count=6864 4641 2223 3110 3002 1531 2475 421 1802 785 746 367 1284 518 160 479 434 267 358 121 108 351 202 246 1082
is_linear=0
shrinkage=0.05


Tree=11
num_leaves=26
num_cat=0
split_feature=3 15 3 10 1 23 2 1 17 15 24 17 15 19 1 2 1 3 24 2 23 1 19 17 21
split_gain=408.121 145.327 97.7385 54.9811 49.9414 39.9839 36.5456 32.029 31.5493 25.8444 23.5978 22.6465 17.5008 16.9543 15.7626 18.3177 13.5564 12.8331 5.97763 5.70455 5.55791 4.96438 3.22984 2.15847 1.65436
threshold=3.5000000000000004 1.0000000180025095e-35 4.5000000000000009 40.500000000000007 1.5000000000000002 1.5000000000000002 23.500000000000004 1.5000000000000002 359.44500000000011 2.5000000000000004 8.5000000000000018 113081.24000000001 1.0000000180025095e-35 0.063050000000000009 9.5000000000000018 24.500000000000004 1.5000000000000002 1.5000000000000002 6.5000000000000009 5.5000000000000009 1.5000000000000002 3.5000000000000004 1.0452000000000001 29713.345000000005 33215.000000000007
decision_type=2 2 2 2 2 2 2 2 2 2 2 2 2 2 2 2 2 2 2 2 2 2 2 2 2
left_child=1 3 8 -1 17 9 -6 -4 14 16 23 -12 18 21 19 -16 -3 -5 -9 -2 -14 -10 -11 -7 -15
right_child=2 5 7 4 6 10 -8 12 13 22 11 -13 20 24 15 -17 -18 -19 -20 -21 -22 -23 -24 -25 -26
leaf_value=-0.061030780090200347 0.0022418390460970327 0.060003535296526161 0.060742724025991547 0.058772847561098365 -0.033317346029757465 -0.019865461232379103 -0.0021894333734956031 -0.054563078759143124 -0.0040022698090647511 0.053262954421782152 0.014203618578624556 -0.025513317039375316 0.032934832027600357 0.063168933354749074 -0.032711556937994962 0.03255529296159209 0.0031509941739278537 -0.0034318460419184649 -0.019866393444359434 0.041518343071976112 -0.0079844262506102836 0.034272926303092276 0.022968720030690185 -0.056315028151016688 0.04196150792693544
leaf_weight=118.37769179046154 11.388503745198248 9.7678530365228635 12.739940419793127 19.477100819349289 475.65009561181068 9.9277810603380221 118.72182196378708 21.544159516692162 9.6213625073432905 56.653848007321358 98.772630229592323 53.745045632123947 14.029892757534983 218.8003960698843 20.377462655305862 18.670776590704918 103.85134361684322 12.68919490277767 37.9519944190979 75.209133610129356 15.321421414613722 38.947479784488678 17.277453929185867 20.747444629669189 30.442838549613953
leaf_count=536 46 41 54 80 1964 40 479 90 40 245 403 218 59 954 83 77 425 51 156 312 62 162 74 85 128
internal_value=-8.30692e-05 -0.0171927 0.0361812 -0.0299006 -0.0238275 0.00833717 -0.0271447 -0.00765884 0.0467085 0.0244605 -0.0082016 0 -0.0186984 0.0556214 0.024964 -0.00119514 0.00907851 0.0351768 -0.0339589 0.0366331 0.0121092 0.0266345 0.0471065 -0.0467625 0.0609731
internal_weight=1640.7 1115.66 525.045 744.916 626.538 370.743 594.372 101.587 423.458 187.55 183.193 152.518 88.8475 297.812 125.646 39.0482 113.619 32.1663 59.4962 86.5976 29.3513 48.5688 73.9313 30.6752 249.243
internal_count=6864 4641 2223 3110 2574 1531 2443 421 1802 785 746 621 367 1284 518 160 466 131 246 358 121 202 319 125 1082
is_linear=0
shrinkage=0.05


Tree=12
num_leaves=26
num_cat=0
split_feature=3 15 3 10 23 15 24 19 2 15 2 21 22 14 3 10 18 24 7 24 2 2 18 24 10
split_gain=372.443 132.406 89.6943 52.1268 38.0027 40.7182 35.6744 24.1732 20.363 19.2533 17.4465 16.8126 15.2189 16.8204 13.9397 13.2581 12.2694 9.67366 9.17721 8.5387 5.90938 11.2233 0.855523 0.406872 0.131661
threshold=3.5000000000000004 1.0000000180025095e-35 4.5000000000000009 40.500000000000007 2.5000000000000004 2.5000000000000004 19.500000000000004 0.048850000000000011 24.500000000000004 4.5000000000000009 24.500000000000004 17035.500000000004 2.5000000000000004 0.67945000000000011 1.5000000000000002 72.500000000000014 1582.0600000000002 12.500000000000002 3.5000000000000004 21.500000000000004 24.500000000000004 17.500000000000004 972.62000000000012 18.500000000000004 16.500000000000004
decision_type=2 2 2 2 2 2 2 2 2 2 2 2 2 2 2 2 2 2 2 2 2 2 2 2 2
left_child=1 3 7 24 5 8 10 20 -3 15 -5 22 19 -14 -8 -4 -13 -7 -17 -6 21 -2 -9 -22 -1
right_child=2 4 9 6 12 17 14 11 -10 -11 -12 16 13 -15 -16 18 -18 -19 -20 -21 23 -23 -24 -25 -26
leaf_value=-0.062135246285833071 0.023183286776247133 -0.0083624563650280311 -0.056610023490897915 -0.035521142395060823 -0.019948720145985532 0.018359278499705513 0.012412417231104153 0.03038106133258104 0.033558397729637722 0.049048152368509158 -0.0095087868309092251 -0.0048426630966589461 -0.056049800781048924 0.0042495162430950502 -0.015090729793831081 -0.031068439803381889 0.041491278451438303 0.049047307170839959 0.0053466373265236462 0.034164167872286509 0.047360299749200974 -0.026057967251990451 0.061630383726826346 0.022223796664756223 -0.040353985353491523
leaf_weight=96.286852195858955 57.874058753252029 136.44168588519096 14.175768896937369 350.28954814374447 12.04920230805874 45.520673796534538 72.293998226523399 9.4836774021387082 34.62699069082737 11.252869784831999 82.458749562501907 15.77632614970207 35.918355479836464 15.829281359910963 118.82435858249664 23.328651577234268 97.785868644714355 75.857817366719246 52.244418114423752 13.109270557761191 19.576752007007602 12.409569740295408 195.38490475714207 10.271799415349959 19.613181471824646
leaf_count=450 239 555 61 1455 49 193 297 40 144 49 333 65 146 64 489 96 412 327 215 53 82 51 870 43 86
internal_value=-6.4816e-05 -0.0164323 0.0347849 -0.0286171 0.00796808 0.0162087 -0.0227333 0.044952 0.000354949 -0.00730646 -0.0306541 0.0517365 -0.0228578 -0.0379468 -0.00461458 -0.0153965 0.0349955 0.0381036 -0.00627662 0.00831903 0.0226883 0.0138703 0.0605399 0.0409628 -0.0592812
internal_weight=1628.68 1109.12 519.565 739.767 369.353 292.447 623.867 418.563 171.069 101.002 432.748 318.431 76.9061 51.7476 191.118 89.7488 113.562 121.378 75.5731 25.1585 100.132 70.2836 204.869 29.8486 115.9
internal_count=6864 4641 2223 3110 1531 1219 2574 1802 699 421 1788 1387 312 210 786 372 477 520 311 102 415 290 910 125 536
is_linear=0
shrinkage=0.05


Tree=13
num_leaves=24
num_cat=0
split_feature=3 15 3 10 1 1 2 25 0 1 10 0 2 15 2 10 15 3 29 21 0 1 10
split_gain=339.884 120.682 82.5434 49.6303 45.4273 36.965 37.5083 35.1199 34.1103 28.9265 27.2927 21.1769 19.3667 15.3653 15.0836 13.2739 11.6776 11.6268 5.21822 4.29314 1.56335 0.474053 3.03076
threshold=3.5000000000000004 1.0000000180025095e-35 4.5000000000000009 40.500000000000007 1.5000000000000002 1.5000000000000002 24.500000000000004 1.0000000180025095e-35 3427.2250000000004 1.5000000000000002 40.500000000000007 5237.4250000000011 5.5000000000000009 1.0000000180025095e-35 3.5000000000000004 1.0000000180025095e-35 1.0000000180025095e-35 1.5000000000000002 3.5000000000000004 140.50000000000003 1234.1650000000002 10.500000000000002 16.500000000000004
decision_type=2 2 2 2 2 2 2 2 2 2 2 2 2 2 2 2 2 2 2 2 2 2 2
left_child=1 3 8 21 17 20 10 -6 14 -4 -7 -8 -10 18 -2 -14 -16 -5 -11 -15 -3 22 -1
right_child=2 5 9 4 7 6 11 -9 12 13 -12 -13 15 19 16 -17 -18 -19 -20 -21 -22 -23 -24
leaf_value=-0.054435312568954487 0.051688181626638491 0.066290280118746089 0.058521823334062008 0.057210211652001956 -0.069457797251550088 -0.060914871146452776 -0.0076510428330662256 -0.021395090961086473 0 -0.043356763976629395 -0.0015656430266277263 0.049767835474847151 0.0029320896679746662 0.035541237075458948 -0.010462297190811766 0.056064159457272202 0.030295885983335137 -0.0021574736615085754 -0.011063081613151574 -0.0022114356786836604 0.028082354545335416 -0.066511150861724586 -0.019951073493198145
leaf_weight=52.407175213098526 20.443928569555283 22.260934263467792 12.516349658370016 19.352676227688789 39.683445885777473 19.107602998614311 21.557676628232002 549.92130130529404 17.500836759805679 36.30533941090107 242.44294305145741 53.268427163362503 12.897793248295782 9.6298887580633181 46.126946330070496 291.13956911861897 25.608502820134163 12.694121956825255 22.623384684324265 19.519189342856407 9.3208753466606122 49.040981292724609 11.926322743296621
leaf_count=249 86 95 54 80 184 78 90 2259 72 152 1001 227 53 41 188 1293 110 51 94 80 40 235 52
internal_value=-5.57214e-05 -0.0157106 0.033429 -0.0273913 -0.0216848 0.00761721 0.00257663 -0.0248707 0.0432691 -0.00699777 -0.00636871 0.0333266 0.0509514 -0.0175121 0.0158526 0.0538768 0.00437925 0.0346549 -0.0318931 0.011421 0.0576556 -0.0576758 -0.0489876
internal_weight=1617.3 1102.98 514.312 735.026 621.652 367.958 336.377 589.605 413.718 100.594 261.551 74.8261 321.538 88.0778 92.1794 304.037 71.7354 32.0468 58.9287 29.1491 31.5818 113.374 64.3335
internal_count=6864 4641 2223 3110 2574 1531 1396 2443 1802 421 1079 317 1418 367 384 1346 298 131 246 121 135 536 301
is_linear=0
shrinkage=0.05


Tree=14
num_leaves=22
num_cat=0
split_feature=3 16 3 22 1 10 25 0 10 1 2 2 2 1 14 25 25 3 10 1 18
split_gain=310.513 110.242 75.7674 52.1406 48.2401 40.9766 33.6937 31.7765 28.7234 26.7104 26.2578 18.0672 13.8945 13.2004 12.3687 11.1927 9.30746 8.4651 6.94085 2.10454 1.64076
threshold=3.5000000000000004 1.5000000000000002 4.5000000000000009 1.0000000180025095e-35 1.5000000000000002 40.500000000000007 9.5000000000000018 3427.2250000000004 77.500000000000014 1.5000000000000002 23.500000000000004 5.5000000000000009 3.5000000000000004 10.500000000000002 0.41740000000000005 7.5000000000000009 3.5000000000000004 1.5000000000000002 72.500000000000014 10.500000000000002 17666.950000000004
decision_type=2 2 2 2 2 2 2 2 2 2 2 2 2 2 2 2 2 2 2 2 2
left_child=1 4 7 16 17 20 -7 12 19 -4 -10 -9 -2 -13 18 -14 -3 -1 -11 -6 -5
right_child=2 3 9 5 8 6 -8 11 10 14 -12 13 15 -15 -16 -17 -18 -19 -20 -21 -22
leaf_value=0.0487918096903419 0.049763504509224982 0.021702276781234167 0.056752186679996076 -0.022295711313583867 -0.045853005352589099 -0.0064632203461906686 0.025989076523524404 0 -0.03284971398057264 -0.055316319706781109 -0.0031583169530476733 0.058333681605735023 -0.0052093545615338605 0.032143975843202686 0.027620148722477214 0.043441157628639093 0.071615049884927034 -0.0024340719436020666 -0.016022201302081606 -0.06744562790074432 -0.056689218444563365
leaf_weight=19.15394097566605 20.255052760243416 18.622769713401794 12.328437104821203 9.3127109706401807 61.801481395959854 297.9862954467535 107.00096499919891 17.500836759805679 376.02949884533882 13.148019999265669 94.24363748729229 224.11697629094124 58.935340642929077 75.053283423185349 11.628812670707701 12.636359602212904 26.126494437456131 12.160847082734106 62.906752035021782 44.446479335427284 29.758628413081169
leaf_count=80 86 77 54 40 288 1233 451 72 1581 58 382 1012 243 334 50 55 110 50 259 216 133
internal_value=-4.87254e-05 -0.015027 0.032166 0.00263484 -0.0292088 -0.00261992 0.00217195 0.0416795 -0.0325143 -0.00664904 -0.0269592 0.0491838 0.0151969 0.0520537 -0.0167417 0.00419165 0.0528744 0.0296466 -0.0241866 -0.0560574 -0.0502199
internal_weight=1605.15 1096.64 508.51 488.808 607.836 444.059 404.987 408.498 576.521 100.012 470.273 316.671 91.8268 299.17 87.6836 71.5717 44.7493 31.3148 76.0548 106.248 39.0713
internal_count=6864 4641 2223 2044 2597 1857 1684 1802 2467 421 1963 1418 384 1346 367 298 187 130 317 504 173
is_linear=0
shrinkage=0.05


Tree=15
num_leaves=25
num_cat=0
split_feature=3 15 3 1 10 2 0 1 2 7 0 1 24 2 15 10 25 8 2 24 28 1 11 14
split_gain=283.716 105.459 69.6549 61.7809 52.6629 41.229 29.6996 24.6983 20.7028 20.641 20.1572 14.4369 14.3055 14.1244 13.5164 13.2032 10.6991 8.41321 6.64778 5.79771 5.25439 3.49489 2.96137 2.33577
threshold=3.5000000000000004 1.5000000000000002 4.5000000000000009 1.5000000000000002 80.500000000000014 23.500000000000004 4179.9000000000005 1.5000000000000002 5.5000000000000009 4.5000000000000009 8015.6250000000009 1.5000000000000002 32.500000000000007 3.5000000000000004 1.0000000180025095e-35 1.0000000180025095e-35 7.5000000000000009 0.16875000000000004 13.500000000000002 6.5000000000000009 15.500000000000002 10.500000000000002 1139.5000000000002 0.41740000000000005
decision_type=2 2 2 2 2 2 2 2 2 2 2 2 2 2 2 2 2 2 2 2 2 2 2 2
left_child=1 3 6 10 21 -6 13 -4 -8 17 18 -11 -13 -2 19 -10 -15 22 -1 -9 -19 -5 -3 -16
right_child=2 9 7 4 5 -7 8 14 15 11 -12 12 -14 16 23 -17 -18 20 -20 -21 -22 -23 -24 -25
leaf_value=0.064504840582488926 0.049999436501629517 -0.010790479481459709 0.055089524412076957 -0.043641649500222354 -0.025920117791578254 0.0047387192563557359 -0.0059989032272272542 -0.050008156811262673 0.0005673502777752918 0.065709202664969213 -0.024125799751332277 0.010635235258047432 0.049306649437481025 -0.0032161205767921499 -4.4493393180933574e-05 0.053304702648515716 0.04327495543639006 -0.0068339361663348266 0.014415587694820943 -0.015990069680592144 0.025688661474502453 -0.064465880926232635 -0.048855163663002694 0.027195782203855653
leaf_weight=24.089012056589127 21.447646543383598 13.073640033602716 12.130884349346159 81.455294638872147 535.26013295352459 136.41479170322418 16.1047353297472 20.920058056712151 12.845805704593657 18.068265870213509 10.50359523296356 112.04188711941242 29.466997161507607 64.918646544218063 17.939394697546962 274.84337905049324 13.148122265934942 31.66233903169632 11.529599249362944 37.370344623923302 17.561248019337654 59.75952710211277 9.9328642189502698 11.074960201978682
leaf_count=101 92 55 54 380 2242 554 66 90 53 80 44 475 125 268 73 1265 58 131 48 156 74 291 41 48
internal_value=-3.78081e-05 -0.0143641 0.0309602 -0.0224355 -0.0256519 -0.019683 0.0401658 -0.0063347 0.0479305 0.0154396 0.0327551 0.0253938 0.0193326 0.0158863 -0.0160241 0.0510046 0.00537446 -0.00650919 0.0501854 -0.0296187 0.00512373 -0.0533011 -0.0302175 0.0111141
internal_weight=1593.56 1090.82 502.744 859.012 812.89 671.675 403.308 99.4356 303.794 231.807 46.1222 159.577 141.509 99.5144 87.3048 287.689 78.0668 72.2301 35.6186 58.2904 49.2236 141.215 23.0065 29.0144
internal_count=6864 4641 2223 3660 3467 2796 1802 421 1384 981 193 680 600 418 367 1318 326 301 149 246 205 671 96 121
is_linear=0
shrinkage=0.05


Tree=16
num_leaves=26
num_cat=0
split_feature=3 15 3 10 25 23 24 17 25 24 17 10 0 15 7 0 7 8 2 18 15 20 2 17 16
split_gain=259.227 96.7036 64.0812 43.2075 40.6157 35.0818 31.196 28.6923 20.3217 20.115 18.6042 15.5625 14.5135 11.8998 11.8678 10.9264 9.61291 9.28931 9.02862 5.78289 2.68779 2.4443 2.099 1.72665 0.0718933
threshold=3.5000000000000004 1.0000000180025095e-35 4.5000000000000009 31.500000000000004 1.0000000180025095e-35 1.5000000000000002 21.500000000000004 359.44500000000011 4.5000000000000009 8.5000000000000018 113081.24000000001 72.500000000000014 3427.2250000000004 1.0000000180025095e-35 3.5000000000000004 2864.1050000000005 2.5000000000000004 0.069050000000000014 6.5000000000000009 8053.4300000000012 4.5000000000000009 -0.56999999999999995 5.5000000000000009 29713.345000000005 2.5000000000000004
decision_type=2 2 2 2 2 2 2 2 2 2 2 2 2 2 2 2 2 2 2 2 2 2 2 2 2
left_child=1 3 7 24 -5 8 -6 12 17 23 -11 -4 21 14 -13 16 -9 -3 -14 -10 -15 -2 -17 -7 -1
right_child=2 5 11 4 6 9 -8 15 19 10 -12 13 18 20 -16 22 -18 -19 -20 -21 -22 -23 -24 -25 -26
leaf_value=-0.056847304125925639 0.010310485868481005 0.017649065647416869 -0.052072646716869841 -0.067550251530380453 -0.023025508935726181 -0.019299045584714125 0.0026505041125011969 -0.017093696036417867 0.018873390309399787 0.012227295292321973 -0.023931066471815865 -0.044562091756102859 -0.014704858252467607 0.012478194331161898 0.0039862021205247398 0.021721329752418098 0.035078274889327909 -0.01358865325040164 0.034261130487141966 0.05085423022743172 0.044614165381573589 -0.016903216569784038 0.053794887487668253 -0.052994860641213941 -0.03278861502817839
leaf_weight=87.543497160077095 9.8342192173004133 72.62823061645031 13.55044451355934 39.032639861106873 417.1128746420145 9.895033001899721 163.36045663058758 9.3884077668189985 25.13853032886982 97.692492008209229 53.288951382040977 16.609243854880333 9.2451560050249082 20.785394132137302 37.07820999622345 10.087556585669516 43.379725411534309 32.865206524729729 77.52134145796299 53.290209144353867 10.778056994080542 24.920444428920746 213.47079984843731 20.39613139629364 12.257270514965056
leaf_count=449 40 301 61 189 1737 40 676 39 109 403 218 70 38 86 155 42 187 133 338 242 49 102 1016 85 59
internal_value=-2.31417e-05 -0.0137274 0.029817 -0.0243468 -0.0192818 0.00718062 -0.0157981 0.0387324 0.0224679 -0.00835148 -0.00061546 -0.00604003 0.0179411 0.00218805 -0.0119146 0.0476453 0.0253281 0.00775254 0.0287173 0.0414521 0.0257543 -0.0087887 0.0525974 -0.0441744 -0.0546929
internal_weight=1581.15 1084.5 496.649 719.307 619.506 365.195 580.473 397.848 183.922 181.273 150.981 98.8013 121.521 85.2509 53.6875 276.326 52.7681 105.493 86.7665 78.4287 31.5635 34.7547 223.558 30.2912 99.8008
internal_count=6864 4641 2223 3110 2602 1531 2413 1802 785 746 621 421 518 360 225 1284 226 434 376 351 135 142 1058 125 508
is_linear=0
shrinkage=0.05


Tree=17
num_leaves=20
num_cat=0
split_feature=3 16 23 25 3 1 22 24 25 25 2 1 1 2 7 19 15 19 3
split_gain=236.954 89.7796 101.731 60.3213 56.4769 40.2609 36.4059 35.8872 24.4009 24.0937 24.006 22.1526 18.6468 37.8507 14.3478 9.49259 9.46841 7.52855 7.33799
threshold=3.5000000000000004 1.5000000000000002 1.5000000000000002 1.0000000180025095e-35 4.5000000000000009 1.5000000000000002 1.0000000180025095e-35 10.500000000000002 5.5000000000000009 1.0000000180025095e-35 24.500000000000004 1.5000000000000002 10.500000000000002 22.500000000000004 3.5000000000000004 0.11035000000000002 1.0000000180025095e-35 1.3989000000000003 1.5000000000000002
decision_type=2 2 2 2 2 2 2 2 2 2 2 2 2 2 2 2 2 2 2
left_child=1 5 8 -2 12 18 -4 -8 14 -7 -11 -6 15 -14 -3 -5 -13 -10 -1
right_child=3 2 6 4 11 9 7 -9 17 10 -12 16 13 -15 -16 -17 -18 -19 -20
leaf_value=0.045924324944661699 -0.075011608259484552 -0.012948369425498249 0.051260777142232941 0.031260737361720463 0.056175427451558062 -0.065342409595159232 -0.053685202906953756 -0.010856718958536406 0.054809801638770451 -0.031422152559578136 -0.0044944247886891716 -0.024607539683714277 -0.014945629369981783 0.04674727929065315 0.024214970580477661 0.052841420905077742 0.009955493381226142 0.014541356049898186 -0.0019546816953437628
leaf_weight=18.828466162085537 11.752214044332502 34.768449991941452 16.123092442750931 88.055725485086441 11.61753313243389 41.874524816870689 65.065147861838341 189.6933499276638 74.137198984622955 416.17939050495625 105.23178125917912 53.930289477109909 41.976843178272247 55.780812129378319 87.225061133503914 198.72579979896545 28.80731900036335 16.632435992360115 12.110958218574522
leaf_count=80 50 145 67 386 53 213 276 788 328 1814 440 229 179 262 367 943 121 73 50
internal_value=-2.837e-05 -0.0131442 0.00283321 0.028701 0.0315684 -0.026131 -0.0174162 -0.022167 0.0285826 -0.0292045 -0.0260446 -0.00295401 0.0400365 0.0203878 0.0135047 0.0465121 -0.0125045 0.0480115 0.0278982
internal_weight=1568.52 1077.87 483.645 490.647 478.894 594.225 270.882 254.758 212.763 563.286 521.411 94.3551 384.539 97.7577 121.994 286.782 82.7376 90.7696 30.9394
internal_count=6864 4641 2044 2223 2173 2597 1131 1064 913 2467 2254 403 1770 441 512 1329 350 401 130
is_linear=0
shrinkage=0.05


Tree=18
num_leaves=21
num_cat=0
split_feature=15 25 10 1 23 14 16 2 2 17 1 24 2 18 20 13 15 2 21 30
split_gain=140.809 82.3917 67.0317 58.7566 47.676 32.696 27.1528 23.7301 20.5147 18.9473 16.5124 11.2779 10.1754 9.99603 8.17031 4.55378 3.61737 5.81753 3.42707 1.68562
threshold=1.0000000180025095e-35 1.0000000180025095e-35 8.5000000000000018 10.500000000000002 2.5000000000000004 0.45725000000000005 4.5000000000000009 23.500000000000004 23.500000000000004 108154.01500000001 1.5000000000000002 34.500000000000007 22.500000000000004 90416.375000000015 -0.55449999999999988 1.0000000180025095e-35 6.5000000000000009 5.5000000000000009 74.500000000000014 1.0000000180025095e-35
decision_type=2 2 2 2 2 2 2 2 2 2 2 2 2 2 2 2 2 2 2 2
left_child=1 -1 15 6 5 8 -4 -5 10 11 -2 13 18 -6 -10 -3 17 -7 -11 -17
right_child=4 2 3 7 9 16 -8 -9 14 12 -12 -13 -14 -15 -16 19 -18 -19 -20 -21
leaf_value=-0.069388716368698797 0.048702440791263291 -0.021120568866701408 0.0026010419928026722 -0.029115683472642956 -0.020638923993442165 0 0.039078965701569067 0.0028894663879023238 0.0034101782786336247 -0.015675974105710293 0.0057973590955840773 0.043018509769944584 0.0087740077999551719 0.029034046456826917 0.047349467473132872 -0.02651979746097435 0.056953444132209541 0.04222877429807563 -0.051129013394609318 -0.058124394788285988
leaf_weight=55.5646593272686 23.355042904615402 17.622004330158234 495.29628944396973 224.86561557650566 27.723206073045731 8.9431345462799055 55.041045233607292 76.577915087342262 13.57005915045738 13.033451855182646 210.87967655062675 16.481145709753036 11.941067799925802 13.319461792707441 64.297806024551392 11.324044719338415 69.013503968715668 57.745520189404488 28.380533650517464 60.646127089858055
leaf_count=278 104 87 2104 975 117 39 238 324 61 55 900 70 51 57 299 55 340 270 119 321
internal_value=-1.91756e-05 -0.0112811 -0.00770083 -0.00330964 0.0200277 0.0272775 0.00639572 -0.0209868 0.0181191 -0.00912757 0.0104938 0.0105229 -0.0301088 -0.00368632 0.0400945 -0.0483562 0.0476992 0.0365972 -0.041438 -0.0541383
internal_weight=1555.62 996.938 941.373 851.781 558.684 447.805 550.337 301.444 312.103 110.879 234.235 57.5238 53.3551 41.0427 77.8679 89.5922 135.702 66.6887 41.414 71.9702
internal_count=6864 4382 4104 3641 2482 2013 2342 1299 1364 469 1004 244 225 174 360 463 649 309 174 376
is_linear=0
shrinkage=0.05


Tree=19
num_leaves=22
num_cat=0
split_feature=3 16 3 22 1 10 2 0 10 25 1 2 1 2 10 25 24 25 3 1 17
split_gain=212.501 76.3447 53.358 43.7425 35.8467 32.3113 28.7531 25.3879 24.5985 22.9273 20.1386 14.508 12.482 11.7299 9.85806 9.0396 8.58364 8.25453 6.79245 2.73821 1.35781
threshold=3.5000000000000004 1.5000000000000002 4.5000000000000009 1.0000000180025095e-35 1.5000000000000002 40.500000000000007 24.500000000000004 3427.2250000000004 77.500000000000014 1.0000000180025095e-35 1.5000000000000002 5.5000000000000009 10.500000000000002 3.5000000000000004 72.500000000000014 7.5000000000000009 6.5000000000000009 3.5000000000000004 1.5000000000000002 10.500000000000002 8146.9350000000004
decision_type=2 2 2 2 2 2 2 2 2 2 2 2 2 2 2 2 2 2 2 2 2
left_child=1 4 7 17 18 20 -7 13 19 -10 -4 -9 -13 -2 -12 -15 -16 -3 -1 -6 -5
right_child=2 3 10 5 8 6 -8 11 9 -11 14 12 -14 15 16 -17 -18 -19 -20 -21 -22
leaf_value=0.044100444242580847 0.044403706650709911 0.019488033917877706 0.051269497279170365 -0.019874352986095127 -0.039849563331575362 -0.0053597032409187584 0.027034045130988782 -0.00088846865479366157 -0.062514367363863468 -0.019163642249258657 -0.051534713215504638 0.051981966117252212 0.026075221812167284 -0.0063581441061002237 -0.030989818856749021 0.038187573582244602 0.0050211502941366771 0.066834282949983045 -0.0020619063702243894 -0.062764564451520927 -0.052073327589751306
leaf_weight=18.591145768761638 19.476792499423027 18.363401591777802 11.530534669756888 8.8951661437749845 57.089671298861504 312.94782069325447 85.499273121356964 17.300595447421074 31.734036102890968 426.40515069663525 12.843860566616057 206.51632188260555 70.880532398819923 58.348599523305893 22.064953297376633 12.01352174580097 50.609072044491768 25.301285743713379 12.069154366850851 39.577621400356293 28.094476133584976
leaf_count=80 86 77 54 40 288 1317 367 72 170 1793 60 1012 334 243 94 55 213 110 50 216 133
internal_value=-1.556e-05 -0.0124874 0.0274709 0.0022974 -0.0245697 -0.00255173 0.00166672 0.0357985 -0.0275014 -0.0224468 -0.00548096 0.0428798 0.0456321 0.0120329 -0.0142438 0.00195458 -0.00631559 0.0488672 0.0266094 -0.0504149 -0.0460033
internal_weight=1546.15 1064.57 481.585 479.101 585.467 435.437 398.447 384.536 554.806 458.139 97.0484 294.697 277.397 89.8389 85.5179 70.3621 72.674 43.6647 30.6603 96.6673 36.9896
internal_count=6864 4641 2223 2044 2597 1857 1684 1802 2467 1963 421 1418 1346 384 367 298 307 187 130 504 173
is_linear=0
shrinkage=0.05


Tree=20
num_leaves=23
num_cat=0
split_feature=3 15 25 10 3 1 25 23 1 24 1 2 7 23 10 24 19 22 21 10 1 21
split_gain=194.326 72.8355 51.7843 49.4925 47.4128 43.4103 32.6053 30.6197 18.6272 16.8022 16.1275 33.2684 12.5859 11.3004 9.80289 9.09387 9.04664 5.70919 3.08078 1.14879 5.1556 0.225683
threshold=3.5000000000000004 1.5000000000000002 1.0000000180025095e-35 31.500000000000004 4.5000000000000009 1.0000000180025095e-35 1.0000000180025095e-35 2.5000000000000004 1.5000000000000002 7.5000000000000009 10.500000000000002 22.500000000000004 4.5000000000000009 1.5000000000000002 72.500000000000014 23.500000000000004 0.11035000000000002 3.5000000000000004 62678.500000000007 1.0000000180025095e-35 3.5000000000000004 83.500000000000014
decision_type=2 2 2 2 2 2 2 2 2 2 2 2 2 2 2 2 2 2 2 2 2 2
left_child=1 3 -2 19 10 18 -7 9 -6 13 16 -12 -11 -3 -10 21 -4 -17 -5 -1 -21 -9
right_child=2 7 4 5 8 6 -8 15 14 12 11 -13 -14 -15 -16 17 -18 -19 -20 20 -22 -23
leaf_value=-0.055395801799550608 -0.070860608184381571 0.01190806916892 0.028409324966375934 0.053878566662284494 0.052797247528842406 -0.062723369071462878 -0.014043306357790495 -0.023281780364772311 -0.049501565132333079 0.0069319616524879286 -0.014254157234881926 0.044042273983788467 0.042909797721190496 -0.041902315655070695 -0.003421662226721519 0.028022477516932983 0.049637904988828779 -0.014841651742720313 0.014030506272033347 0 -0.047949461424710293 -0.048442546458485572
leaf_weight=76.295291155576706 11.400386050343512 36.305534690618515 86.096586033701897 20.254394397139553 11.064801573753355 34.685372576117516 664.20214068889618 10.365577071905138 12.074432477355002 35.368122205138206 41.845946744084358 53.868865355849266 88.724611863493919 11.0733305811882 69.684118539094925 9.7153726071119326 189.65349063277245 21.033737763762474 9.4716093540191633 8.1723431646823901 19.177656129002571 13.677215754985808
leaf_count=421 50 156 386 87 53 189 2786 43 57 152 179 262 401 46 293 40 943 86 40 38 99 57
internal_value=-1.2818e-05 -0.0119465 0.0264605 -0.018782 0.0291653 -0.0140796 -0.0166456 0.0130965 -0.00265968 0.0234641 0.0371163 0.018683 0.0330075 -0.0016537 -0.0113658 -0.0188566 0.0432981 -0.000108856 0.0431818 -0.0508523 -0.0349259 -0.0406
internal_weight=1534.21 1058.52 475.689 832.259 464.288 728.614 698.888 226.264 92.8234 171.472 371.465 95.7148 124.093 47.3789 81.7586 54.7919 275.75 30.7491 29.726 103.645 27.35 24.0428
internal_count=6864 4641 2223 3660 2173 3102 2975 981 403 755 1770 441 553 202 350 226 1329 126 127 558 137 100
is_linear=0
shrinkage=0.05


Tree=21
num_leaves=17
num_cat=0
split_feature=3 10 1 2 0 25 3 15 0 2 1 2 1 0 10 0
split_gain=177.665 67.7475 58.4268 50.9783 68.9687 47.9553 43.8223 38.2636 20.5059 20.2594 17.3382 14.76 10.0658 9.83205 9.17654 2.01038
threshold=3.5000000000000004 16.500000000000004 1.5000000000000002 24.500000000000004 3534.0550000000003 1.0000000180025095e-35 4.5000000000000009 2.5000000000000004 3974.5250000000005 16.500000000000004 1.5000000000000002 5.5000000000000009 7.5000000000000009 2224.0100000000007 72.500000000000014 2976.7300000000005
decision_type=2 2 2 2 2 2 2 2 2 2 2 2 2 2 2 2
left_child=1 15 9 7 -5 -2 8 -4 12 13 -8 -10 -7 -3 -12 -1
right_child=5 2 3 4 -6 6 10 -9 11 -11 14 -13 -14 -15 -16 -17
leaf_value=-0.026507062393059635 -0.068819204805891487 0.066949294673735102 -0.021568101899482991 -0.032704764034607425 0.032516828551754119 0.025486331377480867 0.051492239178937541 0.01075183424968346 -0.0038041162272641179 -0.01108077249009471 -0.04812736115793554 0.04550596056081771 -0.0096181271660488368 0.0080191414708421019 -0.0032560601477339673 -0.054663084903572058
leaf_weight=14.887779146432875 11.215622961521147 35.867934599518776 603.05936746299267 56.539524674415588 129.93012869358063 64.172817841172218 10.834521472454069 106.20515711605549 15.404763907194136 14.071791082620619 11.86080542206764 258.67387917637825 27.769278481602669 9.9274209141731244 69.668932750821114 81.24599352478981
leaf_count=76 50 161 2604 235 550 281 53 461 64 60 57 1308 117 43 293 451
internal_value=-1.92713e-05 -0.0114417 -0.00734999 -0.0105835 0.0125507 0.0254816 0.0280996 -0.0166978 0.03583 0.0396461 -0.00253872 0.0426908 0.0147982 0.0552539 -0.0108996 -0.0510337
internal_weight=1521.34 1051.74 955.601 895.734 186.47 469.601 458.385 709.265 366.021 59.8671 92.3643 274.079 91.9421 45.7954 81.5297 96.1338
internal_count=6864 4641 4114 3850 785 2223 2173 3065 1770 264 403 1372 398 204 350 527
is_linear=0
shrinkage=0.05


Tree=22
num_leaves=26
num_cat=0
split_feature=15 10 23 16 0 13 14 23 9 17 23 18 24 0 22 24 24 19 11 11 13 24 24 28 28
split_gain=109.573 51.391 41.4732 38.3975 28.7394 30.7504 27.7295 25.4049 20.5759 16.7502 15.9651 17.3738 11.6348 10.893 11.2303 8.14513 7.95411 7.8722 6.7527 5.24966 4.25541 2.63791 2.32659 1.7398 0.96145
threshold=1.0000000180025095e-35 8.5000000000000018 2.5000000000000004 2.5000000000000004 6329.6850000000004 1.0000000180025095e-35 0.45725000000000005 2.5000000000000004 0.012250000000000002 102730.06500000002 1.5000000000000002 9059.2900000000027 10.500000000000002 5081.2750000000005 2.5000000000000004 32.500000000000007 15.500000000000002 0.25110000000000005 624.50000000000011 1958.5000000000002 1.0000000180025095e-35 21.500000000000004 33.500000000000007 7.5000000000000009 14.500000000000002
decision_type=2 2 2 2 2 2 2 2 2 2 2 2 2 2 2 2 2 2 2 2 2 2 2 2 2
left_child=1 20 6 4 8 -6 10 12 -3 13 11 -2 -5 14 -4 -12 -11 -9 -18 21 24 -8 -15 -22 -1
right_child=2 3 9 7 5 -7 19 17 -10 16 15 -13 -14 22 -16 -17 18 -19 -20 -21 23 -23 -24 -25 -26
leaf_value=-0.0063082730914810967 0.0047706773543913436 -0.012373155842390716 0.020780193075421474 0.0021241497657748338 -0.015489860330084929 0.013613588317431265 0.038069261650676152 -0.033060464118542174 -0.037621228335541462 -0.058116108758867427 -0.0070448575404855954 0.035084742193093515 0.038083748981892519 0.016753707739051254 -0.040318000298810899 0.029336129184660872 0.012766039742074953 0.0096095537402393731 -0.028587370892206844 0.0092533247207331106 -0.055664903841078799 0.058184183564853435 0.050529480346728266 -0.023728697526769302 -0.031914548245079187
leaf_weight=10.066077619791033 75.676913619041443 241.91084012389183 12.196776643395426 31.992264896631241 182.37607155740261 176.66302688419819 68.108886748552322 25.533815279603004 123.21181710064411 14.582849085330961 80.824687674641609 131.07834909856319 81.207009628415108 17.770084321498874 14.048185020685194 16.888965219259262 12.95834246277809 16.108556866645813 27.800830766558647 11.666912063956259 59.862691164016724 49.010307148098946 9.4104539901018125 10.472107470035551 7.453704133629798
leaf_count=53 334 1058 51 140 817 791 338 110 538 64 345 612 358 80 58 73 56 70 118 56 353 255 42 54 40
internal_value=-1.99308e-05 -0.0101097 0.0179308 -0.00639896 -0.0112403 -0.0011459 0.0248445 0.0160338 -0.021079 -0.00946967 0.0163809 0.024189 0.028221 0.0102077 -0.012109 -0.000194146 -0.0283335 -0.0166413 -0.0152241 0.0442207 -0.0461563 0.0474062 0.031452 -0.0518357 -0.0198684
internal_weight=1508.88 966.858 542.023 879.003 724.162 359.039 433.255 154.842 365.123 108.768 304.469 206.755 113.199 53.4255 26.245 97.7137 55.342 41.6424 40.7592 128.786 87.8546 117.119 27.1805 70.3348 17.5198
internal_count=6864 4382 2482 3882 3204 1608 2013 678 1596 469 1364 946 498 231 109 418 238 180 174 649 500 593 122 407 93
is_linear=0
shrinkage=0.05


Tree=23
num_leaves=25
num_cat=0
split_feature=15 10 2 0 23 4 24 14 2 24 2 17 0 23 18 0 2 0 11 13 17 2 30 19
split_gain=99.9527 48.2349 39.2456 52.2065 37.9597 33.9758 27.3225 26.1374 16.5782 15.6798 12.562 11.8065 11.2736 10.8246 10.0531 9.37381 7.21415 6.39979 4.94715 4.08782 3.78607 3.1152 0.952652 0.172382
threshold=1.0000000180025095e-35 8.5000000000000018 24.500000000000004 3170.3500000000004 2.5000000000000004 1.0000000180025095e-35 11.500000000000002 0.45725000000000005 23.500000000000004 15.500000000000002 25.500000000000004 108154.01500000001 2224.0100000000007 1.5000000000000002 294714.94500000007 4179.9000000000005 22.500000000000004 5081.2750000000005 1958.5000000000002 1.0000000180025095e-35 67704.405000000013 4.5000000000000009 1.0000000180025095e-35 0.044950000000000011
decision_type=2 2 2 2 2 2 2 2 2 2 2 2 2 2 2 2 2 2 2 2 2 2 2 2
left_child=1 19 5 10 7 6 -3 8 13 20 -4 17 -7 -2 -5 -10 -13 -11 21 -1 -6 -9 -21 -22
right_child=4 2 3 14 9 12 -8 18 15 11 -12 16 -14 -15 -16 -17 -18 -19 -20 22 23 -23 -24 -25
leaf_value=-0.019220066217210702 0.016539721376901271 -0.025087858874622448 -0.036633657288872669 0.03409193283190861 -0.010658502780523821 -0.015836321564614838 -0.0042698114996863766 0.020261253438201711 0.0031932116148581432 -0.0010110954658645783 0.019272586376907205 -0.02911422863786492 0.041980096063587415 -0.006156837321313724 -0.0095424923157020128 0.045717303200044253 0.017168472422263728 0.037379658302346228 0.0088830813388717563 -0.026830441155284063 -0.063177911772401035 0.049502305906934496 -0.054315806628487465 -0.029873430813124491
leaf_weight=17.398443058133125 151.3428039252758 319.58564211428165 47.551839202642441 126.99554926156998 10.246112003922464 9.4523947238922101 313.68367347121239 15.658817455172537 17.747684389352798 18.260571762919426 10.997728511691092 28.624627038836479 35.213768571615219 77.812398046255112 13.464750960469244 56.166069239377975 9.8038231134414655 22.775132894515991 11.629848673939703 11.632228970527647 9.6016768366098422 99.202438563108444 56.863610580563545 9.0900341272354108
leaf_count=93 674 1428 197 568 43 40 1383 75 77 76 46 121 162 330 58 283 43 104 56 61 42 518 346 40
internal_value=-1.85025e-05 -0.00966522 -0.00609772 0.0133096 0.0172004 -0.0118319 -0.0148375 0.023857 0.0156591 -0.00904106 -0.0256776 0.0025366 0.0293762 0.00880298 0.0297636 0.0359916 -0.0167941 0.0208106 0.0428716 -0.0450066 -0.0392656 0.0460165 -0.0506836 -0.0519178
internal_weight=1500.8 962.84 876.945 199.01 537.962 677.935 633.269 429.56 303.069 108.402 58.5496 79.4642 44.6662 229.155 140.46 73.9138 38.4285 41.0357 126.491 85.8943 28.9378 114.861 68.4958 18.6917
internal_count=6864 4382 3882 869 2482 3013 2811 2013 1364 469 243 344 202 1004 626 360 164 180 649 500 125 593 407 82
is_linear=0
shrinkage=0.05


Tree=24
num_leaves=24
num_cat=0
split_feature=3 1 16 3 22 8 2 17 2 1 0 1 19 3 1 0 1 15 9 29 1 1 21
split_gain=155.606 59.6734 48.3706 40.0897 30.1666 28.713 26.503 22.4027 17.5502 27.6473 23.762 15.9088 12.9315 11.6319 10.2341 10.8302 8.32374 7.99291 7.42882 5.23262 4.66347 3.59152 3.11961
threshold=3.5000000000000004 1.5000000000000002 1.5000000000000002 4.5000000000000009 1.0000000180025095e-35 0.03450000000000001 24.500000000000004 359.44500000000011 24.500000000000004 3.5000000000000004 136734.34500000003 1.5000000000000002 0.11035000000000002 1.5000000000000002 10.500000000000002 26718.955000000005 3.5000000000000004 1.0000000180025095e-35 0.0070500000000000016 3.5000000000000004 3.5000000000000004 10.500000000000002 140.50000000000003
decision_type=2 2 2 2 2 2 2 2 2 2 2 2 2 2 2 2 2 2 2 2 2 2 2
left_child=1 5 8 7 18 13 -6 14 10 -10 -3 -5 16 -1 20 -16 -9 19 -4 -13 -2 -14 -19
right_child=3 2 4 11 6 -7 -8 12 9 -11 -12 17 21 -15 15 -17 -18 22 -20 -21 -22 -23 -24
leaf_value=0.063966304542130356 0.0067321445759303978 -0.02351174808500598 0.055867994409128263 0.047332179888027771 -0.012201274236129028 -0.035242138484323213 0.018490706251170455 -0.012984868674087069 0.027353938827475006 -0.024283015707546637 -0.058303744740829937 -0.034963270751622852 0.051115273484351811 0.0076475449805439135 -0.029154324260665745 0.0243824846114289 0.028897073124809877 0.029803133259163478 0.002769628812685763 -0.0029318933185026957 0.032335550143914163 0.030729422261117467 -0.0028866270343192364
leaf_weight=38.990130349993706 31.053382158279419 370.53896242380142 24.6438128054142 10.780544593930243 313.56016097962856 10.183234944939612 88.424714833498001 13.895998924970625 38.542538598179817 69.740850061178207 56.915693059563637 33.896388426423073 142.73271073400974 13.117810487747191 22.365322634577751 13.404430881142614 47.945295825600624 9.0804838985204714 9.5776581615209562 21.503073886036873 48.830039456486702 42.916647985577583 19.172071427106857
leaf_count=181 143 1701 106 54 1352 44 394 65 164 305 297 152 773 56 95 60 222 41 41 94 220 224 80
internal_value=-1.99937e-05 -0.0107664 -0.0138352 0.0241889 -0.00143224 0.0359029 -0.00536708 0.0317041 -0.0238725 -0.00564986 -0.0284175 -0.0046656 0.0401826 0.05078 0.0131011 -0.00859831 0.0192174 -0.0124322 0.0422568 -0.02324 0.0229123 0.0468337 0.00856514
internal_weight=1491.81 1034.24 971.944 457.576 436.206 62.2912 401.985 363.144 535.738 108.283 427.455 94.4326 247.491 52.1079 115.653 35.7698 61.8413 83.652 34.2215 55.3995 79.8834 185.649 28.2526
internal_count=6864 4641 4360 2223 1893 281 1746 1802 2467 469 1998 421 1284 237 518 155 287 367 147 246 363 997 121
is_linear=0
shrinkage=0.05


Tree=25
num_leaves=19
num_cat=0
split_feature=3 1 12 25 3 15 2 7 0 1 2 3 0 2 24 24 2 24
split_gain=142.321 54.5327 46.9657 41.8433 35.7973 35.4148 27.5083 26.6121 17.1941 14.8598 11.0313 10.9762 8.98647 8.47708 7.95574 6.4223 3.71022 1.22241
threshold=3.5000000000000004 1.5000000000000002 1.0000000180025095e-35 1.0000000180025095e-35 4.5000000000000009 2.5000000000000004 24.500000000000004 4.5000000000000009 3427.2250000000004 1.5000000000000002 5.5000000000000009 1.5000000000000002 438.03500000000003 3.5000000000000004 1.0000000180025095e-35 6.5000000000000009 22.500000000000004 33.500000000000007
decision_type=2 2 2 2 2 2 2 2 2 2 2 2 2 2 2 2 2 2
left_child=1 7 5 -2 8 6 -3 -1 13 -6 -10 -9 -7 -5 16 -11 -4 -16
right_child=3 2 14 4 9 12 -8 11 10 15 -12 -13 -14 -15 17 -17 -18 -19
leaf_value=-0.033777102389471479 -0.066023153712450558 -0.018455006163210424 -0.028637343849475319 0.040731283559512561 0.049049273817909529 -0.0166446658653094 0.0059532946299571147 0.062182568016727884 0 -0.029958789383140672 0.041845593311892068 0.0073214903070310759 0.019073159971404071 0.0037034080695422544 -0.052499205537825368 0 0.0063823276264864436 -0.020284370500714181
leaf_weight=10.180469959974287 10.834726333618162 559.48667295277119 31.285770893096924 18.733778387308121 10.314167156815527 18.699288919568062 143.55101370811462 38.181125372648239 16.322196528315544 24.720036134123802 249.85032826662064 13.106267005205153 119.988216817379 65.684864237904549 77.966589003801346 55.422831520438194 8.397647947072981 7.6962136328220359
leaf_count=44 50 2445 158 86 53 82 598 181 69 110 1331 56 541 284 453 240 39 44
internal_value=-2.1581e-06 -0.0102835 -0.013214 0.0233195 0.025825 -0.00889337 -0.0134542 0.0346277 0.0330259 -0.00208635 0.0392637 0.0491517 0.0140181 0.0127887 -0.0415538 -0.00982311 -0.0210361 -0.0502478
internal_weight=1480.42 1028.54 967.071 451.883 441.048 841.725 703.038 61.4679 350.591 90.457 266.173 51.2874 138.688 84.4186 125.346 80.1429 39.6834 85.6628
internal_count=6864 4641 4360 2223 2173 3666 3043 281 1770 403 1400 237 623 370 694 350 197 497
is_linear=0
shrinkage=0.05


Tree=26
num_leaves=19
num_cat=0
split_feature=3 10 1 24 25 3 21 23 0 1 2 2 2 10 1 2 10 0
split_gain=130.047 54.6224 43.5883 41.318 38.8345 33.0536 20.8839 19.4585 16.2422 13.8463 12.6355 8.81313 8.17042 8.01912 5.71998 1.90462 5.36934 0.773444
threshold=3.5000000000000004 40.500000000000007 1.0000000180025095e-35 13.500000000000002 1.0000000180025095e-35 4.5000000000000009 9791.0000000000018 2.5000000000000004 3974.5250000000005 1.5000000000000002 5.5000000000000009 3.5000000000000004 13.500000000000002 72.500000000000014 2.5000000000000004 24.500000000000004 1.0000000180025095e-35 1553.1300000000003
decision_type=2 2 2 2 2 2 2 2 2 2 2 2 2 2 2 2 2 2
left_child=1 14 12 7 -2 8 -5 -4 11 -7 -10 -6 17 -11 -1 -16 -17 -3
right_child=4 2 3 6 5 9 -8 -9 10 13 -12 -13 -14 -15 15 16 -18 -19
leaf_value=-0.0054490585635587931 -0.064340429222779327 0.063109811826893278 -0.015552485256791957 0.013573026022606705 0.041158029838186443 0.047910576352678903 -0.0088016686986096149 -0.056254772512087048 -0.0046471993053946231 -0.045130295187810865 0.04112292422071781 0.0042743682390338471 0.0017747160713801387 -0.0023163727521581185 -0.050494066947842267 -0.04429902426985545 0.0059817896781075679 0.028756618756544228
leaf_weight=10.511518493294714 10.61994159221649 21.707535013556484 426.73123022913933 223.68492023646832 19.561218276619911 10.084728419780729 191.57798431813717 30.254328638315201 15.256518036127089 11.207456126809118 239.92900381982327 70.715022206306458 9.588674381375311 68.77209547162056 79.936290726065636 12.350732564926149 7.2426594942808142 8.9526634663343412
leaf_count=56 50 105 1877 972 91 53 830 132 64 57 1308 307 42 293 475 76 35 41
internal_value=-2.17286e-06 -0.00983573 -0.00576401 -0.00815887 0.0224567 0.0248805 0.00323398 -0.0185023 0.0318794 -0.00196607 0.0383328 0.0130936 0.0438285 -0.00939248 -0.0428049 -0.0464665 -0.0264171 0.0557602
internal_weight=1468.68 1022.54 912.497 872.248 446.146 435.526 415.263 456.986 345.462 90.0643 255.186 90.2762 40.2489 79.9796 110.041 99.5297 19.5934 30.6602
internal_count=6864 4641 3999 3811 2223 2173 1802 2009 1770 403 1372 398 188 350 642 586 111 146
is_linear=0
shrinkage=0.05


Tree=27
num_leaves=15
num_cat=0
split_feature=3 10 25 1 25 24 3 0 1 2 2 10 24 0
split_gain=118.783 51.1983 44.4135 41.0322 36.0684 33.3876 30.5544 15.3812 12.9236 11.9756 7.96331 7.51527 7.40053 2.04804
threshold=3.5000000000000004 16.500000000000004 1.0000000180025095e-35 1.0000000180025095e-35 1.0000000180025095e-35 13.500000000000002 4.5000000000000009 7853.1450000000013 1.5000000000000002 5.5000000000000009 13.500000000000002 72.500000000000014 13.500000000000002 649.63000000000011
decision_type=2 2 2 2 2 2 2 2 2 2 2 2 2 2
left_child=1 13 -3 10 -2 -5 7 12 -8 -9 -4 -10 -6 -1
right_child=4 2 3 5 6 -7 8 9 11 -11 -12 -13 -14 -15
leaf_value=-0.013663119583721987 -0.062769368727923311 -0.060897955471291926 0.056225964255149675 -0.015642917154554938 0.003312095549921984 0.0040319099385314541 0.046816941547708033 -0.0091344383137126669 -0.043936079736098588 0.041277064340462494 0.0030521222382205982 -0.0022042114502272277 0.028420175314210913 -0.048647587088457109
leaf_weight=7.2916306704282752 10.397174388170241 33.41938716173172 30.512482210993767 443.82594741880894 61.69439010322094 415.14484862983227 9.8568262457847577 11.440598785877226 10.996245384216307 210.32408784329891 9.8109902739524824 68.760068908333778 56.92219090461731 77.574749201536179
leaf_count=40 50 198 148 1930 278 1795 53 48 57 1175 43 293 269 487
internal_value=-4.26529e-06 -0.00939904 -0.0059537 -0.00377017 0.0216253 -0.00613508 0.0239702 0.0307753 -0.00187608 0.0385733 0.0442803 -0.00901428 0.0157154 -0.0461407
internal_weight=1457.97 1017.58 932.714 899.294 440.392 858.971 429.994 340.381 89.6131 221.765 40.3235 79.7563 118.617 84.8664
internal_count=6864 4641 4114 3916 2223 3725 2173 1770 403 1223 191 350 547 527
is_linear=0
shrinkage=0.05


Tree=28
num_leaves=26
num_cat=0
split_feature=3 16 23 3 22 24 17 0 2 24 3 19 19 7 28 15 0 0 13 17 12 23 21 20 14
split_gain=108.456 44.8638 78.1356 28.8532 28.6045 25.7447 20.7685 17.9486 16.8176 15.022 13.3909 12.2323 11.1354 11.0382 10.6095 9.38204 8.30489 8.07817 7.48942 5.61548 4.75026 5.23333 3.21649 2.00154 1.08067
threshold=3.5000000000000004 1.5000000000000002 1.5000000000000002 4.5000000000000009 1.0000000180025095e-35 10.500000000000002 359.44500000000011 185935.27000000005 24.500000000000004 7.5000000000000009 1.5000000000000002 0.063050000000000009 0.5062500000000002 4.5000000000000009 14.500000000000002 4.5000000000000009 21179.755000000005 3427.2250000000004 1.0000000180025095e-35 40124.460000000006 1.0000000180025095e-35 1.5000000000000002 30698.500000000004 -0.56999999999999995 0.16755000000000003
decision_type=2 2 2 2 2 2 2 2 2 2 2 2 2 2 2 2 2 2 2 2 2 2 2 2 2
left_child=1 7 9 6 -4 -6 17 10 -9 14 13 19 -11 -1 -3 20 -12 23 -19 -8 21 -5 -13 -2 -10
right_child=3 2 4 15 5 -7 11 8 24 12 16 22 -14 -15 -16 -17 -18 18 -20 -21 -22 -23 -24 -25 -26
leaf_value=-0.021140591406472412 0.0071501524353467967 -0.0090308785266185066 0.046348684928284895 0.0065316416956405637 -0.04750838757579319 -0.010215901003219204 0.028193804302047504 -0.060228893784169658 0.010113460917072966 0.047000008625564471 -0.026398112768459311 0.044356188103586325 0.016668112716387785 0.0051521063612391706 0.030830867268173658 0.038111718866005388 -0.0080118683419211998 -0.0021253156477714294 0.029482332681825485 -0.0062245915152421734 -0.037642118291670593 -0.020202930018514559 0.021810908103493856 -0.017845767997741423 -0.012645547042410591
leaf_weight=58.938591256737709 9.575028717517851 42.542375013232231 15.505220159888266 42.792332917451859 61.134987682104111 183.84665833413601 21.581073135137558 42.869326323270798 8.4361420720815676 80.252482086420059 229.09348388761282 161.36891682446003 54.9773950278759 113.14361065626144 24.619889751076698 9.6657792180776578 89.126088850200176 28.13327930867672 49.641961127519608 21.898108243942261 10.988611683249472 28.759409129619598 26.331497490406036 24.102231472730637 8.2908389270305616
leaf_count=277 40 184 67 188 276 788 98 245 40 370 1047 946 252 515 107 49 432 133 243 104 59 125 136 102 41
internal_value=-8.65632e-06 -0.00898251 0.00246804 0.0208148 -0.0155691 -0.0198721 0.0274666 -0.0186132 -0.0442724 0.0256567 -0.0153068 0.0359827 0.0351642 -0.00393519 0.00590579 -0.00385515 -0.021362 0.00939099 0.018157 0.0111278 -0.00967327 -0.00433522 0.0415094 -0.0104563 -0.000778971
internal_weight=1447.62 1012.78 462.879 434.838 260.487 244.982 342.632 549.898 59.5963 202.392 490.302 231.18 135.23 172.082 67.1623 92.2061 318.22 111.453 77.7752 43.4792 82.5404 71.5517 187.7 33.6773 16.727
internal_count=6864 4641 2044 2223 1131 1064 1802 2597 326 913 2271 1284 622 792 291 421 1479 518 376 202 372 313 1082 142 81
is_linear=0
shrinkage=0.05


Tree=29
num_leaves=19
num_cat=0
split_feature=3 1 12 25 2 0 9 3 7 1 2 1 3 0 24 15 3 24
split_gain=99.1195 42.3388 38.3035 32.9566 30.7385 50.839 31.69 26.1114 22.989 15.1609 27.9575 11.9486 10.1971 8.66295 7.70332 5.7366 4.95951 1.46376
threshold=3.5000000000000004 1.5000000000000002 1.0000000180025095e-35 1.0000000180025095e-35 24.500000000000004 3534.0550000000003 0.092250000000000013 4.5000000000000009 4.5000000000000009 10.500000000000002 22.500000000000004 1.5000000000000002 1.5000000000000002 3427.2250000000004 1.0000000180025095e-35 1.0000000180025095e-35 1.0000000180025095e-35 33.500000000000007
decision_type=2 2 2 2 2 2 2 2 2 2 2 2 2 2 2 2 2 2
left_child=1 8 4 -2 6 -6 -3 9 -1 13 -11 -9 -10 -5 16 -13 -4 -16
right_child=3 2 14 7 5 -7 -8 11 12 10 -12 15 -14 -15 17 -17 -18 -19
leaf_value=-0.031859609355055989 -0.06143175475702424 -0.0069202665155003763 0.010000354571988751 0.017459978632829994 -0.028839587202835457 0.028829447045396413 -0.034900301636670392 0.045732926564714615 0.058852058708166191 -0.019528552701948223 0.035948319699559222 -0.018249455388078907 0.0056459035144690367 0.040593686731045762 -0.049090948652377675 0.0090637624392382651 -0.028084388119406237 -0.016289241804059395
leaf_weight=10.070380583405493 10.145129248499869 531.87296907603741 10.326999142765997 59.762663304805756 53.236516311764717 122.10570167005062 123.93187694251537 9.6044601798057538 36.073102250695229 40.268409252166748 47.089317515492439 51.200536638498306 12.958402439951895 183.72123666107655 71.714454375207424 28.015031486749649 27.802849508821964 7.2275638952851287
leaf_count=44 50 2367 51 270 224 529 546 53 181 179 262 229 56 1059 453 121 146 44
internal_value=-3.03655e-06 -0.00858683 -0.0111737 0.0200379 -0.00733928 0.0111361 -0.0123131 0.0223131 0.0317597 0.0287426 0.0103991 -0.00163098 0.0457587 0.0351448 -0.0377314 -0.00848152 -0.0175361 -0.046688
internal_weight=1437.13 1007.32 948.219 429.807 831.147 175.342 655.805 419.662 59.1019 330.842 87.3577 88.82 49.0315 243.484 117.072 79.2156 38.1298 78.942
internal_count=6864 4641 4360 2223 3666 753 2913 2173 281 1770 441 403 237 1329 694 350 197 497
is_linear=0
shrinkage=0.05


Tree=30
num_leaves=24
num_cat=0
split_feature=3 10 1 15 1 2 2 23 3 1 2 10 0 0 2 29 1 9 0 8 2 10 0
split_gain=90.6442 45.1819 33.5746 31.2525 26.8248 32.5101 21.7784 18.7402 14.1371 10.052 10.2262 8.7374 8.31739 7.80533 6.8626 6.31494 5.18426 4.57901 4.42447 4.37972 1.96247 4.89682 0.990103
threshold=3.5000000000000004 40.500000000000007 1.0000000180025095e-35 2.5000000000000004 10.500000000000002 23.500000000000004 24.500000000000004 2.5000000000000004 4.5000000000000009 3.5000000000000004 22.500000000000004 786.50000000000011 2224.0100000000007 1737.7450000000001 13.500000000000002 5.5000000000000009 2.5000000000000004 0.0026500000000000004 692.92000000000007 0.28435000000000005 24.500000000000004 1.0000000180025095e-35 1553.1300000000003
decision_type=2 2 2 2 2 2 2 2 2 2 2 2 2 2 2 2 2 2 2 2 2 2 2
left_child=1 16 14 6 8 15 -4 -5 9 10 -2 18 -11 -7 22 19 -1 -15 -10 -6 -18 -22 -3
right_child=4 2 3 7 5 13 -8 -9 11 12 -12 -13 -14 17 -16 -17 20 -19 -20 -21 21 -23 -24
leaf_value=-0.0035061507775746704 0.00072685613520883274 0.059224405257784177 -0.01519330924691289 0.026836513950424801 -0.03467977355566295 -0.013220395607905734 0.0062313235024487939 -0.012851694755234431 0.019914128151776421 0.01813218948633322 0.034948332296018896 0.041137435372213038 0.04690074764789804 0.0099186155996483522 0.0014587936392624187 0.012447384823775979 -0.047216366774188855 0.047763282447135701 -0.013159876415169386 -0.0011348924976783692 -0.041112827132189368 0.0074597405969647219 0.024910033286719962
leaf_weight=10.097680270671843 43.990081526339054 20.122017905116085 576.93490335345268 96.89749763906002 48.320315465331078 7.7831528335809699 147.24022428691387 40.727815493941307 11.622312963008879 37.945906013250351 42.745502009987831 11.214278504252432 117.75930400192738 13.276887014508246 9.4741388410329801 9.8392685204744321 73.588552422821522 30.175706475973129 36.564819902181625 13.008392259478567 11.422569371759893 7.0932473689317694 8.5936253070831281
leaf_count=56 225 105 2569 457 219 34 615 170 56 172 258 51 688 73 42 44 475 176 166 61 76 35 41
internal_value=-4.02824e-06 -0.00821126 -0.00457903 -0.00665783 0.0193079 -0.000367805 -0.0108183 0.015004 0.0272697 0.0325981 0.0181123 0.00500591 0.040272 0.0292849 0.0400796 -0.0220692 -0.0393988 0.0373651 -0.00450776 -0.027983 -0.0430694 -0.0231044 0.0515715
internal_weight=1426.44 1002.19 899.99 861.8 424.246 122.404 724.175 137.625 301.842 242.441 86.7356 59.4014 155.705 51.2357 38.1898 71.168 102.202 43.4526 48.1871 61.3287 92.1044 18.5158 28.7156
internal_count=6864 4641 3999 3811 2223 607 3184 627 1616 1343 483 273 860 283 188 324 642 249 222 280 586 111 146
is_linear=0
shrinkage=0.05


Tree=31
num_leaves=16
num_cat=0
split_feature=3 10 25 1 25 23 3 0 10 1 21 10 21 0 10
split_gain=82.9682 42.3689 41.4041 31.8211 30.0707 27.7023 22.4168 13.1094 11.6186 10.804 9.82297 6.74796 4.46171 2.19765 1.15618
threshold=3.5000000000000004 16.500000000000004 1.0000000180025095e-35 1.0000000180025095e-35 1.0000000180025095e-35 1.5000000000000002 4.5000000000000009 7853.1450000000013 1.0000000180025095e-35 1.5000000000000002 17035.500000000004 72.500000000000014 62678.500000000007 2976.7300000000005 1.0000000180025095e-35
decision_type=2 2 2 2 2 2 2 2 2 2 2 2 2 2 2
left_child=1 13 -3 12 -2 -5 7 10 -9 -8 -6 -11 -4 -1 -15
right_child=4 2 3 5 6 -7 9 8 -10 11 -12 -13 -14 14 -16
leaf_value=-0.018470296110353997 -0.060025145172847585 -0.059433697667299328 0.049638136156816712 0.0024624854369398284 0.023352118464805286 -0.015993487648889439 0.044298750863897958 -0.012255271415797445 0.037349379737835815 -0.041665205141485508 -0.0067555570237625862 -0.0015036635831989721 0.0063329546381799594 -0.050082674665542282 -0.020839178325406563
leaf_weight=13.097548007965086 9.8856344074010831 31.419862747192383 29.43759086728096 516.74465860426426 75.800661653280258 331.98394186794758 9.2913777828216535 11.330438673496245 194.57256844639778 10.524882256984709 39.759318098425865 68.227960154414177 8.8117761462926847 55.682977095246315 9.2548310831189138
leaf_count=76 50 198 151 2290 371 1435 53 51 1172 57 176 293 40 398 53
internal_value=0 -0.00784607 -0.00478213 -0.00270557 0.0186109 -0.00476552 0.020816 0.0269063 0.03448 -0.00141327 0.0129696 -0.00789385 0.0407205 -0.04276 -0.0468115
internal_weight=1415.83 996.433 918.398 886.978 419.393 848.729 409.507 321.463 205.903 88.0442 115.56 78.7528 38.2494 78.0354 64.9378
internal_count=6864 4641 4114 3916 2223 3725 2173 1770 1223 403 547 350 191 527 451
is_linear=0
shrinkage=0.05


Tree=32
num_leaves=18
num_cat=0
split_feature=3 10 25 8 8 3 25 1 2 3 14 10 29 1 9 16 1
split_gain=75.714 39.851 38.1324 28.814 39.8328 34.4449 27.9825 21.4006 26.5835 10.9534 8.51881 7.55205 6.96753 4.94846 4.14749 2.37751 1.65246
threshold=3.5000000000000004 40.500000000000007 1.0000000180025095e-35 1.0000000180025095e-35 0.46565000000000006 1.5000000000000002 1.0000000180025095e-35 10.500000000000002 23.500000000000004 4.5000000000000009 0.24975000000000003 786.50000000000011 5.5000000000000009 2.5000000000000004 0.0026500000000000004 6.5000000000000009 7.5000000000000009
decision_type=2 2 2 2 2 2 2 2 2 2 2 2 2 2 2 2 2
left_child=1 13 -3 5 -5 -4 -2 9 12 10 -8 -11 -9 -1 -10 16 -15
right_child=6 2 3 4 -6 -7 7 8 14 11 -12 -13 -14 15 -16 -17 -18
leaf_value=-0.0023490067807151798 -0.058716701226773228 -0.058495172138273016 0.019726019865285813 -0.026481795292900547 0.014637886009441037 -0.0053110655868981206 0.02450920846436206 -0.024890664561053127 0.0066141248021839615 -0.0020666054295306194 0.045770802935015294 0.040954855476769927 0.018889736254761876 -0.032506376077984171 0.039030271875889533 -0.0077844096028177228 -0.05267901377445932
leaf_weight=9.9202155247330648 9.6511580124497396 29.151198655366898 220.62031325697899 208.27960798144341 79.97891241312027 356.20430029928684 153.42455197870731 57.819021001458168 16.244278743863106 46.119066640734673 78.498132884502411 10.908999234437941 8.9373175799846631 41.520875655114651 32.680878415703773 6.6955392807722083 39.847260273993015
leaf_count=56 50 190 989 915 350 1555 818 263 87 212 511 50 40 272 192 34 280
internal_value=0 -0.00750004 -0.00413041 -0.00215621 -0.0150162 0.00428276 0.0178985 0.0200303 0.001716 0.0272659 0.0320781 0.00710244 -0.0185049 -0.0374547 0.0291462 -0.0411583 -0.043532
internal_weight=1406.5 992.218 894.234 865.083 288.259 576.825 414.283 404.632 115.681 288.951 231.923 57.0281 66.7563 97.9839 48.9252 88.0637 81.3681
internal_count=6864 4641 3999 3809 1265 2544 2223 2173 582 1591 1329 262 303 642 279 586 552
is_linear=0
shrinkage=0.05


Tree=33
num_leaves=28
num_cat=0
split_feature=15 1 23 16 16 23 24 23 18 24 17 23 10 10 9 24 18 10 10 0 24 2 7 27 26 24 9
split_gain=63.1059 40.0671 31.4359 21.917 20.6462 17.1625 15.1007 22.1047 14.3159 14.0607 13.1894 12.1107 10.3399 9.59967 12.8323 9.5085 10.7653 7.90834 5.84999 8.82157 5.6282 6.21218 5.41815 4.47854 1.6589 0.646655 0.18776
threshold=1.0000000180025095e-35 10.500000000000002 2.5000000000000004 7.5000000000000009 4.5000000000000009 1.5000000000000002 21.500000000000004 1.5000000000000002 9059.2900000000027 19.500000000000004 102730.06500000002 2.5000000000000004 65.500000000000014 159.50000000000003 0.075050000000000019 34.500000000000007 90416.375000000015 633.50000000000011 48.500000000000007 16613.760000000006 15.500000000000002 23.500000000000004 1.5000000000000002 8.5000000000000018 8.5000000000000018 25.500000000000004 0.046250000000000006
decision_type=2 2 2 2 2 2 2 2 2 2 2 2 2 2 2 2 2 2 2 2 2 2 2 2 2 2 2
left_child=1 4 3 5 6 8 7 -1 -2 18 15 23 -8 25 -15 16 -4 -7 26 -20 -12 -22 -5 -6 -24 -11 -3
right_child=2 9 10 22 11 17 12 -9 -10 13 20 -13 -14 14 -16 -17 -18 -19 19 -21 21 -23 24 -25 -26 -27 -28
leaf_value=-0.001740139583568944 0.0046475486419952985 -0.054245273270520755 -0.023357991895118096 0.0098508263043693423 0.053762557323372366 -0.012413029344802526 -0.022055858127206712 -0.030803577448265784 0.03192171977089641 -0.012930041399396379 -0.053902975854143255 -0.0068210596205055445 0.016431841707018783 0.015203339106934647 -0.025507167769790524 0.039937602148871772 0.032188364257392722 0.016991622542041535 -0.032221512395984822 -0.0083450033136500019 -0.026811509420397436 0.016766228527986423 0.05034792321012202 0.011268610314759023 0.016529152248200101 -0.040774062374019607 -0.021595592460739148
leaf_weight=296.47769992798567 77.208100400865078 23.749274984002117 25.621970698237419 13.01275125145912 27.714525938034058 68.429321199655533 18.396220050752163 82.366881318390369 133.61967965215445 6.6270594745874432 13.335603192448614 15.742432996630667 119.50331445038319 55.545570448040962 27.133544608950615 14.023383572697638 10.715184196829794 31.75556218624115 134.15612940490246 58.24585810303688 29.75826108455658 9.1866665035486204 67.005604974925518 10.246669709682463 7.4362462386488906 15.104201026260851 5.4457377865910521
leaf_count=1439 366 175 116 65 137 313 108 394 697 35 64 74 552 251 127 65 50 144 631 282 130 44 384 48 44 90 39
internal_value=-2.44094e-06 -0.00794885 0.0141685 0.0205131 4.01471e-05 0.0140782 -0.00304876 -0.00821384 0.0221181 -0.0218735 -0.0102879 0.0289839 0.0109841 -0.00645788 0.00143802 0.00771617 -0.00589279 -0.00284464 -0.0289694 -0.025205 -0.0274604 -0.0159709 0.042459 0.0436807 0.0476213 -0.0345096 -0.0502507
internal_weight=1397.56 896.455 501.108 398.467 570.448 311.013 516.744 378.845 210.828 326.007 102.641 53.7036 137.9 104.41 82.6791 50.3605 36.3372 100.185 221.597 192.402 52.2805 38.9449 87.4546 37.9612 74.4419 21.7313 29.195
internal_count=6864 4382 2482 2013 2752 1520 2493 1833 1063 1630 469 259 660 503 378 231 166 457 1127 913 238 174 493 185 428 125 214
is_linear=0
shrinkage=0.05


Tree=34
num_leaves=16
num_cat=0
split_feature=25 1 25 2 2 23 0 16 10 0 23 17 14 22 2
split_gain=66.7031 48.0448 26.3317 27.983 30.0996 27.2472 24.2727 24.0859 21.6454 18.3068 10.957 10.0165 4.70555 4.15647 1.05425
threshold=1.0000000180025095e-35 10.500000000000002 9.5000000000000018 24.500000000000004 18.500000000000004 2.5000000000000004 4386.7150000000011 8.5000000000000018 80.500000000000014 21179.755000000005 3.5000000000000004 108154.01500000001 0.068850000000000008 5.5000000000000009 24.500000000000004
decision_type=2 2 2 2 2 2 2 2 2 2 2 2 2 2 2
left_child=-1 2 3 4 -2 12 -5 8 14 -10 13 -7 -4 -9 -3
right_child=1 7 5 6 -6 11 -8 10 9 -11 -12 -13 -14 -15 -16
leaf_value=-0.060479675836521578 0.0046473630592538803 -0.047661476001105124 0.012338009254343744 -0.0069687432338873846 -0.026873235087236897 0.015740058489470025 0.034888147342573138 0.05666339896895202 -0.017178284368184658 0.0072334050086508856 -0.021096383503158071 -0.030990730293304843 0.048292235047600302 0.01647384126657999 -0.023365907910140427
leaf_weight=42.165894873440266 498.54833491146564 42.918025560677052 12.968162812292574 47.175105690956116 87.237494878470898 25.273468717932701 119.09705903381109 15.200751744210722 257.15940314531326 107.13946025073528 8.2522048056125623 17.721560150384903 80.286879271268845 15.434293314814566 14.134447418153284
leaf_count=280 2408 279 63 203 404 120 621 74 1168 514 36 81 449 81 83
internal_value=-6.45641e-06 0.00196376 0.00875752 0.00503979 -0.00010526 0.0288361 0.0230113 -0.0111084 -0.0146222 -0.00997127 0.0255722 -0.00382041 0.0437614 0.0389723 -0.0428069
internal_weight=1390.71 1348.55 888.308 752.058 585.786 136.25 166.272 460.239 421.351 364.299 38.8872 42.995 93.255 30.635 57.0525
internal_count=6864 6584 4349 3636 2812 713 824 2235 2044 1682 191 201 512 155 362
is_linear=0
shrinkage=0.05


Tree=35
num_leaves=12
num_cat=0
split_feature=25 10 21 2 2 0 25 23 0 28 14
split_gain=62.656 45.6268 39.5375 28.9364 31.7504 28.1297 17.4632 19.4326 12.3169 3.64041 1.39554
threshold=1.0000000180025095e-35 1.0000000180025095e-35 16368.500000000002 24.500000000000004 18.500000000000004 3852.1550000000002 18.500000000000004 1.5000000000000002 12976.250000000002 12.500000000000002 0.10705000000000002
decision_type=2 2 2 2 2 2 2 2 2 2 2
left_child=-1 8 3 4 -3 -5 7 -4 10 -10 -2
right_child=1 2 6 5 -6 -7 -8 -9 9 -11 -12
leaf_value=-0.059668363777752503 -0.011303278870967912 0.010796426778950005 -0.0009465807154104668 -0.0043244753095286045 -0.019944744457607855 0.039809542880636387 0.052438128446456525 -0.022039640050494445 -0.050351536072091543 -0.0063374261592721972 0.014820134586629173
leaf_weight=40.667472340166569 7.6393899396061924 503.05290035158396 304.27515009045601 47.889452666044235 98.674544185400009 135.84405243396759 10.013593971729277 169.41558077186346 51.846248365938663 6.4122774302959433 8.654989041388033
leaf_count=280 48 2407 1403 212 457 758 47 789 378 39 46
internal_value=-9.21819e-06 0.00187492 0.00413693 0.0110566 0.00568939 0.0283296 -0.00707814 -0.00857249 -0.0356042 -0.0460442 0.00212916
internal_weight=1384.39 1343.72 1269.17 785.461 601.727 183.734 483.704 473.691 74.5529 58.2585 16.2944
internal_count=6864 6584 6073 3834 2864 970 2239 2192 511 417 94
is_linear=0
shrinkage=0.05


Tree=36
num_leaves=29
num_cat=0
split_feature=15 1 23 15 16 24 23 24 22 14 23 18 23 24 10 9 10 2 10 14 8 17 27 27 7 17 17 9
split_gain=51.5294 33.3476 27.87 19.9567 17.7275 13.6683 19.3251 12.9247 12.4235 17.4094 12.3078 16.2566 10.5263 9.57566 9.07989 8.64482 11.2572 10.2927 5.32747 6.68517 5.15004 5.08707 4.19605 3.75614 3.22691 1.43165 1.46492 0.508805
threshold=1.0000000180025095e-35 10.500000000000002 2.5000000000000004 6.5000000000000009 4.5000000000000009 21.500000000000004 1.5000000000000002 19.500000000000004 2.5000000000000004 0.66815000000000013 1.5000000000000002 9059.2900000000027 2.5000000000000004 32.500000000000007 65.500000000000014 0.075050000000000019 159.50000000000003 24.500000000000004 48.500000000000007 0.19095000000000004 0.30340000000000006 102730.06500000002 8.5000000000000018 4.5000000000000009 4.5000000000000009 78061.185000000012 246219.02500000005 0.046550000000000008
decision_type=2 2 2 2 2 2 2 2 2 2 2 2 2 2 2 2 2 2 2 2 2 2 2 2 2 2 2 2
left_child=1 4 3 10 5 6 -1 18 21 20 11 -2 22 -12 -7 16 -9 -17 27 -20 -10 23 -6 -4 -11 -5 -27 -3
right_child=2 7 8 25 12 14 -8 15 9 24 13 -13 -14 -15 -16 17 -18 -19 19 -21 -22 -23 -24 -25 -26 26 -28 -29
leaf_value=-0.0016722282305372462 0.002940987723891206 -0.05237218156286997 0.047488348495395447 0.054852812633785025 0.050783127395672069 -0.020654369280307006 -0.028966884560432327 -0.030437801597805288 -0.047108645338215904 -0.0078737018311829162 -0.0056131014430443084 0.031303265838789028 -0.0063194702480344244 0.030702768925474296 0.01567170961858606 -0.043359576812341316 0.015179953204246989 0.014975490609530316 -0.027935822633728263 -0.0033573817921425638 -0.0022758244561710216 -0.0097543786464200592 0.0097305983398114082 0.0043955054248071791 0.026922516398638015 0.015717082682128042 0.048381182526300158 -0.017582351457386677
leaf_weight=294.44036734849215 80.323674760758877 22.19773101806641 10.29989241063595 33.363154299557209 27.161883972585201 18.066557832062244 81.610327526926994 15.654626280069349 37.303448274731636 9.9331430047750473 96.708438247442245 140.23910644650459 15.657476611435412 20.220710769295692 118.93684783577919 22.605786740779877 55.370130032300949 9.4049885720014554 153.76877626031637 35.519871644675732 8.4719365388154966 12.122012659907339 10.151286646723745 10.307037279009817 13.282139644026756 14.106153085827829 6.2282778993248931 4.892970159649848
leaf_count=1439 384 177 46 209 137 108 394 95 168 46 442 753 74 94 552 112 251 45 739 174 42 58 48 46 63 91 40 37
internal_value=-1.5511e-05 -0.00723183 0.0129042 0.0189574 5.41587e-05 -0.00280907 -0.00774406 -0.0200942 -0.0101952 -0.0220858 0.0142355 0.0211386 0.0270614 0.000993675 0.0105812 -0.00526101 0.00443011 -0.0260535 -0.0269988 -0.0234593 -0.0394631 0.01441 0.0409321 0.0286725 0.012194 0.0468782 0.0296061 -0.0480732
internal_weight=1378.35 885.44 492.909 391.19 566.025 513.054 376.051 319.415 101.72 68.9907 337.492 220.563 52.9706 116.929 137.003 103.036 71.0248 32.0108 216.379 189.289 45.7754 32.7289 37.3132 20.6069 23.2153 53.6976 20.3344 27.0907
internal_count=6864 4382 2482 2013 2752 2493 1833 1630 469 319 1673 1137 259 536 660 503 346 157 1127 913 210 150 185 92 109 340 131 214
is_linear=0
shrinkage=0.05


Tree=37
num_leaves=17
num_cat=0
split_feature=3 10 25 24 1 25 3 9 0 1 10 24 10 16 1 24
split_gain=65.3642 32.4113 31.811 27.6501 26.6612 22.6416 18.4402 16.2235 11.6701 9.54689 9.3979 6.44118 5.45263 3.33157 1.14698 1.74107
threshold=3.5000000000000004 16.500000000000004 1.0000000180025095e-35 27.500000000000004 1.5000000000000002 1.0000000180025095e-35 4.5000000000000009 0.093850000000000003 7521.9650000000011 1.5000000000000002 1.0000000180025095e-35 13.500000000000002 72.500000000000014 6.5000000000000009 2.5000000000000004 33.500000000000007
decision_type=2 2 2 2 2 2 2 2 2 2 2 2 2 2 2 2
left_child=1 13 -3 4 -4 -2 8 -5 11 -8 -10 -7 -11 14 -1 -16
right_child=5 2 3 7 -6 6 9 -9 10 12 -12 -13 -14 -15 15 -17
leaf_value=-0.014131775891069467 -0.054703113250629834 -0.056127420369368325 0.031478377078054225 0.023579607641747422 -0.0099433571661491707 -0.00010691198373112617 0.042455064555085263 -0.0073306433550991675 -0.010418013775570965 -0.038975309200667572 0.034601031909578979 0.02355382149681836 -0.0018982720378910853 0 -0.047954580422856247 -0.012314657874768133
leaf_weight=6.7089441344141951 8.806239500641821 26.828412383794785 39.319229498505592 132.62645556777716 641.25455978512764 58.866233743727207 8.8105709999799711 60.238418057560921 11.14291115105152 9.8273289948701841 183.79057694971561 52.70116151869297 67.399652928113937 5.272234506905078 51.935302644968033 6.2687981352210036
leaf_count=42 50 198 196 591 2860 275 53 269 51 57 1178 266 293 28 413 44
internal_value=-9.73916e-06 -0.00703585 -0.00442809 -0.00270408 -0.0074504 0.0169053 0.0188062 0.0138978 0.0245171 -0.00151924 0.0318972 0.0111996 -0.00760742 -0.0392976 -0.0423138 -0.0448187
internal_weight=1371.8 970.452 900.267 873.439 680.574 401.345 392.538 192.865 306.501 86.0376 194.933 111.567 77.227 70.1853 64.913 58.2041
internal_count=6864 4641 4114 3916 3056 2223 2173 860 1770 403 1229 541 350 527 499 457
is_linear=0
shrinkage=0.05


Tree=38
num_leaves=27
num_cat=0
split_feature=15 1 23 15 12 16 10 2 17 2 0 2 0 24 23 18 9 24 18 24 11 2 17 18 9 18
split_gain=45.96 29.7937 25.6466 18.8826 16.1234 15.7688 11.4036 11.2599 11.2126 11.194 10.7766 14.7979 10.1351 9.3694 9.25218 8.58304 8.5384 8.3856 9.44184 5.1439 5.36683 4.9376 1.42743 1.46417 0.896113 0.159071
threshold=1.0000000180025095e-35 10.500000000000002 2.5000000000000004 6.5000000000000009 1.0000000180025095e-35 4.5000000000000009 48.500000000000007 23.500000000000004 102730.06500000002 5.5000000000000009 24266.510000000006 22.500000000000004 4532.630000000001 15.500000000000002 2.5000000000000004 15642.960000000001 0.03475000000000001 34.500000000000007 90416.375000000015 15.500000000000002 624.50000000000011 24.500000000000004 78061.185000000012 255190.26000000004 0.085150000000000017 95971.540000000023
decision_type=2 2 2 2 2 2 2 2 2 2 2 2 2 2 2 2 2 2 2 2 2 2 2 2 2 2
left_child=1 4 3 7 5 9 24 16 17 -1 13 -12 -9 -8 -7 21 -2 18 -4 -10 -21 -6 -5 -24 -3 -17
right_child=2 6 8 22 15 14 10 12 19 -11 11 -13 -14 -15 -16 25 -18 -19 -20 20 -22 -23 23 -25 -26 -27
leaf_value=-0.017012216819482048 0.013685033178507484 -0.048906448843456997 -0.022416244352751264 0.053778338862452646 -0.01634133270891077 0.042854946420394224 -0.030072402452743105 0.00015539637779858305 -0.051612814853300375 0.0040848515769026242 -0.015655029556735752 0.02911021001724369 0.040478693995066289 -0.007765179874275845 -0.0035796011213098827 -0.02410449780698215 -0.006838953445690083 0.037400458339210692 0.029985616984053755 0.010892324429811201 -0.027061772399656653 0.018040772099842593 0.014801493352438197 0.047440995566976035 -0.015501836921768333 -0.050240978731759603
leaf_weight=74.140416383743286 187.67819148302078 30.696381919085979 25.352971151471138 32.115154303610325 42.493202038109303 35.17242431640625 121.75416017323732 21.793562784790993 12.917709171772001 358.33468765765429 48.532318837940693 27.072960689663887 57.630706250667572 81.159867621958256 14.133059188723562 9.2441137656569499 67.019785709679127 13.684261552989481 10.498561725020407 12.079472243785856 26.374860033392906 11.604599669575689 13.879456095397474 6.0143611729145041 5.6899492368102065 16.096833579242229
leaf_count=338 895 255 116 209 253 176 593 100 64 1692 236 132 360 376 65 63 318 65 50 56 118 64 91 40 38 101
internal_value=-1.86884e-05 -0.00686734 0.0122585 0.0181153 3.54954e-05 0.00351785 -0.0191236 0.0135403 -0.00997238 0.000383443 -0.0154075 0.000582886 0.0298126 -0.0213618 0.0297292 -0.0205293 0.0082343 0.00675695 -0.00603341 -0.0259398 -0.0149432 -0.00840747 0.0457314 0.0285582 -0.0450231 -0.0435331
internal_weight=1363.16 876.125 487.039 386.131 561.219 481.781 314.906 334.122 100.908 432.475 278.519 75.6053 79.4243 202.914 49.3055 79.4387 254.698 49.5358 35.8515 51.372 38.4543 54.0978 52.009 19.8938 36.3863 25.3409
internal_count=6864 4382 2482 2013 2752 2271 1630 1673 469 2030 1337 368 460 969 241 481 1213 231 166 238 174 317 340 131 293 164
is_linear=0
shrinkage=0.05


Tree=39
num_leaves=16
num_cat=0
split_feature=3 25 10 3 1 25 3 24 17 1 23 6 24 16 1
split_gain=58.9255 30.2006 29.1556 26.1482 26.2138 20.7935 16.7229 16.6673 10.214 8.80891 6.23364 6.00048 5.17243 3.00295 1.32316
threshold=3.5000000000000004 1.0000000180025095e-35 16.500000000000004 1.5000000000000002 1.5000000000000002 1.0000000180025095e-35 4.5000000000000009 11.500000000000002 359.44500000000011 1.5000000000000002 1.5000000000000002 4.5000000000000009 6.5000000000000009 6.5000000000000009 2.5000000000000004
decision_type=2 2 2 2 2 2 2 2 2 2 2 2 2 2 2
left_child=1 -1 13 4 -4 -2 8 -5 11 -8 -10 -7 -11 14 -3
right_child=5 2 3 7 -6 6 9 -9 10 12 -12 -13 -14 -15 -16
leaf_value=-0.05548113491676069 -0.053413196254257292 -0.01115470035828473 0.050029339207330339 -0.018527993850792544 0.0037336840360678112 -0.015368661953278946 0.041395641620638635 -0.0010894196032171014 0.03820320360962514 -0.025855369640819997 0.019436258246599045 0.015633631913068106 0.0013804928750575786 0 -0.042909751679931246
leaf_weight=28.777490690350533 8.5013905614614469 6.228958658874034 32.425779052078724 254.37301883101463 284.2191648632288 17.165861025452614 8.5497691631317121 297.69273319840431 109.95537620782852 23.341914437711239 91.647339425981045 82.023341462016106 53.297500565648079 5.2095182240009299 52.720153860747814
leaf_count=230 50 39 180 1150 1264 83 53 1322 736 110 544 407 240 28 428
internal_value=-1.70625e-05 -0.00669989 -0.0050689 -0.00261352 0.00879019 0.0162004 0.0180268 -0.00918044 0.0235351 -0.00140123 0.0299957 0.00997178 -0.00723412 -0.0370797 -0.0401945
internal_weight=1356.13 961.647 932.869 868.711 316.645 394.482 385.981 552.066 300.792 85.1892 201.603 99.1892 76.6394 64.1586 58.9491
internal_count=6864 4641 4411 3916 1444 2223 2173 2472 1770 403 1280 490 350 495 467
is_linear=0
shrinkage=0.05


Tree=40
num_leaves=17
num_cat=0
split_feature=3 25 0 2 1 24 25 0 2 10 13 9 1 0 9 19
split_gain=53.7716 28.7283 28.6493 32.3525 27.5865 23.832 19.4046 16.3731 14.5324 12.4668 15.7565 10.9473 10.5173 9.4487 7.47909 3.26654
threshold=3.5000000000000004 1.0000000180025095e-35 191570.41500000004 24.500000000000004 1.5000000000000002 13.500000000000002 1.0000000180025095e-35 3974.5250000000005 16.500000000000004 1.0000000180025095e-35 1.0000000180025095e-35 0.012250000000000002 7.5000000000000009 1234.1650000000002 0.0082500000000000021 0.6836000000000001
decision_type=2 2 2 2 2 2 2 2 2 2 2 2 2 2 2 2
left_child=1 -1 4 15 8 -6 -2 11 -3 -9 -11 12 -8 -13 -5 -4
right_child=6 2 3 14 5 -7 7 9 -10 10 -12 13 -14 -15 -16 -17
leaf_value=-0.054864771786360782 -0.052430548822102768 0.047868618130294513 -0.022589530275893284 -0.015661585575339025 -0.012708774798627821 0.004593843315174333 0.023010645683842586 -0.017265196743984978 -0.01090185838783672 0.014225402180521252 0.040216328763694908 -0.042810233223949182 -0.012627954088165578 0.0069976625787913169 0.034519685196542846 -0.058123068587060706
leaf_weight=27.695647619664669 8.2710301950573903 38.149658694863319 12.76435951143503 11.169546507298948 408.23177785426378 383.90081708878279 61.995749071240425 15.163775727152823 13.03273122012615 122.15488083660603 119.10574371367693 18.929360285401344 28.661086738109589 16.032622523605824 15.187783777713774 47.314788796007633
leaf_count=230 50 207 83 63 1913 1752 304 78 60 764 738 84 130 75 72 261
internal_value=-2.03446e-05 -0.0064045 -0.00483556 -0.0319188 -0.00197885 -0.00432015 0.0155674 0.017331 0.0328685 0.0245342 0.0273229 0.00239457 0.0116062 -0.0205564 0.0132968 -0.0517057
internal_weight=1347.76 957.447 929.751 86.4365 843.315 792.133 390.314 382.043 51.1824 256.424 241.261 125.619 90.6568 34.962 26.3573 60.0791
internal_count=6864 4641 4411 479 3932 3665 2223 2173 267 1580 1502 593 434 159 135 344
is_linear=0
shrinkage=0.05


Tree=41
num_leaves=14
num_cat=0
split_feature=25 21 2 2 0 25 25 23 10 2 18 10 24
split_gain=48.5137 34.0327 25.723 30.737 20.9449 17.2753 18.8444 25.5767 16.8797 16.6145 8.81918 8.73127 6.90778
threshold=1.0000000180025095e-35 16368.500000000002 23.500000000000004 18.500000000000004 3852.1550000000002 18.500000000000004 1.5000000000000002 1.5000000000000002 31.500000000000004 25.500000000000004 5641.4800000000005 293.50000000000006 19.500000000000004
decision_type=2 2 2 2 2 2 2 2 2 2 2 2 2
left_child=-1 2 3 8 11 6 12 -8 -2 -6 -5 -4 -3
right_child=1 5 4 10 9 -7 7 -9 -10 -11 -12 -13 -14
leaf_value=-0.056741417200429051 -0.022278023518883208 -0.0028510921031087836 -0.033579860263164167 -0.043262431270010532 0.037752942040522985 0.050333538312931927 -0.0054139102566879184 -0.033090914012846202 0.010442661485716889 -0.034834236985423414 -0.01096382743456753 0.009957930718467135 0.019865236644054526
leaf_weight=34.690025642514229 40.912829779088497 90.427098549902439 14.858884140849112 32.838786870241165 133.02678694576025 10.140941984951494 218.31321958452463 135.25773601979017 476.68083348125219 6.7112131416797629 61.939814805984497 34.084587424993515 50.224254041910172
leaf_count=280 261 459 66 157 799 49 1067 669 2331 32 294 154 246
internal_value=-2.95702e-05 0.00155433 0.00795946 0.00293707 0.0240056 -0.00859011 -0.0100173 -0.0161564 0.00776124 0.0337539 -0.0229207 -0.00386293 0.00535522
internal_weight=1340.11 1305.42 801.054 612.372 188.681 504.363 494.222 353.571 517.594 139.738 94.7786 48.9435 140.651
internal_count=6864 6584 4094 3043 1051 2490 2441 1736 2592 831 451 220 705
is_linear=0
shrinkage=0.05


Tree=42
num_leaves=28
num_cat=0
split_feature=3 7 3 13 8 10 3 24 17 21 16 19 10 2 24 4 17 10 0 24 7 2 10 10 21 10 0
split_gain=48.2591 26.5243 28.0604 26.7252 28.1268 24.7571 14.9529 14.2725 13.5006 13.2065 11.0322 10.6886 10.2367 9.22307 9.21278 8.98985 8.1098 5.76428 5.6462 5.2201 5.75441 4.83459 4.20021 3.57712 2.93532 2.34822 1.27084
threshold=3.5000000000000004 4.5000000000000009 1.5000000000000002 1.0000000180025095e-35 0.22505000000000003 77.500000000000014 4.5000000000000009 21.500000000000004 359.44500000000011 31995.500000000004 4.5000000000000009 0.11035000000000002 126.50000000000001 9.5000000000000018 13.500000000000002 1.0000000180025095e-35 4255.7000000000016 72.500000000000014 133123.81000000003 6.5000000000000009 3.5000000000000004 15.500000000000002 729.50000000000011 385.50000000000006 30698.500000000004 212.50000000000003 4790.9950000000008
decision_type=2 2 2 2 2 2 2 2 2 2 2 2 2 2 2 2 2 2 2 2 2 2 2 2 2 2 2
left_child=1 3 9 15 16 -6 8 10 18 14 -4 23 -9 -11 -3 22 -5 -8 21 26 -21 -2 -1 -10 -13 -20 -19
right_child=6 2 7 4 5 -7 17 12 11 13 -12 24 -14 -15 -16 -17 -18 19 25 20 -22 -23 -24 -25 -26 -27 -28
leaf_value=-0.050420484338797533 -0.019640458446319425 0.0091934060531210574 -0.018919344950448377 -0.04064317848548659 -0.03845923352123029 0.018314733138209596 -0.035855530059894079 -0.024494189260943735 0.023090319101202426 -0.032102724586504781 0.0084713018332079962 0.038137912069165815 0.01268562386764454 0.0064197709527517473 0.033705756643700249 0.0013311987243054893 -0.010927805786197543 -0.027842355818757544 0.001120160126204729 -0.012877761139822155 0.02070572568162389 0.0065890439053168095 -0.02035615809984935 -0.002035871867752964 0.014884241718143979 0.035926893602629913 -0.003036964525899757
leaf_weight=68.231203176081181 23.098265811800957 80.024333529174328 229.91018269956112 53.020231619477272 21.522063493728638 102.23944684863091 9.8054715618491155 20.5953054651618 21.864671923220158 18.704077862203121 41.939561478793621 120.16466721147299 99.416241779923439 59.79649543017149 78.327737160027027 11.654900237917898 44.732508651912212 11.744022831320764 7.7146073877811459 16.851822353899479 37.429819770157337 56.196290299296379 20.118386931717396 32.579909533262253 20.947172403335571 15.558760598301886 10.762948796153067
leaf_count=323 104 392 1138 271 175 469 61 113 113 104 198 875 445 278 385 52 205 58 40 75 178 285 93 174 122 89 49
internal_value=-3.8696e-05 -0.00609536 -9.29687e-05 -0.0177287 -0.00784023 0.00790764 0.0148492 -0.00830823 0.0201368 0.0134127 -0.0146261 0.0277961 0.00592628 -0.00320418 0.0216498 -0.0389508 -0.0276371 -0.00328537 0.00518543 0.00155133 0.0100149 -0.00122374 -0.0442873 0.00833814 0.0350122 0.0257866 -0.0176042
internal_weight=1334.95 950.233 628.714 321.519 221.514 123.762 384.718 391.861 298.124 236.853 271.85 195.556 120.012 78.5006 158.352 100.004 97.7527 86.5941 102.568 76.7886 54.2816 79.2946 88.3496 54.4446 141.112 23.2734 22.507
internal_count=6864 4641 3053 1588 1120 644 2223 1894 1802 1159 1336 1284 558 382 777 468 476 421 518 360 253 389 416 287 997 129 107
is_linear=0
shrinkage=0.05


Tree=43
num_leaves=25
num_cat=0
split_feature=15 10 2 0 2 2 9 23 9 0 24 24 15 14 23 28 0 24 28 6 17 0 20 6
split_gain=35.4205 27.7903 25.4443 37.3017 30.4852 28.4221 22.3318 21.5956 10.373 9.56164 8.67391 6.5294 5.46313 7.03481 5.45344 5.4475 4.94705 4.22275 1.88297 1.74902 1.42738 3.60307 1.38886 0.0386312
threshold=2.5000000000000004 8.5000000000000018 24.500000000000004 3170.3500000000004 25.500000000000004 18.500000000000004 0.092250000000000013 2.5000000000000004 0.0082500000000000021 6329.6850000000004 17.500000000000004 41.500000000000007 10.500000000000002 0.50680000000000014 1.5000000000000002 2.5000000000000004 12976.250000000002 10.500000000000002 12.500000000000002 2.5000000000000004 73804.455000000016 5859.9700000000003 -0.31974999999999992 5.5000000000000009
decision_type=2 2 2 2 2 2 2 2 2 2 2 2 2 2 2 2 2 2 2 2 2 2 2 2
left_child=1 16 5 8 -5 6 -3 10 -4 -7 14 12 13 -9 15 -2 22 -16 19 -18 23 -22 -1 -12
right_child=7 2 3 4 -6 9 -8 11 -10 -11 20 -13 -14 -15 17 -17 18 -19 -20 -21 21 -23 -24 -25
leaf_value=-0.019532722302756836 -0.0089904710346375132 0.0028512567760444487 0.0012501488071680557 0.030854029665079736 -0.053728228278175187 -0.039980755661647861 -0.020498430315650188 0.0034221005281445064 -0.03710465675755005 -0.012809784556656873 0.02395786652886087 0.022430812659839344 0.01605091537743324 -0.039673636165816886 -0.020939296472120492 0.032634397873611491 -0.0089849158657809829 0.014932381400886353 -0.008310750391883193 -0.047440478772186621 -0.0015659035663057345 0.03764145731553456 0.0056529006856646975 0.051840587335248579
leaf_weight=10.258928716182711 8.1093963980674726 549.70848478376865 33.975420765578747 158.52411045134068 9.5344593971967679 65.721814833581448 123.66835944354534 14.016065292060373 33.316670261323452 70.20392245054245 6.9045362845063201 12.766018487513064 9.1158057227730733 23.302703604102135 12.439132526516916 45.108756333589554 5.0116644874215117 16.964566573500633 5.8670687526464453 42.65823470801115 7.0728534162044552 20.439119540154934 7.7616650164127341 34.803392365574837
leaf_count=69 44 2668 149 840 43 312 611 67 145 339 43 64 44 107 59 270 44 89 41 363 37 145 48 223
internal_value=-4.47219e-05 -0.00361205 -0.00150745 0.0128824 0.0254212 -0.00572589 -0.0014702 0.0186329 -0.0181181 -0.026409 0.0285293 -0.00668963 -0.0154977 -0.0238828 0.0167488 0.0260146 -0.0333243 -0.000291658 -0.0408195 -0.0441234 0.041585 0.0278 -0.00870446 0.048761
internal_weight=1327.25 1116.21 1044.65 235.351 168.059 809.303 673.377 211.042 67.2921 135.926 151.842 59.2006 46.4346 37.3188 82.6219 53.2182 71.5576 29.4037 53.537 47.6699 69.2199 27.512 18.0206 41.7079
internal_count=6864 5672 5107 1177 883 3930 3279 1192 294 651 910 282 218 174 462 314 565 148 448 407 448 182 117 266
is_linear=0
shrinkage=0.05


Tree=44
num_leaves=16
num_cat=0
split_feature=25 1 2 2 0 0 16 10 10 23 7 23 0 18 22
split_gain=44.8892 33.5948 18.9933 31.074 21.6921 19.5331 17.1407 16.758 15.1896 13.6865 10.0212 9.18126 6.59637 4.73347 4.25046
threshold=1.0000000180025095e-35 10.500000000000002 6.5000000000000009 1.5000000000000002 5859.9700000000003 177.50000000000003 8.5000000000000018 1.0000000180025095e-35 159.50000000000003 1.5000000000000002 4.5000000000000009 3.5000000000000004 52.710000000000008 78576.580000000016 5.5000000000000009
decision_type=2 2 2 2 2 2 2 2 2 2 2 2 2 2 2
left_child=-1 2 3 4 -2 12 8 -7 13 -10 -5 14 -4 -3 -8
right_child=1 6 5 10 -6 7 11 -9 9 -11 -12 -13 -14 -15 -16
leaf_value=-0.055988218640135007 0.045156960961358412 -0.041505244667593359 0.0032891203990575687 -0.037793716962282842 -0.029853284994857489 -0.0210662261655746 0.053059014160739819 0.014754267383313353 -0.00021812420404653251 -0.021673767807048647 -0.0076930427104639799 -0.020629157403165538 -0.038317711936842684 -0.013731537134075766 0.01220063957908848
leaf_weight=32.925400733947754 34.284311756491661 50.189402833580971 14.003315821290014 52.744709275662899 11.382727168500422 32.522972024977207 14.243697963654997 620.56577461212873 210.44102580845356 113.76712734252214 60.582793034613132 8.059009797871111 23.70318292081356 27.423446960747242 14.311128593981264
leaf_count=280 175 327 64 249 57 236 74 3178 1020 528 283 36 107 169 81
internal_value=-4.77308e-05 0.00145886 0.00726059 -0.00820827 0.0257824 0.0108488 -0.00974546 0.0128963 -0.0127671 -0.00786445 -0.0222016 0.0221002 -0.0232267 -0.0324089 0.0350478
internal_weight=1321.15 1288.22 849.79 158.995 45.667 690.795 438.435 653.089 401.821 324.208 113.328 36.6138 37.7065 77.6128 28.5548
internal_count=6864 6584 4349 764 232 3585 2235 3414 2044 1548 532 191 171 496 155
is_linear=0
shrinkage=0.05


Tree=45
num_leaves=27
num_cat=0
split_feature=3 10 24 1 9 1 2 23 21 15 2 4 1 29 16 9 23 16 3 1 9 14 1 24 24 10
split_gain=42.6084 22.4242 21.8138 19.6955 21.5299 15.8042 19.5012 13.1581 11.0127 8.5925 7.79455 5.78342 8.44213 5.41664 4.44362 4.21189 4.17703 3.01457 2.80102 2.52815 2.43754 1.95058 1.29154 2.04277 0.640874 0.450719
threshold=3.5000000000000004 16.500000000000004 27.500000000000004 1.5000000000000002 0.54950000000000021 10.500000000000002 23.500000000000004 3.5000000000000004 21584.000000000004 1.0000000180025095e-35 16.500000000000004 1.0000000180025095e-35 4.5000000000000009 5.5000000000000009 5.5000000000000009 0.0026500000000000004 2.5000000000000004 6.5000000000000009 5.5000000000000009 3.5000000000000004 0.051850000000000007 0.071850000000000011 2.5000000000000004 33.500000000000007 11.500000000000002 296.50000000000006
decision_type=2 2 2 2 2 2 2 2 2 2 2 2 2 2 2 2 2 2 2 2 2 2 2 2 2 2
left_child=1 17 3 10 -5 9 13 8 -4 11 -3 12 -2 14 -7 24 18 22 -11 -18 -9 -17 -1 -24 -8 -13
right_child=5 2 7 4 -6 6 15 20 -10 16 -12 25 -14 -15 -16 21 19 -19 -20 -21 -22 -23 23 -25 -26 -27
leaf_value=-0.0096875791828591878 0.0022747668101643723 0.039856031481394688 0.026603996743996796 -0.011246247764172171 0.053124051830349475 -0.030821112098840364 -0.0067692475619623984 -0.0059145428790038533 0.0010250232906308791 0.040195155860234977 -0.0080505342807786606 0.017267567285597044 0.030242082640212165 0.013825414824137981 0.0030024633818779194 0.0057799697817871691 -0.010183873635489863 0.00059447872974452453 0.005211696103572732 0.022340684438941709 -0.041280563788025984 0.040733866772705712 -0.044115910740145911 -0.0068552705194545108 0.011331941293853155 0.045255659629828193
leaf_weight=6.1561587229371062 109.75928775966167 27.046268045902252 97.31470463424921 636.04622273892164 11.259753875434397 46.525475814938545 8.4396961182355863 11.165007054805757 74.759670697152615 73.325991481542587 10.717431426048277 7.3881133198738125 34.365237571299076 9.3610705956816656 11.067118190228937 6.4933653622865704 7.6186779364943531 4.9790659248828879 7.6149821206927291 13.804503105580805 9.5036553144454938 22.363551989197731 44.361453447490931 5.5898559615015975 6.9429765567183486 12.083297349512575
leaf_count=42 592 150 458 2971 56 226 49 48 340 556 49 42 191 44 54 34 42 28 39 81 42 159 413 44 41 73
internal_value=-6.12179e-05 -0.00577107 -0.00368013 -0.00786809 -0.00995095 0.0140822 -0.00165309 0.0110818 0.0156878 0.0206614 0.0262875 0.0131854 0.00933441 -0.0185531 -0.0242711 0.0234039 0.0320319 -0.0345902 0.0372295 0.0104652 -0.0248247 0.0340771 -0.0377976 -0.0405631 0.00118925 0.0376994
internal_weight=1316.05 938.899 877.813 685.07 647.306 377.153 111.193 192.743 172.074 265.96 37.7637 163.596 144.125 66.9537 57.5926 44.2396 102.364 61.0865 80.941 21.4232 20.6687 28.8569 56.1075 49.9513 15.3827 19.4714
internal_count=6864 4641 4114 3226 3027 2223 607 888 798 1616 199 898 783 324 280 283 718 527 595 123 90 193 499 457 90 115
is_linear=0
shrinkage=0.05


Tree=46
num_leaves=15
num_cat=0
split_feature=25 23 16 24 25 19 10 25 18 18 8 17 21 1
split_gain=41.9597 31.9991 59.2348 28.524 22.4472 15.9786 15.8761 15.305 9.96122 9.8292 7.64107 6.14232 2.84048 1.66474
threshold=1.0000000180025095e-35 1.5000000000000002 1.5000000000000002 5.5000000000000009 17.500000000000004 0.15060000000000004 8.5000000000000018 5.5000000000000009 152833.05500000002 5025.3350000000009 0.052950000000000004 2752.6450000000004 1220.0000000000002 8.5000000000000018
decision_type=2 2 2 2 2 2 2 2 2 2 2 2 2 2
left_child=-1 2 6 12 5 -5 13 10 -6 -8 -4 -9 -3 -2
right_child=1 3 7 4 8 -7 9 11 -10 -11 -12 -13 -14 -15
leaf_value=-0.055335195780009519 -0.021158046015598918 -0.020707383154939071 0.023351056451867674 -0.0175219020286034 0.050958148409828645 0.0020683809161827823 -0.0064990196681927563 0.0145137144544097 -0.0086019244198745522 0.0078221267909583496 0 0.045837487658471281 -0.053270720456014636 -0.049579884463274805
leaf_weight=31.443263527005911 19.360099866986275 14.399330526590346 106.60372130572796 205.82982436567545 22.904978238046173 206.15226095914841 263.53970624506474 22.818521685898304 8.684601426124571 216.31025004386902 52.173397377133369 92.966662310063839 32.733659461140633 13.14796397089958
leaf_count=280 154 70 564 966 128 1090 1254 121 46 1046 257 585 167 136
internal_value=-4.00395e-05 0.00139736 0.00764564 -0.00859279 -0.0045421 -0.0077323 -0.00239341 0.0262974 0.034749 -1.68046e-05 0.015796 0.0401005 -0.0447739 -0.0351504
internal_weight=1309.07 1277.62 786.92 490.705 443.572 411.982 512.358 274.562 31.5896 479.85 158.777 115.785 47.133 32.5081
internal_count=6864 6584 4117 2467 2230 2056 2590 1527 174 2300 821 706 237 290
is_linear=0
shrinkage=0.05


Tree=47
num_leaves=17
num_cat=0
split_feature=25 3 7 9 1 9 8 1 2 3 1 10 4 29 20 25
split_gain=39.5694 38.7034 21.6134 30.711 28.9958 26.6435 25.8177 13.0198 16.3699 7.71537 9.49221 6.57865 6.44701 5.76059 5.27644 3.55441
threshold=1.0000000180025095e-35 3.5000000000000004 4.5000000000000009 0.40335000000000004 1.5000000000000002 0.092250000000000013 0.21220000000000003 10.500000000000002 23.500000000000004 4.5000000000000009 3.5000000000000004 786.50000000000011 1.0000000180025095e-35 5.5000000000000009 -0.52569999999999995 7.5000000000000009
decision_type=2 2 2 2 2 2 2 2 2 2 2 2 2 2 2 2
left_child=-1 2 5 4 -4 6 -2 9 13 10 -3 -11 -7 -9 -10 -5
right_child=1 7 3 15 -6 12 -8 8 14 11 -12 -13 -14 -15 -16 -17
leaf_value=-0.054761982908578401 -0.025161111571500562 0.010374134891214654 0.037970120879095202 0.020342629050791296 -0.0043503099753274457 -0.040050898122972745 0.010537510135020287 -0.021648844805499019 -0.010349704486414965 -0.0046096239458775657 0.033503734143890164 0.036393910148205068 0 0.018659392054007722 0.031685461081905918 0.066678191907552933
leaf_weight=30.235330786556005 84.988816373050213 72.291812986135483 41.758420087397099 9.390811353921892 535.20593102276325 90.108548410236835 119.00988613069057 54.942291036248207 7.907596379518508 44.298017852008343 131.37184607982635 10.3567673638463 11.500808134675024 8.6438670307397825 34.921261742711067 16.264026485383511
leaf_count=280 406 474 235 44 2551 427 611 263 48 212 855 50 53 40 231 84
internal_value=-4.53334e-05 0.00133032 -0.00418858 0.00129674 -0.00114947 -0.0149755 -0.0043864 0.0150482 0.00021399 0.0210721 0.0255231 0.00399427 -0.0356435 -0.015615 0.0235858 0.0527767
internal_weight=1303.2 1272.96 908.227 602.619 576.964 305.608 203.999 364.733 106.415 258.318 203.664 54.6548 101.609 63.5862 42.8289 25.6548
internal_count=6864 6584 4411 2914 2786 1497 1017 2173 582 1591 1329 262 480 303 279 128
is_linear=0
shrinkage=0.05


Tree=48
num_leaves=17
num_cat=0
split_feature=25 3 0 2 23 16 25 0 17 2 13 10 7 29 7 9
split_gain=37.3549 35.3231 26.0458 27.2388 22.5438 41.3152 15.3113 12.9422 11.183 9.98426 9.73653 9.54404 7.60734 6.6992 6.6729 5.93534
threshold=1.0000000180025095e-35 3.5000000000000004 191570.41500000004 24.500000000000004 1.5000000000000002 1.5000000000000002 14.500000000000002 3974.5250000000005 293931.27000000008 5.5000000000000009 1.0000000180025095e-35 1.0000000180025095e-35 3.5000000000000004 2.5000000000000004 4.5000000000000009 0.0082500000000000021
decision_type=2 2 2 2 2 2 2 2 2 2 2 2 2 2 2 2
left_child=-1 2 4 8 5 -2 -6 10 -4 13 12 -11 -3 -9 -12 -5
right_child=1 7 3 15 6 -7 -8 9 -10 11 14 -13 -14 -15 -16 -17
leaf_value=-0.054209619817614831 -0.0049273241141699732 -0.026831740812060023 -0.058400418767825535 -0.014538121466303519 -0.014776001281130258 0.025188482306510419 0.025080158979716962 0.02036194317797068 0.0017634976069670954 -0.014002804376267747 -0.0010919195137106365 0.02711148831656874 0.017522382417318311 -0.031473232757075843 -0.04050661609799202 0.030861158195235668
leaf_weight=29.066256213933229 332.47805588692427 9.215123772621153 47.996197827160358 10.738453492522241 296.34455911815166 170.55073576420546 24.24133463203907 8.7293917238712329 8.620192699134348 13.627515166997908 27.273976661264896 204.16768450289965 69.015817068517208 12.872457958757876 16.450676836073399 14.637961387634276
leaf_count=280 1603 43 300 63 1397 822 110 40 44 72 127 1409 348 59 75 72
internal_value=-3.36693e-05 0.00128482 -0.00398277 -0.0305121 -0.00126208 0.00532288 -0.0115944 0.014463 -0.0493219 0.0211729 0.00108189 0.0243894 0.0116345 -0.0101523 -0.0172629 0.0116258
internal_weight=1296.03 1266.96 905.607 81.9928 823.615 503.029 320.586 361.353 56.6164 239.397 121.956 217.795 78.2309 21.6018 43.7247 25.3764
internal_count=6864 6584 4411 479 3932 2425 1507 2173 344 1580 593 1481 391 99 202 135
is_linear=0
shrinkage=0.05


Tree=49
num_leaves=17
num_cat=0
split_feature=25 3 0 2 23 16 24 0 17 2 25 10 13 29 9 15
split_gain=35.2524 32.0921 24.0215 25.3335 20.4016 37.5348 17.2547 11.9806 10.5906 9.19604 8.94169 8.82106 8.20554 6.13808 5.46191 1.13971
threshold=1.0000000180025095e-35 3.5000000000000004 191570.41500000004 24.500000000000004 1.5000000000000002 1.5000000000000002 7.5000000000000009 3974.5250000000005 293931.27000000008 5.5000000000000009 8.5000000000000018 1.0000000180025095e-35 1.0000000180025095e-35 2.5000000000000004 0.0082500000000000021 1.0000000180025095e-35
decision_type=2 2 2 2 2 2 2 2 2 2 2 2 2 2 2 2
left_child=-1 2 4 8 5 -2 -6 10 -4 13 12 -11 -3 -9 -5 -12
right_child=1 7 3 14 6 -7 -8 9 -10 11 15 -13 -14 -15 -16 -17
leaf_value=-0.053676206685371181 -0.0046886499441260053 0.0062329475973673283 -0.056926820826882107 -0.013946376096451191 -0.037063237113481487 0.024070826817870358 -0.0057857101035466464 0.019556877448775774 0.0016913986683481997 -0.013391439388731101 0.01126669701812302 0.026140173307745776 -0.02203779199448469 -0.030037311275554781 0.029655276980336199 0.042328679224686985
leaf_weight=27.935880172997713 332.04576942324638 63.869657687842846 46.857579566538334 10.71972815692425 51.362967297434807 169.66222000867128 268.34440100193024 8.7169521600008029 8.623432055115698 13.62845431268215 7.8824897781014469 201.31474900990725 39.886186070740223 12.908086121082304 14.554996222257612 10.099864915013312
leaf_count=280 1603 306 300 63 258 822 1249 40 44 72 40 1409 180 59 72 67
internal_value=-4.22815e-05 0.00122163 -0.00380006 -0.0294818 -0.00119759 0.00507403 -0.0110409 0.0138443 -0.0479 0.0203597 0.00097785 0.0234872 -0.00475167 -0.00965961 0.0111293 0.0317037
internal_weight=1288.41 1260.48 902.171 80.7557 821.415 501.708 319.707 358.306 55.481 236.568 121.738 214.943 103.756 21.625 25.2747 17.9824
internal_count=6864 6584 4411 479 3932 2425 1507 2173 344 1580 593 1481 486 99 135 107
is_linear=0
shrinkage=0.05


Tree=50
num_leaves=25
num_cat=0
split_feature=3 0 2 1 24 0 9 1 2 2 17 15 1 4 1 0 20 19 23 29 8 3 9 8
split_gain=29.2019 21.9302 23.7571 20.0771 19.3421 19.7802 14.2624 13.0284 15.5258 12.7908 10.2173 7.85024 5.37156 5.3043 7.44455 5.15345 4.9775 4.77541 5.12197 4.68388 4.57505 3.77562 1.8851 0.701037
threshold=3.5000000000000004 191570.41500000004 23.500000000000004 1.5000000000000002 13.500000000000002 17804.705000000005 0.084200000000000011 10.500000000000002 23.500000000000004 16.500000000000004 293931.27000000008 1.0000000180025095e-35 3.5000000000000004 1.0000000180025095e-35 4.5000000000000009 2224.0100000000007 -0.52569999999999995 0.12375000000000001 2.5000000000000004 5.5000000000000009 0.28435000000000005 4.5000000000000009 0.0026500000000000004 0.30780000000000002
decision_type=2 2 2 2 2 2 2 2 2 2 2 2 2 2 2 2 2 2 2 2 2 2 2 2
left_child=1 3 10 9 5 -5 -6 11 19 15 -3 13 -4 14 -2 -1 -10 18 -13 20 -9 -19 -18 -15
right_child=7 2 12 4 6 -7 -8 8 16 -11 -12 17 -14 23 -16 -17 22 21 -20 -21 -22 -23 -24 -25
leaf_value=0.052536444651911852 0.00056965812032874416 -0.055902130585345759 0.030319523930958381 -0.018886176928108647 0.010068417432477673 0.0051690037641772034 -0.010951444033155216 -0.029935357867674289 -0.01198196954642824 -0.011905840733914907 0.0016222636367266942 0.023281489285957042 -0.012018847328786398 0.015419917235022182 0.027298159024724229 0.0035526104495892858 0.0092636783814962174 0.042125970879034441 -0.019296445107251148 0.012775498154233407 0.0037991788734048036 0.006867916123612346 0.037122753886257673 0.044282879498189209
leaf_weight=27.983627513051033 106.95786767452955 47.202491022646427 13.052438579499722 288.66358701884747 267.7720390111208 119.19736230373383 112.92802298814058 44.944469269365072 7.9020890519022933 13.255528621375559 8.6265318393707258 22.950668729841713 12.890092618763447 8.0058538094162959 32.830131933093071 7.4575714766979209 11.840625032782553 54.748360738158226 7.8863053619861594 9.168528810143469 11.61440212279558 10.584756642580031 22.041381053626537 10.377620406448839
leaf_count=168 592 325 66 1420 1279 623 539 219 49 63 44 145 74 49 191 40 73 482 39 44 61 52 161 66
internal_value=-4.72417e-05 -0.00479264 -0.0291968 -0.00233337 -0.00429506 -0.0118407 0.00378247 0.0119377 -0.00254623 0.0281518 -0.047092 0.0180712 0.00957039 0.0108963 0.00721406 0.0432367 0.0206022 0.0293076 0.0115759 -0.0175836 -0.022944 0.0369359 0.0287246 0.0349502
internal_weight=1280.88 919.029 81.7716 837.258 788.561 407.861 380.7 361.853 107.511 48.6967 55.829 254.342 25.9425 158.171 139.788 35.4412 41.7841 96.1701 30.837 65.7274 56.5589 65.3331 33.882 18.3835
internal_count=6864 4641 509 4132 3861 2043 1818 2223 607 271 369 1616 140 898 783 208 283 718 184 324 280 534 234 115
is_linear=0
shrinkage=0.05


Tree=51
num_leaves=17
num_cat=0
split_feature=25 25 23 16 23 24 25 10 18 16 1 25 17 29 21 24
split_gain=33.0587 25.5642 26.8841 31.641 25.9118 19.2221 15.6031 12.779 10.5005 9.7918 8.86249 7.85581 8.53105 4.03485 2.9406 2.2878
threshold=1.0000000180025095e-35 10.500000000000002 1.5000000000000002 1.5000000000000002 2.5000000000000004 5.5000000000000009 1.5000000000000002 8.5000000000000018 3474.3250000000003 2.5000000000000004 10.500000000000002 15.500000000000002 78061.185000000012 1.5000000000000002 1220.0000000000002 25.500000000000004
decision_type=2 2 2 2 2 2 2 2 2 2 2 2 2 2 2 2
left_child=-1 2 3 7 9 14 -7 -2 -5 10 -3 13 -13 -6 -4 -11
right_child=1 4 5 8 11 6 -8 -9 -10 15 -12 12 -14 -15 -16 -17
leaf_value=-0.053117581241040802 -0.033313065785410531 0.02922640521717941 -0.018005633320503697 -0.00029424330837448358 -0.043802794090552259 0.020237157228490715 -0.011934000034433857 -0.00074286138846436716 0.025367962118900491 0.032918445989172609 -0.027481287105465227 0.048853375982839425 -0.011549646499141577 -0.0071766293671628725 -0.050757911320092108 0.056111658950230639
leaf_weight=26.673565912991762 30.304002147167921 15.092900097370148 13.908937387168406 50.386374674737453 11.906559839844702 41.110982663929462 295.65100739151239 458.46180396527052 175.17422866076231 43.797176487743855 9.5026496350765228 8.3908706456422824 11.58351147174835 20.321320235729218 31.385613657534122 31.053330793976784
leaf_count=280 285 79 70 247 57 213 1492 2235 1008 274 47 45 55 98 167 212
internal_value=-2.80303e-05 0.0011818 -0.00148384 0.00423121 0.0202873 -0.0121616 -0.00788082 -0.00291016 0.0196393 0.0350502 0.00652201 -0.0079073 0.0155064 -0.0227691 -0.0420986 0.0438806
internal_weight=1274.7 1248.03 1096.38 714.326 151.648 382.057 336.762 488.766 225.561 99.4461 24.5955 52.2023 19.9744 32.2279 45.2946 74.8505
internal_count=6864 6584 5717 3775 867 1942 1705 2520 1255 612 126 255 100 155 237 486
is_linear=0
shrinkage=0.05


Tree=52
num_leaves=16
num_cat=0
split_feature=25 1 2 2 2 0 10 2 25 23 1 10 18 23 14
split_gain=31.2261 24.9101 16.0662 29.4597 20.5068 18.5014 13.2972 12.0771 10.5836 10.3026 7.65381 5.64596 3.57188 5.33098 2.63877
threshold=1.0000000180025095e-35 10.500000000000002 24.500000000000004 18.500000000000004 6.5000000000000009 4386.7150000000011 159.50000000000003 25.500000000000004 14.500000000000002 1.5000000000000002 6.5000000000000009 1.0000000180025095e-35 77024.505000000019 1.5000000000000002 0.33095000000000002
decision_type=2 2 2 2 2 2 2 2 2 2 2 2 2 2 2
left_child=-1 2 3 4 -2 7 12 -4 9 -8 -5 -7 14 -14 -3
right_child=1 6 5 10 -6 11 8 -9 -10 -11 -12 -13 13 -15 -16
leaf_value=-0.052617753489454591 -0.0081666358285704208 -0.039613047485701269 -0.019228209684606458 -0.027182912758876299 0.013282106176049278 -0.011472988838075893 0.00047015598730648569 0.034077316701380693 0.036772833566133242 -0.017616978002903277 0.012313403521912659 0.032214464357206686 0.014341433878438285 -0.027270423572022709 -0.0034038801739009286
leaf_weight=25.626145426183939 153.92522446066141 42.750135026872158 39.096384599804878 88.351694129407406 387.50274128094316 6.565386399626731 211.1837907359004 12.299463294446467 12.934590324759482 122.47155199199915 12.638446360826491 118.98334842920303 10.721532709896566 17.574936430901289 6.8107362240552893
leaf_count=280 764 304 173 431 2098 48 1054 59 74 586 68 708 70 111 36
internal_value=-3.19272e-05 0.0011262 0.00622195 0.00250499 0.00715832 0.0194821 -0.00867035 -0.00548587 -0.00437017 -0.00620453 -0.0219999 0.0297074 -0.027099 -0.0112677 -0.0351561
internal_weight=1269.44 1243.81 819.363 642.418 541.428 176.945 424.447 51.3958 346.59 333.655 100.99 125.549 77.8573 28.2965 49.5609
internal_count=6864 6584 4349 3361 2862 988 2235 232 1714 1640 499 756 521 181 340
is_linear=0
shrinkage=0.05


Tree=53
num_leaves=16
num_cat=0
split_feature=25 3 0 2 3 1 10 3 17 14 1 21 28 1 14
split_gain=29.5038 26.2777 20.6414 21.4108 18.7891 19.0406 11.8625 11.1015 9.55497 8.04027 5.77451 5.2398 5.051 4.90728 3.09526
threshold=1.0000000180025095e-35 3.5000000000000004 191570.41500000004 23.500000000000004 1.5000000000000002 1.5000000000000002 80.500000000000014 4.5000000000000009 293931.27000000008 0.24410000000000001 2.5000000000000004 403309.50000000006 3.5000000000000004 3.5000000000000004 0.41740000000000005
decision_type=2 2 2 2 2 2 2 2 2 2 2 2 2 2 2
left_child=-1 2 4 8 5 -2 -6 9 -4 11 -9 -3 -11 -5 -12
right_child=1 7 3 13 6 -7 -8 10 -10 12 14 -13 -14 -15 -16
leaf_value=-0.052131878113417074 0.045559354411806793 0.013738891281223894 -0.054615594628954302 0.029533922752884502 -0.029373399406213183 0.004492698162052962 -0.0042281641366502297 0.024546988138659995 0.0014354190548951664 0 -0.013483639100555146 -0.018033484656257221 0.035200246945852158 -0.011365949195203055 0.01566325021642968
leaf_weight=24.615980215370655 29.84029595553875 172.24922021478415 43.770448483526707 12.548031285405159 50.525581017136574 263.12715668231249 469.69072287529707 13.241119280457495 8.5834833122789842 11.471140988171099 60.060755737125874 12.057511284947394 71.857658784836531 12.749352365732193 8.6536523774266225
leaf_count=280 188 1017 297 64 349 1239 2156 79 44 87 279 61 605 74 45
internal_value=-3.66562e-05 0.00107137 -0.0034811 -0.0277782 -0.00108623 0.00899001 -0.00679267 0.0126543 -0.0455273 0.0175606 -0.0032852 0.0114354 0.0304056 0.00923239 -0.00933238
internal_weight=1265.04 1240.43 890.835 77.6513 813.184 292.967 520.216 349.591 52.3539 267.636 81.9555 184.307 83.3288 25.2974 68.7144
internal_count=6864 6584 4411 479 3932 1427 2505 2173 341 1770 403 1078 692 138 324
is_linear=0
shrinkage=0.05


Tree=54
num_leaves=16
num_cat=0
split_feature=25 3 7 9 9 8 1 3 25 1 4 1 25 23 14
split_gain=27.8923 23.9715 17.9141 26.8654 24.3158 24.1119 22.6433 10.1181 7.98747 6.84235 5.62386 5.29171 3.24414 3.22304 2.50179
threshold=1.0000000180025095e-35 3.5000000000000004 4.5000000000000009 0.40335000000000004 0.092250000000000013 0.19560000000000002 3.5000000000000004 4.5000000000000009 8.5000000000000018 10.500000000000002 1.0000000180025095e-35 2.5000000000000004 7.5000000000000009 1.5000000000000002 0.071850000000000011
decision_type=2 2 2 2 2 2 2 2 2 2 2 2 2 2 2
left_child=-1 2 4 6 5 -2 -4 8 9 -3 -6 -9 -5 -13 -10
right_child=1 7 3 12 10 -7 -8 11 14 -11 -12 13 -14 -15 -16
leaf_value=-0.051658594969918752 -0.024682306916898454 0.018294665138520967 0.013271133340035809 0.01936413807723205 -0.037510339554881061 0.010624380174523558 -0.0077654181802884921 0.02364886299319717 0.0013015276385150594 -0.00086427291620214727 0 0 0.064361440011638557 -0.021594172847328258 0.040852052793823861
leaf_weight=23.642430603504181 76.992745518684387 158.66917335242033 192.05870877951384 9.1948598921298998 87.410402704030275 122.45770163834095 373.09631165117025 13.135478548705576 5.1889530271291724 64.020195178687572 11.365564718842505 41.302625797688961 15.535275511443613 27.207732424139977 37.193715948611498
leaf_count=280 377 1043 951 44 427 640 1835 79 31 358 53 196 84 128 338
internal_value=-3.59757e-05 0.00102626 -0.00332004 0.00171988 -0.0132673 -0.00306496 -0.000577268 0.0121431 0.01686 0.0127836 -0.033299 -0.00308822 0.0507059 -0.00888173 0.036512
internal_weight=1258.47 1234.83 888.112 589.885 298.226 199.45 565.155 346.718 265.072 222.689 98.776 81.6458 24.7301 68.5104 42.3827
internal_count=6864 6584 4411 2914 1497 1017 2786 2173 1770 1401 480 403 128 324 369
is_linear=0
shrinkage=0.05


Tree=55
num_leaves=26
num_cat=0
split_feature=21 23 16 2 2 24 3 23 20 11 9 7 9 20 2 3 3 11 7 22 17 22 23 15 27
split_gain=23.4059 16.1891 25.2113 14.7091 15.2749 14.2316 12.2486 10.8191 7.16445 6.97943 6.85881 9.93285 8.62318 7.68695 7.87907 5.89945 5.68768 5.2584 5.19453 3.91511 3.7959 3.05309 2.26965 2.22037 1.92942
threshold=16368.500000000002 3.5000000000000004 8.5000000000000018 23.500000000000004 18.500000000000004 19.500000000000004 1.0000000180025095e-35 1.5000000000000002 1.1997000000000002 1984.5000000000002 0.077650000000000011 3.5000000000000004 0.42330000000000007 -0.17109999999999997 5.5000000000000009 3.5000000000000004 3.5000000000000004 1670.5000000000002 1.5000000000000002 2.5000000000000004 121278.49500000001 5.5000000000000009 1.5000000000000002 5.5000000000000009 4.5000000000000009
decision_type=2 2 2 2 2 2 2 2 2 2 2 2 2 2 2 2 2 2 2 2 2 2 2 2 2
left_child=1 2 3 4 -1 7 -5 9 20 15 13 22 -13 14 -7 -2 -15 19 -4 -3 -9 -20 -12 -21 -11
right_child=5 17 18 6 -6 10 -8 8 -10 24 11 12 -14 16 -16 -17 -18 -19 21 23 -22 -23 -24 -25 -26
leaf_value=0.0033652503038796404 -0.016659017937055022 -0.0024617344082176126 0.0028070385027909681 0.044522160560115404 -0.021191692744089396 -0.010955769906912736 0.0094802024602203428 -0.026508358747290572 0.012635952202432283 0 -0.010260548728056025 -0.010685085959156302 0.04371742184910396 -0.027456203653370592 0.022863155028780363 0.0019025071113364695 0.016419873661605602 0.0041263891723371223 0.04717177762088063 -0.051520921094249598 -0.055287923525336305 0.023405921791106468 -0.045310959097127408 -0.014325150202740396 0.033592400818687626
leaf_weight=408.85933020710945 149.76440552249551 9.6490698456764203 13.981222607195376 31.336404211819172 72.844513345509768 20.242791932076216 110.77867616713047 62.473761707544327 7.7441668659448615 7.2121577970683601 9.4468822740018386 19.786261666566137 8.9143204689025861 19.59896178916097 77.370425887405872 57.81276947259903 9.3040968403220159 13.052979856729506 40.016388107091188 16.903855673968796 17.561434127390385 34.612377513200045 15.315118357539175 8.738812752068041 9.2085636742413026
leaf_count=2189 813 49 78 156 371 100 696 336 50 42 53 101 48 118 383 312 56 64 258 83 93 243 82 41 49
internal_value=-2.94826e-05 0.00545298 0.00738174 0.00377096 -0.000399909 -0.00851914 0.017787 -0.0149542 -0.0297115 -0.00891511 0.00261514 -0.012038 0.00763366 0.00897597 0.0156703 -0.0114729 -0.01286 -0.0219356 0.0320472 -0.0315474 -0.0341391 0.0371784 -0.0340788 -0.0411603 0.0206102
internal_weight=1252.53 760.774 712.429 623.819 481.704 491.756 142.115 311.777 87.7794 223.998 179.979 53.4626 28.7006 126.516 97.6132 207.577 28.9031 48.3447 88.61 35.2917 80.0352 74.6288 24.762 25.6427 16.4207
internal_count=6864 4228 3991 3412 2560 2636 852 1695 479 1216 941 284 149 657 483 1125 174 237 579 173 429 501 135 124 91
is_linear=0
shrinkage=0.05


Tree=56
num_leaves=16
num_cat=0
split_feature=25 3 0 2 3 1 10 0 24 2 13 18 9 9 2
split_gain=26.3168 21.2893 19.4399 19.356 16.3327 17.2695 11.0673 10.2955 7.65998 7.44103 8.05463 5.80183 5.00333 4.8754 3.95391
threshold=1.0000000180025095e-35 3.5000000000000004 191570.41500000004 22.500000000000004 1.5000000000000002 1.5000000000000002 80.500000000000014 7323.1900000000014 7.5000000000000009 5.5000000000000009 1.0000000180025095e-35 352169.50000000006 0.0082500000000000021 0.012250000000000002 3.5000000000000004
decision_type=2 2 2 2 2 2 2 2 2 2 2 2 2 2 2
left_child=-1 2 4 11 5 -2 -6 8 14 -9 -11 -4 -5 -10 -3
right_child=1 7 3 12 6 -7 -8 9 13 10 -12 -13 -14 -15 -16
leaf_value=-0.051184209500986767 0.044103418835599387 0.014091125114631245 -0.052223989031968156 -0.014600724768166965 -0.028187099794801523 0.0043954602439574197 -0.0036664944126619825 -0.011419991638784072 0.017316220511065537 0.010149646150066803 0.031830977727170244 -0.0053819109796028712 0.026378117442822497 -0.0057196589248215057 -0.02076914279346153
leaf_weight=22.654559656977654 28.806954339146614 8.2076168209314329 41.136242046952248 11.850302197039129 49.428082726895809 261.72514445334673 466.87689498066902 16.780075252056122 64.646666921675205 84.372391048818827 95.425508487969637 8.9668595492839795 14.010315425693987 33.00031753629446 40.536552451550961
leaf_count=280 188 40 288 71 349 1239 2156 78 341 639 694 48 72 178 203
internal_value=-2.94747e-05 0.000989655 -0.0031109 -0.026957 -0.00079232 0.00864139 -0.00613296 0.0115303 0.00137655 0.0189514 0.0219353 -0.0445611 0.00754102 0.00947222 -0.0143782
internal_weight=1248.42 1225.77 882.801 75.9637 806.837 290.532 516.305 342.969 146.391 196.578 179.798 50.1031 25.8606 97.647 48.7442
internal_count=6864 6584 4411 479 3932 1427 2505 2173 762 1411 1333 336 143 519 243
is_linear=0
shrinkage=0.05


Tree=57
num_leaves=16
num_cat=0
split_feature=25 23 16 24 25 25 25 10 18 3 17 18 21 20 29
split_gain=24.8904 21.6502 39.5125 21.5273 15.7591 13.5312 13.3995 11.9132 9.19621 9.15701 6.02487 5.9496 2.70625 1.07249 0.304976
threshold=1.0000000180025095e-35 1.5000000000000002 1.5000000000000002 5.5000000000000009 17.500000000000004 1.5000000000000002 5.5000000000000009 8.5000000000000018 152833.05500000002 3.5000000000000004 2752.6450000000004 3642.6300000000006 1220.0000000000002 -0.45564999999999994 4.5000000000000009
decision_type=2 2 2 2 2 2 2 2 2 2 2 2 2 2 2
left_child=-1 2 7 12 5 -5 11 13 -6 -9 -8 -4 -3 -2 -14
right_child=1 3 6 4 8 -7 10 9 -10 -11 -12 -13 14 -15 -16
leaf_value=-0.050732409128292792 -0.0040150486032990316 -0.016741243985937192 -0.0049362473208401821 0.020105545147903633 0.046706573638842772 -0.0097476954323108597 0.010139251811382526 -0.0044349605210496955 -0.01172882727937532 0.011096807122336863 0.0415710095817605 0.017676562411016859 -0.054393310772152176 -0.036031844780244425 -0.025665345399622827
leaf_weight=21.754129886627197 4.3055318295955685 13.60382156819105 36.892279617488384 40.404044181108475 21.016752697527412 355.40412113443017 21.495252504944801 335.67882017046213 8.2043325453996641 129.98005670309067 84.335758253931999 114.95454180985689 21.517644822597507 24.556686241179705 8.7785254493355733
leaf_count=280 36 70 179 213 128 1843 121 1570 46 730 585 642 119 254 48
internal_value=-3.26996e-05 0.000943807 0.00620184 -0.00745977 -0.00390128 -0.00658938 0.021999 -0.00206484 0.0302792 -4.9256e-05 0.0355861 0.0121249 -0.0400232 -0.0321495 -0.0484837
internal_weight=1242.88 1221.13 752.199 468.929 425.029 395.808 257.678 494.521 29.2211 465.659 105.831 151.847 43.9 28.8622 30.2962
internal_count=6864 6584 4117 2467 2230 2056 1527 2590 174 2300 706 821 237 290 167
is_linear=0
shrinkage=0.05


Tree=58
num_leaves=15
num_cat=0
split_feature=25 25 1 2 2 10 8 20 11 20 19 11 11 18
split_gain=23.5459 19.8715 18.1202 13.6462 20.9947 11.9226 10.1002 9.66256 7.44413 6.38481 6.31669 3.10934 1.04933 1.6097
threshold=1.0000000180025095e-35 11.500000000000002 10.500000000000002 24.500000000000004 18.500000000000004 80.500000000000014 0.50385000000000013 -0.27684999999999993 269.50000000000006 -0.61209999999999987 0.098350000000000007 199.50000000000003 29.500000000000004 152833.05500000002
decision_type=2 2 2 2 2 2 2 2 2 2 2 2 2 2
left_child=-1 2 3 4 -2 11 -7 -5 12 -10 -11 -4 -3 -14
right_child=1 8 5 7 -6 6 -8 -9 9 10 -12 -13 13 -15
leaf_value=-0.050289653032618814 0.0039246198222388914 0.015757102452433221 -0.0010390510508217555 0.0029329490129173488 -0.022540453463131743 -0.0095048369612358123 0.020489820920166261 0.028087817151454343 0.043702911753461519 -0.012180467227333144 0.01642673539784141 -0.040095037052094162 0.059487425223587437 0.018413270290872429
leaf_weight=20.887936756014824 476.56145415082574 6.6274752840399769 6.6291831620037547 72.989637736231089 86.843401309102774 305.52194472402334 28.82588803768158 81.618925310671329 12.394207268953322 26.674554295837879 56.528345562517643 35.770297300070524 13.075902145355942 6.7094667293131343
leaf_count=280 2530 39 58 376 434 1528 137 489 73 139 363 295 86 37
internal_value=-3.80255e-05 0.000897534 -0.00124045 0.00340857 -0.000202331 -0.0100983 -0.00678265 0.0164653 0.0198724 0.0127179 0.00706737 -0.0345357 0.0426969 0.0489868
internal_weight=1237.66 1216.77 1094.76 718.013 563.405 376.747 334.348 154.609 122.01 95.5971 83.2029 42.3995 26.4128 19.7854
internal_count=6864 6584 5847 3829 2964 2018 1665 865 737 575 502 353 162 123
is_linear=0
shrinkage=0.05


Tree=59
num_leaves=16
num_cat=0
split_feature=25 23 16 24 17 18 25 25 10 0 2 8 0 28 11
split_gain=22.2918 19.786 35.8197 19.7573 14.1188 22.2122 15.6248 12.3429 10.8682 9.20772 6.91993 6.28282 3.10826 2.73595 1.69665
threshold=1.0000000180025095e-35 1.5000000000000002 1.5000000000000002 5.5000000000000009 192174.04500000001 1131288.9500000002 17.500000000000004 5.5000000000000009 8.5000000000000018 114.26500000000001 6.5000000000000009 0.052950000000000004 20521.995000000003 5.5000000000000009 528.50000000000011
decision_type=2 2 2 2 2 2 2 2 2 2 2 2 2 2 2
left_child=-1 2 8 13 6 -6 -5 11 12 -10 -9 -4 -2 -3 -15
right_child=1 3 7 4 5 -7 -8 10 9 -11 -12 -13 -14 14 -16
leaf_value=-0.049854936210440015 -0.0015976760452139122 -0.010400955263106193 0.018692229855893212 -0.0022980116969443065 -0.031771712157904378 0.045516771517752602 0.038456350361622135 0.0065819618259737424 -0.029879493477456498 0.001581152262919874 0.040517033959232361 -0.0026117283002110221 -0.040427029579169479 -0.022346250710514923 -0.054211448849375288
leaf_weight=20.055117525160313 7.6138410978019264 9.3981189243495447 100.83896219730377 319.82892553880811 71.783024251461029 8.7542243525385839 23.363686628639698 20.168211251497269 22.542736455798149 441.58168640732765 83.568279109895229 50.340597167611122 20.5232641287148 11.952885366976259 21.944097697734833
leaf_count=280 60 58 564 1664 375 48 143 114 107 2193 592 257 230 61 118
internal_value=-2.93009e-05 0.000866084 0.00591397 -0.00717931 -0.00377913 -0.0223501 0.000654209 0.0210515 -0.0019582 -4.70998e-05 0.0342633 0.0115916 -0.031055 -0.0386 -0.0451247
internal_weight=1234.26 1214.2 747.178 467.025 423.73 80.5372 343.193 254.916 492.262 464.124 103.736 151.18 28.1371 43.2951 33.897
internal_count=6864 6584 4117 2467 2230 423 1807 1527 2590 2300 706 821 290 237 179
is_linear=0
shrinkage=0.05


Tree=60
num_leaves=17
num_cat=0
split_feature=25 24 23 16 23 17 17 25 12 17 22 24 1 25 10 29
split_gain=21.0967 18.5954 16.8805 16.5572 15.3694 16.9811 11.836 12.9959 9.81423 9.79323 8.70408 10.913 8.44054 5.87913 5.25228 4.09002
threshold=1.0000000180025095e-35 11.500000000000002 1.5000000000000002 1.5000000000000002 1.5000000000000002 10321.385 178509.02500000005 17.500000000000004 1.0000000180025095e-35 1108110.8800000001 1.5000000000000002 4.5000000000000009 1.5000000000000002 5.5000000000000009 60.500000000000007 1.5000000000000002
decision_type=2 2 2 2 2 2 2 2 2 2 2 2 2 2 2 2
left_child=-1 4 3 14 5 12 7 -4 -7 -8 11 -6 -2 -5 -3 -12
right_child=1 2 6 13 10 8 9 -9 -10 -11 15 -13 -14 -15 -16 -17
leaf_value=-0.049427323275294595 0.024134502290447234 -0.020139024284807853 0 0.015915901710154067 -0.041749339107972572 0.018437324449351731 -0.026265578314753429 0.038133383066388311 -0.027604166303116795 0.027179418605439779 -0.054058490727997101 0.0036642329578164532 -0.0098917565343614507 0.038463799047032669 0.0078328322540607911 -0.02360480705572288
leaf_weight=19.254779962822795 17.445362262427807 16.470480896532536 242.54478737339377 60.281819619238377 15.52546590939164 115.25538026168942 61.612846046686172 22.621170643717051 10.905864845961331 8.0705596134066564 17.977096416056156 51.658518243581057 280.99365790560842 68.815369796007872 174.22941502928734 45.987692844122648
leaf_count=280 97 137 1267 345 83 645 316 141 73 46 96 272 1477 497 846 246
internal_value=-3.68914e-05 0.000820796 0.00652899 0.0147096 -0.00588457 -0.00120577 -0.00129511 0.00352163 0.0140106 -0.0193506 -0.0207117 -0.00758932 -0.00772203 0.0284148 0.0051811 -0.0336948
internal_weight=1229.65 1210.4 654.646 319.797 555.749 424.6 334.849 265.166 126.161 69.6834 131.149 67.184 298.439 129.097 190.7 63.9648
internal_count=6864 6584 3595 1825 2989 2292 1770 1408 718 362 697 355 1574 842 983 342
is_linear=0
shrinkage=0.05


Tree=61
num_leaves=14
num_cat=0
split_feature=25 21 23 24 25 25 23 25 9 7 24 11 22
split_gain=19.9733 18.6939 14.5101 18.6509 13.5963 13.732 14.7862 12.659 9.20232 8.54527 6.67782 4.96905 3.78391
threshold=1.0000000180025095e-35 16368.500000000002 3.5000000000000004 27.500000000000004 1.5000000000000002 18.500000000000004 1.5000000000000002 8.5000000000000018 0.13755000000000003 3.5000000000000004 19.500000000000004 1670.5000000000002 2.5000000000000004
decision_type=2 2 2 2 2 2 2 2 2 2 2 2 2
left_child=-1 2 3 7 8 6 -6 -2 10 -5 -3 12 -4
right_child=1 4 11 9 5 -7 -8 -9 -10 -11 -12 -13 -14
leaf_value=-0.049005945218236903 0.00062130704222406266 0.0025308765015898869 -0.0013397089218432309 0.0024044316535062034 -0.0056698351038803867 0.041787034272698233 -0.027545595643997681 0.022989689407728716 -0.029451484014825863 0.031831951974392106 0.027596544379440858 0.0050510856429764155 -0.039323357819755517
leaf_weight=18.486009806394577 483.70517261326313 79.556495048105717 9.5673187300562841 34.247594255954027 206.3336738422513 9.4099610671401006 124.34162676334381 70.976926829665899 13.712131962180136 97.66994559019804 39.064926452934742 12.854499436914919 25.151487037539482
leaf_count=280 2608 433 49 189 1067 49 669 464 70 596 202 64 124
internal_value=-4.10955e-05 0.000780668 0.0057747 0.00765224 -0.00695097 -0.0122326 -0.0140418 0.00357383 0.00652788 0.0244168 0.0111892 -0.0203366 -0.0297718
internal_weight=1225.08 1206.59 734.173 686.6 472.419 340.085 330.675 554.682 132.334 131.918 118.621 47.5733 34.7188
internal_count=6864 6584 4094 3857 2490 1785 1736 3072 705 785 635 237 173
is_linear=0
shrinkage=0.05


Tree=62
num_leaves=17
num_cat=0
split_feature=25 1 2 2 1 2 2 24 15 23 21 20 7 20 17 27
split_gain=18.9182 17.7751 13.4802 23.0601 13.9768 29.7395 13.1438 12.4253 10.1522 9.29142 8.71986 6.87317 6.7155 5.41475 5.35097 1.96835
threshold=1.0000000180025095e-35 10.500000000000002 6.5000000000000009 1.5000000000000002 4.5000000000000009 12.500000000000002 24.500000000000004 36.500000000000007 5.5000000000000009 1.5000000000000002 17769.500000000004 -0.15634999999999996 4.5000000000000009 -0.29654999999999992 106374.70000000001 4.5000000000000009
decision_type=2 2 2 2 2 2 2 2 2 2 2 2 2 2 2 2
left_child=-1 2 3 11 6 -6 -4 8 9 -3 14 -2 -5 -12 -9 -10
right_child=1 7 4 12 5 -7 -8 10 15 -11 13 -13 -14 -15 -16 -17
leaf_value=-0.048589994982790506 0.034100676770675097 -0.0068582555629639668 -0.00012098417992932173 -0.033714099871952008 0.058572574131572325 0.0051419386656463952 0.017325949679372076 0.044404318013241295 0.040994619841856907 -0.02433154882976106 -0.031926901984420483 -0.0086971678674947345 -0.0082351447595455946 0.014009537231911486 0 0.0072176286324629668
leaf_weight=17.747877053916454 30.669222615659237 222.63996805995703 380.32801066711545 49.814698688685894 38.603769317269325 75.184480145573616 148.10362296551466 20.792571995407346 6.9563974924385574 117.56996808946133 10.624302536249163 11.720226258039473 57.7753601744771 11.000782161951063 9.9589456468820554 12.216893903911112
leaf_count=280 171 1212 2066 249 250 409 860 110 47 624 51 61 283 59 53 79
internal_value=-3.98513e-05 0.000746943 0.00513114 -0.00825394 0.00828844 0.0240538 0.00479691 -0.00764783 -0.0109861 -0.0130328 0.0146353 0.0221835 -0.0205233 -0.0089278 0.031044 0.0226595
internal_weight=1221.71 1203.96 792.199 149.98 642.22 113.788 528.432 411.76 359.383 340.21 52.3766 42.3894 107.59 21.6251 30.7515 19.1733
internal_count=6864 6584 4349 764 3585 659 2926 2235 1962 1836 273 232 532 110 163 126
is_linear=0
shrinkage=0.05


Tree=63
num_leaves=17
num_cat=0
split_feature=25 3 0 2 3 7 8 0 17 13 9 12 9 0 0 9
split_gain=17.9274 17.6658 18.1742 17.2206 14.1616 14.0242 9.30379 9.1646 8.83213 7.36863 14.4148 10.4344 6.3101 9.78092 5.73902 4.33093
threshold=1.0000000180025095e-35 3.5000000000000004 191570.41500000004 22.500000000000004 1.5000000000000002 3.5000000000000004 0.46565000000000006 7323.1900000000014 293931.27000000008 1.0000000180025095e-35 0.12375000000000001 1.0000000180025095e-35 0.012250000000000002 1234.1650000000002 818.6450000000001 0.0082500000000000021
decision_type=2 2 2 2 2 2 2 2 2 2 2 2 2 2 2 2
left_child=-1 2 4 8 5 -2 -6 12 -4 10 -9 -11 14 -14 -3 -5
right_child=1 7 3 15 6 -7 -8 9 -10 11 -12 -13 13 -15 -16 -17
leaf_value=-0.048178723184872735 -0.010158625631017139 0.020796739134763171 -0.052812096859465432 -0.014319450966307799 -0.0080801597361290414 0.014691750863610735 0.014169772846167071 -0.013188673961590689 0.0022556794788718094 0.034987479584726706 0.025457654581955355 -0.0052030204294890026 -0.040633718132777136 0.004733866821646341 -0.0029132215498201249 0.024246789804002598
leaf_weight=17.039442976936698 75.441559765487909 44.861314311623573 39.91790683940053 11.53879574686289 457.30125037580729 210.02547746151686 50.214860890060663 43.974027153104544 8.2025645151734334 78.648750089108944 48.656510580331087 19.078897692263126 18.156095020473003 27.255488738417625 53.767260529100895 13.601206697523592
leaf_count=280 365 237 293 71 2243 1062 262 275 43 608 415 113 84 160 281 72
internal_value=-3.26448e-05 0.000721312 -0.0030399 -0.0265258 -0.00079628 0.00806467 -0.00581209 0.0104544 -0.0435103 0.0175988 0.00711461 0.027094 0.000832474 -0.0141427 0.0079709 0.00642635
internal_weight=1217.68 1200.64 866.244 73.2605 792.983 285.467 507.516 334.398 48.1205 190.358 92.6305 97.7276 144.04 45.4116 98.6286 25.14
internal_count=6864 6584 4411 479 3932 1427 2505 2173 336 1411 690 721 762 244 518 143
is_linear=0
shrinkage=0.05


Tree=64
num_leaves=22
num_cat=0
split_feature=21 23 16 12 2 9 3 2 8 28 9 7 20 14 16 7 20 17 3 23 14
split_gain=17.4083 12.5513 17.8592 11.269 11.0953 14.9113 10.6495 9.15721 15.6203 10.262 8.15588 6.95009 7.70976 4.89603 8.8135 4.66045 3.08498 0.797164 1.61694 0.527837 0.323726
threshold=16368.500000000002 3.5000000000000004 8.5000000000000018 1.0000000180025095e-35 23.500000000000004 0.092250000000000013 1.0000000180025095e-35 5.5000000000000009 0.46565000000000006 9.5000000000000018 0.084200000000000011 2.5000000000000004 -0.49564999999999992 0.71675000000000011 5.5000000000000009 1.5000000000000002 -0.39244999999999997 48213.615000000005 3.5000000000000004 4.5000000000000009 0.016800000000000002
decision_type=2 2 2 2 2 2 2 2 2 2 2 2 2 2 2 2 2 2 2 2 2
left_child=1 2 4 7 5 -1 -6 11 9 -9 -10 20 -13 14 -3 -4 -17 18 -5 -16 -2
right_child=3 13 15 17 6 -7 -8 8 10 -11 -12 12 -14 -15 19 16 -18 -19 -20 -21 -22
leaf_value=0.0037946473904612536 -0.058515251808979665 0.0020282422885869959 0.0002575384982393065 -0.032634548010109218 0.041303531944847566 -0.019948262120633692 0.0080177625761050017 0.0072533393942021233 0.046800349055835709 -0.011235152949295101 -0.0065158514747070267 0.010758372499950245 -0.024695231800026505 0.0095769882259513564 -0.028503288958160546 0.046215153046522975 0.021932561254094641 -0.050356289355349172 -0.0037297192868210442 -0.058880453162056805 -0.028361653601043813
leaf_weight=391.98370918445289 7.6457920745015171 14.738019946962593 13.431325964629648 19.33272050507367 30.080827802419662 77.457206469029188 106.5536854788661 111.28287778794765 21.650857411324981 219.12102282047272 9.2175109200179559 23.466347482055426 36.615935683250427 9.8313149064779264 12.662106826901438 28.689681898802519 40.395520642399788 8.3285108823329193 8.0604957416653615 9.9526947140693647 12.456550836563109
leaf_count=2143 40 77 78 229 156 417 696 584 112 1131 54 116 193 49 63 186 315 67 44 48 66
internal_value=-3.59408e-05 0.00477531 0.0065126 -0.00746439 0.00347885 -0.000169701 0.0159081 -0.00517066 -0.00170361 -0.00497181 0.0311478 -0.0202482 -0.0107865 -0.0196088 -0.027641 0.0280672 0.0331739 -0.0337687 -0.025302 -0.0459763 -0.04454
internal_weight=1212.95 735.776 688.592 477.179 606.075 469.441 136.635 441.457 361.272 330.404 30.8684 80.1846 60.0823 47.1841 37.3528 82.5165 69.0852 35.7217 27.3932 22.6148 20.1023
internal_count=6864 4228 3991 2636 3412 2560 852 2296 1881 1715 166 415 309 237 188 579 501 340 273 111 106
is_linear=0
shrinkage=0.05


Tree=65
num_leaves=17
num_cat=0
split_feature=25 1 2 2 0 0 24 1 21 0 19 2 8 8 7 0
split_gain=16.9482 15.954 11.6796 20.317 18.0811 15.4916 11.2877 10.6819 7.79219 9.42669 7.35867 11.2303 7.44378 6.40956 5.90426 5.72174
threshold=1.0000000180025095e-35 10.500000000000002 6.5000000000000009 1.5000000000000002 5859.9700000000003 177.50000000000003 36.500000000000007 4.5000000000000009 17769.500000000004 18393.285000000003 0.78880000000000006 22.500000000000004 0.37270000000000009 0.052950000000000004 4.5000000000000009 52.710000000000008
decision_type=2 2 2 2 2 2 2 2 2 2 2 2 2 2 2 2
left_child=-1 2 3 4 -2 15 10 -7 13 -10 12 -12 -3 -8 -5 -4
right_child=1 6 5 14 -6 7 8 -9 9 -11 11 -13 -14 -15 -16 -17
leaf_value=-0.047765718045981974 0.039945443924524135 -0.0091169219007302717 0.0022828013156991483 -0.0317364107468232 -0.030465389214363054 0.0065473674591433086 0.04521506607380206 0.023937487834941026 -0.033424532139074863 0.028381305796089107 -0.03291492040130891 0.0022816326925395518 0.015968201958303816 -0.00097835528926638773 -0.0077102247930875712 -0.037504468996167613
leaf_weight=16.330316390842199 31.117346554994583 223.05427504703403 13.21102164313197 49.020366098731756 10.752756521105765 493.70142883434892 19.748525738716129 107.32544804364443 13.012095570564272 8.4511807188391668 69.142213810235262 32.14435688778758 31.945031717419624 10.706765677779911 57.566049695014954 22.627524331212044
leaf_count=280 175 1187 64 249 57 2780 111 634 63 47 397 206 172 52 283 107
internal_value=-4.43832e-05 0.00067901 0.00485125 -0.00767066 0.0210706 0.0078007 -0.00730787 0.0097384 0.014017 -0.00831743 -0.0105042 -0.0218202 -0.00583566 0.0296078 -0.0192333 -0.0232281
internal_weight=1209.86 1193.53 785.322 148.457 41.8701 636.865 408.204 601.027 51.9186 21.4633 356.286 101.287 254.999 30.4553 106.586 35.8385
internal_count=6864 6584 4349 764 232 3585 2235 3414 273 110 1962 603 1359 163 532 171
is_linear=0
shrinkage=0.05


Tree=66
num_leaves=29
num_cat=0
split_feature=24 10 9 7 8 9 24 21 11 29 4 18 1 1 2 2 14 10 10 2 17 18 10 14 14 19 19 19
split_gain=16.247 10.1396 9.94501 27.2784 25.1005 20.8299 13.216 9.19346 7.69753 9.35597 7.40761 7.31352 7.31181 6.76059 7.18721 6.57728 6.25827 5.38601 5.61135 4.17363 3.3557 3.30467 2.96354 2.88469 2.50577 2.35563 2.52193 0.942735
threshold=11.500000000000002 65.500000000000014 0.081900000000000014 4.5000000000000009 0.50385000000000013 0.40335000000000004 40.500000000000007 17035.500000000004 990.50000000000011 3.5000000000000004 1.0000000180025095e-35 10564.080000000002 10.500000000000002 4.5000000000000009 24.500000000000004 11.500000000000002 0.089850000000000013 299.50000000000006 379.50000000000006 6.5000000000000009 16266.385000000002 138090.65500000003 312.50000000000006 0.00125 0.24595000000000003 18.142700000000001 0.21490000000000004 0.69990000000000008
decision_type=2 2 2 2 2 2 2 2 2 2 2 2 2 2 2 2 2 2 2 2 2 2 2 2 2 2 2 2
left_child=7 21 4 10 6 -5 -3 12 9 20 -4 -11 13 14 -1 -15 23 19 -19 -14 -9 25 -18 -10 -23 26 -2 -6
right_child=1 2 3 5 27 -7 -8 8 16 11 -12 -13 17 15 -16 -17 22 18 -20 -21 -22 24 -24 -25 -26 -27 -28 -29
leaf_value=-0.0051759581417381547 -0.013678934094146264 0.0032865316071311098 -0.027385910597470538 -0.0014785490503182062 0.057192149420838938 0.050082456203715923 0.027876465017909354 -0.027700113712886096 0.00050501374244254886 -0.028105928495083372 0.013946755026763701 0.0096614527658631256 0.0086130127686064508 0.042459532677687456 0.018721908389373581 0.0030105868581150243 -0.0038134004619915459 0.030475823282958111 -0.0084286594368476863 -0.032661749439940005 -0.05933674851347423 -0.040190189819890393 0.024032390850299325 -0.021077672078657624 0 -0.029477649292433229 0.0098084271677447727 0.02607120357885272
leaf_weight=151.34412808343768 18.214745124801993 313.68890824913979 76.448635287582874 51.00460259616375 25.719700455665588 29.334539875388145 64.728771574795246 47.954439274966717 22.658670410513878 20.280184833332896 10.980116985738276 28.00681528262794 6.0912846624851218 18.269704665988684 37.569430585950613 24.014868907630444 15.122915932908652 8.5996540039777738 69.958535544574261 33.429537946358323 13.180569157004355 13.118145709857346 19.940049272030592 41.011069184169173 5.1946637593209735 6.3789196126162997 24.238341059535742 10.108474064618347
leaf_count=832 121 1680 400 294 129 229 346 276 121 112 62 154 36 112 226 134 110 44 380 224 74 101 100 228 32 66 181 60
internal_value=-4.88022e-05 0.00531188 0.00745239 -0.00274737 0.0116006 0.0179859 0.0076434 -0.00630614 -0.0145747 -0.0236112 -0.0218873 -0.00648867 -0.00129501 0.00384255 -0.000224644 0.0214287 -0.00419074 -0.011334 -0.00339482 -0.0259508 -0.0363429 -0.0127764 0.0121948 -0.0134631 -0.0298961 -0.00523588 -0.000206044 0.0505187
internal_weight=1206.59 649.159 582.014 167.768 414.246 80.3391 378.418 557.432 208.155 109.422 87.4288 48.287 349.277 231.198 188.914 42.2846 98.7327 118.079 78.5582 39.5208 61.135 67.1448 35.063 63.6697 18.3128 48.832 42.4531 35.8282
internal_count=6864 3701 3200 985 2215 523 2026 3163 1175 616 462 266 1988 1304 1058 246 559 684 424 260 350 501 210 349 133 368 302 189
is_linear=0
shrinkage=0.05


Tree=67
num_leaves=25
num_cat=0
split_feature=3 0 2 1 24 0 10 0 17 13 10 19 1 2 24 17 20 21 3 2 20 21 16 0
split_gain=15.452 16.8052 15.3159 13.3421 11.4895 16.0176 9.02763 8.27145 8.17851 6.83626 15.3516 12.8981 8.37423 6.42182 5.81892 4.163 4.59661 4.47997 3.91306 3.34189 3.04625 2.84542 1.63215 0.86684
threshold=3.5000000000000004 191570.41500000004 22.500000000000004 1.0000000180025095e-35 13.500000000000002 17804.705000000005 166.50000000000003 7323.1900000000014 293931.27000000008 1.0000000180025095e-35 1.0000000180025095e-35 0.022250000000000002 10.500000000000002 13.500000000000002 7.5000000000000009 40124.460000000006 -0.45234999999999997 58410.000000000007 1.0000000180025095e-35 3.5000000000000004 -0.54464999999999986 1056.0000000000002 1.5000000000000002 2001.2900000000002
decision_type=2 2 2 2 2 2 2 2 2 2 2 2 2 2 2 2 2 2 2 2 2 2 2 2
left_child=1 3 8 13 5 -5 -6 14 -3 11 -11 -9 -13 23 19 17 -17 -16 -4 -2 -12 -21 -20 -1
right_child=7 2 18 4 6 -7 -8 9 -10 10 20 12 -14 -15 15 16 -18 -19 22 21 -22 -23 -24 -25
leaf_value=0.04945473394789441 0.012824589271258728 -0.051368524799559494 0.027889312911981674 -0.015083741414469843 -0.013404292172765536 0.0068969920260656473 0.0071012664709540867 -0.040959864007064722 0.0018186232507782576 -0.027587808429269545 0.0059952401823569939 0.023026365766162522 -0.011123347656288895 -0.0045407025565631807 0.019656864881552091 0.0099253806295895256 -0.036718005682377236 -0.0057232787185218445 -0.022613198193760654 -0.0029096332095126676 0.035838821800673722 -0.03021470213268844 0.006255282139707637 0.01488773777602035
leaf_weight=16.567088745534427 7.9968842938542357 39.493563959375024 9.2989359274506587 281.12980809062719 62.790795804932714 115.08804381266236 307.18876788020134 10.761712774634359 8.1552274040877801 10.518813163042067 11.575562454760073 58.007787946611643 23.74380299448967 8.9617279618978483 55.468244478106499 8.8886196725070494 8.4096450805664045 23.085754912346601 8.5298953726887685 17.438171591609716 74.372673742473125 23.38173570483923 7.1081688068807116 5.531617894768714
leaf_count=118 40 321 56 1456 379 632 1467 59 43 64 87 478 165 46 324 51 42 115 48 95 584 119 41 34
internal_value=-4.30434e-05 -0.0035607 -0.0262653 -0.00142052 -0.00276745 -0.00867139 0.00354094 0.00906448 -0.0423574 0.015896 0.0251163 0.00584771 0.0129598 0.0296604 0 0.00717331 -0.0136876 0.012117 0.00497379 -0.0136816 0.0321609 -0.0194643 -0.0097029 0.0431707
internal_weight=1203.49 869.844 72.5858 797.258 766.197 396.218 369.98 333.649 47.6488 188.98 96.467 92.5133 81.7516 31.0604 144.669 95.8523 17.2983 78.554 24.937 48.8168 85.9482 40.8199 15.6381 22.0987
internal_count=6864 4641 509 4132 3934 2088 1846 2223 364 1437 735 702 643 198 786 532 93 439 145 254 671 214 89 152
is_linear=0
shrinkage=0.05


Tree=68
num_leaves=16
num_cat=0
split_feature=25 23 17 24 25 1 22 19 25 28 0 7 28 0 17
split_gain=15.8712 16.0867 27.4134 15.5887 15.1055 13.8028 13.6874 12.2621 9.84697 9.27947 6.71853 5.81256 2.69215 1.34335 1.18167
threshold=1.0000000180025095e-35 1.5000000000000002 2752.6450000000004 5.5000000000000009 8.5000000000000018 1.5000000000000002 1.0000000180025095e-35 0.11035000000000002 1.5000000000000002 4.5000000000000009 1806.1000000000001 3.5000000000000004 5.5000000000000009 88145.35000000002 8146.9350000000004
decision_type=2 2 2 2 2 2 2 2 2 2 2 2 2 2 2
left_child=-1 2 5 12 9 10 -7 8 -5 -4 -2 -9 -3 -6 -14
right_child=1 3 4 7 13 6 -8 11 -10 -11 -12 -13 14 -15 -16
leaf_value=-0.047290562572023971 0.045870278201393895 -0.0076457844106442678 -0.0075595702132654138 0.020058464148201536 0.049717407607516327 -0.0010645393637886385 -0.025804607292615717 -0.0083820106968247321 -0.016925748780121895 0.016623526959459393 -0.0043569195149810057 0.0091442692897530844 -0.019105425592327883 0.017759932162060895 -0.048894690757060641
leaf_weight=15.521008137613533 18.673621498048309 9.069073520600794 46.933007661253214 18.19285225123167 32.423611011356115 338.00450095534325 65.275400478392839 64.107667904347181 168.59870997443795 209.97090078145266 8.835746116936205 162.4126472659409 9.7455631867051107 8.1713750846683961 22.540063098073006
leaf_count=280 124 58 293 90 245 1800 328 373 835 1195 47 932 54 85 125
internal_value=-4.30079e-05 0.000647239 0.00525685 -0.00670526 0.0168812 -0.00278858 -0.00520125 -0.0036675 -0.0130963 0.0121427 0.030197 0.00411044 -0.0352653 0.0446554 -0.0418334
internal_weight=1198.48 1182.95 728.288 454.667 297.499 430.789 403.28 413.312 186.792 256.904 27.5094 226.52 41.3547 40.595 32.2856
internal_count=6864 6584 4117 2467 1818 2299 2128 2230 925 1488 171 1305 237 330 179
is_linear=0
shrinkage=0.05


Tree=69
num_leaves=16
num_cat=0
split_feature=25 23 25 24 21 19 21 2 25 4 2 0 21 19 0
split_gain=15.045 14.6384 15.4538 14.4667 12.1725 11.0763 10.9771 9.06522 8.95587 5.93232 3.38339 4.72242 2.64925 2.3824 0.722519
threshold=1.0000000180025095e-35 1.5000000000000002 10.500000000000002 5.5000000000000009 43361.000000000007 0.11035000000000002 -1.0000000180025095e-35 22.500000000000004 1.5000000000000002 1.0000000180025095e-35 17.500000000000004 5237.4250000000011 1220.0000000000002 0.99635000000000018 20521.995000000003
decision_type=2 2 2 2 2 2 2 2 2 2 2 2 2 2 2
left_child=-1 2 4 12 6 8 -2 -7 -5 -6 13 -12 -3 -4 -14
right_child=1 3 10 5 9 7 -8 -9 -10 -11 11 -13 14 -15 -16
leaf_value=-0.046888455937986441 -0.0035719533140589582 -0.011695354887502738 0.053028473766019081 0.019100643044624183 -0.0081192206072905268 -0.0024132970011425548 0.013094109578835037 0.019428264776528037 -0.01612064284266328 0.028064036295412938 -0.01423901638348191 0.032199602744865219 -0.050496361389173787 0.014816240934802834 -0.022386810651356878
leaf_weight=14.904199317097662 142.54951048642397 12.8888973146677 19.061803422868255 18.248709663748741 218.79423577710986 161.60623489320278 308.95604690536857 64.74701439961791 168.27629929035902 9.9008372090756875 7.6243935525417355 10.86713360249996 17.60241083055735 8.5733664780855161 10.398200888186691
leaf_count=280 777 70 129 90 1159 905 1783 400 835 56 46 99 101 68 66
internal_value=-4.42078e-05 0.00061729 0.00502176 -0.00640192 0.00305874 -0.00348597 0.0078177 0.003906 -0.0124556 -0.00627968 0.0324312 0.0130432 -0.0340768 0.0433111 -0.0425794
internal_weight=1195 1180.1 726.327 453.768 680.201 412.878 451.506 226.353 186.525 228.695 46.1267 18.4915 40.8895 27.6352 28.0006
internal_count=6864 6584 4117 2467 3775 2230 2560 1305 925 1215 342 145 237 197 167
is_linear=0
shrinkage=0.05


Tree=70
num_leaves=20
num_cat=0
split_feature=4 8 13 8 12 1 24 0 2 0 8 0 2 10 10 10 10 29 0
split_gain=14.328 22.4659 24.5831 21.9415 22.6393 15.7699 15.769 11.155 10.9687 8.94172 9.69804 8.18064 6.91015 5.43981 4.88995 3.50719 2.82335 2.07126 1.08494
threshold=1.0000000180025095e-35 1.0000000180025095e-35 1.0000000180025095e-35 0.21220000000000003 1.0000000180025095e-35 1.5000000000000002 41.500000000000007 692.92000000000007 22.500000000000004 2224.0100000000007 0.16005000000000003 10314.525000000003 18.500000000000004 758.50000000000011 689.50000000000011 192.50000000000003 800.50000000000011 5.5000000000000009 76868.49500000001
decision_type=2 2 2 2 2 2 2 2 2 2 2 2 2 2 2 2 2 2 2
left_child=1 5 14 7 -5 11 8 -4 -7 -2 -11 12 -1 18 17 -8 -16 -3 -12
right_child=9 2 3 4 -6 6 15 -9 -10 10 13 -13 -14 -15 16 -17 -18 -19 -20
leaf_value=0.045077780683424877 -0.0087315189412105563 -0.042551702638120692 -0.055162104130489248 0.017713890540184903 -0.034552163759665057 -0.0061271101813669387 0.00036316337760995405 -0.012378424657623783 0.0069340616656651411 -0.0042053058928896341 0.064387843163555586 -0.018357951252166847 -0.0085629413678528325 0.002919239685820087 0.0025919683403011012 0.028706707647977444 -0.026713189755156758 -0.012266349723014359 0.024218117614691004
leaf_weight=37.852013979107141 14.654566235840319 63.611729860305786 18.047997482120991 122.12642862275243 22.860573558136821 406.73747870512307 14.30963736027479 76.440142687410116 262.64881396479905 11.227837972342966 19.756758909672502 6.1752774976193896 6.0355021655559531 6.2583621256053439 13.882923182100059 57.506920173764229 15.424941562116144 9.4393436573445779 6.5272375196218482
leaf_count=265 69 350 100 637 219 2238 91 436 1567 69 125 37 33 37 75 328 82 54 52
internal_value=-4.2494e-05 -0.00131368 -0.011993 -0.00309382 0.00904689 0.00330587 0.00141937 -0.0216281 -0.000981981 0.0236732 0.0346484 0.0299168 0.0374314 0.0478106 -0.032259 0.0233575 -0.0132333 -0.0392028 0.0571837
internal_weight=1191.52 1133.1 341.834 239.475 144.987 791.266 741.203 94.4881 669.386 58.4248 43.7702 50.0628 43.8875 32.5424 102.359 71.8166 29.3079 73.0511 26.284
internal_count=6864 6512 1953 1392 856 4559 4224 536 3805 352 283 335 298 214 561 419 157 404 177
is_linear=0
shrinkage=0.05


Tree=71
num_leaves=16
num_cat=0
split_feature=25 3 0 3 7 9 3 0 8 20 21 21 0 26 8
split_gain=14.1733 13.6638 15.9219 11.6298 10.8303 10.7337 8.08413 7.85647 7.22663 6.8116 6.48681 5.55109 3.9688 4.74175 1.87436
threshold=1.0000000180025095e-35 3.5000000000000004 191570.41500000004 1.5000000000000002 3.5000000000000004 0.010350000000000002 4.5000000000000009 89.690000000000012 0.021850000000000005 0.85535000000000017 17035.500000000004 63.500000000000007 127726.39000000001 8.5000000000000018 0.061850000000000009
decision_type=2 2 2 2 2 2 2 2 2 2 2 2 2 2 2
left_child=-1 2 3 4 -2 11 9 -5 -7 10 -3 -4 13 -8 -11
right_child=1 6 5 7 -6 8 12 -9 -10 14 -12 -13 -14 -15 -16
leaf_value=-0.046456335861387886 -0.0086870252985292058 0.016567714580243833 0 -0.03150226195131544 0.013353593822784018 0.015958802754197882 -0.0051806585184057882 -0.0036895257614522805 -0.030879283099348582 0.039888794460162497 -0.001537626923851408 -0.049914137640273554 -0.031584405427362287 0.031239029853175945 0.010803171183231512
leaf_weight=14.230338087305425 74.019245266914368 132.12520283833146 6.6984778977930537 25.048880770802498 205.79414535313845 18.96252299845219 60.279806740581989 474.38723777979612 11.51985429227352 27.05611327290535 76.370209872722626 32.682534720748663 9.5882556810975057 8.4345351532101613 10.472204890102146
leaf_count=280 365 1011 54 123 1062 117 308 2382 89 238 435 219 52 43 86
internal_value=-4.37347e-05 0.000588692 -0.00273845 -0.000646818 0.00746741 -0.0252619 0.00929347 -0.00522448 -0.00224573 0.0137301 0.00993677 -0.041866 -0.00451659 0 0.0329828
internal_weight=1187.67 1173.44 849.113 779.25 279.813 69.8634 324.326 499.436 30.4824 246.024 208.495 39.381 78.3026 68.7143 37.5283
internal_count=6864 6584 4411 3932 1427 479 2173 2505 206 1770 1446 273 403 351 324
is_linear=0
shrinkage=0.05


Tree=72
num_leaves=26
num_cat=0
split_feature=21 24 24 2 2 9 0 2 27 14 2 13 0 10 7 9 19 18 17 9 10 25 18 21 20
split_gain=13.6037 11.2327 9.74373 8.74429 20.7899 14.9105 14.1387 9.92127 7.10689 6.79587 7.33475 6.23466 6.92666 8.13422 6.52477 7.01399 5.58038 5.51288 5.19757 5.10006 4.14894 4.08724 2.3914 1.66622 1.11253
threshold=16368.500000000002 50.500000000000007 19.500000000000004 22.500000000000004 18.500000000000004 0.092250000000000013 1609.4600000000003 25.500000000000004 4.5000000000000009 0.089850000000000013 6.5000000000000009 1.0000000180025095e-35 1513.3500000000001 20.500000000000004 3.5000000000000004 0.42330000000000007 0.17475000000000004 2247.1300000000006 36126.905000000006 0.023850000000000007 349.50000000000006 1.5000000000000002 188893.77000000005 37762.000000000007 -0.29654999999999992
decision_type=2 2 2 2 2 2 2 2 2 2 2 2 2 2 2 2 2 2 2 2 2 2 2 2 2
left_child=1 3 8 4 5 -1 19 -8 17 21 -11 14 -13 -14 23 -16 -6 24 -19 -5 -3 -10 -22 -4 -2
right_child=2 20 11 6 16 -7 7 -9 9 10 -12 12 13 -15 15 -17 -18 18 -20 -21 22 -23 -24 -25 -26
leaf_value=0.0079085006304628787 -0.052096718258620257 0.0031294645450356522 -0.0014435857282755551 0 -0.035936514804621393 -0.015649429583603519 0.023826421025475528 -0.029388571520734343 0.0014344947242311305 -0.030412239669265286 0.015213725764169433 -0.01335004177995102 -0.020795798328255261 0.033605237109524053 -0.0028807728757290745 0.040800489632267602 -0.0065625595279267942 -0.0078162953473028384 -0.034553612864552954 -0.038502572650390615 0.050013559253498867 -0.018703983272677801 0.0084779424145189752 -0.035099183527749406 -0.020535298102511257
leaf_weight=366.86928006261587 14.630927799269559 10.762720147147773 5.6454717293381718 21.607952032238245 43.55934695340693 79.996242091059685 122.36255081184208 7.5891780704259864 34.567527612671256 8.5247091408818942 51.392849093303084 13.978023324161766 6.616856111213564 38.704847935587168 82.390665534883738 8.2932878546416742 28.157722681760788 70.522246828302741 24.18405120447278 12.194054007530211 18.597055166959766 80.703707145527005 6.0337481983005992 15.966017644852398 9.8423560336232168
leaf_count=2101 79 67 32 112 233 455 866 37 210 56 322 68 71 205 421 48 143 401 138 58 116 423 40 96 66
internal_value=-5.00205e-05 0.00425644 -0.00669453 0.00276955 -0.000405598 0.00361803 0.0127686 0.0202445 -0.0121923 -0.00559973 0.00778817 0.00271105 0.0155856 0.0249083 -0.00415387 0.00180032 -0.0250302 -0.0215483 -0.0153207 -0.0152185 0.0309728 -0.0126581 0.041615 -0.027598 -0.0422918
internal_weight=1183.69 717.73 465.964 682.336 518.583 446.866 163.754 129.952 294.368 175.189 59.9176 171.595 59.2997 45.3217 112.295 90.684 71.7171 119.18 94.7063 33.802 35.3935 115.271 24.6308 21.6115 24.4733
internal_count=6864 4228 2636 4005 2932 2556 1073 903 1695 1011 378 941 344 276 597 469 376 684 539 170 223 633 156 128 145
is_linear=0
shrinkage=0.05


Tree=73
num_leaves=16
num_cat=0
split_feature=25 23 18 24 0 3 14 17 18 25 1 4 0 28 11
split_gain=13.4228 13.2422 24.6129 13.2528 12.5712 15.6254 13.6414 11.7707 18.1606 11.81 9.38161 7.59673 3.77611 2.5425 1.90329
threshold=1.0000000180025095e-35 1.5000000000000002 8437.1100000000024 5.5000000000000009 185935.27000000005 3.5000000000000004 0.18345000000000003 192174.04500000001 1131288.9500000002 17.500000000000004 1.5000000000000002 1.0000000180025095e-35 1806.1000000000001 5.5000000000000009 528.50000000000011
decision_type=2 2 2 2 2 2 2 2 2 2 2 2 2 2 2
left_child=-1 2 10 13 6 -6 -4 9 -9 -5 12 -12 -2 -3 -15
right_child=1 3 4 7 5 -7 -8 8 -10 -11 11 -13 -14 14 -16
leaf_value=-0.046061004308454986 0.037009029470953629 -0.0061499559641820419 0.011018109251216683 -0.0018325064391046478 -0.030200905620185604 0.023353433534291545 0.034614479906871116 -0.029357345860911335 0.042021269168501407 0.034736248073313866 -0.0083679518143815173 0.023391122108799234 -0.0032224079702992594 -0.016903419630053072 -0.048850481174607406
leaf_weight=13.657051173970101 16.309229690581564 8.8689279146492463 215.31954449042678 309.33005852624774 30.936684940010309 21.192912131547928 86.819858431816101 68.930168874561787 8.302162900567053 21.75179198384285 322.40050379000604 17.938811983913183 7.4815419018268576 11.206972084939482 20.0234778188169
leaf_count=280 119 58 1114 1664 191 201 635 375 48 143 1717 99 41 61 118
internal_value=-6.53752e-05 0.000542324 0.00475389 -0.00617393 0.0141068 -0.00818561 0.0180144 -0.00337516 -0.0206912 0.000734155 -0.00434579 -0.00653789 0.0247008 -0.0329208 -0.0393946
internal_weight=1180.47 1166.81 718.399 448.414 354.269 52.1296 302.139 408.314 77.2323 331.082 364.13 340.339 23.7908 40.0994 31.2304
internal_count=6864 6584 4117 2467 2141 392 1749 2230 423 1807 1976 1816 160 237 179
is_linear=0
shrinkage=0.05


Tree=74
num_leaves=20
num_cat=0
split_feature=10 0 9 2 13 2 2 8 1 13 0 2 0 19 9 8 0 7 9
split_gain=13.2185 12.0305 32.1569 26.2372 28.9593 26.2822 24.9226 18.7529 14.0896 10.7524 8.56895 8.13638 7.11425 8.04018 5.97857 3.43047 3.0309 1.43805 1.83051
threshold=1.0000000180025095e-35 4790.9950000000008 0.012250000000000002 22.500000000000004 1.0000000180025095e-35 25.500000000000004 18.500000000000004 0.46565000000000006 2.5000000000000004 1.0000000180025095e-35 5351.4450000000006 24.500000000000004 818.6450000000001 0.65015000000000012 0.36705000000000004 0.38920000000000005 2976.7300000000005 2.5000000000000004 0.016750000000000004
decision_type=2 2 2 2 2 2 2 2 2 2 2 2 2 2 2 2 2 2 2
left_child=9 2 6 4 10 14 8 -6 -2 16 -3 -8 15 -14 -5 -4 -1 18 -11
right_child=1 3 12 5 7 -7 11 -9 -10 17 -12 -13 13 -15 -16 -17 -18 -19 -20
leaf_value=0.034736612241086783 0.035711661425667826 0.031685677421663276 -0.039617386337290027 0.0215378071898716 0.0041996546788053363 -0.057050863050775551 -0.031470848347768941 0.040722454837778088 0.0061439195556646786 -0.030706605204824624 -0.014102554318347752 -0.0020724729589113467 -0.0047905789887361765 -0.040872556577475745 0.049087357776736097 -0.0085167580141715746 -0.0065114714193442048 -0.043761241912458004 0.0051434932799878583
leaf_weight=5.6085138991475096 48.444262351840734 8.706265199929474 58.665174186229706 152.23355621099472 130.12813099846244 8.1883272305130941 49.198520004749298 46.840967485681176 213.60815927945077 6.1125097237527353 234.59574819728732 45.551423087716103 72.490334752947092 18.183340707793832 23.801170684397221 12.898000504821537 8.8041956704109889 27.687383789569139 4.7415536493062973
leaf_count=37 315 47 300 953 780 40 259 268 1083 68 1300 219 378 96 216 68 69 315 53
internal_value=-6.09639e-05 0.00109975 -0.00446369 0.00589216 -0.00100303 0.0215178 0.00391948 0.0142696 0.0118769 -0.0240136 -0.0121783 -0.0177758 -0.0227846 -0.0128601 0.0258285 -0.0345319 0.0112073 -0.0373344 -0.0159041
internal_weight=1176.49 1123.53 519.039 604.494 420.271 184.223 356.802 176.969 262.052 52.9542 243.302 94.7499 162.237 90.6737 176.035 71.5632 14.4127 38.5414 10.8541
internal_count=6864 6322 2718 3604 2395 1209 1876 1048 1398 542 1347 478 842 474 1169 368 106 436 121
is_linear=0
shrinkage=0.05


Tree=75
num_leaves=21
num_cat=0
split_feature=25 23 10 0 9 13 2 2 18 2 0 20 2 24 3 25 9 11 24 2
split_gain=12.7247 16.9214 12.1163 12.148 25.4088 21.2945 19.2145 18.2541 13.0292 12.3402 7.93872 4.83473 5.92694 5.60301 3.06846 2.37485 1.41788 1.69219 1.27555 0.953089
threshold=11.500000000000002 3.5000000000000004 1.0000000180025095e-35 4790.9950000000008 0.012250000000000002 1.0000000180025095e-35 22.500000000000004 18.500000000000004 3474.3250000000003 6.5000000000000009 12976.250000000002 -0.44554999999999995 6.5000000000000009 20.500000000000004 2.5000000000000004 14.500000000000002 0.058350000000000006 102.50000000000001 30.500000000000004 19.500000000000004
decision_type=2 2 2 2 2 2 2 2 2 2 2 2 2 2 2 2 2 2 2 2
left_child=2 11 10 4 7 6 -5 -4 -6 -7 14 18 -13 -14 -1 -3 17 -12 19 -2
right_child=1 15 3 5 8 9 -8 -9 -10 -11 16 12 13 -15 -16 -17 -18 -19 -20 -21
leaf_value=-0.012245873515675035 0.059054806721156351 -0.040266959868238375 0.008555518377960751 -0.012514245219212608 -0.041821080637156054 -0.01779953950352945 0.016307319993745323 -0.017909406397695789 -0.010953486820911211 0.018649212547711239 -0.0042284017773265839 -0.012492858051207339 0.00029026929057986145 0.034854031822866942 0.032985228632075696 -0.004986431417126143 -0.0069430715529339611 -0.044735604312197468 0.016840152036770317 0.019982417171972442
leaf_weight=6.036962475627659 12.78206048533321 9.2577703222632426 237.06321996822953 211.98103227652609 57.713717060163617 23.955568946897984 77.129758559167385 87.506468169391155 87.627598188817501 229.12700256705284 3.9206475876271751 12.505132313817738 18.090183924883604 34.935037061572075 5.0006696600466967 10.697020586580036 5.3124066330492488 27.63634073920548 7.7364250235259524 5.9594657681882373
leaf_count=56 85 46 1241 1169 306 123 510 438 451 1378 47 74 119 268 30 56 59 319 48 41
internal_value=-6.27077e-05 0.0158059 -0.00177485 -0.000577655 -0.00645614 0.00450377 -0.00473159 0.00132377 -0.0236799 0.0150474 -0.0258301 0.0248693 0.016466 0.0236831 0.00939581 -0.023987 -0.0365739 -0.0405529 0.0426984 0.0502374
internal_weight=1171.97 111.963 1060.01 1012.1 469.911 542.193 289.111 324.57 145.341 253.083 47.907 92.0083 65.5304 53.0252 11.0376 19.9548 36.8694 31.557 26.478 18.7415
internal_count=6864 737 6127 5616 2436 3180 1679 1679 757 1501 511 635 461 387 86 102 425 366 174 126
is_linear=0
shrinkage=0.05


Tree=76
num_leaves=17
num_cat=0
split_feature=25 23 18 21 21 22 25 25 14 20 29 1 28 25 0 14
split_gain=12.5628 12.1958 21.1585 18.1231 11.4333 18.3743 15.4967 12.9737 9.78171 8.37408 8.08206 7.93208 7.36456 7.0549 3.42091 2.24596
threshold=1.0000000180025095e-35 1.5000000000000002 8437.1100000000024 26941.000000000004 1099.0000000000002 1.5000000000000002 1.5000000000000002 14.500000000000002 0.64560000000000006 -0.58344999999999991 4.5000000000000009 1.5000000000000002 4.5000000000000009 1.5000000000000002 1806.1000000000001 0.10505000000000002
decision_type=2 2 2 2 2 2 2 2 2 2 2 2 2 2 2 2
left_child=-1 2 11 12 5 15 9 -8 -7 -6 -5 14 -4 -13 -2 -3
right_child=1 4 3 10 6 8 7 -9 -10 -11 -12 13 -14 -15 -16 -17
leaf_value=-0.045593131140324317 0.035301561594916306 0.0023999891576838659 0.0025085093034623363 -0.0067906191851974957 -0.023621187020470766 -0.014742089590339761 -0.019907723181189579 0.021532529772617208 0.015475298875267602 0.027056317731364261 0.017964369299894877 0.0025425020947074375 0.027958301190296065 -0.011990810566386505 -0.0031661660035154009 0.039325522467954149
leaf_weight=12.961909395642577 15.63047990947962 5.6625633388757697 36.101063799113035 109.99534430541098 8.7265335880219919 79.768824722617865 228.69457601383328 18.7204829454422 37.705317806452513 33.12051809579134 44.698982506990433 141.62422319874167 159.00096837058663 196.17730641923845 7.4693030267953864 31.930190198123455
leaf_count=280 119 28 246 599 46 428 1258 104 247 185 239 783 1057 1033 41 171
internal_value=-6.2795e-05 0.000517439 0.00458336 0.0133182 -0.00595493 0.00491333 -0.0118092 -0.0165846 -0.00486291 0.0156649 0.000436519 -0.00388188 0.0233731 -0.00588915 0.0232035 0.0344182
internal_weight=1167.99 1155.03 710.698 349.796 444.329 155.067 289.262 247.415 117.474 41.8471 154.694 360.901 195.102 337.802 23.0998 37.5928
internal_count=6864 6584 4117 2141 2467 874 1593 1362 675 231 838 1976 1303 1816 160 199
is_linear=0
shrinkage=0.05


Tree=77
num_leaves=23
num_cat=0
split_feature=24 23 0 17 21 9 18 17 25 2 2 0 23 10 20 23 25 18 25 17 16 0
split_gain=12.356 15.018 10.8825 9.66397 11.1213 11.3994 11.8368 9.39317 8.62639 8.20472 13.034 11.3801 7.46425 7.24033 6.11998 4.95337 4.09657 3.92216 3.87038 2.99382 2.6992 0.211101
threshold=13.500000000000002 2.5000000000000004 114.26500000000001 187096.66500000001 132683.00000000003 0.046250000000000006 2770.1950000000002 1348187.8000000003 1.5000000000000002 24.500000000000004 18.500000000000004 29101.140000000003 1.5000000000000002 16.500000000000004 -0.27684999999999993 1.5000000000000002 2.5000000000000004 48340.040000000008 3.5000000000000004 14832.735000000002 1.5000000000000002 65.140000000000015
decision_type=2 2 2 2 2 2 2 2 2 2 2 2 2 2 2 2 2 2 2 2 2 2
left_child=1 2 20 4 5 13 -7 12 17 10 -4 -11 14 -2 -5 -10 -14 -6 -3 -20 21 -1
right_child=3 18 9 7 8 6 -8 -9 15 11 -12 -13 16 -15 -16 -17 -18 -19 19 -21 -22 -23
leaf_value=-0.024066210605520819 -0.01321584942725066 -0.0048428043891957304 -0.00065699166809433788 0.031990557086451786 -0.0032174012690671955 -0.030721162241589897 0.0068489701209260168 0.032035055634358753 -0.007248385082802772 -0.0027142834459537757 -0.024251141019875744 0.028138589172907642 0.0011403392338306618 0.020001062081254951 -0.019512526142282563 -0.038441436353817242 -0.032809112112755806 0.027548519165876618 -0.0099015613903049218 -0.053287679653978043 -0.0090819799594335972 -0.055637831731122779
leaf_weight=7.8540773726999822 15.887805534526704 9.3759110048413259 348.73793003056198 10.633879687637092 21.805502150207758 23.772470634430647 110.33127302117646 9.3541082702577096 35.133945431560278 70.436861738562584 68.611124385148287 48.88583966344595 10.221180491149424 239.65926244482398 8.5842800885438901 20.196716222912073 42.765164390206337 16.360964281484485 6.8526287898421314 20.543160900473595 10.086477648466824 8.2496056817471963
leaf_count=41 146 56 2065 67 140 131 697 60 178 378 387 335 60 1356 62 116 231 102 38 120 52 46
internal_value=-5.2105e-05 -0.00505091 -0.00294723 0.00523732 0.00793866 0.0116549 -9.11563e-05 -0.0104526 -0.00736367 -0.00133215 -0.00465682 0.010099 -0.0168067 0.0178105 0.00884331 -0.0197527 -0.0262751 0.0104372 -0.0351808 -0.0441875 -0.0332451 -0.0451519
internal_weight=1164.34 599.634 562.862 564.707 483.148 389.651 134.104 81.5586 93.4971 536.672 417.349 119.323 72.2045 255.547 19.2182 55.3307 52.9863 38.1665 36.7717 27.3958 26.1902 16.1037
internal_count=6864 3518 3304 3346 2866 2330 828 480 536 3165 2452 713 420 1502 129 294 291 242 214 158 139 87
is_linear=0
shrinkage=0.05


Tree=78
num_leaves=20
num_cat=0
split_feature=4 7 9 13 8 12 1 23 8 2 11 10 14 7 10 22 27 28 21
split_gain=12.2603 17.035 28.4871 19.0405 19.603 17.1083 14.3994 9.30714 7.76856 7.55676 5.53013 4.71498 4.37387 4.35239 3.43935 2.92986 2.26515 1.3951 0.891104
threshold=1.0000000180025095e-35 4.5000000000000009 0.40335000000000004 1.0000000180025095e-35 0.15760000000000005 1.0000000180025095e-35 1.5000000000000002 2.5000000000000004 0.16005000000000003 19.500000000000004 1804.5000000000002 689.50000000000011 0.12430000000000001 2.5000000000000004 846.50000000000011 1.0000000180025095e-35 7.5000000000000009 16.500000000000004 46.500000000000007
decision_type=2 2 2 2 2 2 2 2 2 2 2 2 2 2 2 2 2 2 2
left_child=1 3 6 11 14 -6 9 -8 12 -3 16 17 -2 -13 -5 -4 -10 -1 -17
right_child=8 2 15 4 5 -7 7 -9 10 -11 -12 13 -14 -15 -16 18 -18 -19 -20
leaf_value=-0.028565768907800354 -0.033901745450907912 0.035580280706478958 0.0073505632422860307 -0.029939083235514575 0.01269028321218978 -0.031605375397258439 0.0011348333355803151 -0.015334001029068492 0.049027544473518772 -0.014807361831466968 -0.0064891081393209735 -0.024139810252910614 0.013706358578849658 0.013549857616460293 0.0032718692402762713 0.020315885461994254 0.01518085496567341 -0.049370311968224903 0.056141364204706869
leaf_weight=50.651997288689017 6.3610167503356925 39.071712918579578 5.8828222304582587 56.910171966999769 145.60882663354278 23.542089368216693 590.23383255116642 98.211183443665504 24.560560394078493 7.6041558869183055 6.4310403764247885 18.335707711055878 9.2959221526980382 10.292349137365816 7.9442291110754004 6.2382613308727768 10.204626582562922 19.784738928079605 24.266822528094053
leaf_count=290 33 287 32 339 775 235 3406 513 160 44 40 99 59 58 43 66 60 114 211
internal_value=-6.91666e-05 -0.00126029 0.00281127 -0.0106818 -0.00277642 0.00616959 0.000603129 -0.00123768 0.0221592 0.0268949 0.0331688 -0.028832 -0.00671844 -0.0102632 -0.0257452 0.0448049 0.0407308 -0.0357493 0.0508235
internal_weight=1161.43 1104.58 771.509 333.07 234.005 169.151 735.121 688.445 56.8532 46.6759 41.1962 99.0648 15.6569 28.6281 64.8544 36.3879 34.7652 70.4367 30.5051
internal_count=6864 6512 4559 1953 1392 1010 4250 3919 352 331 260 561 92 157 382 309 220 404 277
is_linear=0
shrinkage=0.05


Tree=79
num_leaves=15
num_cat=0
split_feature=25 24 23 18 12 17 18 25 9 10 15 20 17 9
split_gain=11.8422 11.4078 12.3954 18.739 11.7139 10.6927 17.5731 10.5727 6.72421 5.34961 3.02349 4.11652 1.87533 2.56699
threshold=1.0000000180025095e-35 49.500000000000007 1.5000000000000002 8437.1100000000024 1.0000000180025095e-35 196390.33000000005 1131288.9500000002 17.500000000000004 0.083100000000000021 349.50000000000006 1.0000000180025095e-35 -0.43069999999999992 3432.3150000000005 0.17855000000000001
decision_type=2 2 2 2 2 2 2 2 2 2 2 2 2 2
left_child=-1 2 3 8 -5 7 -7 -4 -2 12 11 -11 -3 -14
right_child=1 9 5 4 -6 6 -8 -9 -10 10 -12 -13 13 -15
leaf_value=-0.045152746902926706 -0.0018604744942962385 -0.016062853175649552 -0.0057892435689720174 0.014437166745046187 -0.021215470998215587 -0.032355284782113435 0.039333990029940188 0.033514889498212179 -0.021863785210998122 -0.011554223254814408 0.046947568908128436 0.029002773162779882 0.027556622561964714 -0.010169264343205553
leaf_weight=12.387245685793458 302.39398150518537 8.30619825422764 305.51214809902012 308.97943242639303 22.921385621652007 69.752819161862135 7.8717582970857611 16.08464378491044 47.201020028442144 7.3207023963332203 16.638241555541754 18.336804900318384 8.0013648532330972 6.2527914308011523
leaf_count=280 1667 45 1687 1852 186 393 48 113 256 34 118 97 51 37
internal_value=-6.45549e-05 0.000492119 -0.000737533 0.00334882 0.0118327 -0.00772004 -0.0241544 -0.00359756 -0.0046987 0.0205409 0.0306384 0.0170706 0.000249673 0.0111774
internal_weight=1157.96 1145.57 1080.72 681.496 331.901 399.221 77.6246 321.597 349.595 64.8561 42.2957 25.6575 22.5604 14.2542
internal_count=6864 6584 6202 3961 2038 2241 441 1800 1923 382 249 131 133 88
is_linear=0
shrinkage=0.05


Tree=80
num_leaves=21
num_cat=0
split_feature=21 24 23 25 22 24 23 20 27 24 18 13 25 18 25 0 10 18 18 10
split_gain=11.4116 9.2443 9.17386 8.60821 9.07639 8.33704 7.41417 6.44124 6.12258 6.37833 5.95225 5.13016 5.79998 4.34085 4.52151 3.69489 3.55071 3.26947 2.1338 0.321802
threshold=16368.500000000002 50.500000000000007 4.5000000000000009 9.5000000000000018 1.5000000000000002 19.500000000000004 2.5000000000000004 -0.40484999999999993 4.5000000000000009 6.5000000000000009 2247.1300000000006 1.0000000180025095e-35 1.5000000000000002 1169.8950000000002 8.5000000000000018 97993.180000000008 349.50000000000006 77024.505000000019 188893.77000000005 352.50000000000006
decision_type=2 2 2 2 2 2 2 2 2 2 2 2 2 2 2 2 2 2 2 2
left_child=1 2 3 4 -1 6 8 -5 10 -10 -2 13 17 -7 -15 -14 -3 -13 -18 -8
right_child=5 16 -4 7 -6 11 19 -9 9 -11 -12 12 15 14 -16 -17 18 -19 -20 -21
leaf_value=0.0060329167419229729 -0.039834427717254282 0.0026806123294429215 -0.033825687179666705 0.034060222773731233 -0.0070997025362705525 0.026970765154590307 -0.021275377843750054 0.0062784546143356589 -0.014026644073201014 0.0057444896945075524 -0.011395432249813263 0.011738106766725681 0.011201182749405438 -0.012480781339866527 0.01190461629859879 -0.022293608802291909 0.047083065501967121 0.054419054789606673 0.0072597281073220115 -0.051258622695129041
leaf_weight=356.65561143122613 23.279767075553536 10.501479182392357 14.830250557512043 34.853434335440397 205.48652394488454 8.422671737149356 7.7942260093987015 53.364843325689435 69.708909834735096 92.065220706164837 86.014060905203223 11.136912785470487 28.426048446446657 78.909008039161563 22.721778772771358 9.2327192034572345 17.512562490999702 9.1859887782484275 5.8236389942467204 9.2791752591729146
leaf_count=2068 144 67 77 233 1223 48 57 404 414 536 492 74 143 424 125 70 116 57 40 52
internal_value=-6.03456e-05 0.00394166 0.00258426 0.00353101 0.00120652 -0.00620513 -0.0113461 0.0178771 -0.00910192 -0.00278114 -0.0181498 0.00258139 0.0143931 -0.00369821 -0.00680786 0.00202704 0.0287134 0.0346251 0.0388973 -0.0417613
internal_weight=1155.2 699.028 665.191 650.36 562.142 456.176 288.141 88.2183 271.068 161.774 109.294 168.035 57.9817 110.053 101.631 37.6588 33.8377 20.3229 23.3362 17.0734
internal_count=6864 4228 4005 3928 3291 2636 1695 637 1586 950 636 941 344 597 549 213 223 131 156 109
is_linear=0
shrinkage=0.05


Tree=81
num_leaves=16
num_cat=0
split_feature=25 3 3 2 3 3 3 15 24 20 21 6 2 25 8
split_gain=11.2676 11.0482 9.61932 8.66604 23.0118 14.9186 6.98946 6.6215 6.72918 6.21117 5.01218 3.0357 3.99608 2.10647 1.69367
threshold=1.0000000180025095e-35 3.5000000000000004 1.5000000000000002 24.500000000000004 1.0000000180025095e-35 1.0000000180025095e-35 4.5000000000000009 6.5000000000000009 38.500000000000007 0.85535000000000017 17035.500000000004 6.5000000000000009 18.500000000000004 10.500000000000002 0.061850000000000009
decision_type=2 2 2 2 2 2 2 2 2 2 2 2 2 2 2
left_child=-1 2 3 4 -2 -5 9 8 -4 10 -3 12 -8 -9 -11
right_child=1 6 7 5 -6 -7 11 13 -10 14 -12 -13 -14 -15 -16
leaf_value=-0.044776893935211309 -0.010198097168516076 0.015014216656130924 -0.0099722066147063283 0.030604092482099249 0.024862720909483278 -0.024048526445833045 -0.00010110154072449168 0.036125991489890361 0.0079957995612241189 0.038405513113634875 -0.0010761411800420209 0.015594433467993732 -0.026503633110593706 0.0057752185141405525 0.010031673701338215
leaf_weight=11.919353200122712 162.83281809277833 126.90302083082497 446.34665445610881 57.882920864969492 63.349356295540929 13.968279678374527 42.981345150619745 7.6739298552274731 56.828428220003843 25.339281298220158 75.318303037434816 13.07319290935993 20.10814356058836 19.008910246193409 10.031764939427374
leaf_count=280 856 1011 2354 312 382 66 228 45 282 238 435 70 105 114 86
internal_value=-5.47214e-05 0.000480945 -0.00253935 0.00460759 -0.00020255 0.0194804 0.00844773 -0.00658035 -0.00789949 0.0126584 0.00902047 -0.00454739 -0.00922566 0.016763 0.0315934
internal_weight=1153.57 1141.65 827.891 298.033 226.182 71.8512 313.755 529.858 503.175 237.592 202.221 76.1627 63.0895 26.6828 35.371
internal_count=6864 6584 4411 1616 1238 378 2173 2795 2636 1770 1446 403 333 159 324
is_linear=0
shrinkage=0.05


Tree=82
num_leaves=26
num_cat=0
split_feature=1 1 0 21 24 0 9 18 18 23 25 7 20 9 9 0 8 21 17 8 14 20 21 8 19
split_gain=10.8082 9.99582 11.9535 9.23821 10.8897 8.89219 11.4052 10.2388 7.14476 6.76988 7.93023 6.52644 6.59009 4.75704 4.26295 6.39471 4.02698 2.75707 2.64208 2.12993 2.18232 2.10421 1.99875 1.97478 0.176276
threshold=10.500000000000002 4.5000000000000009 467190.23000000004 146429.50000000003 36.500000000000007 451.20000000000005 0.014650000000000002 301448.84500000003 78576.580000000016 2.5000000000000004 8.5000000000000018 4.5000000000000009 -0.40994999999999993 0.077650000000000011 0.08950000000000001 2976.7300000000005 0.052950000000000004 367174.50000000006 933.13000000000011 0.30340000000000006 0.089850000000000013 -0.43664999999999993 303.50000000000006 0.17225000000000004 11.193300000000002
decision_type=2 2 2 2 2 2 2 2 2 2 2 2 2 2 2 2 2 2 2 2 2 2 2 2 2
left_child=1 2 5 4 9 6 -1 -7 19 10 -2 12 -3 21 15 -13 -15 -10 -11 20 -5 -6 -4 -14 -24
right_child=3 11 22 8 13 7 -8 -9 17 18 -12 14 23 16 -16 -17 -18 -19 -20 -21 -22 -23 24 -25 -26
leaf_value=-0.0012833571365819458 -0.0067895154687929145 0.021589786951104129 -0.0050906895518704268 -0.04647611086414169 0.007461870775142581 0.0069439178214735532 -0.041210435908801288 -0.017296533592222024 -0.010532048941301678 0.0051876282568198906 0.021180183543395278 0.034483027913575902 -0.040811897320184289 0.022543191304870577 0.043931579678934768 0.005251381498535131 -0.024176964007471921 0.026474655189701858 -0.029931389144767319 -0.0053227007355420124 -0.016422865861971489 0.039318545711647571 -0.050522353591114337 -0.0070398224667496991 -0.018764762813230033
leaf_weight=66.962857540696859 219.21605609264225 13.79129523038864 5.7682008016854551 26.580104285851121 9.3864447362720949 465.90926525183022 22.757642744109035 45.931019820272923 11.711220582947137 5.070833157747983 26.546408422291279 28.980759328231215 6.1454138122499016 6.2890589199960223 17.678957398980856 52.083333486691117 8.2963279560208303 5.8775696959346524 35.627267876639962 7.2968490505591026 13.143783668987451 19.700961805880073 9.8182226084172708 13.612918011844156 5.3757848627865306
leaf_count=376 1298 72 60 161 45 2756 112 264 78 28 174 149 34 52 144 334 43 35 205 50 96 105 66 78 49
internal_value=-4.46064e-05 0.00345092 0.000762616 -0.00673755 -0.00325395 0.00212291 -0.0121977 0.00469033 -0.0237553 -0.00685323 -0.00358138 0.0158269 -0.00285267 0.019402 0.0222035 0.0164009 -0.00313964 0.00276427 -0.0252835 -0.0335874 -0.0380357 0.0305016 -0.0346236 -0.0207894 -0.0433575
internal_weight=1149.56 754.816 622.523 394.743 330.133 601.561 89.7205 511.84 64.6095 286.461 245.762 132.293 33.5496 43.6728 98.7431 81.0641 14.5854 17.5888 40.6981 47.0207 39.7239 29.0874 20.9622 19.7583 15.194
internal_count=6864 4494 3683 2370 1950 3508 488 3020 420 1705 1472 811 184 245 627 483 95 113 233 307 257 150 175 112 115
is_linear=0
shrinkage=0.05


Tree=83
num_leaves=20
num_cat=0
split_feature=4 7 9 13 8 10 1 24 0 0 0 8 10 10 7 17 29 21 0
split_gain=11.1489 14.3581 25.5647 16.919 17.7261 15.4851 12.669 11.0924 9.22778 7.49922 7.33096 8.57852 5.21959 4.40705 3.9981 3.2729 2.16084 1.08594 0.803896
threshold=1.0000000180025095e-35 4.5000000000000009 0.40335000000000004 1.0000000180025095e-35 0.25070000000000009 40.500000000000007 1.5000000000000002 42.500000000000007 692.92000000000007 10314.525000000003 2224.0100000000007 0.16005000000000003 758.50000000000011 689.50000000000011 2.5000000000000004 4057.2100000000005 5.5000000000000009 46.500000000000007 76868.49500000001
decision_type=2 2 2 2 2 2 2 2 2 2 2 2 2 2 2 2 2 2 2
left_child=1 3 6 13 8 -6 9 -8 -5 -3 -2 -12 18 16 -15 -4 -1 -17 -13
right_child=10 2 15 4 5 -7 7 -9 -10 -11 11 12 -14 14 -16 17 -18 -19 -20
leaf_value=-0.037351982029221437 -0.0081313840041244406 0.033253505032277635 0.0073783820742103256 -0.045798092214508333 -0.033641582305213018 0.017596111865043878 -0.0032041323633895213 0.019315893180360588 -0.0092829902392713645 -0.021320609560400057 -0.0050150060868109393 0.060628506106178419 0.00060915754455634049 -0.022634735385659754 0.013618353624913891 0.018760866695306109 -0.0074982115129292176 0.056297167241364493 0.022608374981962814
leaf_weight=60.079931987449527 14.401462540030478 39.625561144202948 6.7315325289964667 20.327640572562814 15.090296394191681 105.77199118025601 624.46055962145329 57.857693886384368 89.935640933923423 5.7713665291666976 10.98793003335595 18.559345901012428 6.0523773916065684 18.101480759680275 10.200201103463767 5.9569942727685001 8.9587751701474172 22.096612457185984 6.1369956918060771
leaf_count=350 69 298 37 118 180 564 3583 336 530 33 69 125 37 99 58 66 54 206 52
internal_value=-5.2065e-05 -0.00119553 0.00256079 -0.00990844 -0.00242177 0.0106739 0.000489846 -0.00122904 -0.0167998 0.0254976 0.0212744 0.0315575 0.04444 -0.0271775 -0.0092023 0.0432315 -0.033939 0.0504382 0.0539567
internal_weight=1147.1 1090.97 762.5 328.466 231.126 120.862 727.715 682.318 110.263 45.3969 56.1381 41.7366 30.7487 97.3404 28.3017 34.7851 69.0387 28.0536 24.6963
internal_count=6864 6512 4559 1953 1392 744 4250 3919 648 331 352 283 214 561 157 309 404 272 177
is_linear=0
shrinkage=0.05


Tree=84
num_leaves=20
num_cat=0
split_feature=4 7 9 13 8 12 1 23 2 8 17 11 10 7 17 11 29 21 10
split_gain=10.2598 13.1538 23.9102 15.4424 16.5788 14.5036 11.6204 8.10362 7.10752 6.64837 5.7054 5.14217 4.0758 3.66991 3.15495 2.1607 1.98266 1.03949 0.900299
threshold=1.0000000180025095e-35 4.5000000000000009 0.40335000000000004 1.0000000180025095e-35 0.15760000000000005 1.0000000180025095e-35 1.5000000000000002 1.5000000000000002 19.500000000000004 0.16005000000000003 4255.7000000000016 1804.5000000000002 689.50000000000011 2.5000000000000004 4057.2100000000005 680.50000000000011 5.5000000000000009 46.500000000000007 750.50000000000011
decision_type=2 2 2 2 2 2 2 2 2 2 2 2 2 2 2 2 2 2 2
left_child=1 3 6 12 10 -6 8 -8 -3 15 -5 18 16 -14 -4 -2 -1 -16 -11
right_child=9 2 14 4 5 -7 7 -9 -10 11 -12 -13 13 -15 17 -17 -18 -19 -20
leaf_value=-0.035918736634846994 -0.024377561210061696 0.033388164238406015 0.0070989497526416914 -0.036387184145862728 0.011841197408781633 -0.029684511643807879 0.0030374664188542728 -0.0081768799828792361 -0.015726642063989927 0.042499416410902491 -0.0054964962280870727 -0.0073678309617495278 -0.021699772307007037 0.013020637644577849 0.018240680286304264 0.0089051645961108154 -0.0072032079804976255 0.055307150904533281 0.012637353883813131
leaf_weight=59.449547026306391 6.8070435822010031 37.202317502349615 6.725556679069995 35.925464197993279 144.50737970322371 22.512642058543861 426.31696370337158 255.77892294898629 7.5062719210982314 27.627143785357475 27.442588593810797 6.3242862895131102 18.025483146309856 10.226152392104266 5.8795610461384085 8.7141160815954191 8.9417460169643146 21.420579042285681 6.2421684302389613
leaf_count=350 39 287 37 222 775 235 2526 1393 44 181 160 40 99 58 66 53 54 206 39
internal_value=-4.34519e-05 -0.00114001 0.00245606 -0.00950068 -0.00234373 0.00589976 0.000470034 -0.00116479 0.0246077 0.0204918 -0.0237399 0.0308569 -0.0260674 -0.00877163 0.0422198 -0.00623722 -0.0326178 0.0494555 0.0382861
internal_weight=1143.58 1087.86 760.83 327.031 230.388 167.02 726.804 682.096 44.7086 55.7148 63.3681 40.1936 96.6429 28.2516 34.0257 15.5212 68.3913 27.3001 33.8693
internal_count=6864 6512 4559 1953 1392 1010 4250 3919 331 352 382 260 561 157 309 92 404 272 220
is_linear=0
shrinkage=0.05


Tree=85
num_leaves=24
num_cat=0
split_feature=24 23 17 21 9 18 17 17 22 15 23 24 12 23 20 21 21 27 20 14 22 19 19
split_gain=10.4298 12.5905 8.03861 9.25379 8.79175 9.81 7.63042 7.00457 13.4123 11.8749 6.07043 8.42469 5.99061 5.49427 5.67586 4.46279 3.68249 9.44809 3.65091 3.48403 2.49905 2.17556 0.182784
threshold=13.500000000000002 2.5000000000000004 187096.66500000001 132683.00000000003 0.046250000000000006 2770.1950000000002 1348187.8000000003 791.50000000000011 1.0000000180025095e-35 1.0000000180025095e-35 1.5000000000000002 7.5000000000000009 1.0000000180025095e-35 1.5000000000000002 -0.27684999999999993 43361.000000000007 226113.50000000003 6.5000000000000009 -0.5472499999999999 0.64560000000000006 1.5000000000000002 0.7309500000000001 0.16055000000000003
decision_type=2 2 2 2 2 2 2 2 2 2 2 2 2 2 2 2 2 2 2 2 2 2 2
left_child=1 7 3 4 12 -6 13 8 9 -1 15 -12 -2 14 -4 -9 17 -5 -18 -15 -3 -10 -22
right_child=2 20 6 16 5 -7 -8 10 21 -11 11 -13 -14 19 -16 -17 18 -19 -20 -21 22 -23 -24
leaf_value=-0.0074445091637731636 0.0181148473540119 -0.010828425075846533 0.029662569213015008 -0.040756362654019822 -0.027856305069260692 0.0067466496272715519 0.029440223147667133 0.010567128314619012 -0.015120081789199264 0.043776682006752124 -0.023931914025975456 0.0077334569938228605 -0.014400302630835816 -0.028803522036891016 -0.020437823645313335 -0.0096893227856259395 -0.024137760148790818 0.0093431236261270739 0.0070300256768744008 0.0058308932222729233 -0.04803502863455212 -0.057533477662190594 -0.020862220041429631
leaf_weight=242.48822551779449 237.09627630934119 12.186195507645605 10.298322312533857 19.35490071028471 23.21648639626801 107.00593940541148 8.9086454845964891 170.76517240703106 7.0048749893903759 9.8435708954930288 41.325860992074013 38.683923281729221 13.273084256798027 44.182724073529243 8.4029227253049594 30.137411292642355 9.5560609307140094 15.246271204203365 47.694534797221422 7.3532858304679385 15.834961526095869 13.067978611215947 7.346434958279132
leaf_count=1505 1373 72 67 117 131 697 60 1028 34 51 240 210 129 249 62 167 51 86 282 42 97 69 45
internal_value=-3.93065e-05 -0.00466915 0.00488286 0.00736746 0.0108059 0.000173849 -0.00964124 -0.00274202 -0.00843532 -0.00507849 0.0027641 -0.00868486 0.016251 -0.0154145 0.00686851 0.00741362 -0.0066999 -0.0191036 0.00101968 -0.0236418 -0.0327906 -0.0458965 -0.0421617
internal_weight=1140.27 588.685 551.589 472.444 380.592 130.222 79.1459 553.317 272.405 252.332 280.912 80.0098 250.369 70.2373 18.7012 200.903 91.8518 34.6012 57.2506 51.536 35.3676 20.0729 23.1814
internal_count=6864 3518 3346 2866 2330 828 480 3304 1659 1556 1645 450 1502 420 129 1195 536 203 333 291 214 103 142
is_linear=0
shrinkage=0.05


Tree=86
num_leaves=14
num_cat=0
split_feature=25 10 8 13 8 9 2 13 19 1 0 9 19
split_gain=10.4958 9.24573 9.8357 24.2611 16.5842 19.7103 10.5539 9.04377 5.95555 3.79436 2.53235 1.02034 1.95076
threshold=1.0000000180025095e-35 1.0000000180025095e-35 0.46565000000000006 1.0000000180025095e-35 1.0000000180025095e-35 0.40335000000000004 16.500000000000004 1.0000000180025095e-35 1.0452000000000001 7.5000000000000009 2976.7300000000005 0.0082500000000000021 4.8703500000000011
decision_type=2 2 2 2 2 2 2 2 2 2 2 2 2
left_child=-1 7 4 9 5 -3 -6 10 -5 -4 -2 -9 -13
right_child=1 2 3 8 6 -7 -8 11 -10 -11 -12 12 -14
leaf_value=-0.044259524477793064 0.03340378821678501 0.0018166439932947585 -0.0063292058364151499 0.036284599416805827 -0.032410435547274262 0.04069749337952857 -0.0061269060916578702 -0.041139491682378779 0.0038690733519887721 -0.045119256548683137 -0.0049039591235158419 -0.029390870130019644 0.0060703896272395873
leaf_weight=11.276813504286109 5.477429896593093 687.8127053771168 15.327039249241352 62.31514647975564 45.952312082052231 32.285505939275026 203.42671414464712 21.460653470829129 19.754287976771593 10.838159523904324 8.3356111198663694 8.3453950602561218 4.6258548833429805
leaf_count=280 36 3787 87 326 245 303 1147 242 118 60 68 102 63
internal_value=-5.52459e-05 0.000456301 0.00143983 0.0155931 -0.000158838 0.0036816 -0.0112292 -0.0204978 0.0288787 -0.0248148 0.0119578 -0.0337341 -0.0169551
internal_weight=1137.23 1125.96 1077.71 108.235 969.477 720.098 249.379 48.2449 82.0694 26.1652 13.813 34.4319 12.9712
internal_count=6864 6584 6073 591 5482 4090 1392 511 444 147 104 407 165
is_linear=0
shrinkage=0.05


Tree=87
num_leaves=16
num_cat=0
split_feature=25 3 0 2 3 1 17 10 3 20 1 3 0 6 10
split_gain=9.96088 9.44046 13.9137 11.0352 8.31162 9.37713 7.15916 6.8519 6.11877 5.96096 4.49227 3.29347 3.2924 4.31769 1.28222
threshold=1.0000000180025095e-35 3.5000000000000004 191570.41500000004 22.500000000000004 1.5000000000000002 1.5000000000000002 293931.27000000008 80.500000000000014 4.5000000000000009 0.85535000000000017 3.5000000000000004 1.0000000180025095e-35 94801.865000000005 8.5000000000000018 126.50000000000001
decision_type=2 2 2 2 2 2 2 2 2 2 2 2 2 2 2
left_child=-1 2 4 6 5 -2 -4 -6 9 10 -3 -5 13 -10 -11
right_child=1 8 3 11 7 -7 -8 -9 12 14 -12 -13 -14 -15 -16
leaf_value=-0.043858516008697182 0.03615461404262512 -0.0041696561022515032 -0.048188176723660769 0.024698854197354042 -0.0230254152063602 0.0035820136778667829 0.0032180497426583092 -0.0024097350069225299 -0.0049833048260512483 0.0097450791491150556 0.012710655297070127 -0.010741725041470333 -0.027206586997225831 0.030360068339913004 0.036521501120339576
leaf_weight=10.840287216007708 22.501468094065785 51.378953617066145 34.365917982533574 8.7029287368059176 42.709177326411009 246.18615713715553 7.5883701071143141 439.29986943677068 55.783948879688978 8.8914790935814363 147.1962890420109 14.693682912737129 11.097065456211565 8.1557517237961275 25.207640819251537
leaf_count=280 188 398 293 56 349 1239 43 2156 297 65 1048 87 63 43 259
internal_value=-6.16148e-05 0.000429155 -0.00237705 -0.0241499 -0.000409216 0.00659375 -0.0389394 -0.00434468 0.00787076 0.0118616 0.00829519 0.00295438 -0.00436093 0.00015733 0.0307432
internal_weight=1134.6 1123.76 816.048 65.3509 750.697 268.688 41.9543 482.009 307.711 232.674 198.575 23.3966 75.0368 63.9397 34.0991
internal_count=6864 6584 4411 479 3932 1427 336 2505 2173 1770 1446 143 403 340 324
is_linear=0
shrinkage=0.05


Tree=88
num_leaves=24
num_cat=0
split_feature=24 23 0 18 25 5 11 18 2 0 15 14 18 25 2 0 19 16 28 18 0 19 0
split_gain=9.48843 11.8335 10.2468 7.12125 7.40746 6.93169 6.86764 6.62063 8.97513 7.87489 5.90898 5.73541 4.12292 3.9339 3.34789 3.11367 3.00021 2.42103 2.13754 1.29465 1.25746 0.711057 0.230566
threshold=13.500000000000002 2.5000000000000004 114.26500000000001 155301.20000000004 17.500000000000004 1.0000000180025095e-35 1958.5000000000002 8437.1100000000024 18.500000000000004 215835.21000000005 1.5000000000000002 0.52845000000000009 675150.08000000019 3.5000000000000004 24.500000000000004 5703.7350000000015 0.086750000000000008 1.5000000000000002 12.500000000000002 34793.750000000007 18393.285000000003 0.13875000000000001 65.140000000000015
decision_type=2 2 2 2 2 2 2 2 2 2 2 2 2 2 2 2 2 2 2 2 2 2 2
left_child=1 2 17 4 7 14 11 8 -2 -9 -7 12 -5 -3 -4 -6 -13 22 -8 -15 -17 -21 -1
right_child=3 13 5 6 15 10 18 9 -10 -11 -12 16 -14 19 -16 20 -18 -19 -20 21 -22 -23 -24
leaf_value=-0.023049517856384219 0.0066339336248654873 -0.0017737328547156328 -0.033491775271757479 -0.010087794098629021 0.050148371712746789 -0.0020243416731617861 -0.0091330445758955794 0.013919919263788336 -0.019338533351673286 -0.015650833314972926 0.012683374771553063 0.042947833126887998 0.015287744599559901 -0.014131999514516089 0.0037606120015557065 -0.0071770218784126347 0.00077768987981585345 -0.0090588028572293287 -0.049494680609860314 -0.056912305308920066 0.021434894573093981 -0.02107085401515324 -0.054442838368337979
leaf_weight=7.6794487722218054 92.380171684548259 9.0673632994294149 21.244321644306186 84.35566437151283 12.146508973091843 415.79358896240592 7.4550304748117915 222.78804144822061 49.233141688629985 23.050719482824206 79.587423976510763 8.2264240179210919 17.533344861119986 6.7566484436392811 7.0181223340332499 3.9583637900650492 8.1524637639522535 9.8680037595331651 8.3708803355693799 12.477815609425308 9.2651500795036537 6.5452419742941848 7.9033762905746698
leaf_count=41 557 56 126 494 87 2499 46 1316 275 186 499 53 102 35 41 28 66 52 45 80 91 43 46
internal_value=-5.94612e-05 -0.00449314 -0.00262263 0.00465528 0.00790805 -0.00103784 -0.00525429 0.00606571 -0.00246956 0.011003 0.000359979 -0.000793388 -0.0054146 -0.0319537 -0.0242736 0.0331797 0.0248708 -0.0324138 -0.0342006 -0.0413169 0.0123956 -0.0482338 -0.0439221
internal_weight=1130.86 583.941 549.094 546.916 412.822 523.643 134.094 387.452 141.613 245.839 495.381 118.268 101.889 34.8471 28.2624 25.37 16.3789 25.4508 15.8259 25.7797 13.2235 19.0231 15.5828
internal_count=6864 3518 3304 3346 2540 3165 806 2334 832 1502 2998 715 596 214 167 206 119 139 91 158 119 123 87
is_linear=0
shrinkage=0.05


Tree=89
num_leaves=19
num_cat=0
split_feature=4 7 8 0 1 18 0 8 0 15 20 2 10 2 0 14 18 0
split_gain=9.0684 10.9409 10.9022 12.1718 8.71943 8.45523 6.88896 6.28899 6.24516 6.22303 6.99256 5.43969 4.68398 4.1318 4.00556 4.82708 1.8428 0.715201
threshold=1.0000000180025095e-35 4.5000000000000009 0.15760000000000005 302933.71500000003 1.5000000000000002 1801.4700000000003 2661.3850000000007 0.16005000000000003 10314.525000000003 5.5000000000000009 -0.30869999999999992 18.500000000000004 758.50000000000011 22.500000000000004 3852.1550000000002 0.13645000000000004 14995.005000000003 76868.49500000001
decision_type=2 2 2 2 2 2 2 2 2 2 2 2 2 2 2 2 2 2
left_child=1 2 14 5 8 -4 -2 -8 11 10 -6 -3 17 -11 16 -16 -1 -9
right_child=6 4 3 -5 9 -7 7 12 -10 13 -12 -13 -14 -15 15 -17 -18 -19
leaf_value=-0.044166231548109142 -0.0076553561952610013 0.038765434769567231 -0.017927246102659319 -0.046175345846691015 -0.0054396078472407775 0.0057294404643790514 -0.0023178807145681217 0.057543144841500596 -0.018414663463384391 0.0059433893982620591 0.0047706506421841509 -0.0095363112378886363 0 0.038507849973922738 -0.028820823383850825 0.00036007515048477163 -0.018699971583257185 0.020915562199718355
leaf_weight=23.099663944914937 15.518909990787504 31.749587131664157 46.728294528089464 13.015974476002155 337.56802921742201 165.71101990994066 10.33326395973563 17.094046864658601 6.0093824043869963 27.095084568485618 329.00473237875849 5.8300887867808333 5.9773717112839213 15.005397606641052 23.249452206306159 30.684131952002645 19.383611541241407 5.9471111744642249
leaf_count=135 76 265 299 125 1803 941 66 121 37 193 2061 33 37 167 146 194 113 52
internal_value=-7.30046e-05 -0.00110999 -0.00880105 -0.00266444 0.00218215 0.000360597 0.0193761 0.0301328 0.0233863 0.000801713 -0.00038591 0.0309161 0.041415 0.0189967 -0.0227031 -0.0126211 -0.0341349 0.0509142
internal_weight=1129.01 1074.13 321.872 225.455 752.262 212.439 54.8707 39.3518 43.5891 708.673 666.573 37.5797 29.0185 42.1005 96.4169 53.9336 42.4833 23.0412
internal_count=6864 6512 1953 1365 4559 1240 352 276 335 4224 3864 298 210 360 588 340 248 173
is_linear=0
shrinkage=0.05


Tree=90
num_leaves=16
num_cat=0
split_feature=25 23 16 24 19 25 0 25 2 18 25 0 19 28 22
split_gain=9.38526 8.92978 15.8379 10.0339 8.64483 8.00502 7.70737 6.5475 5.83385 5.30299 14.1675 8.22563 5.01262 2.78437 1.59547
threshold=1.0000000180025095e-35 1.5000000000000002 1.5000000000000002 5.5000000000000009 0.45255000000000006 5.5000000000000009 273778.40000000008 17.500000000000004 6.5000000000000009 5025.3350000000009 1.5000000000000002 136734.34500000003 0.32195000000000007 5.5000000000000009 1.0000000180025095e-35
decision_type=2 2 2 2 2 2 2 2 2 2 2 2 2 2 2
left_child=-1 2 9 13 7 12 -6 -5 -7 10 -2 -11 -4 -3 -15
right_child=1 3 5 4 6 8 -8 -9 -10 11 -12 -13 -14 14 -16
leaf_value=-0.043409595913040007 0.0044204471861594621 -0.0017673453130701228 0.017450002940204472 -0.010026784570484606 0.014089974256455029 0.00041160201769919368 -0.01493439790047261 0.02216362650731565 0.033012786173452192 0.0091449854701222116 -0.019051673611796285 -0.016488611321214694 -0.0013303906805371727 -0.0086802893498936686 -0.042282872045513287
leaf_weight=10.359911914914845 140.24427031539381 8.2705076020210964 61.686504207551479 246.29453823715448 101.29253913834691 17.870110405609012 27.308917731046677 14.834523417055605 68.625349618494511 171.34797117859125 115.01864368841052 36.078820634633303 77.760199196636677 6.4757171683013466 22.718329433351755
leaf_count=280 796 58 338 1301 619 114 215 95 592 904 636 254 483 38 141
internal_value=-7.13639e-05 0.000399013 0.00392643 -0.00525563 -0.00277947 0.0147184 0.00771567 -0.00800551 0.0265518 -0.00136267 -0.00618285 0.00452377 0.00703599 -0.0293145 -0.0361843
internal_weight=1126.19 1115.83 688.632 427.195 389.731 225.942 128.601 261.129 86.4955 462.69 255.263 207.427 139.447 37.4646 29.194
internal_count=6864 6584 4117 2467 2230 1527 834 1396 706 2590 1432 1158 821 237 179
is_linear=0
shrinkage=0.05


Tree=91
num_leaves=24
num_cat=0
split_feature=21 23 24 5 3 2 28 1 18 6 0 21 18 16 14 22 21 10 18 24 6 11 0
split_gain=8.47874 8.57213 10.3773 7.60732 7.2679 7.02227 9.9529 7.66689 7.13215 6.79458 6.59635 6.30683 6.19879 5.22998 7.24154 5.06791 10.8312 4.98882 3.16936 5.07452 4.25528 3.07737 2.54915
threshold=17035.500000000004 3.5000000000000004 27.500000000000004 1.0000000180025095e-35 3.5000000000000004 6.5000000000000009 16.500000000000004 10.500000000000002 155301.20000000004 9.5000000000000018 2661.3850000000007 335017.00000000006 70447.320000000022 5.5000000000000009 0.6543000000000001 1.0000000180025095e-35 127166.00000000001 750.50000000000011 43090.395000000011 29.500000000000004 6.5000000000000009 1536.5000000000002 9595.6400000000012
decision_type=2 2 2 2 2 2 2 2 2 2 2 2 2 2 2 2 2 2 2 2 2 2 2
left_child=1 2 3 22 -5 10 7 8 -7 17 15 21 -9 -3 -15 16 -2 -4 19 -8 -20 -12 -1
right_child=5 13 9 4 -6 6 18 12 -10 -11 11 -13 -14 14 -16 -17 -18 -19 20 -21 -22 -23 -24
leaf_value=-0.033683170625039449 0.050336563596256191 0.0068474603015567168 0.014915034586664579 -0.00042922066410576117 0.013096425399993117 0.015112109159517148 -0.013911945357861702 -0.018451274112044776 -0.0092202731447429461 -0.02046919917695 -0.045445463547911624 0.0097631627857373907 0.0077937299997650469 -0.047046818592471895 0.00098703599136057136 -0.027570757094831186 -0.012185136646527922 0.040658186322490811 -0.030667825460093071 0.022710530596330773 0.0068814934314938726 -0.0088022495315544375 -0.00064825315516789622
leaf_weight=17.207580067217354 8.5021726507693547 13.825274866074322 84.019914973527193 358.93377539515495 134.56640647165477 125.79849156364799 42.837142122909427 56.731670992448926 37.367988415062428 8.6859186105430108 30.395903756842017 7.0516839306801549 34.368896828964353 18.048901244997982 12.102743119001387 11.601556066423653 18.31956079043448 25.512966513633728 41.063256358727813 9.9316741786897165 7.8608591742813578 9.1970273936167342 9.4092183206230384
leaf_count=95 46 78 573 2002 1048 724 244 371 215 54 191 46 217 99 64 62 108 174 234 54 47 54 64
internal_value=-7.3504e-05 0.00340659 0.004907 0.00181807 0.00327671 -0.00547119 -0.00231171 0.00295823 0.00943485 0.0181576 -0.0182202 -0.0304748 -0.00848786 -0.0174208 -0.0285932 -0.00232437 0.00940425 0.0216225 -0.0153877 -0.00625899 -0.0244049 -0.0380066 -0.023216
internal_weight=1123.34 682.313 638.336 520.117 493.5 441.028 355.96 254.267 163.166 118.219 85.0679 46.6446 91.1006 43.9769 30.1516 38.4233 26.8217 109.533 101.693 52.7688 48.9241 39.5929 26.6168
internal_count=6864 4251 4010 3209 3050 2613 2106 1527 939 801 507 291 588 241 163 216 154 747 579 298 281 245 159
is_linear=0
shrinkage=0.05


Tree=92
num_leaves=14
num_cat=0
split_feature=25 10 0 9 18 6 9 7 0 0 9 3 11
split_gain=8.89728 8.03286 8.45463 20.9193 10.5317 9.8761 8.871 16.5073 7.87364 7.83062 2.38994 1.84679 1.6248
threshold=1.0000000180025095e-35 1.0000000180025095e-35 4790.9950000000008 0.012250000000000002 3474.3250000000003 3.5000000000000004 1.0000000180025095e-35 3.5000000000000004 291467.7900000001 12976.250000000002 0.058350000000000006 2.5000000000000004 96.500000000000014
decision_type=2 2 2 2 2 2 2 2 2 2 2 2 2
left_child=-1 9 3 5 -5 -3 8 -8 -4 11 12 -2 -11
right_child=1 2 6 4 -6 -7 7 -9 -10 10 -12 -13 -14
leaf_value=-0.043000497869290104 -0.0044948824846718144 -0.020430668185840776 0.0022597064477453744 -0.035524439430969619 -0.0081902230951330993 0.0064106296344885452 -0.002762892834578316 0.022320870733773306 -0.02423859636643888 -0.0012327810486195574 0 0.029262720003861875 -0.040909918460578343
leaf_weight=9.9491286631673557 6.5734909921884519 36.526514247059822 275.75285257585347 56.796152900904417 95.420617040246725 303.18341450206935 109.66900023818016 157.39930850081146 29.167232058942318 3.5685520879924324 5.3391847144812337 5.8411416634917259 25.365906622260809
leaf_count=280 59 188 1518 293 506 1620 645 1110 193 44 63 35 310
internal_value=-7.81455e-05 0.000373984 0.00128931 -0.00349708 -0.0187826 0.00339263 0.005421 0.0120393 -0.000383846 -0.0194748 -0.0314033 0.0125509 -0.0367358
internal_weight=1120.55 1110.6 1063.92 491.927 152.217 339.71 571.988 267.068 304.92 46.6883 34.2736 12.4146 28.9345
internal_count=6864 6584 6073 2607 799 1808 3466 1755 1711 511 417 94 354
is_linear=0
shrinkage=0.05


Tree=93
num_leaves=20
num_cat=0
split_feature=4 7 9 9 8 12 22 16 23 0 0 8 18 1 19 0 19 18 15
split_gain=8.32852 9.18255 19.6512 10.6199 12.3375 10.3023 9.90816 35.4485 10.6896 7.10204 6.20021 5.94908 5.08012 3.08034 3.91818 3.03313 2.18521 0.91708 0.805018
threshold=1.0000000180025095e-35 4.5000000000000009 0.38365000000000005 0.12375000000000001 0.15670000000000003 1.0000000180025095e-35 1.5000000000000002 3.5000000000000004 1.5000000000000002 758.2700000000001 2661.3850000000007 0.16005000000000003 10209.380000000003 8.5000000000000018 0.040750000000000008 46245.995000000003 0.055000000000000007 28063.590000000004 7.5000000000000009
decision_type=2 2 2 2 2 2 2 2 2 2 2 2 2 2 2 2 2 2 2
left_child=1 3 6 4 9 -6 7 -3 -8 -1 -2 -12 -4 14 -5 17 -15 -13 -14
right_child=10 2 12 13 5 -7 8 -9 -10 -11 11 15 18 16 -16 -17 -18 -19 -20
leaf_value=-0.053151837659034175 -0.0070226189624265816 0 -0.0078490428531264676 -0.032303906895618364 0.0092548214191287888 -0.026687431671971767 0.0059365618583381331 0.049070570323372663 -0.017667683867718425 -0.011594283937779035 -0.0024889135923018826 0.064257672277657524 0.049696779415731134 -0.012890931561293468 -0.0031821617348547389 0.012188235924367333 -0.042919345898161369 0.026791683985992909 0.015255408308723673
leaf_weight=12.00941784121096 15.418110569939016 470.38285204861313 4.2686107140034428 16.591107305139303 148.5684619769454 20.929048586636782 73.214343277737498 37.958024274557829 130.17536843754351 49.757117380388081 10.313193332403896 9.9423659555614048 24.148297633975748 12.38718614168465 34.252445545047522 9.5558550301939231 23.69960667937994 8.9496499225497228 5.2199562750756732
leaf_count=78 76 2729 29 91 810 234 527 251 727 310 66 69 222 80 203 78 147 63 74
internal_value=-8.79697e-05 -0.00108593 0.0019407 -0.00817487 -0.00245707 0.004499 0.000112074 0.00385763 -0.00914709 -0.0212449 0.0186658 0.0289724 0.0381747 -0.0228763 -0.0137373 0.0401208 -0.0340925 0.0512516 0.0452569
internal_weight=1117.74 1063.56 745.367 318.194 231.264 169.498 711.731 508.341 203.39 61.7665 54.1792 38.7611 33.6369 86.9303 50.8436 28.4479 36.0868 18.892 29.3683
internal_count=6864 6512 4559 1953 1432 1044 4234 2980 1254 388 352 276 325 521 294 210 227 132 296
is_linear=0
shrinkage=0.05


Tree=94
num_leaves=16
num_cat=0
split_feature=25 24 23 0 10 5 18 6 7 15 25 18 16 23 18
split_gain=8.39932 7.95451 10.8567 9.79671 7.35988 6.16158 6.00363 5.03955 5.36691 4.07826 3.87651 3.32738 2.07663 1.77279 1.20719
threshold=1.0000000180025095e-35 13.500000000000002 2.5000000000000004 114.26500000000001 166.50000000000003 1.0000000180025095e-35 138090.65500000003 9.5000000000000018 3.5000000000000004 3.5000000000000004 3.5000000000000004 48340.040000000008 1.5000000000000002 2.5000000000000004 34793.750000000007
decision_type=2 2 2 2 2 2 2 2 2 2 2 2 2 2 2
left_child=-1 2 3 12 6 -5 9 8 -6 -3 -4 -9 -2 -8 -12
right_child=1 4 10 5 7 -7 13 11 -10 -11 14 -13 -14 -15 -16
leaf_value=-0.042552215293454647 -0.042286517034273101 -0.0041854222898013984 -0.0004927518927279799 -0.022508161088647744 -0.00023735875801093179 0.00096544897322812606 -0.01194173234116196 0.0066506148024867264 0.012418448966179437 0.029071446821066667 -0.013442117215865671 -0.02841298566553065 -0.0092185231881622698 -0.039904555342044165 -0.046685331278995712
leaf_weight=9.5257326290011388 15.129741914570333 63.538228979334235 8.891851104795931 27.647832848131657 114.2459545340389 483.84811934828758 16.18839625641704 10.088191222399475 296.2531068045646 8.7171218246221525 6.6635822430253056 13.771011020988224 9.7096204161643964 12.013651682063935 18.317201249301434
leaf_count=280 82 441 54 161 635 2829 122 60 1762 75 35 75 52 78 123
internal_value=-8.23562e-05 0.000350933 -0.00374147 -0.00193292 0.00473047 -0.000366618 -0.00731184 0.00755925 0.0088879 0.000367072 -0.0303947 -0.0138329 -0.0313831 -0.0260383 -0.0398421
internal_weight=1114.55 1105.02 570.208 536.335 534.816 511.496 100.457 434.358 410.499 72.2554 33.8726 23.8592 24.8394 28.202 24.9808
internal_count=6864 6584 3336 3124 3248 2990 716 2532 2397 516 212 135 134 200 158
is_linear=0
shrinkage=0.05


Tree=95
num_leaves=15
num_cat=0
split_feature=25 24 23 18 21 25 21 10 9 10 19 16 16 18
split_gain=7.97226 7.6956 9.04285 13.4499 11.4616 10.6658 10.3218 6.66877 4.35759 4.1469 3.86079 3.79215 1.64268 1.28769
threshold=1.0000000180025095e-35 49.500000000000007 1.5000000000000002 8437.1100000000024 26941.000000000004 1.5000000000000002 1099.0000000000002 675.50000000000011 0.08950000000000001 678.50000000000011 0.35355000000000009 3.5000000000000004 1.0000000180025095e-35 97631.590000000011
decision_type=2 2 2 2 2 2 2 2 2 2 2 2 2 2
left_child=-1 2 3 7 -5 8 -7 -2 -4 10 11 -3 -12 -11
right_child=1 9 5 4 -6 6 -8 -9 -10 13 12 -13 -14 -15
leaf_value=-0.042146887213692502 0.00026401249791074268 -0.02124601701535659 0.026246632023823033 0.018626127604419066 -0.00030113617762576135 0.0012399437916644906 -0.016374568910064374 -0.015234642629616366 -0.013373361364551818 0.046322054693406937 0 0.015464523240638822 0.033000615160194459 0.013375049996163974
leaf_weight=9.1648700209334475 245.42627747729421 13.950310923159124 29.758143309503794 176.49888327345252 142.95726237073541 133.84216498956084 212.2960780095309 94.078318767249584 7.1662327460944644 11.10721715912223 5.7783000320196178 10.467050120234488 12.280142745003102 8.0399386789649707
leaf_count=280 1429 75 172 1242 796 793 1236 494 40 66 31 58 96 56
internal_value=-0.000101354 0.000314363 -0.000705839 0.00283329 0.0101759 -0.00680307 -0.0095668 -0.00406552 0.0180083 0.0172027 0.00748831 -0.00515129 0.0238868 0.0355338
internal_weight=1112.81 1103.65 1042.02 658.961 319.456 383.063 346.138 339.505 36.9244 61.623 42.4758 24.4174 18.0584 19.1472
internal_count=6864 6584 6202 3961 2038 2241 2029 1923 212 382 260 133 127 122
is_linear=0
shrinkage=0.05


Tree=96
num_leaves=18
num_cat=0
split_feature=4 7 0 8 24 1 27 0 0 8 27 10 0 15 11 0 14
split_gain=7.72742 8.11963 9.88219 10.9627 8.50475 7.66515 7.43828 6.43705 5.71739 5.33673 5.15746 5.1572 4.26923 2.67754 3.15713 0.571116 0.0088479
threshold=1.0000000180025095e-35 4.5000000000000009 291467.7900000001 0.15760000000000005 43.500000000000007 1.5000000000000002 2.5000000000000004 10314.525000000003 1935.8200000000004 0.15760000000000005 9.5000000000000018 741.50000000000011 3852.1550000000002 2.5000000000000004 1711.5000000000002 76868.49500000001 0.30930000000000007
decision_type=2 2 2 2 2 2 2 2 2 2 2 2 2 2 2 2 2
left_child=1 2 3 12 5 7 -5 -3 -2 -10 -7 15 -1 14 -6 -11 -4
right_child=8 4 16 6 13 10 -8 -9 9 11 -12 -13 -14 -15 -16 -17 -18
leaf_value=-0.031524592860213627 -0.0092170607258099495 0.029603543852761552 -0.047868294299754352 0.016695582921510719 0.019321748692450107 -0.0032438315939412928 -0.004647221733792564 -0.02175182294043768 -0.0023250716238610194 0.053554891332755143 0.0085349667188110555 0 -0.009003305897733932 0.039062842813382612 -0.00926603008399496 0.018966528439229569 -0.0178106136964192
leaf_weight=40.993852809071541 13.007189529016612 33.104741958901286 12.296346537768843 53.026617565192282 38.61319793574512 530.03827201481909 155.64537569507957 5.636583235114812 10.680541105568407 17.536588089540608 110.38205313496292 6.9420427419245234 48.983468146063387 12.398941745981572 10.809726992622016 5.5856335423886767 4.6850570887327185
leaf_count=248 63 269 126 317 232 3186 919 34 68 126 670 45 306 103 65 50 37
internal_value=-9.06587e-05 -0.00105493 -0.0077502 -0.00544919 0.00179672 0.000141596 0.000835842 0.0211853 0.0180428 0.0270031 -0.00117784 0.0372292 -0.0198351 0.0192487 0.0127574 0.0477726 -0.0428528
internal_weight=1110.37 1056.61 315.631 298.649 740.984 679.162 208.672 38.7413 53.752 40.7448 640.42 30.0643 89.9773 61.8219 49.4229 23.1222 16.9814
internal_count=6864 6512 1953 1790 4559 4159 1236 303 352 289 3856 221 554 400 297 176 163
is_linear=0
shrinkage=0.05


Tree=97
num_leaves=15
num_cat=0
split_feature=25 3 0 2 0 2 17 3 21 29 11 19 6 2
split_gain=7.55965 7.4838 11.7466 9.05647 7.24739 8.39035 6.29748 5.40615 4.71568 4.8412 3.59192 3.23137 2.94048 3.54752
threshold=1.0000000180025095e-35 3.5000000000000004 180019.73000000004 22.500000000000004 89.690000000000012 1.5000000000000002 293931.27000000008 4.5000000000000009 403309.50000000006 5.5000000000000009 1049.0000000000002 4.2882000000000007 6.5000000000000009 18.500000000000004
decision_type=2 2 2 2 2 2 2 2 2 2 2 2 2 2
left_child=-1 2 4 6 10 -6 -4 8 9 -3 -2 -5 13 -9
right_child=1 7 3 11 5 -7 -8 12 -10 -11 -12 -13 -14 -15
leaf_value=-0.041724614291047131 -0.034256665015593983 0.0092635357038807365 -0.044714707264306992 0.014983537312137071 0.025934252199143956 -0.00039917647362215381 0.0017497292017258058 -0.00042803381324876583 -0.017979059304015058 0.030766392723501498 0 -0.018965077461831369 0.015584848991981648 -0.025742973276133216
leaf_weight=8.7975367400795204 20.798171479254961 184.92064113542438 33.747556168586016 15.895564254373314 29.6532834302634 669.232675710693 8.4637165516614896 41.41196158900857 11.429943881928919 30.094799468293786 12.301559694111345 9.4593712836503965 12.582993621006606 19.49235137924552
leaf_count=280 111 1461 304 94 170 3551 49 228 62 247 69 63 70 105
internal_value=-8.44766e-05 0.000314784 -0.00220349 -0.0218399 -0.000322748 0.000774682 -0.0355143 0.00703118 0.0108452 0.0125751 -0.0225032 0.00149191 -0.00456481 -0.0092499
internal_weight=1108.28 1099.48 799.552 67.5662 731.986 698.886 42.2113 299.933 226.445 215.015 33.0997 25.3549 73.4873 60.9043
internal_count=6864 6584 4411 510 3901 3721 353 2173 1770 1708 180 157 403 333
is_linear=0
shrinkage=0.05


Tree=98
num_leaves=22
num_cat=0
split_feature=24 23 8 13 8 2 0 0 2 2 20 23 0 14 19 20 18 10 17 21 0
split_gain=7.41784 7.67422 6.60344 17.5264 8.76053 6.00125 6.05713 5.55489 5.80176 13.1494 11.2961 5.37714 6.01676 5.27102 4.96562 3.61373 2.85754 2.20396 1.95667 1.77407 1.14349
threshold=11.500000000000002 2.5000000000000004 0.50385000000000013 1.0000000180025095e-35 1.0000000180025095e-35 16.500000000000004 818.6450000000001 101.53000000000002 24.500000000000004 18.500000000000004 -0.39804999999999996 1.5000000000000002 758.2700000000001 0.66815000000000013 0.69990000000000008 -0.36074999999999996 75873.435000000012 420.50000000000006 8577.1550000000007 16368.500000000002 17804.705000000005
decision_type=2 2 2 2 2 2 2 2 2 2 2 2 2 2 2 2 2 2 2 2 2
left_child=1 7 4 16 11 15 -7 17 9 -9 -10 12 -2 -13 -5 -6 -4 -1 -3 -16 -20
right_child=2 18 3 14 5 6 -8 8 10 -11 -12 13 -14 -15 19 -17 -18 -19 20 -21 -22
leaf_value=-0.004322759070464601 0.027282301769262697 -0.0029219863641873275 -0.0001982821454091969 0.049473263030692834 -0.0098099441748317282 -0.027076272740853752 0.002097981426228961 -0.00057147336174125085 -0.013444269375107121 -0.025992331648421543 0.020078798261671568 -0.0026977886001947129 0.0064355823966861852 0.023940510628900305 0.02521346992271073 -0.049501770831964338 -0.037711444023426355 -0.039556548891883703 -0.048017258570944271 -0.0068583589762594589 -0.013403786191719422
leaf_weight=8.2668221285566705 44.682459451258183 5.9675033241510418 11.500624796375634 26.833231898956001 13.766546152532102 20.13303862977773 87.291373046115041 303.79872719850391 36.794751821085811 59.342324240133166 69.13611042778939 186.5324162915349 150.39601918961853 18.597714139148593 6.5315215066075307 11.173140426166354 7.9698583260178557 12.154138019308446 11.513719122856857 6.6669618906453252 6.5251643545925608
leaf_count=48 272 36 71 158 74 114 547 1886 209 350 441 1042 1038 149 58 70 49 67 80 59 46
internal_value=-8.98358e-05 -0.00448718 0.00370936 0.019243 0.00188964 -0.00914464 -0.0036733 -0.0030452 -0.001852 -0.0048726 0.00830866 0.00559128 0.0114896 -2.65573e-05 0.0376416 -0.0303182 -0.0181018 -0.0273971 -0.0310094 0.00958439 -0.038583
internal_weight=1105.57 513.499 592.075 59.5022 532.573 132.364 107.424 489.493 469.072 363.141 105.931 400.209 195.078 205.13 40.0317 24.9397 19.4705 20.421 24.0064 13.1985 18.0389
internal_count=6864 3163 3701 395 3306 805 661 3001 2886 2236 650 2501 1310 1191 275 144 120 115 162 117 126
is_linear=0
shrinkage=0.05


Tree=99
num_leaves=27
num_cat=0
split_feature=1 1 0 21 24 0 9 17 25 22 11 3 19 30 0 1 29 29 23 0 14 9 8 21 29 11
split_gain=7.27383 9.88834 9.24179 7.39432 8.1432 7.38244 8.03309 5.58622 5.03881 9.67359 4.93721 4.49374 5.78319 4.01236 3.99115 3.92562 3.64706 4.9074 3.14092 2.41552 2.29701 2.11683 1.89291 1.88852 1.07899 0.446785
threshold=10.500000000000002 4.5000000000000009 467190.23000000004 146429.50000000003 36.500000000000007 451.20000000000005 0.014650000000000002 278520.55000000005 8.5000000000000018 1.5000000000000002 895.50000000000011 2.5000000000000004 0.6836000000000001 1.0000000180025095e-35 52749.975000000006 6.5000000000000009 3.5000000000000004 1.5000000000000002 2.5000000000000004 4386.7150000000011 0.18045000000000003 0.08950000000000001 0.30340000000000006 303.50000000000006 3.5000000000000004 839.50000000000011
decision_type=2 2 2 2 2 2 2 2 2 2 2 2 2 2 2 2 2 2 2 2 2 2 2 2 2 2
left_child=1 2 5 4 8 6 -1 -7 9 -2 -10 12 15 14 22 -3 17 -6 21 -18 -14 -13 -5 -4 -15 -25
right_child=3 11 23 13 16 7 -8 -9 10 -11 -12 18 20 24 -16 -17 19 -19 -20 -21 -22 -23 -24 25 -26 -27
leaf_value=-0.0026155191750938797 -0.0012089454076527643 -0.011622585164946291 -0.0029539410264992337 -0.038089395947907077 0.023617828178056258 0.0052998810543920458 -0.037051359885409994 -0.013647718876044757 0.030323756258696894 -0.022577168596833758 -0.0045592631871262694 0.020851376254311282 0.0012390204232602597 -0.0086196505021081081 0.00044429269180139833 0.023610761919714528 0.0039432190259844329 -0.019115770589197934 -0.002147592016919535 0.043973009820136758 -0.033499946382153208 0.046100487900409277 -0.0062387411494073137 -0.016712872162242234 0.019162786296683224 -0.049698772325135837
leaf_weight=64.010747855529189 159.19698051642627 8.8998532891273481 5.3015357581898597 34.369747675955296 11.891502842307093 452.61263858433813 21.579147137701511 40.385145934298635 15.918690873309968 78.389300776645541 21.442134410142899 51.693327225744724 7.1351081114262369 4.4991990430280548 10.169664309360085 28.226555423811078 6.440616391599181 10.925096344202755 9.5767821036279184 12.572152834385632 9.1480245608836395 12.421762492507694 7.2608109889551988 5.645980453118681 5.2782805794849992 8.4324654769152385
leaf_count=376 1003 48 60 219 71 2785 112 235 108 460 134 329 41 43 69 153 32 65 65 77 53 122 43 52 46 63
internal_value=-0.000100665 0.00282122 9.46804e-05 -0.00571178 -0.00253557 0.00129979 -0.0120595 0.00367867 -0.00571719 -0.00843054 0.0108352 0.015371 0.00387745 -0.0213002 -0.0267224 0.0147468 0.0174558 0.00286155 0.0232465 0.0325547 -0.0192604 0.027141 -0.0333041 -0.0321719 0.00623659 -0.0408166
internal_weight=1103.42 725.069 597.968 378.354 316.776 578.588 85.5899 492.998 274.947 237.586 37.3608 127.101 53.4095 61.5777 51.8002 37.1264 41.8294 22.8166 73.6919 19.0128 16.2831 64.1151 41.6306 19.38 9.77748 14.0784
internal_count=6864 4494 3683 2370 1950 3508 488 3020 1705 1463 242 811 295 420 331 201 245 136 516 109 94 451 262 175 89 115
is_linear=0
shrinkage=0.05


Tree=100
num_leaves=15
num_cat=0
split_feature=25 21 25 25 23 24 23 15 6 25 11 19 13 2
split_gain=7.1755 6.75198 9.55464 9.86362 7.74259 8.08252 7.42391 6.62925 6.57791 5.86548 5.07662 4.28527 6.86914 2.9381
threshold=1.0000000180025095e-35 17035.500000000004 1.5000000000000002 18.500000000000004 3.5000000000000004 27.500000000000004 1.5000000000000002 6.5000000000000009 7.5000000000000009 4.5000000000000009 1670.5000000000002 0.061150000000000003 1.0000000180025095e-35 17.500000000000004
decision_type=2 2 2 2 2 2 2 2 2 2 2 2 2 2
left_child=-1 4 11 6 5 7 -4 -2 -7 -6 -11 13 -13 -3
right_child=1 2 3 -5 9 8 -8 -9 -10 10 -12 12 -14 -15
leaf_value=-0.041316240416914563 0.00073494476080373638 0.032730096670166582 -0.0047699829799380264 0.039874993063394801 0.020252524377032861 0.021458233727828069 -0.021232130284508405 0.025826147137367 -0.012427638212376337 -0.035528143778160708 0.0050353247582946986 -0.013788814185977627 0.013202079384611799 0
leaf_weight=8.4644932150840742 481.26913042552769 20.52710992470384 189.97092015855014 7.8774548731744281 7.0656846649944773 99.260327789932489 108.55163553729653 25.932432578876615 14.945742622017859 26.282969508320093 9.4257233291864377 39.650071300566196 52.132796010002494 10.321173533797262
leaf_count=280 2839 111 1062 47 39 693 657 247 96 147 55 213 329 49
internal_value=-0.000102714 0.000282128 -0.00458468 -0.00930312 0.0034452 0.0048906 -0.0108908 0.00213386 0.0168001 -0.0166101 -0.0248566 0.00708445 0.00139002 0.0226064
internal_weight=1101.68 1093.21 429.031 306.4 664.182 621.408 298.523 507.202 114.206 42.7744 35.7087 122.631 91.7829 30.8483
internal_count=6864 6584 2468 1766 4116 3875 1719 3086 789 241 202 702 542 160
is_linear=0
shrinkage=0.05


Tree=101
num_leaves=18
num_cat=0
split_feature=4 7 9 13 8 19 1 0 22 14 0 8 1 9 0 0 18
split_gain=6.87583 7.01507 18.3095 14.2916 12.0043 7.6784 6.64589 7.36193 5.87993 5.51752 5.23915 5.24785 4.65583 3.06857 2.68387 1.71725 0.948936
threshold=1.0000000180025095e-35 3.5000000000000004 0.54065000000000007 1.0000000180025095e-35 0.25070000000000009 3.7386500000000003 1.5000000000000002 10314.525000000003 2.5000000000000004 0.16755000000000003 2661.3850000000007 0.16005000000000003 8.5000000000000018 0.34555000000000008 46245.995000000003 623.60000000000002 28063.590000000004
decision_type=2 2 2 2 2 2 2 2 2 2 2 2 2 2 2 2 2
left_child=1 3 6 12 9 -6 7 -3 -8 -5 -2 -12 13 -1 16 -14 -13
right_child=10 2 -4 4 5 -7 8 -9 -10 -11 11 14 15 -15 -16 -17 -18
leaf_value=-0.0036725460662960364 -0.0064631245518048663 0.027761541297105952 0.044338511057423473 -0.024335413703430925 0.017076570448132249 -0.022765255956764392 0.00095533493269468858 -0.024171884822052979 -0.010753727997654706 0.00034932509640172427 -0.0026031252183451683 0.061032604124322758 -0.011385208825044409 -0.03091604555680539 0.010998379684088106 -0.045779542049623097 0.024200317029702635
leaf_weight=30.069130143150687 15.294541003182529 35.751987587660551 22.022517489269376 49.367813295684755 84.75586870033294 12.082696865312753 590.18856613337994 6.5042936950922003 128.69952793978155 38.968084955587983 10.261174622923134 9.5663757305592352 6.9925945913419119 15.204642102122305 9.2985131181776506 25.873087480664253 8.5527774319052678
leaf_count=173 76 301 241 306 514 106 3466 37 818 244 66 69 49 92 78 165 63
internal_value=-9.36976e-05 -0.0010063 0.00136002 -0.00803925 -0.000346464 0.0116442 0 0.0188106 -0.00115104 -0.0135688 0.0171333 0.0268066 -0.0256812 -0.0139544 0.0375819 -0.0398214 0.0482777
internal_weight=1099.45 1046.48 783.167 263.314 185.174 96.8386 761.144 42.2563 718.888 88.3359 52.9734 37.6788 78.1395 45.2738 27.4177 32.8657 18.1192
internal_count=6864 6512 4863 1649 1170 620 4622 338 4284 550 352 276 479 265 210 214 132
is_linear=0
shrinkage=0.05


Tree=102
num_leaves=26
num_cat=0
split_feature=24 23 22 22 21 8 27 7 9 14 17 23 11 11 18 29 21 24 18 1 17 14 28 29 0
split_gain=7.03222 7.59939 8.59615 8.27206 8.08674 7.06958 6.68213 8.41414 8.2378 6.33345 6.2665 6.104 8.01173 7.31772 8.95056 5.90584 5.48063 4.54553 4.13428 3.68448 2.49931 4.96381 3.78651 2.32714 2.1736
threshold=6.5000000000000009 2.5000000000000004 4.5000000000000009 2.5000000000000004 12044.500000000002 0.29915000000000008 5.5000000000000009 3.5000000000000004 0.54950000000000021 0.72425000000000017 7332.3700000000008 1.5000000000000002 1458.5000000000002 1780.5000000000002 57694.625000000007 1.5000000000000002 458728.00000000006 19.500000000000004 67753.155000000013 9.5000000000000018 8146.9350000000004 0.084850000000000023 5.5000000000000009 5.5000000000000009 13681.900000000003
decision_type=2 2 2 2 2 2 2 2 2 2 2 2 2 2 2 2 2 2 2 2 2 2 2 2 2
left_child=11 2 6 4 19 9 8 -8 -2 -5 -4 12 16 15 -15 -14 18 -6 -1 -3 21 -13 -22 -12 -24
right_child=1 3 10 5 17 -7 7 -9 -10 -11 23 20 13 14 -16 -17 -18 -19 -20 -21 22 -23 24 -25 -26
leaf_value=-0.010930038913561473 -0.0039824378899643385 0.032197455428604534 -0.017753497065786463 -0.034043940549481504 -0.033323283815353787 0.01354073026237651 -0.0054734320610357315 0.013592990555961838 0.038064592236015778 0.006213110244280195 0.036747521748479846 -0.025840441958555584 -0.0073469256639766868 -0.017229284102187062 0.033522533474334017 0.034443893129600799 -0.049489638477533182 0.00041535658475891601 0.0067028887859959868 0 0.0012545358302257373 0.022188318947936225 -0.051158486173336938 0.0021439634844425126 -0.016090697257044342
leaf_weight=144.08283591642976 276.40276062954217 22.332786109298468 5.8766765501350156 48.691172609105706 12.977014552801846 11.728149697184561 76.972579914145172 213.50667799729854 10.13621716853231 10.917261786758898 34.86729441024363 10.597695964388551 10.050967742688952 33.310123388655484 9.4880845844745618 30.962965016253293 6.0915879802778354 28.101425445638597 40.806902148760855 13.350810235366223 6.9328096080571404 7.3237372115254393 14.173186946660282 6.6117962021380654 11.097107816487549
leaf_count=907 1675 123 42 271 84 76 475 1333 79 66 320 70 64 195 56 188 41 163 247 72 50 44 92 61 70
internal_value=-8.89349e-05 0.00249775 0.00492322 -0.00759055 0.00368516 -0.0196298 0.00317843 0.00850361 -0.00220685 -0.0265462 0.0249901 -0.00624688 -0.00320323 0.00948091 -0.00476042 0.0241046 -0.00886205 -0.0110631 -0.0069547 0.0206146 -0.0219778 -0.00545402 -0.0300245 0.031814 -0.0384351
internal_weight=1097.39 772.473 624.374 148.099 76.762 71.3366 577.018 290.479 286.539 59.6084 47.3558 324.918 274.793 83.8121 42.7982 41.0139 190.981 41.0784 184.89 35.6836 50.1245 17.9214 32.2031 41.4791 25.2703
internal_count=6864 4840 3985 855 442 413 3562 1808 1754 337 423 2024 1698 503 251 252 1195 247 1154 195 326 114 212 381 162
is_linear=0
shrinkage=0.05


Tree=103
num_leaves=15
num_cat=0
split_feature=25 24 23 18 21 25 21 20 25 16 20 17 24 2
split_gain=6.79068 6.13054 7.00522 11.8051 10.0005 9.46416 9.0955 7.39574 5.95252 2.67277 2.80795 2.32404 1.9632 1.08481
threshold=1.0000000180025095e-35 49.500000000000007 1.5000000000000002 8437.1100000000024 26941.000000000004 1.5000000000000002 132683.00000000003 -0.58344999999999991 1.5000000000000002 2.5000000000000004 -0.37139999999999995 128199.95500000002 56.500000000000007 18.500000000000004
decision_type=2 2 2 2 2 2 2 2 2 2 2 2 2 2
left_child=-1 2 3 8 -5 7 -7 -4 -2 10 -3 13 -12 -11
right_child=1 9 5 4 -6 6 -8 -9 -10 11 12 -13 -14 -15
leaf_value=-0.040876769273120603 0.0037163846531334554 -0.013954640572474617 -0.0205848000607982 0.01742364589848527 -0.00037344122766383371 -0.0061710496890797634 -0.036045604070274295 0.029113207351533929 -0.0096491069837606209 0.041682275464497549 0.032668428301477974 0.0031522528386612758 0.00053970705161695133 0.0099915323198319916
leaf_weight=8.1130842827260476 141.94299463741481 11.121989853680136 8.0884828343987447 173.19660279154778 141.54415697418153 313.15969667211175 26.147906377911568 28.545096598565578 194.24365468509495 14.559685148298746 7.2504712082445648 9.6800616998225433 11.27889911085367 6.2054795622825614
leaf_count=280 815 58 45 1242 796 1866 163 167 1108 94 42 66 71 51
internal_value=-8.71742e-05 0.000282611 -0.000629379 0.00249695 0.00943661 -0.00605353 -0.00870029 0.0173837 -0.00398782 0.0155452 0.00398885 0.0255523 0.0155565 0.0343609
internal_weight=1095.08 1086.97 1026.87 650.927 314.741 375.941 339.308 36.6336 336.187 60.0966 29.6514 30.4452 18.5294 20.7652
internal_count=6864 6584 6202 3961 2038 2241 2029 212 1923 382 171 211 113 145
is_linear=0
shrinkage=0.05


Tree=104
num_leaves=23
num_cat=0
split_feature=10 8 13 7 2 13 17 24 22 20 2 21 24 21 2 0 7 22 18 20 28 19
split_gain=7.09299 7.66678 19.2768 9.78916 8.30497 7.60201 7.54849 6.61933 6.22272 5.91323 5.33998 4.98395 3.43307 2.44725 2.33553 2.08174 2.0671 1.58773 1.09742 0.490466 0.656903 0.431951
threshold=1.0000000180025095e-35 0.46565000000000006 1.0000000180025095e-35 4.5000000000000009 16.500000000000004 1.0000000180025095e-35 276.86000000000007 43.500000000000007 1.5000000000000002 -0.63874999999999993 16.500000000000004 10975.000000000002 10.500000000000002 19967.500000000004 13.500000000000002 2976.7300000000005 2.5000000000000004 2.5000000000000004 4177.0150000000012 2.4114000000000004 1.0000000180025095e-35 18.142700000000001
decision_type=2 2 2 2 2 2 2 2 2 2 2 2 2 2 2 2 2 2 2 2 2 2
left_child=5 3 13 4 9 15 -6 8 -5 -2 11 -4 -12 17 -9 -1 18 -3 -7 20 -18 -21
right_child=1 2 10 7 6 16 -8 14 -10 -11 12 -13 -14 -15 -16 -17 19 -19 -20 21 -22 -23
leaf_value=0.030564833000940955 0.0096599186874998157 -0.047175033878810523 0.024346619162576896 0.0039892889986333111 -0.01811724302026655 0.01190611311605028 0.0022454439154386652 0.029794298368876759 -0.0067484445341052515 -0.036515414300918307 0.017776056475903856 -0.022583647894719044 0.043946357771324773 -0.00010283338077779345 0.0086593695058688747 -0.0045798005453907813 -0.0096790575402008784 -0.011104672799907154 -0.01817576522109916 0 -0.049985358817364121 -0.025366214385675403
leaf_weight=5.3763470361009222 7.1790218129754058 8.6461755987256819 9.5682812035083789 453.31084817927331 67.233376420103014 2.7797892494127137 129.81556675583124 23.844929095357656 189.4889644626528 36.474349858239293 30.170873139984906 9.0332623738795501 31.391824546270072 8.5404458623379451 35.270695200189948 7.9002277543768287 2.97583193518222 7.7573875635862342 5.955811255145818 3.2934139920398584 13.477342999540268 3.6785704558715224
leaf_count=37 41 47 51 2574 425 48 773 154 1278 225 178 43 193 61 232 69 46 47 73 43 171 55
internal_value=-8.11791e-05 0.00076443 0.0134455 -0.000664486 -0.00933066 -0.0190008 -0.00476432 0.0023112 0.000797323 -0.0286121 0.025337 0.00109105 0.0322409 -0.0234438 0.018044 0.0111357 -0.031658 -0.033721 -0.00723707 -0.039086 -0.0450764 -0.0169378
internal_weight=1093.16 1047.73 105.108 942.618 240.702 45.4373 197.049 701.915 642.8 43.6534 80.1642 18.6015 61.5627 24.944 59.1156 13.2766 32.1608 16.4036 8.7356 23.4252 16.4532 6.97198
internal_count=6864 6322 620 5702 1464 542 1198 4238 3852 266 465 94 371 155 386 106 436 94 121 315 217 98
is_linear=0
shrinkage=0.05


Tree=105
num_leaves=21
num_cat=0
split_feature=10 13 8 13 7 9 25 2 17 20 2 1 0 0 1 28 7 0 9 28
split_gain=6.59636 7.15514 6.94314 17.7291 8.90045 14.4987 7.64622 7.64292 6.87923 5.49896 4.88289 5.56849 4.18196 3.46391 2.91639 3.18902 1.99795 1.92723 1.68937 0.502083
threshold=1.0000000180025095e-35 1.0000000180025095e-35 0.46565000000000006 1.0000000180025095e-35 4.5000000000000009 0.38365000000000005 2.5000000000000004 16.500000000000004 276.86000000000007 -0.63874999999999993 16.500000000000004 4.5000000000000009 3974.5250000000005 2063.7350000000001 7.5000000000000009 11.500000000000002 2.5000000000000004 2976.7300000000005 0.016750000000000004 7.5000000000000009
decision_type=2 2 2 2 2 2 2 2 2 2 2 2 2 2 2 2 2 2 2 2
left_child=1 17 4 14 7 6 -6 9 -9 -2 11 -5 -7 -12 15 -4 18 -1 -3 -18
right_child=2 16 3 10 5 12 -8 8 -10 -11 13 -13 -14 -15 -16 -17 19 -19 -20 -21
leaf_value=0.029367137584483893 0.0092614781639886005 -0.023652913246801383 0.016572029994672301 -0.02080955575488163 0.0068374299378148448 0 -0.0039311685797657533 -0.01733789243244507 0.0021347830252616096 -0.035244716374337716 0.011256801536717164 0.029165018829477942 0.043678788757021393 0.03896685572784668 -0.041122436769217965 -0.024633529890244591 -0.041803356333948181 -0.0044018279211388211 0.012700915795628643 -0.0092177464579302915
leaf_weight=5.3968643536791188 7.1989999189972869 4.7466736310161668 6.5552748609334239 10.538016268983485 283.14424940850586 6.4818725287914303 388.16164826788008 66.842881733551621 129.82111305370927 35.984675313346088 19.634879575110972 8.008523600175975 24.139059877023101 41.634560372680426 10.056848338805139 8.269513061270116 19.371739142574373 7.8897987045347691 3.9530052952468395 3.5483661238104096
leaf_count=37 41 68 40 52 1622 36 2296 425 773 225 104 42 284 267 63 52 288 69 53 27
internal_value=-8.50465e-05 -0.0184374 0.000726623 0.0128197 -0.000631488 0.00220159 0.000602791 -0.00891364 -0.00454124 -0.0275224 0.0242597 0.0010215 0.0347599 0.0308813 -0.0225806 -0.0060147 -0.0308903 0.0107081 -0.00691328 -0.0383046
internal_weight=1091.38 44.9064 1046.47 104.698 941.775 701.927 671.306 239.848 196.664 43.1837 79.816 18.5465 30.6209 61.2694 24.8816 14.8248 31.6198 13.2867 8.69968 22.9201
internal_count=6864 542 6322 620 5702 4238 3918 1464 1198 266 465 94 320 371 155 92 436 106 121 315
is_linear=0
shrinkage=0.05


Tree=106
num_leaves=18
num_cat=0
split_feature=25 23 15 5 24 25 23 15 16 22 23 1 29 11 19 22 18
split_gain=6.52262 11.0124 6.80564 6.38734 8.9425 5.9554 12.6476 7.29761 3.92892 3.89458 3.66596 3.55574 2.57972 2.41151 2.19293 1.30389 1.3385
threshold=11.500000000000002 3.5000000000000004 6.5000000000000009 1.0000000180025095e-35 29.500000000000004 6.5000000000000009 2.5000000000000004 2.5000000000000004 2.5000000000000004 5.5000000000000009 2.5000000000000004 10.500000000000002 1.5000000000000002 1355.5000000000002 0.031650000000000005 4.5000000000000009 58984.060000000005
decision_type=2 2 2 2 2 2 2 2 2 2 2 2 2 2 2 2 2
left_child=2 8 3 4 13 7 -7 -5 11 12 -11 -2 -10 -1 -3 16 -4
right_child=1 14 15 5 -6 6 -8 -9 9 10 -12 -13 -14 -15 -16 -17 -18
leaf_value=-0.01593029145520659 0.016441810159862177 0 0.02369409583834527 -0.000771200633372941 0.025025755384283494 -0.0015716665144277289 -0.037331576653561037 0.016656604266750877 0.012449559287094014 0.020785014948187484 -0.017863420067506984 -0.02259206283074763 0.045342178806827969 -0.042406958416310939 -0.034355931460176507 0.036681848013393019 -0.0071859160190498386
leaf_weight=27.515592155978084 12.362369354814293 7.7190721817314651 4.8345992527902144 724.86111656669527 7.9823836758732787 97.092826068401337 31.568585023283958 63.429536886513233 11.431657942011951 17.99720619618893 6.8286294117569915 7.8111559450626364 24.544456046074629 16.632237737998366 10.408094737678764 10.933237209916113 5.0836043823510408
leaf_count=166 74 40 44 4405 49 614 191 420 90 194 43 44 190 104 62 88 46
internal_value=-8.33355e-05 0.0120053 -0.00132538 -0.00196702 -0.0186682 -0.000968093 -0.0108594 0.000657072 0.0199242 0.0260937 0.00924231 0.000202453 0.0363597 -0.0275274 -0.0213371 0.0256199 0.00847757
internal_weight=1089.04 99.1026 989.934 969.082 52.1302 916.952 128.661 788.291 80.9755 60.8019 24.8258 20.1735 35.9761 44.1478 18.1272 20.8514 9.9182
internal_count=6864 737 6127 5949 319 5630 805 4825 635 517 237 118 280 270 102 178 90
is_linear=0
shrinkage=0.05


Tree=107
num_leaves=26
num_cat=0
split_feature=24 23 22 22 2 27 9 7 23 11 11 18 29 28 21 2 11 11 21 19 11 8 11 28 24
split_gain=6.41249 6.30585 7.39794 7.35864 6.59651 6.00358 7.55252 7.14046 5.40442 7.34755 6.67813 10.136 5.72896 5.13132 5.13026 5.15467 3.35994 7.94717 3.20565 2.8339 2.51069 4.3487 2.26193 1.92614 0.986827
threshold=6.5000000000000009 2.5000000000000004 1.0000000180025095e-35 4.5000000000000009 6.5000000000000009 5.5000000000000009 0.54950000000000021 3.5000000000000004 1.5000000000000002 1458.5000000000002 1761.5000000000002 57694.625000000007 1.5000000000000002 18.500000000000004 458728.00000000006 1.5000000000000002 853.50000000000011 1388.5000000000002 553.50000000000011 0.21910000000000004 528.50000000000011 0.24095000000000003 1958.5000000000002 6.5000000000000009 4.5000000000000009
decision_type=2 2 2 2 2 2 2 2 2 2 2 2 2 2 2 2 2 2 2 2 2 2 2 2 2
left_child=8 3 16 5 -5 6 -2 -7 9 14 12 -12 -11 18 15 -1 -3 -18 -4 -15 24 23 -6 -22 -10
right_child=1 2 13 4 22 7 -8 -9 20 10 11 -13 -14 19 -16 -17 17 -19 -20 -21 21 -23 -24 -25 -26
leaf_value=0.024976186863155978 -0.0037999634365686904 0.033130023935433989 0.0043917936966772469 -0.015450010137281639 0.035894501602104376 -0.0048715219175230213 0.03689413183825601 0.012777200528478661 -0.013580449036349768 -0.0070867510070941053 -0.017440017405135705 0.03465204770891666 0.034546419582232521 -0.042429384860034919 -0.048132350094880483 -0.0088514416971007034 -0.03655905615917595 0.03044116856179829 -0.01381099229289566 -0.0033865308630972126 -0.0061039184852691355 0.0034089335179789421 0 -0.043519510248739804 0.009196357489821767
leaf_weight=9.9888853654265386 274.59120245091617 12.42651459015906 38.293232709169388 7.4998326897621146 33.947044223546982 76.065675958525389 9.8699774565175158 212.16379506327212 7.7871891278773528 9.979727150872348 34.089196643792093 10.565838020294903 28.746929476037621 16.694521069526676 5.9866772042587391 173.65616647480056 6.3632640503346902 7.3845434598624706 57.654715372249484 7.4529333449900141 5.6557708159089115 7.6991475522518149 4.5516805276274672 21.184894670732319 6.9768418744206429
leaf_count=58 1675 74 220 43 339 475 79 1333 47 64 201 63 175 90 41 1096 40 41 342 48 43 45 41 148 43
internal_value=-7.73711e-05 0.00240587 -0.00684069 0.00462303 0.0234685 0.00301555 -0.00210536 0.00808366 -0.00598019 -0.00311424 0.00905738 -0.00394307 0.023751 -0.0121392 -0.00855699 -0.00670836 0.0162515 -0.000639871 -0.00650275 -0.0319423 -0.020915 -0.0279876 0.0316856 -0.0369522 -0.00240755
internal_weight=1087.28 764.959 146.27 618.689 45.9986 572.691 284.461 288.229 322.317 273.013 83.3817 44.655 38.7267 120.095 189.632 183.645 26.1743 13.7478 95.9479 24.1475 49.3038 34.5398 38.4987 26.8407 14.764
internal_count=6864 4840 855 3985 423 3562 1754 1808 2024 1698 503 264 239 700 1195 1154 155 81 562 138 326 236 380 191 90
is_linear=0
shrinkage=0.05


Tree=108
num_leaves=16
num_cat=0
split_feature=25 3 0 2 0 2 17 20 29 19 0 3 11 11 10
split_gain=6.42485 6.1366 10.9692 7.88534 6.23997 6.93206 5.21106 5.14438 4.07813 5.30778 4.41412 3.32492 3.14503 3.12521 1.08117
threshold=1.0000000180025095e-35 3.5000000000000004 180019.73000000004 22.500000000000004 89.690000000000012 1.5000000000000002 293931.27000000008 0.85535000000000017 5.5000000000000009 0.063050000000000009 70129.12000000001 4.5000000000000009 1049.0000000000002 522.50000000000011 126.50000000000001
decision_type=2 2 2 2 2 2 2 2 2 2 2 2 2 2 2
left_child=-1 2 4 6 12 -6 -4 8 9 -3 -10 14 -2 -5 -9
right_child=1 7 3 13 5 -7 -8 11 10 -11 -12 -13 -14 -15 -16
leaf_value=-0.040436037217784632 -0.032214941682984964 -0.008387184001915458 -0.043094271300969308 0.026052537585488551 0.023829927544504748 -0.00025240997502738412 0 0.0092687965548187787 0.026510202879504421 0.0073557276914121813 -0.015203416401664178 -0.010720855043218565 0 -0.0098592894732286492 0.034928344643277258
leaf_weight=7.7751767202280453 20.182922296226025 86.221864407882094 32.096984292380512 6.6416061744093922 29.270087938755751 657.91937718912959 8.281002074480055 8.4899002797901648 30.46673783659935 133.67160019651055 6.1611089035868636 4.673222489655017 12.101706482470034 18.141781212761998 23.154256226494908
leaf_count=280 111 501 304 42 170 3551 49 65 210 1059 51 28 69 115 259
internal_value=-7.54428e-05 0.000280918 -0.00201579 -0.0213422 -0.000197264 0.000825018 -0.03445 0.00644059 0.00380879 0.00111779 0.0188109 0.0235998 -0.0210273 0.000617999 0.0293015
internal_weight=1085.25 1077.47 784.635 65.1614 719.474 687.189 40.378 292.839 256.521 219.893 36.6278 36.3174 32.2846 24.7834 31.6442
internal_count=6864 6584 4411 510 3901 3721 353 2173 1821 1560 261 352 180 157 324
is_linear=0
shrinkage=0.05


Tree=109
num_leaves=23
num_cat=0
split_feature=10 13 8 13 7 2 5 24 1 20 19 18 17 11 1 28 7 0 18 20 19 11
split_gain=6.01634 6.53722 6.40954 16.3914 7.75686 6.89547 6.35117 5.87339 5.67389 5.10057 4.99032 6.15583 5.36226 3.1002 2.64661 2.97458 1.96375 1.76888 0.931179 0.542578 0.435026 0.0874356
threshold=1.0000000180025095e-35 1.0000000180025095e-35 0.46565000000000006 1.0000000180025095e-35 4.5000000000000009 16.500000000000004 1.0000000180025095e-35 43.500000000000007 3.5000000000000004 -0.63874999999999993 1.1767000000000001 3005.3500000000004 7027.5950000000003 1449.5000000000002 7.5000000000000009 11.500000000000002 2.5000000000000004 2976.7300000000005 4804.4600000000009 2.4114000000000004 18.142700000000001 1740.5000000000002
decision_type=2 2 2 2 2 2 2 2 2 2 2 2 2 2 2 2 2 2 2 2 2 2
left_child=1 17 4 14 5 9 -7 8 -6 -2 12 -12 -5 -9 15 -4 18 -1 -3 21 -21 -18
right_child=2 16 3 10 7 6 -8 13 -10 -11 11 -13 -14 -15 -16 -17 19 -19 -20 20 -22 -23
leaf_value=0.027876069394659732 0.0091257514805413355 0.011001990647697982 0.015908583997779537 0.043985018949134418 0.0074720261455910666 -0.038359053471377282 -0.0017855867100857179 0.023891190649102542 -0.0025940840898749599 -0.033790994979681931 -0.031163830061139337 0.02270909094002229 0.012992639272232813 -0.00084806293033359175 -0.039801778202805616 -0.024017557010107004 -0.04781129657618155 -0.0044709458299430028 -0.016706018117045709 0 -0.023861627052430806 -0.014010445403443504
leaf_weight=5.4013633383437973 7.1779091730713835 2.8394613745622355 6.4867383297532806 31.547362354584038 203.5760172624141 10.779620647430418 184.22371224500239 41.946881962940097 435.67322451807559 35.261806416325271 7.1834773682057884 10.547371089458464 29.961053400300443 16.526761526241899 9.8384873382747173 8.2113184630870801 12.15771717997268 7.8231912674382329 5.689959314186126 3.1915385937318197 3.4857624620199203 3.301199688576161
leaf_count=37 41 50 40 175 1281 63 1135 280 2571 225 37 74 179 106 63 52 176 69 71 43 55 41
internal_value=-7.54994e-05 -0.0178014 0.000696488 0.0123672 -0.000611579 -0.00838651 -0.004227 0.00203643 0.000609292 -0.0262233 0.0233826 0 0.0299305 0.0169368 -0.0219106 -0.00600303 -0.0299798 0.0100103 -0.00619454 -0.0374576 -0.0153174 -0.0435978
internal_weight=1082.83 43.8902 1038.94 103.776 935.166 237.443 195.003 697.723 639.249 42.4397 79.2393 17.7308 61.5084 58.4736 24.5365 14.6981 30.6656 13.2246 8.52942 22.1362 6.6773 15.4589
internal_count=6864 542 6322 620 5702 1464 1198 4238 3852 266 465 111 354 386 155 92 436 106 121 315 98 217
is_linear=0
shrinkage=0.05


Tree=110
num_leaves=13
num_cat=0
split_feature=25 3 0 3 2 0 20 21 25 3 29 8
split_gain=6.11229 5.56638 9.97913 7.01773 6.43561 5.80223 4.83407 3.98135 6.81916 3.11822 2.84146 1.27899
threshold=1.0000000180025095e-35 3.5000000000000004 851477.62000000011 1.5000000000000002 24.500000000000004 136734.34500000003 0.85535000000000017 17035.500000000004 1.5000000000000002 4.5000000000000009 5.5000000000000009 0.061850000000000009
decision_type=2 2 2 2 2 2 2 2 2 2 2 2
left_child=-1 2 3 4 -2 -5 7 10 -9 11 -3 -8
right_child=1 6 -4 5 -6 -7 9 8 -10 -11 -12 -13
leaf_value=-0.040036236300704936 0.00074964244067036285 0.0055992757842809795 -0.045014440088045282 -0.0029931568506302705 0.018426781267717816 -0.021866781229825851 0.034960194967147577 0.015427354186357345 -0.01242203452123389 -0.010302828059772754 0.024902808270876695 0.0085545255411929363
leaf_weight=7.4927214919589451 209.48449367750436 133.88814473897219 11.226234920322893 451.44263057410717 66.928009344264865 43.21121565066278 21.966512519866232 29.320119619369507 71.017811395227909 4.6516308039426795 21.32740380614996 9.0397094991058093
leaf_count=280 1198 1058 113 2416 369 315 238 171 414 28 178 86
internal_value=-8.39165e-05 0.000259573 -0.00192857 -0.0011735 0.00516737 -0.00474344 0.00614483 0.00360294 -0.00404389 0.0229377 0.00859834 0.0285496
internal_weight=1081 1073.5 782.293 771.066 276.413 494.654 291.211 255.553 100.338 35.6579 155.216 31.0062
internal_count=6864 6584 4411 4298 1567 2731 2173 1821 585 352 1236 324
is_linear=0
shrinkage=0.05


Tree=111
num_leaves=19
num_cat=0
split_feature=4 10 2 0 2 0 20 2 1 28 0 8 10 0 18 20 17 0
split_gain=6.15326 6.09951 5.55832 11.9986 9.69614 9.05463 8.71623 4.87591 5.14237 4.89851 4.71826 4.46054 4.77438 3.47926 3.44088 3.15181 2.20147 0.332715
threshold=1.0000000180025095e-35 40.500000000000007 1.5000000000000002 5498.1200000000008 5.5000000000000009 164.79500000000004 -0.36074999999999996 24.500000000000004 3.5000000000000004 4.5000000000000009 1935.8200000000004 0.15760000000000005 741.50000000000011 608.16000000000008 25707.115000000002 -0.24024999999999999 355527.94500000007 76868.49500000001
decision_type=2 2 2 2 2 2 2 2 2 2 2 2 2 2 2 2 2 2
left_child=1 7 3 14 6 -6 -4 13 -9 -10 -2 -12 17 -1 -3 -5 -15 -13
right_child=10 2 4 15 5 -7 -8 8 9 -11 11 12 -14 16 -16 -17 -18 -19
leaf_value=0.0057928994237447734 -0.0084708063128326756 0.04461766471511569 -0.00059157571460039091 0.0048570606607068589 -0.019706817840322993 0.0027820384730899979 -0.026578063399443866 0.034672189180013732 -0.045585049059558021 0.0093193665019558267 -0.0020084263408569401 0.050224711862523842 -0.00097511785903282324 -0.029916665883258104 0.0078230127507004157 -0.037554586464547096 0.0040335569491861453 0.017976739872323063
leaf_weight=8.5177457053214294 12.744416378438471 20.732071258127693 67.280086483806372 6.5846867077052593 45.626248273998499 728.41278320457786 61.646650562994182 7.4320335835218456 4.5292513947933903 8.8463781978934986 10.536374211311339 16.521719537675388 6.7218517754226914 44.198971384204924 11.210233010351656 7.6900167819112522 4.2648218665271989 5.2252494413405648
leaf_count=66 63 132 369 35 254 4441 357 57 57 67 68 126 45 527 68 45 37 50
internal_value=-8.10753e-05 -0.000951604 0.00015378 0.0167034 -0.000717281 0.00139616 -0.0133097 -0.0142306 0.00572064 -0.0121332 0.0164011 0.0247884 0.0345149 -0.0216326 0.033221 -0.0191837 -0.0266894 0.045064
internal_weight=1078.72 1026.97 949.183 46.217 902.966 774.039 128.927 77.7892 20.8077 13.3756 51.7496 39.0052 28.4688 56.9815 31.9423 14.2747 48.4638 21.747
internal_count=6864 6512 5701 280 5421 4695 726 811 181 124 352 289 221 630 200 80 564 176
is_linear=0
shrinkage=0.05


Tree=112
num_leaves=16
num_cat=0
split_feature=25 24 23 0 10 29 6 21 9 0 0 25 16 14 19
split_gain=5.78924 5.53434 8.04145 7.57411 5.77406 5.70885 5.24352 4.83149 4.10044 4.51783 3.9905 3.40582 2.18434 2.14693 1.00703
threshold=1.0000000180025095e-35 13.500000000000002 2.5000000000000004 114.26500000000001 179.50000000000003 1.5000000000000002 9.5000000000000018 132683.00000000003 0.068750000000000019 1935.8200000000004 6329.6850000000004 3.5000000000000004 1.5000000000000002 0.12430000000000001 0.13875000000000001
decision_type=2 2 2 2 2 2 2 2 2 2 2 2 2 2 2
left_child=-1 2 3 12 8 -5 7 -6 9 -3 -10 -4 -2 -8 -13
right_child=1 4 11 5 6 -7 13 -9 10 -11 -12 14 -14 -15 -16
leaf_value=-0.039587764388144098 -0.039265850171775911 0.01815203928532735 0 -0.0087582274655297228 0.010529162908837139 0.0030735935532955286 0.0036197809197816783 -0.0040992323065016413 -0.046181606749292357 -0.0081155303264291451 -0.0066576092441357959 -0.045714339982308019 -0.0061167687175270472 -0.025943070037267708 -0.016821593153244684
leaf_weight=7.1947609414346507 14.440639797598125 21.405858628451824 8.5571254715323466 140.04463380482048 324.487499775365 358.72254942916334 8.1444648206233996 66.026492670178413 9.138429347425701 52.40183147136122 18.698377314954996 13.330154221504928 9.489850737154482 14.77598782815039 9.9167760815471393
leaf_count=280 82 130 54 850 2020 2140 42 345 61 420 138 95 52 92 63
internal_value=-7.55395e-05 0.000254306 -0.00319666 -0.00164129 0.00398673 -0.000250305 0.00662026 0.00802209 -0.00654958 -8.75326e-05 -0.0221938 -0.0268537 -0.0279916 -0.0155896 -0.0360942
internal_weight=1076.78 1069.58 554.502 522.698 515.079 498.767 413.434 390.514 101.644 73.8077 27.8368 31.8041 23.9305 22.9205 23.2469
internal_count=6864 6584 3336 3124 3248 2990 2499 2365 749 550 199 212 134 134 158
is_linear=0
shrinkage=0.05


Tree=113
num_leaves=17
num_cat=0
split_feature=4 21 25 25 18 23 25 24 18 20 11 8 0 11 14 7
split_gain=5.62328 5.52858 6.86676 6.45986 8.0928 5.83665 6.48616 7.44777 5.7032 5.31023 5.13139 4.37679 3.69768 3.02864 2.24092 1.97941
threshold=1.0000000180025095e-35 17035.500000000004 18.500000000000004 1.5000000000000002 180927.52000000005 3.5000000000000004 8.5000000000000018 38.500000000000007 52283.000000000007 -0.41804999999999998 1670.5000000000002 0.57655000000000001 1878.0600000000002 417.50000000000006 0.12725000000000003 2.5000000000000004
decision_type=2 2 2 2 2 2 2 2 2 2 2 2 2 2 2 2
left_child=1 5 3 8 -5 6 7 -1 -3 -8 13 12 -2 -7 -14 -16
right_child=11 2 -4 4 -6 10 9 -9 -10 -11 -12 -13 14 -15 15 -17
leaf_value=-0.00073661014679244209 -0.016521118169555985 -0.0061698001429039209 0.037197980418836075 -0.0060931828325160907 -0.027145607398196908 0 0.031327365907247287 0.021143683610829536 0.015609116090402339 0.0053950651249622793 0.012096765992166301 0.041729316844339309 -0.0010553747581858745 -0.035924155087785008 0.03800439819481663 0.0040582019098375187
leaf_weight=455.41014526505023 10.149695262312887 66.979163398034871 7.1935827713459721 222.57133118622005 56.838895263150334 8.631488364189865 32.41739359498024 40.456754987128079 50.985726956278086 51.545605380088091 10.254755087196825 10.631712166592477 11.485529579222204 20.705576688051224 10.756738133728506 8.3632774241268617
leaf_count=2824 50 476 43 1301 339 51 251 260 333 454 60 91 68 120 83 60
internal_value=-9.48798e-05 -0.000927147 -0.00546554 -0.00644532 -0.0105738 0.00202901 0.00333061 0.00110624 0.00326323 0.0160195 -0.0160362 0.0157159 0.00706135 -0.0263336 0.0157224 0.0254199
internal_weight=1075.38 1023.99 404.569 397.375 279.41 619.422 579.83 495.867 117.965 83.963 39.5918 51.387 40.7552 29.3371 30.6055 19.12
internal_count=6864 6512 2492 2449 1640 4020 3789 3084 809 705 231 352 261 171 211 143
is_linear=0
shrinkage=0.05


Tree=114
num_leaves=17
num_cat=0
split_feature=25 23 16 25 20 21 22 25 27 3 29 21 19 13 14 19
split_gain=5.51592 5.21346 10.2986 7.6912 11.0345 7.83219 10.7128 6.14598 5.66099 4.622 4.53432 4.48036 4.26034 3.85895 3.5093 2.25134
threshold=1.0000000180025095e-35 1.5000000000000002 1.5000000000000002 2.5000000000000004 -0.47364999999999996 137329.00000000003 1.0000000180025095e-35 5.5000000000000009 10.500000000000002 2.5000000000000004 3.5000000000000004 26941.000000000004 0.32195000000000007 1.0000000180025095e-35 0.0059500000000000013 0.60060000000000013
decision_type=2 2 2 2 2 2 2 2 2 2 2 2 2 2 2 2
left_child=-1 2 10 4 9 6 -5 12 -9 -3 11 -2 -4 -6 -12 -7
right_child=1 3 7 5 13 15 -8 8 -10 -11 14 -13 -14 -15 -16 -17
leaf_value=-0.039187912987670007 0.0010455573681163236 -0.029269231333106122 0.015001857601339886 0.018767899467122113 0.008456006707195941 -0.045076901675750687 -0.0091904458531006476 0.02696966177905907 -0.016980714520069454 0.0063337275885087937 0.018658735041418396 -0.012405386366186495 -0.0026420491306080054 0.035810803530089474 0.0011250099706405778 -0.0072499690734277927
leaf_weight=6.9439382450655094 117.06508511677384 18.150591649115086 59.394027322530746 37.396783906035125 29.595861729234457 15.415661824867131 257.22359261848032 72.578766101971269 6.493154387921094 14.876148257404564 32.631520565599203 125.80911265406758 74.465652156621218 25.578501610085368 172.95991319231689 7.1034449841827145
leaf_count=280 677 100 338 214 162 93 1596 647 59 84 176 729 483 166 1008 52
internal_value=-7.85745e-05 0.00023951 0.00298181 -0.00420324 0.00866818 -0.00784619 -0.0055053 0.0119859 0.0229074 -0.0135012 -0.00130536 -0.00592562 0.00521861 0.0221215 0.00410909 -0.0351173
internal_weight=1073.68 1066.74 661.397 405.341 88.2011 317.139 294.62 212.932 79.0719 33.0267 448.466 242.874 133.86 55.1744 205.591 22.5191
internal_count=6864 6584 4117 2467 512 1955 1810 1527 706 184 2590 1406 821 328 1184 145
is_linear=0
shrinkage=0.05


Tree=115
num_leaves=20
num_cat=0
split_feature=25 23 15 22 17 23 16 25 20 10 9 28 28 19 11 22 18 20 7
split_gain=5.36672 8.99009 5.71532 6.0874 12.5917 12.9658 10.8562 7.16136 4.47269 4.56533 3.79898 3.04531 2.69162 2.09833 1.83067 1.32154 1.29264 1.25435 0.0754942
threshold=11.500000000000002 3.5000000000000004 6.5000000000000009 2.5000000000000004 3078.2450000000003 1.5000000000000002 4.5000000000000009 6.5000000000000009 -0.44554999999999995 678.50000000000011 0.080850000000000019 13.500000000000002 13.500000000000002 0.031650000000000005 867.50000000000011 4.5000000000000009 58984.060000000005 -0.26494999999999996 4.5000000000000009
decision_type=2 2 2 2 2 2 2 2 2 2 2 2 2 2 2 2 2 2 2
left_child=2 8 3 6 -5 -6 7 -1 12 11 -8 -10 14 -3 -2 16 -4 -11 -17
right_child=1 13 15 4 5 -7 10 -9 9 17 -12 -13 -14 -15 -16 18 -18 -19 -20
leaf_value=-0.00012453137753522578 0.030233462038593003 8.7359030325105642e-05 0.022274690496751331 -0.060276767295605785 0.015906393794644699 -0.017718464281038709 0.031203976326582363 -0.018272501549283057 0.013468361943097824 0.0091406511464038366 -0.0056918797217129407 -0.01276717960251132 0.051941873202389369 -0.032116375432676508 -0.0053595237667656784 0.015351501017328992 -0.0083106562414975282 0.04232299087349508 0.043682644589108893
leaf_weight=722.07773462310433 5.2089038658887166 7.5737053267657783 4.6598913986235875 10.162276662886141 40.791983669623733 84.505446806550026 33.512402720749378 56.894564071670175 20.369094739668071 6.9629641994833937 7.4492635391652575 19.836083803325891 11.756264410912989 10.214457225054501 5.459950678050518 5.2296740952879173 4.9784243181347847 8.8814485073089582 5.2651401367038488
leaf_count=4465 41 40 44 54 318 504 210 349 172 53 49 164 93 62 40 46 46 72 42
internal_value=-7.6793e-05 0.011052 -0.00120555 -0.00179358 -0.011532 -0.00661504 -0.000148403 -0.00150623 0.0183591 0.00990451 0.0243087 0.000295932 0.03654 -0.0192766 0.0132584 0.0238872 0.00690407 0.03096 0.0350823
internal_weight=1071.79 96.2629 975.527 955.394 135.46 125.297 819.934 778.972 78.4747 56.0496 40.9617 40.2052 22.4251 17.7882 10.6689 20.1331 9.63832 15.8444 10.4948
internal_count=6864 737 6127 5949 876 822 5073 4814 635 461 259 336 174 102 81 178 90 125 88
is_linear=0
shrinkage=0.05


Tree=116
num_leaves=27
num_cat=0
split_feature=24 23 25 16 22 25 25 18 21 23 11 11 18 28 21 21 28 20 16 18 25 11 29 27 28 24
split_gain=5.32725 5.05539 11.4454 10.1667 13.2143 10.4903 7.31553 18.1702 5.03292 4.68414 6.60448 6.17546 7.2572 5.12654 4.3998 4.13282 5.00572 4.12241 4.08584 3.65135 3.33397 2.38191 3.6168 1.83647 1.60867 0.946438
threshold=6.5000000000000009 2.5000000000000004 3.5000000000000004 1.5000000000000002 1.0000000180025095e-35 5.5000000000000009 1.5000000000000002 1903.5150000000001 1824.0000000000002 1.5000000000000002 1458.5000000000002 1780.5000000000002 57694.625000000007 10.500000000000002 415163.00000000006 12.500000000000002 18.500000000000004 -0.47079999999999994 1.0000000180025095e-35 67753.155000000013 3.5000000000000004 528.50000000000011 3.5000000000000004 5.5000000000000009 7.5000000000000009 4.5000000000000009
decision_type=2 2 2 2 2 2 2 2 2 2 2 2 2 2 2 2 2 2 2 2 2 2 2 2 2 2
left_child=9 3 8 6 20 -6 18 -8 -3 10 14 13 -13 -12 19 -4 -17 -10 -2 -1 -5 25 24 -24 -23 -11
right_child=1 2 15 4 5 -7 7 -9 17 21 11 12 -14 -15 -16 16 -18 -19 -20 -21 -22 22 23 -25 -26 -27
leaf_value=-0.0098868614184577513 0.012900706874576749 0.043226048481031787 0.015586512962780422 0.016574366847530345 -0.0031302862415750962 0.017190649022710277 -0.031736465247854007 0.0012031200607039161 -0.022021079451159165 -0.012686447566284429 0.0028575357115960295 -0.015721039109690135 0.030225499987575729 0.038645267498991928 -0.041351710384191651 -0.011173030901857468 -0.03941181407842885 0.01653336146522667 -0.012705449042906478 0.0069421725682780617 0.057527355511933123 -0.0097910963457680921 0.010904968616659655 -0.020272546449541511 -0.048989781257131181 0.009823139134229256
leaf_weight=140.25632270146161 93.000223450828344 10.436865940690039 8.5034407936036569 11.062224006280305 120.0616595800966 129.99625451397151 53.387198783457279 168.83813242707402 8.1728254808112961 7.6170964781194908 19.739913488738239 32.785244725644588 9.3730725310742837 20.604121998883784 7.5616483110934487 77.668458903208375 19.429178740829229 19.454612419940535 16.586649117991328 39.392485917545855 15.888858202844856 5.4313588906079557 6.6966340504586688 8.1024099178612214 13.350632669404147 6.8691515699028969
leaf_count=901 630 53 48 61 727 1056 308 979 52 47 125 195 56 127 50 461 117 124 111 244 113 41 47 53 95 43
internal_value=-6.01499e-05 0.00222281 -0.00612838 0.00422345 0.0112635 0.00744675 -0.00165613 -0.00687815 0.0166806 -0.00547745 -0.00280422 0.00878747 -0.00437298 0.0223329 -0.00800434 -0.0146001 -0.0176059 0.00407394 0.00877718 -0.00610582 0.0433696 -0.0195664 -0.0265521 -0.00595064 -0.0401687 -0.00150937
internal_weight=1070.27 752.487 143.665 608.821 277.009 250.058 331.812 222.225 38.0643 317.78 269.713 82.5024 42.1583 40.344 187.21 105.601 97.0976 27.6274 109.587 179.649 26.9511 48.0673 33.581 14.799 18.782 14.4862
internal_count=6864 4840 855 3985 1957 1783 2028 1287 229 2024 1698 503 251 252 1195 626 578 176 741 1145 174 326 236 100 136 90
is_linear=0
shrinkage=0.05


Tree=117
num_leaves=14
num_cat=0
split_feature=25 1 1 2 2 2 2 0 2 10 21 19 11
split_gain=5.26506 5.13185 9.24426 8.5374 8.23721 21.3072 7.26394 6.66409 6.32238 6.31492 4.8501 3.32785 2.93597
threshold=1.0000000180025095e-35 10.500000000000002 4.5000000000000009 11.500000000000002 12.500000000000002 6.5000000000000009 3.5000000000000004 451.20000000000005 25.500000000000004 171.50000000000003 142832.00000000003 0.03765000000000001 199.50000000000003
decision_type=2 2 2 2 2 2 2 2 2 2 2 2 2
left_child=-1 2 3 6 5 -4 -2 -5 9 12 -11 -6 -3
right_child=1 8 4 7 11 -7 -8 -9 -10 10 -12 -13 -14
leaf_value=-0.038794214287703001 0.0030683168954042266 0.0080827111756726442 -0.0077028474440614782 -0.01182519283588453 -0.013928379959373672 0.054032013791698044 -0.019247046634671222 0.006144674896560471 -0.042109510564687674 0.002809030079503502 -0.014028956127330692 0.0099063751470407444 -0.021420487755151499
leaf_weight=6.7035643626004449 59.576057003811002 8.2669765781611186 22.395821627229452 57.672501506283879 18.353154860436916 32.326153269037604 87.47719856351614 371.34391149971634 8.9286686256527883 240.14438329264522 49.925681237131357 49.269515877589583 55.584635759703815
leaf_count=280 352 78 127 322 98 250 525 2364 44 1364 287 311 462
internal_value=-5.62852e-05 0.000251513 0.00276465 7.81933e-05 0.0151289 0.029209 -0.0102194 0.00366213 -0.00454701 -0.00334 -0.000131038 0.00307958 -0.0173193
internal_weight=1067.97 1061.26 698.414 576.07 122.345 54.722 147.053 429.016 362.85 353.922 290.07 67.6227 63.8516
internal_count=6864 6584 4349 3563 786 377 877 2686 2235 2191 1651 409 540
is_linear=0
shrinkage=0.05


Tree=118
num_leaves=17
num_cat=0
split_feature=25 3 0 2 6 3 8 20 6 9 11 1 10 0 27 14
split_gain=5.00859 4.8563 9.26422 7.08693 5.51534 5.48456 5.47091 4.43666 3.77687 3.68833 3.48351 3.15347 2.91467 2.84397 2.54989 1.7817
threshold=1.0000000180025095e-35 3.5000000000000004 180019.73000000004 22.500000000000004 9.5000000000000018 1.5000000000000002 0.26550000000000007 0.39435000000000003 9.5000000000000018 0.0026500000000000004 1859.5000000000002 3.5000000000000004 126.50000000000001 20521.995000000003 9.5000000000000018 0.23245000000000002
decision_type=2 2 2 2 2 2 2 2 2 2 2 2 2 2 2 2
left_child=-1 2 4 9 5 -2 -6 8 10 -4 -3 -5 15 -10 -14 -9
right_child=1 7 3 11 6 -7 -8 12 13 -11 -12 -13 14 -15 -16 -17
leaf_value=-0.038375596531527167 0.0068491931076186119 0.0038500570228502343 -0.045513804333475155 0.018281040472523401 -0.028940434195258803 -0.0025009332580512716 0.014934966870556843 -0.01591864614415656 0.043169009260541159 -0.011760488008408582 -0.013387384102108896 -0.015027836159129072 0.032838055978435414 -0.00010234436707029818 -0.0013379033416625078 0.017301958425053238
leaf_weight=6.4657168062403789 243.32925091125071 195.06069077271968 22.177990415133536 11.838152546435596 27.640686690807343 431.4004811514169 7.6309953257441512 6.9725847877562028 7.80663197301328 16.344888193532825 32.327381577342749 12.532372608780859 27.939309974201024 5.4389311298727989 5.8109759697690597 5.2944579366594553
leaf_count=280 1363 1404 197 74 149 2351 38 49 51 156 214 83 301 43 61 50
internal_value=-6.20262e-05 0.000234217 -0.00181852 -0.0199033 -0.000151087 0.000866523 -0.0188877 0.0057779 0.00293332 -0.0327266 0.00126049 0.000932318 0.0197028 0.0270624 0.0269284 -0.000464216
internal_weight=1066.01 1059.55 772.895 62.8934 710.001 674.73 35.2717 286.651 240.634 38.5229 227.388 24.3705 46.0173 13.2456 33.7503 12.267
internal_count=6864 6584 4411 510 3901 3714 187 2173 1712 353 1618 157 461 94 362 99
is_linear=0
shrinkage=0.05


Tree=119
num_leaves=18
num_cat=0
split_feature=4 10 1 2 0 2 0 0 9 18 11 21 0 28 3 6 10
split_gain=4.93126 5.07685 4.87886 5.96237 22.6974 22.5043 4.40036 3.99305 3.95378 4.68688 4.06945 3.35911 3.71567 2.30539 1.93671 1.66914 0.777146
threshold=1.0000000180025095e-35 1.0000000180025095e-35 1.0000000180025095e-35 22.500000000000004 3170.3500000000004 18.500000000000004 12976.250000000002 2661.3850000000007 0.0021500000000000004 28063.590000000004 1210.5000000000002 137329.00000000003 6888.6200000000008 14.500000000000002 2.5000000000000004 3.5000000000000004 493.50000000000006
decision_type=2 2 2 2 2 2 2 2 2 2 2 2 2 2 2 2 2
left_child=1 6 11 5 -5 -4 14 -2 -9 16 -11 12 -3 15 -1 -8 -10
right_child=7 2 3 4 -6 -7 13 8 9 10 -12 -13 -14 -15 -16 -17 -18
leaf_value=-0.0098832269179129906 -0.0058256584847496597 0.037033444617697385 0.00075449281559990462 -0.017324030256873974 0.015423202507172249 -0.023777536871380216 0.0011878597374852958 0.043664294490867367 0.040228245417366901 -0.035158099603503593 0.015986068023987696 -0.011912641086217634 -0.0054563050549304021 0.0070783004090321901 0.025570480047426011 -0.0362571283593877 0.0072076655319045536
leaf_weight=6.0851836809888464 14.949287250638006 18.469082728028305 583.36037340015173 72.86223298497498 177.94982345588505 109.14984807930887 2.650734653696424 13.196310417726634 6.2280332855880278 6.253393402323125 5.3997559063136578 5.419632773846387 5.7335911467671385 3.0894528748467556 5.2359638111665845 23.413209099322557 4.7031420022249222
leaf_count=60 76 174 3466 378 1276 620 41 99 47 52 40 32 39 28 34 364 38
internal_value=-6.35835e-05 -0.000846958 -9.77246e-05 -0.000753957 0.00580861 -0.00315506 -0.0177693 0.0148346 0.0235827 0.00884436 -0.0118567 0.0192097 0.0269379 -0.0276009 0.00714048 -0.0322793 0.0301066
internal_weight=1064.15 1013.42 972.945 943.322 250.812 692.51 40.4745 50.7299 35.7806 22.5843 11.6531 29.6223 24.2027 29.1534 11.3211 26.0639 10.9312
internal_count=6864 6512 5985 5740 1654 4086 527 352 276 177 92 245 213 433 94 405 85
is_linear=0
shrinkage=0.05


Tree=120
num_leaves=25
num_cat=0
split_feature=24 5 13 7 9 6 18 29 21 25 23 2 18 23 1 12 24 2 16 2 27 17 21 18
split_gain=4.85199 7.18694 5.69712 7.29195 8.19483 6.63496 6.17817 5.50207 5.30052 5.64236 4.39894 3.6164 3.6154 11.634 4.14181 3.58539 3.13857 2.3536 1.9472 1.94475 1.44037 1.18335 0.924525 0.3741
threshold=21.500000000000004 1.0000000180025095e-35 1.0000000180025095e-35 3.5000000000000004 0.38925000000000004 9.5000000000000018 2167.2200000000007 1.5000000000000002 216322.50000000003 1.5000000000000002 2.5000000000000004 24.500000000000004 4613.0400000000009 1.5000000000000002 2.5000000000000004 1.0000000180025095e-35 25.500000000000004 6.5000000000000009 5.5000000000000009 8.5000000000000018 7.5000000000000009 18706.455000000005 303.50000000000006 170.57000000000002
decision_type=2 2 2 2 2 2 2 2 2 2 2 2 2 2 2 2 2 2 2 2 2 2 2 2
left_child=1 11 3 16 5 -5 23 12 10 -10 -9 19 14 -14 -3 17 -2 -8 -18 -1 -6 -17 -21 -4
right_child=2 7 6 4 20 -7 15 8 9 -11 -12 -13 13 -15 -16 21 18 -19 -20 22 -22 -23 -24 -25
leaf_value=-0.0049516292985186464 0.0085230135368534708 0.013503829046941751 -0.0020441577611991957 0.0038125946001485358 0.044947312234914195 -0.035812076194147828 -0.0026001555896799926 0.0051103578209559684 0.0032972158100350031 -0.027748860755301804 -0.0121119942503677 0.0026539072453415388 0.010819784583806617 -0.019742298153223821 -0.020553829717183506 -0.026708347385115329 -0.030673320827779089 0.025301993877319851 -0.00305755293861749 -0.013755082298163813 0.01119111381654965 0.0061140601002162452 -0.045015794607607136 -0.019800456288356069
leaf_weight=7.2142383009195354 7.8664165874943128 8.4519667215645295 6.9304905924946061 149.61940688639879 11.443514643236997 9.3420859985053522 7.2923330478370181 405.45922620641068 27.083101227413863 27.725597692653537 38.601768912747502 9.6396852266043407 68.881830903235823 53.406238025054336 68.592871344648302 3.4371515512466422 25.335720349103212 73.723275950178504 10.053510181605814 6.6787263229489353 7.579918021336197 3.59606365673244 15.431524793617426 8.0266350824385864
leaf_count=54 50 57 48 896 118 51 40 2578 201 169 251 62 458 335 438 44 162 481 59 39 82 41 99 51
internal_value=-5.44513e-05 -0.0023053 0.00501491 0.000412557 0.00496341 0.0010057 0.0146087 -0.00109282 0.00170011 -0.0126558 0.00354322 -0.0226736 -0.00807981 -0.00254989 -0.016444 0.0196647 -0.0174838 0.0226679 -0.0236788 -0.0309565 0.0343169 -0.0111813 -0.0379121 -0.0133742
internal_weight=1061.41 737.167 324.247 221.241 177.985 158.961 103.006 698.203 498.87 54.8087 444.061 38.9642 199.333 122.288 77.0448 88.0488 43.2556 81.0156 35.3892 29.3245 19.0234 7.03322 22.1103 14.9571
internal_count=6864 4741 2123 1418 1147 947 705 4487 3199 370 2829 254 1288 793 495 606 271 521 221 192 200 85 138 99
is_linear=0
shrinkage=0.05


Tree=121
num_leaves=23
num_cat=0
split_feature=24 11 11 11 2 29 16 23 25 16 25 3 2 17 18 25 14 20 20 13 7 17
split_gain=4.75587 4.54971 4.54141 8.48675 5.72989 4.73125 4.5722 4.52379 10.5214 8.84783 8.42008 6.88019 6.87002 6.68629 5.81488 5.32022 3.83515 3.58464 3.17562 2.64356 2.57183 1.43765
threshold=6.5000000000000009 2070.5000000000005 1859.5000000000002 1499.5000000000002 1.5000000000000002 3.5000000000000004 1.5000000000000002 2.5000000000000004 3.5000000000000004 1.5000000000000002 5.5000000000000009 2.5000000000000004 6.5000000000000009 52210.805000000008 1582.0600000000002 1.5000000000000002 0.68885000000000007 -0.47364999999999996 -0.37964999999999999 1.0000000180025095e-35 4.5000000000000009 108154.01500000001
decision_type=2 2 2 2 2 2 2 2 2 2 2 2 2 2 2 2 2 2 2 2 2 2
left_child=1 2 3 4 -1 -5 20 9 17 11 13 15 -12 -11 -13 -2 18 -9 -10 -19 -4 -18
right_child=7 -3 6 5 -6 -7 -8 8 16 10 12 14 -14 -15 -16 -17 21 19 -20 -21 -22 -23
leaf_value=0.022171946764618995 0.0037553993905330252 0.023212331753013779 -0.02708757475976515 -0.0010050476842201476 -0.010507454367620191 0.028735425374101162 -0.048973297293904754 -0.0058411607111661448 -0.007489636088281959 0.010625019773552194 -0.0019362654897078719 -0.0087988983036053573 0.025110139493474716 -0.011533419475383765 0.011890559819821032 -0.014743689473341599 0.019980895395747898 0.0097433714337325575 -0.027288162917099863 0.043427549725725101 0.0053352333402593675 -0.0059355120743501844
leaf_weight=12.292055150493978 56.718690197449178 11.429727136157451 8.4565232330933249 25.479550085030496 209.8849902106449 24.496921092271805 10.049782406538723 11.470079339109359 42.212489582598209 83.557249568402767 28.719910414889455 45.787038772366941 107.03226833324879 54.378540873527527 114.0384735208936 112.29981872532517 8.0959700793027896 15.611038982868195 45.144142543897033 10.601953056640923 12.582902234047651 9.0831777378916723
leaf_count=71 373 70 56 168 1374 152 59 69 250 492 185 293 930 350 720 642 57 90 273 70 74 46
internal_value=-6.52639e-05 -0.00520894 -0.00645802 -0.00425202 -0.00847317 0.0139252 -0.0240428 0.00210278 -0.0058348 0.00400598 0.0106176 -0.00149738 0.0193705 0.00177803 0.00586613 -0.00850603 -0.0140016 0.0161324 -0.0182148 0.0258343 -0.00848279 0.00656662
internal_weight=1059.42 314.672 303.243 272.154 222.177 49.9765 31.0892 744.751 142.219 602.532 273.688 328.844 135.752 137.936 159.826 169.019 104.536 37.6831 87.3566 26.213 21.0394 17.1791
internal_count=6864 2024 1954 1765 1445 320 189 4840 855 3985 1957 2028 1115 842 1013 1015 626 229 523 160 130 103
is_linear=0
shrinkage=0.05


Tree=122
num_leaves=14
num_cat=0
split_feature=25 4 24 17 18 25 10 0 9 18 19 21 10
split_gain=4.73928 4.41133 4.76583 5.57796 7.82667 5.6368 3.8172 3.63714 3.30989 4.22072 3.25495 1.39052 0.482977
threshold=1.0000000180025095e-35 1.0000000180025095e-35 48.500000000000007 196390.33000000005 1131288.9500000002 17.500000000000004 678.50000000000011 1935.8200000000004 0.0021500000000000004 28063.590000000004 0.43440000000000006 5426.0000000000009 620.50000000000011
decision_type=2 2 2 2 2 2 2 2 2 2 2 2 2
left_child=-1 2 3 5 -5 -2 10 -3 12 -10 -4 -8 -9
right_child=1 7 6 4 -6 -7 11 8 9 -11 -12 -13 -14
leaf_value=-0.037914090549699977 -0.00060755411192367861 -0.0074640938140366989 -0.0072414807525251097 -0.01698233518488854 0.019876867701845029 0.025960266053186479 0.044377352268098219 0.048861286466201463 0.028263541328985276 -0.010643221792748677 0.020187624981821389 0.011607302562391755 0.015911614516285404
leaf_weight=6.2071651276201001 811.86312710959464 12.576411388814448 24.437239924445748 97.307069306261837 14.88468196056783 18.465520889498293 8.8094495330005902 8.3491816781461221 11.662650195881726 12.165231393650172 16.124225692823529 8.8640135414898378 5.5740318130701771
leaf_count=280 4939 62 143 634 108 169 76 67 89 95 118 46 38
internal_value=-5.86961e-05 0.000226944 -0.000502406 -0.00138062 -0.0117421 3.22282e-05 0.0131192 0.0143859 0.021926 0.00872666 0.0038636 0.0313009 0.0399536
internal_weight=1057.29 1051.08 1000.76 942.52 112.192 830.329 58.2349 50.3275 37.7511 23.8279 40.5615 17.6735 13.9232
internal_count=6864 6584 6233 5850 742 5108 383 351 289 184 261 122 105
is_linear=0
shrinkage=0.05


Tree=123
num_leaves=24
num_cat=0
split_feature=1 1 0 20 10 1 11 21 11 18 0 0 3 3 28 9 14 3 21 0 18 25 11
split_gain=4.40281 8.58656 7.76856 6.23193 5.461 4.73942 4.69126 4.94229 5.40283 5.38961 4.24074 3.65437 3.99719 2.92385 2.52883 2.30073 2.29233 2.17518 1.5971 1.48278 1.19043 0.944725 0.49742
threshold=10.500000000000002 4.5000000000000009 467190.23000000004 0.39435000000000003 171.50000000000003 1.0000000180025095e-35 3.5000000000000004 6349.0000000000009 39.500000000000007 4804.4600000000009 451.20000000000005 1409.9500000000003 3.5000000000000004 1.5000000000000002 8.5000000000000018 0.014350000000000002 0.0030500000000000002 3.5000000000000004 303.50000000000006 177.50000000000003 55312.915000000008 3.5000000000000004 839.50000000000011
decision_type=2 2 2 2 2 2 2 2 2 2 2 2 2 2 2 2 2 2 2 2 2 2 2
left_child=1 2 3 5 13 -1 21 8 -8 -9 19 -12 -13 14 20 -5 -15 -18 -4 -3 -2 -6 -20
right_child=4 10 18 15 6 -7 7 9 -10 -11 11 12 -14 16 -16 -17 17 -19 22 -21 -22 -23 -24
leaf_value=0.018085839709656416 0 0.013557849408511798 -0.0023270309279356952 0.0075706042861162963 -0.039827909712378914 -0.0022365379385082076 0.042863186349702445 -0.022748929358667805 0.0036190026969840946 -0.00062005827157435409 -0.013848801551909762 0.005453611492236941 0.027746932537740507 0.003721236046036375 0.016627973755660764 0.029212144839194428 -0.035293150735040663 -0.0095808508772341934 -0.014660543875830193 0.048792170956146935 -0.035969022152592948 -0.0087930290269917551 -0.048129431739805877
leaf_weight=28.493795055896044 3.4370183590799561 8.2224819380790013 4.7167392335832146 35.974338497966528 6.9085304439067823 470.62207905389369 7.4962001815438262 36.639672324992716 139.62361149303615 99.461775519885123 12.222441879101096 61.309361862018704 30.174634789116681 5.832446356303989 9.2898317780345661 20.285381677560508 27.746262711007148 15.764275586232541 5.1687985593453032 9.4303547330200654 2.7843138561584055 6.7932684794068336 7.8312565488740802
leaf_count=240 55 43 60 252 43 2837 41 229 850 581 72 342 300 45 71 179 265 115 52 54 36 39 63
internal_value=-4.13626e-05 0.00227785 -0.000279851 0.000794727 -0.00450876 -0.000988856 -0.00155384 -4.32989e-05 0.00623374 -0.00689293 0.0142458 0.00984849 0.01335 -0.0174366 0.000866949 0.0162804 -0.0231948 -0.0270275 -0.031136 0.0359392 -0.0197712 -0.0281578 -0.0392179
internal_weight=1056.23 694.452 573.092 555.376 361.777 499.116 296.923 283.221 147.12 136.101 121.359 103.706 91.484 64.8541 15.5112 56.2597 49.343 43.5105 17.7168 17.6528 6.22133 13.7018 13.0001
internal_count=6864 4494 3683 3508 2370 3077 1783 1701 891 810 811 714 642 587 162 431 425 380 175 97 91 82 115
is_linear=0
shrinkage=0.05


Tree=124
num_leaves=19
num_cat=0
split_feature=25 23 15 25 23 16 15 17 18 20 14 2 28 19 2 7 20 24
split_gain=4.30884 7.54638 4.81968 6.12042 9.58452 7.29303 5.1701 6.24816 6.08687 4.29732 3.96934 5.49741 2.59626 2.00834 1.78407 1.59301 0.777885 0.551085
threshold=11.500000000000002 3.5000000000000004 6.5000000000000009 6.5000000000000009 2.5000000000000004 1.5000000000000002 2.5000000000000004 41908.05000000001 15642.960000000001 -0.44554999999999995 0.068850000000000008 6.5000000000000009 13.500000000000002 0.031650000000000005 10.500000000000002 2.5000000000000004 -0.48614999999999992 23.500000000000004
decision_type=2 2 2 2 2 2 2 2 2 2 2 2 2 2 2 2 2 2
left_child=2 9 3 6 5 -5 7 -1 -8 12 -11 -12 17 -3 -4 -6 -16 -2
right_child=1 13 14 4 15 -7 8 -9 -10 10 11 -13 -14 -15 16 -17 -18 -19
leaf_value=0.0013811007512575526 0.021214602141210979 0.00093040300188155763 -0.0030949952348049386 -0.021563044184928604 -0.0074189824377203385 0.0062055932334520066 -0.0074019564527418244 -0.0093241950607158546 0.023847155507968752 -0.018885701504472649 -0.015118376786229385 0.0237725460218789 0.050403582220842513 -0.030653274824907241 0.0060607251364133479 -0.04029485351542287 0.036639445296524652 0
leaf_weight=568.75615752767771 5.1180509552359599 7.4689744710922268 4.3140167240053442 34.44588743057102 6.3822713606059578 64.839412163943052 21.925161816179752 176.74996280344203 43.408193921670318 8.8023798111826164 10.143794929608701 35.47227774746716 11.228714449331163 9.9653617553412897 4.6203106902539739 25.035837505012751 10.52936020493507 5.3053577980026603
leaf_count=3540 43 40 35 210 42 439 134 1113 312 57 66 338 93 62 41 159 102 38
internal_value=-4.07855e-05 0.0100793 -0.00105473 -0.00159544 -0.0115498 -0.00356524 2.13271e-05 -0.00116177 0.0133034 0.0169153 0.00856469 0.0146425 0.0349814 -0.0179048 0.0223471 -0.0347594 0.0296911 0.012123
internal_weight=1054.51 93.5049 961.007 941.543 130.703 99.2853 810.839 745.506 65.3334 76.0706 54.4185 45.6161 21.6521 17.4343 19.4637 31.4181 15.1497 10.4234
internal_count=6864 737 6127 5949 850 649 5099 4653 446 635 461 404 174 102 178 201 143 81
is_linear=0
shrinkage=0.05


Tree=125
num_leaves=17
num_cat=0
split_feature=25 23 18 0 3 24 25 20 21 22 9 29 20 3 20 19
split_gain=4.51128 4.23247 8.78237 7.45722 7.8161 7.67085 6.72167 9.24404 6.73918 9.54738 6.60218 6.86097 5.58097 4.27322 3.636 2.07524
threshold=1.0000000180025095e-35 1.5000000000000002 5025.3350000000009 82524.740000000005 3.5000000000000004 6.5000000000000009 2.5000000000000004 -0.47364999999999996 137329.00000000003 1.0000000180025095e-35 0.083100000000000021 1.5000000000000002 -0.18354999999999996 2.5000000000000004 -0.37964999999999999 0.60060000000000013
decision_type=2 2 2 2 2 2 2 2 2 2 2 2 2 2 2 2
left_child=-1 2 10 5 -5 -4 7 13 9 -8 11 -2 -12 -3 -9 -10
right_child=1 6 3 4 -6 -7 8 14 15 -11 12 -13 -14 -15 -16 -17
leaf_value=-0.037486673815535436 -0.012867553175204048 -0.027599727681836418 5.4438501379362089e-05 -0.016463721623456246 0.015410315545863022 0.018168736906388955 0.017968643819339821 0.042585678999119032 -0.042785058158799433 -0.0086199152309568913 -0.034907177483621266 0.0046011591580185337 0.0035854513431167602 0.0068101611759839231 0.012052945984432843 -0.00611356129958604
leaf_weight=5.9839841318316749 77.576894742436707 17.723378252238035 88.529314083978534 51.617023291997612 27.872608231380582 176.64564132504165 36.860424609854817 12.792692087590693 14.760126937180759 251.31238361634314 25.71590168774128 189.03722338471562 13.06842067837715 14.766822552308438 41.810274701565504 6.8830996174365273
leaf_count=280 461 100 496 340 326 1160 214 67 93 1596 148 1104 82 84 261 52
internal_value=-3.62484e-05 0.000239332 0.00272961 0.00818747 -0.00506064 0.0122043 -0.00380745 0.00828149 -0.0072692 -0.00508408 -0.00341064 -0.000502458 -0.0221521 -0.0121824 0.020635 -0.0330492
internal_weight=1052.96 1046.97 650.063 344.665 79.4896 265.175 396.909 87.0932 309.816 288.173 305.398 266.614 38.7843 32.4902 54.603 21.6432
internal_count=6864 6584 4117 2322 666 1656 2467 512 1955 1810 1795 1565 230 184 328 145
is_linear=0
shrinkage=0.05


Tree=126
num_leaves=18
num_cat=0
split_feature=4 2 0 2 20 0 10 2 19 8 20 10 0 9 24 22 14
split_gain=4.27443 4.64093 10.7145 7.75751 8.55123 6.37776 6.42787 5.4315 4.70147 4.2025 4.04793 3.97803 2.81462 3.57198 2.80231 2.08146 3.14932
threshold=1.0000000180025095e-35 1.5000000000000002 5498.1200000000008 5.5000000000000009 -0.5915999999999999 164.79500000000004 1.0000000180025095e-35 19.500000000000004 0.0087500000000000026 0.57655000000000001 -0.19779999999999995 483.50000000000006 1878.0600000000002 0.0010500000000000004 6.5000000000000009 1.5000000000000002 0.040350000000000004
decision_type=2 2 2 2 2 2 2 2 2 2 2 2 2 2 2 2 2
left_child=1 2 15 4 8 7 -7 -5 -3 12 -4 -6 -2 -14 -15 16 -1
right_child=9 3 10 5 11 6 -8 -9 -10 -11 -12 -13 13 14 -16 -17 -18
leaf_value=0.0055999435377384037 -0.015066979340970139 0.039262801905476846 0.0069361501519593196 -0.0028839750907768569 -0.0087416544800726116 -0.019668204399314 0.0023481031659136594 -0.037765764083819001 -0.0020605311116759424 0.039913591397844374 -0.039734781543374238 -0.028962853002095692 0.034194596724525267 -0.024921942034033348 0.011935039934739385 0.0041509130378765361 0.046477108163903512
leaf_weight=7.7344547510147121 10.024727331474422 7.8274018988013294 7.1434553973376742 28.472123082727194 52.042339869309217 32.648368530441076 740.75548391509801 17.556527360342443 21.037557720672339 10.134604306891559 8.0278101107105595 52.101480384357274 10.39926251024008 5.6669369339942959 13.752063952386377 8.0065372977405769 17.950355419889092
leaf_count=46 50 47 42 172 359 427 4670 98 122 91 56 300 73 33 105 53 120
internal_value=-4.03491e-05 -0.000774015 0.0139248 -0.00156618 -0.012673 0.000250961 0.00135748 -0.0174156 0.0106393 0.0139305 -0.0189289 -0.0193073 0.00549048 0.0132287 0 0.0292307 0.0358228
internal_weight=1051.28 1001.3 48.8626 952.441 133.009 819.433 773.404 46.0287 28.865 49.9776 15.1713 104.144 39.843 29.8183 19.419 33.6913 25.6848
internal_count=6864 6512 317 6195 828 5367 5097 270 169 352 98 659 261 211 138 219 166
is_linear=0
shrinkage=0.05


Tree=127
num_leaves=16
num_cat=0
split_feature=25 24 23 18 0 25 19 10 10 10 19 16 14 16 18
split_gain=4.28339 4.14239 4.48625 7.97985 7.95695 6.96684 6.48005 5.99171 3.5785 3.13698 3.27 3.30888 1.37915 1.31243 0.802706
threshold=1.0000000180025095e-35 49.500000000000007 1.5000000000000002 8437.1100000000024 12523.715000000002 1.5000000000000002 0.094750000000000015 675.50000000000011 736.50000000000011 678.50000000000011 0.35355000000000009 3.5000000000000004 0.098750000000000018 1.0000000180025095e-35 81976.320000000022
decision_type=2 2 2 2 2 2 2 2 2 2 2 2 2 2 2
left_child=-1 2 3 7 -5 8 -7 -2 -4 10 11 -3 -11 -12 -14
right_child=1 9 5 4 -6 6 -8 -9 -10 12 13 -13 14 -15 -16
leaf_value=-0.037048525022411231 0.00080731432550650148 -0.022218874608431569 0.0050339590726867049 0.016489872159853022 0.00019374516453839446 -0.015266617592559579 -0.00098597964521903629 -0.014162151107928074 0.040548661434555662 0.0052883604894537464 0 0.012904273758728838 0.051630307025910371 0.02918713460827484 0.014431266120022206
leaf_weight=5.7630004785023621 235.80050622019917 13.383821174502375 27.491577522829175 140.05978853628039 161.23032930959016 141.89030037075281 181.63163310848176 90.598579300567508 8.3722735494375211 5.8083584420383003 5.6057116482406881 9.7815365847200137 5.7912011221051198 10.95027106720954 5.5972642693668604
leaf_count=280 1429 75 169 822 1216 828 1201 494 43 33 31 58 45 96 44
internal_value=-3.70056e-05 0.000228192 -0.000529764 0.00200854 0.00786103 -0.00497732 -0.00733522 -0.00337825 0.0152927 0.0131142 0.00454131 -0.00714391 0.0298588 0.0204381 0.0389813
internal_weight=1049.76 1043.99 987.075 627.689 301.29 359.386 323.522 326.399 35.8639 56.9182 39.7213 23.1654 17.1968 16.556 11.3885
internal_count=6864 6584 6202 3961 2038 2241 2029 1923 212 382 260 133 122 127 89
is_linear=0
shrinkage=0.05


Tree=128
num_leaves=17
num_cat=0
split_feature=9 7 8 9 10 7 22 16 18 9 21 19 24 9 23 14
split_gain=4.22004 7.83875 5.19085 7.46914 7.60605 5.08562 5.65557 14.5657 13.9525 5.19512 4.96274 3.77164 3.48997 2.44996 1.73997 0.787179
threshold=0.69425000000000014 3.5000000000000004 0.50385000000000013 0.10125000000000002 80.500000000000014 3.5000000000000004 2.5000000000000004 4.5000000000000009 8053.4300000000012 0.24995000000000003 132683.00000000003 1.1767000000000001 21.500000000000004 0.024350000000000004 1.5000000000000002 0.17195000000000002
decision_type=2 2 2 2 2 2 2 2 2 2 2 2 2 2 2 2
left_child=2 -2 5 4 13 9 7 -7 -8 10 -1 -6 15 -4 -11 -5
right_child=1 -3 3 12 11 6 8 -9 -10 14 -12 -13 -14 -15 -16 -17
leaf_value=-0.0014747520317470182 -0.011450445399169775 0.046085790014023124 -0.030817070766739309 -0.042680635718342304 0.029707778465154069 2.6326730030727403e-05 -0.052464119128847214 0.029394060258723088 -0.0028159731801406687 -0.01067106004232281 -0.024374438441956196 0.00024027009498754593 0.0079141665746326681 0.010812053481933093 -0.040038300137884494 -0.010181429128634616
leaf_weight=144.09001314453781 9.0500586051493883 11.390658982098103 8.0509175560437125 6.055249231867494 52.638462484814227 564.28881092416123 14.386639442294834 43.696736071258783 110.03733380232006 11.77582758665085 26.671865221112967 14.451806815341113 7.9982286682352415 3.7462132824584833 14.289052341133354 5.8707174118608236
leaf_count=916 54 169 121 44 307 3446 88 321 792 79 192 93 54 52 93 43
internal_value=-2.40558e-05 0.021416 -0.000500813 0.0102639 0.0171786 -0.00167581 0.00023545 0.00224287 -0.00937484 -0.00876892 -0.00535018 0.0236957 -0.0157274 -0.0172218 -0.0288328 -0.0311604
internal_weight=1048.49 20.4407 1028.05 98.8116 78.8874 929.236 732.41 607.986 124.424 196.827 170.762 67.0903 19.9242 11.7971 26.0649 11.926
internal_count=6864 223 6641 714 573 5927 4647 3767 880 1280 1108 400 141 173 172 87
is_linear=0
shrinkage=0.05


Tree=129
num_leaves=22
num_cat=0
split_feature=24 0 23 17 20 10 21 0 10 20 17 1 20 17 10 8 21 11 20 0 19
split_gain=4.19135 5.85982 6.59633 5.63337 5.4465 5.80625 5.31585 5.12129 5.09149 5.15895 5.05575 4.25217 4.26683 4.24667 3.8404 3.29066 3.21922 3.02858 2.93347 2.2438 1.36951
threshold=13.500000000000002 114.26500000000001 2.5000000000000004 187096.66500000001 -0.51744999999999985 692.50000000000011 132683.00000000003 505.33000000000004 856.50000000000011 -0.63389999999999991 1348187.8000000003 3.5000000000000004 -0.41559999999999991 99071.150000000009 675.50000000000011 0.16005000000000003 721.50000000000011 1289.5000000000002 -0.61549999999999983 21179.755000000005 0.079050000000000023
decision_type=2 2 2 2 2 2 2 2 2 2 2 2 2 2 2 2 2 2 2 2 2
left_child=1 17 8 4 7 14 -7 18 9 -3 11 16 -13 -10 -6 -9 -5 -1 -2 20 -4
right_child=3 2 19 10 5 6 -8 15 13 -11 -12 12 -14 -15 -16 -17 -18 -19 -20 -21 -22
leaf_value=-0.036398691890520578 0.029951464536125405 0.011713525525805978 -0.042441971363134823 0 0.0053114112117892956 0.024090554205595013 -0.0064501848107729742 -0.017255646002434 -0.024164652426623419 -0.001552165948645969 0.024392750447648666 0.015761316940459142 -0.015700396034371299 0.014211541064807546 -0.030121032337500742 0.0067339383714152927 -0.043818133780408317 0.00060467530898358974 -0.0048975491592720992 -0.0036676547867976654 -0.0079758041698396488
leaf_weight=17.265466154553 12.032492741942407 89.644388065673411 12.771322743967181 5.7310398314148214 236.71538867149502 78.381917959079146 15.834360397420822 55.523468753322959 34.002611149102449 361.14461942948401 7.618195720948278 14.381381736136971 29.069936691783369 7.2465194351971141 5.8591498369351021 17.116590736899525 14.25891327485442 6.9304833142086855 8.9925680384039861 10.676103597506879 5.9195959791541091
leaf_count=105 75 543 98 36 1645 518 97 329 207 2373 60 94 205 42 36 112 85 41 54 73 36
internal_value=-3.31666e-05 -0.00307009 -0.00188257 0.00324993 0.00542294 0.00839043 0.0188264 -0.00509504 -0.00044281 0.00110387 -0.00956473 -0.0144161 -0.00483194 -0.0168462 0.00417537 -0.0114399 -0.0324598 -0.0261811 0.0154813 -0.0241203 -0.0338356
internal_weight=1047.12 545.601 521.405 501.515 430.456 336.791 94.2163 93.6651 492.038 450.789 71.0595 63.4413 43.4513 41.2491 242.575 72.6401 19.99 24.1959 21.0251 29.367 18.6909
internal_count=6864 3518 3372 3346 2866 2296 615 570 3165 2916 480 420 299 249 1681 441 121 146 129 207 134
is_linear=0
shrinkage=0.05


Tree=130
num_leaves=19
num_cat=0
split_feature=5 4 8 11 3 17 2 2 16 22 25 9 0 2 14 10 0 3
split_gain=4.12431 4.55285 4.44199 4.407 4.98337 4.05863 7.44673 12.8626 4.78489 21.5476 6.23983 4.39945 3.87095 3.83728 3.49896 3.22249 2.68146 1.92985
threshold=1.0000000180025095e-35 1.0000000180025095e-35 0.16005000000000003 1355.5000000000002 3.5000000000000004 196390.33000000005 11.500000000000002 6.5000000000000009 1.5000000000000002 1.0000000180025095e-35 5.5000000000000009 0.040050000000000009 2371.7000000000003 16.500000000000004 0.12860000000000002 758.50000000000011 17804.705000000005 1.5000000000000002
decision_type=2 2 2 2 2 2 2 2 2 2 2 2 2 2 2 2 2 2
left_child=3 5 14 4 13 8 7 -7 10 -10 -2 -8 -4 -1 -3 -14 -5 -15
right_child=1 2 12 16 -6 6 11 -9 9 -11 -12 -13 15 17 -16 -17 -18 -19
leaf_value=0.0094899268986757407 9.720732791243697e-05 -0.030789302844952116 -0.0020239847945473372 -0.042290795984671475 0.028171704394836329 -0.017686984857973771 -0.026309391932464312 0.039758531512405826 0.039816323327660136 0.0010714300939686414 -0.01680438632574113 -0.0015033954716430263 0.044124598067497273 -0.0039804061203042741 0.013123615277682445 0 -0.0018758631950734719 -0.040406234365882782
leaf_weight=10.313520422205331 422.83598474785686 6.0554490312933913 8.4894505515694636 13.333566699177029 8.1655561411753279 18.606936665251851 48.712081732228398 16.477377152070403 38.691750714555383 310.24744130577892 60.511843007989228 29.3682049382478 18.543895039707426 7.2089293850585845 8.2570199575275165 4.8506710436195126 6.5970508530735961 8.8125150427222234
leaf_count=68 2702 33 41 84 63 117 296 145 245 2087 370 210 168 43 57 32 51 52
internal_value=-4.24961e-05 0.000694782 0.0156858 -0.0132003 -0.00165238 -5.87184e-05 -0.00886734 0.00971189 0.00114537 0.00559854 -0.00205868 -0.0173746 0.0256585 -0.0125885 -0.00633947 0.0354661 -0.0307604 -0.0268318
internal_weight=1046.08 991.648 46.1965 54.4311 34.5005 945.452 113.165 35.0843 832.287 348.939 483.348 78.0803 31.884 26.335 14.3125 23.3946 19.9306 16.0214
internal_count=6864 6503 331 361 226 6172 768 262 5404 2332 3072 506 241 163 90 200 135 95
is_linear=0
shrinkage=0.05


Tree=131
num_leaves=20
num_cat=0
split_feature=25 23 15 25 23 16 18 20 28 20 14 22 0 28 16 11 22 18 7
split_gain=4.04885 6.60421 4.31663 5.43767 8.40746 6.23108 4.76081 5.14057 4.18079 4.04366 3.4974 3.63682 2.85636 2.39261 1.88485 1.70348 1.41591 1.28916 0.212368
threshold=11.500000000000002 3.5000000000000004 6.5000000000000009 6.5000000000000009 2.5000000000000004 1.5000000000000002 415901.29500000004 -0.95189999999999986 3.5000000000000004 -0.44554999999999995 0.068850000000000008 5.5000000000000009 715.43500000000006 13.500000000000002 14.500000000000002 867.50000000000011 4.5000000000000009 58984.060000000005 4.5000000000000009
decision_type=2 2 2 2 2 2 2 2 2 2 2 2 2 2 2 2 2 2 2
left_child=2 9 3 6 5 -5 7 -1 -8 13 -11 -12 -6 15 -3 -2 17 -4 -18
right_child=1 14 16 4 12 -7 8 -9 -10 10 11 -13 -14 -15 -16 -17 18 -19 -20
leaf_value=-0.01786688113939091 0.028575185037495277 -0.029026386519049364 0.020338884280347625 -0.020216943802536483 -0.0014615603000427049 0.005615954572707027 0.015704709924845361 0.0019472421407635632 -0.020068352973772796 -0.017704285914364487 0.023838436612272043 -0.0047745481556450463 -0.040444089367084574 0.049127150886175572 0.0016065722569126766 -0.0061072304417836539 0.012847244872247726 -0.010841423323856306 0.041906518496299144
leaf_weight=32.23804175760597 4.9889729395508784 9.7524733655154723 4.3338462021201867 33.9822614248842 6.5768113285303142 63.905386021360755 7.9970781821757546 719.32537619909272 45.363297469448298 8.6932920124381763 29.287168934009969 15.520883430726824 24.126316824927926 10.88335675280541 7.4023646935820571 5.2799640614539385 4.9245308805257064 4.7382299453020096 5.0181926768273115
leaf_count=189 41 60 44 210 42 439 56 4571 283 57 240 164 159 93 42 40 46 46 42
internal_value=-4.13833e-05 0.00986065 -0.00102492 -0.00153622 -0.0110002 -0.0034772 0 0.00103889 -0.0141528 0.0163207 0.00815955 0.0139331 -0.0329996 0.034043 -0.0164985 0.0118389 0.0213583 0.00413395 0.0329129
internal_weight=1044.34 91.8085 952.529 933.515 128.591 97.8876 804.924 751.563 53.3604 74.6536 53.5013 44.8081 30.7031 21.1523 17.1548 10.2689 19.0148 9.07208 9.94272
internal_count=6864 737 6127 5949 850 649 5099 4760 339 635 461 404 201 174 102 81 178 90 88
is_linear=0
shrinkage=0.05


Tree=132
num_leaves=22
num_cat=0
split_feature=24 8 9 7 9 27 2 3 11 11 11 2 29 16 8 28 10 18 18 27 14
split_gain=3.97789 4.75563 12.5591 6.39754 12.2019 9.09482 6.73463 4.19711 4.10203 4.19247 7.65136 5.02769 4.23398 4.20207 3.1749 3.16592 3.09668 3.01605 2.51625 1.35497 1.24568
threshold=6.5000000000000009 0.54130000000000011 0.10125000000000002 3.5000000000000004 0.54065000000000007 5.5000000000000009 16.500000000000004 3.5000000000000004 2070.5000000000005 1859.5000000000002 1499.5000000000002 1.5000000000000002 3.5000000000000004 1.5000000000000002 0.10160000000000001 16.500000000000004 80.500000000000014 75873.435000000012 1801.4700000000003 7.5000000000000009 0.20825000000000002
decision_type=2 2 2 2 2 2 2 2 2 2 2 2 2 2 2 2 2 2 2 2 2
left_child=8 3 16 6 5 -5 15 -8 9 10 11 -1 -12 14 -11 -2 20 -4 -18 -6 -3
right_child=1 2 17 4 19 -7 7 -9 -10 13 12 -13 -14 -15 -16 -17 18 -19 -20 -21 -22
leaf_value=0.020929060490419184 -0.039446499995131487 -0.016950212753843893 0 -0.004808642150668895 0.050901217637623189 0.0085952676055528407 -0.0090452761022936611 0.01076027804111439 0.022301852437337844 0.005518854369870348 -0.00070787961011978305 -0.0097822090749238363 0.027532804329552869 -0.046901809318739801 -0.031719655973762195 -0.001212677273933972 0.0051345635752729941 -0.040640317524264807 0.03978647120061965 0.012812711280326084 0.016949361718111108
leaf_weight=12.190486272796987 19.966816529631618 3.9941502730362108 9.9588365876115876 254.51641143765301 12.212949248962106 247.14739349298179 84.90985641349107 36.422193501144648 11.344876947347073 14.054232179187244 25.213313520886004 207.57658543484285 24.336022384930402 9.9545282479375583 6.8359134756028643 8.0880845375359041 7.8242441974580279 7.0735444305464616 30.926425481215119 5.7844388876110306 2.8769018705934286
leaf_count=71 138 66 70 1592 152 1588 500 279 70 87 168 1374 152 59 43 49 43 48 196 82 37
internal_value=-3.55965e-05 0.00196923 0.0149267 0.000700026 0.00333778 0.00178292 -0.00833254 -0.00294076 -0.00475918 -0.00595592 -0.00382317 -0.00786018 0.0134985 -0.0229066 -0.00793665 -0.0295708 0.0283805 -0.0197796 0.0336306 0.0416653 -0.00100797
internal_weight=1043.21 731.702 62.6541 669.048 519.661 501.664 149.387 121.332 311.506 300.161 269.316 219.767 49.5493 30.8447 20.8901 28.0549 45.6217 17.0324 38.7507 17.9974 6.87105
internal_count=6864 4840 460 4380 3414 3180 966 779 2024 1954 1765 1445 320 189 130 187 342 118 239 234 103
is_linear=0
shrinkage=0.05


Tree=133
num_leaves=25
num_cat=0
split_feature=1 1 2 2 2 0 2 0 2 3 17 21 18 10 6 20 3 3 10 1 17 8 21 10
split_gain=3.86767 7.60859 7.18335 7.0143 19.0187 6.06387 5.7559 5.77816 5.67575 5.33822 6.17827 4.92647 5.79647 5.00232 4.81839 4.75743 4.03502 3.30259 5.20136 4.48848 3.17397 2.28227 1.56496 1.20997
threshold=10.500000000000002 4.5000000000000009 11.500000000000002 12.500000000000002 6.5000000000000009 649.63000000000011 3.5000000000000004 1234.1650000000002 25.500000000000004 1.5000000000000002 121278.49500000001 216322.50000000003 78576.580000000016 85.500000000000014 3.5000000000000004 1.6607500000000004 3.5000000000000004 2.5000000000000004 564.50000000000011 5.5000000000000009 134222.31500000003 0.22085000000000002 352695.00000000006 437.50000000000006
decision_type=2 2 2 2 2 2 2 2 2 2 2 2 2 2 2 2 2 2 2 2 2 2 2 2
left_child=1 2 6 4 5 -3 7 -1 11 10 -4 13 21 16 -15 -11 -2 18 -5 -19 -8 -13 -14 -6
right_child=8 3 9 17 23 -7 20 -9 -10 15 -12 12 22 14 -16 -17 -18 19 -20 -21 -22 -23 -24 -25
leaf_value=0.020727420197034292 -0.031562836439328494 0.023547127443178772 0.017485459834047142 -0.023982071662905516 0.063727927205888255 -0.026225986789008927 -0.022501756509232522 -0.010202404321327182 -0.040003735531359226 -0.0019985405080619064 -0.01377164362965011 -0.03715119280709394 -0.0073197931355942526 -0.015757376909935984 0.0038437354583336736 0.022466567557426265 0.0046001296855413499 0.045389087644118205 0.017095916003792032 0.0028873489413492703 0.0011290153500043329 -0.00075634368315902895 0.024079215182262276 0.031816462726436449
leaf_weight=23.119833139702678 20.15262147970498 7.703939898870888 92.915237188339233 19.561699920333925 15.404228850267829 14.466980409808455 69.420928904786706 35.635740455705673 8.8266069665551168 291.42604592069983 17.053115224465728 23.023536724504087 5.8703169948421401 33.88778798468411 242.43957658763975 19.302149495109916 10.456730170175431 6.0961384521797291 9.9771951977163535 30.804834922775626 16.517856722697616 5.9906081273220471 5.9089628625661135 15.465660465881227
leaf_count=151 268 46 571 113 122 90 446 218 46 1915 94 169 46 201 1480 177 75 51 54 203 111 47 38 132
internal_value=-3.12068e-05 0.0021565 -0.000264525 0.013511 0.0267341 -0.00799982 -0.00981289 0.00208531 -0.00424982 0.00302677 0.0123896 -0.00309009 -0.0189951 -0.000834583 0.00130804 -0.000312852 -0.0193778 0.00233581 -0.00958604 0.0121384 -0.0179237 -0.0304925 0.00891429 0.0509533
internal_weight=1041.43 684.872 565.391 119.481 53.0408 22.1709 144.694 58.7556 356.557 420.697 109.968 347.73 40.7934 306.937 276.327 310.728 30.6094 66.4399 29.5389 36.901 85.9388 29.0141 11.7793 30.8699
internal_count=6864 4494 3683 811 390 136 926 369 2370 2757 665 2324 300 2024 1681 2092 343 421 167 254 557 216 84 254
is_linear=0
shrinkage=0.05


Tree=134
num_leaves=18
num_cat=0
split_feature=0 2 24 0 2 1 2 1 18 17 20 10 0 18 23 0 19
split_gain=3.97768 6.22192 3.77748 5.86203 7.85278 8.43356 6.98315 5.99047 4.86558 4.47358 5.34971 5.12153 4.52872 3.65607 3.33723 2.20749 1.94959
threshold=940891.34000000008 7.5000000000000009 13.500000000000002 17804.705000000005 22.500000000000004 3.5000000000000004 1.5000000000000002 1.0000000180025095e-35 286754.68000000005 187096.66500000001 -0.51744999999999985 692.50000000000011 505.33000000000004 958669.91000000003 1.5000000000000002 3466401.0150000006 0.033350000000000012
decision_type=2 2 2 2 2 2 2 2 2 2 2 2 2 2 2 2 2
left_child=2 15 3 6 5 -5 16 -8 -6 10 12 -12 -4 14 -11 -2 -1
right_child=1 -3 9 4 8 -7 7 -9 -10 13 11 -13 -14 -15 -16 -17 -18
leaf_value=0.0027537606865180699 -0.011977280865343777 -0.048893650506839005 0.014445943553803185 -0.021346741436865775 0.02445280442545503 0.0060451136000951224 0.024810247384715618 -0.0095736956814878472 -0.01582506429192489 0.0061915542958815174 0.0044498804354135514 0.018373697477638163 -0.010957876913105 0.020591900435390463 -0.019436799684889535 0.030844551843622205 0.033975483148589058
leaf_weight=10.329346848651769 4.825198622420432 8.3903134311549348 20.846598155796528 38.738894539419562 52.693572785705328 88.063169312663376 11.169136350974439 314.19005732797086 6.9733937364071599 15.714834319427608 237.96749209426343 92.191277151927352 72.164150610566139 7.576425456441938 44.066182558424771 3.3095925450325012 10.344928042963145
leaf_count=62 55 86 129 246 389 669 83 1853 48 122 1643 607 441 54 270 45 62
internal_value=-2.44468e-05 -0.0229956 0.000380997 -0.00251972 0.00456418 -0.00244717 -0.00637008 -0.00821843 0.0192227 0.00354768 0.00547035 0.0084552 -0.00497461 -0.00819667 -0.0125556 0.00710668 0.0204362
internal_weight=1039.55 16.5251 1023.03 532.502 186.469 126.802 346.033 325.359 59.667 490.527 423.17 330.159 93.0107 67.3574 59.781 8.13479 20.6743
internal_count=6864 186 6678 3412 1352 915 2060 1936 437 3266 2820 2250 570 446 392 100 124
is_linear=0
shrinkage=0.05


Tree=135
num_leaves=21
num_cat=0
split_feature=5 24 21 22 15 17 2 21 2 28 28 20 17 22 20 2 0 2 2 21
split_gain=3.75921 6.06023 4.05995 5.71332 10.1931 6.87165 9.01324 6.35079 5.4831 8.90719 7.68596 7.80135 5.91427 4.94764 4.88211 3.7586 2.87919 2.70828 3.31013 0.66381
threshold=1.0000000180025095e-35 28.500000000000004 17035.500000000004 1.5000000000000002 2.5000000000000004 3078.2450000000003 16.500000000000004 13931.000000000002 6.5000000000000009 16.500000000000004 10.500000000000002 -0.35014999999999991 41908.05000000001 2.5000000000000004 -1.0595999999999999 16.500000000000004 785.84000000000015 8.5000000000000018 24.500000000000004 303.50000000000006
decision_type=2 2 2 2 2 2 2 2 2 2 2 2 2 2 2 2 2 2 2 2
left_child=1 17 3 4 7 13 -7 -2 10 14 16 -12 -11 -5 -10 -6 -4 -1 19 -19
right_child=2 -3 8 5 15 6 -8 -9 9 12 11 -13 -14 -15 -16 -17 -18 18 -20 -21
leaf_value=0.0036456086592082425 0.0034902262106233047 0.020841407488420397 -0.0061351550905527049 -0.0042602334428536656 0.051738056025743565 -0.011816744845629258 0.008429781995487615 0.041151135764410901 -0.033467375312536747 -0.0066090248260680289 0.017383681693401685 -0.023861159702535183 -0.038490221890216093 -0.044655547289623142 0.0063333286410773544 0.0091337241879942774 -0.042034662881795935 -0.014091675787493138 -0.0015503140281096488 -0.041162870660610064
leaf_weight=8.3668867405503971 301.68078871211037 9.124371129088102 9.1011394760571438 17.25055544637144 15.038049492985012 86.240206586197019 143.54433220345527 9.7341522071510536 5.9496029224246731 71.274700640700758 23.701933020725846 18.665813566185534 17.121796417981386 13.238591954112051 218.78385441377759 9.8153133019804937 22.798170397989452 7.2690508374944356 10.97851002961397 18.033905670978129
leaf_count=61 1892 64 56 102 126 563 1146 56 35 429 142 126 110 84 1402 75 159 45 72 119
internal_value=-1.60334e-05 -0.012654 0.000688764 0.00328117 0.00757452 -0.00224309 0.000751538 0.00495442 -0.00327388 -0.000311085 -0.015299 -0.000818524 -0.0136098 -0.0237772 0.00494962 0.0372182 -0.0330535 -0.0203136 -0.0260019 -0.035354
internal_weight=1037.71 53.7727 983.939 596.542 336.268 260.274 229.785 311.415 387.397 313.13 74.2671 42.3677 88.3965 30.4891 224.733 24.8534 31.8993 44.6484 36.2815 25.303
internal_count=6864 361 6503 4044 2149 1895 1709 1948 2459 1976 483 268 539 186 1437 201 215 297 236 164
is_linear=0
shrinkage=0.05


Tree=136
num_leaves=14
num_cat=0
split_feature=0 2 25 17 0 2 2 2 9 2 16 0 10
split_gain=3.67336 5.86509 4.03614 5.44919 4.85042 17.2542 15.2931 16.5667 9.41492 7.92083 3.51934 2.07463 1.72455
threshold=940891.34000000008 7.5000000000000009 17.500000000000004 78061.185000000012 4790.9950000000008 18.500000000000004 25.500000000000004 22.500000000000004 0.012250000000000002 25.500000000000004 2.5000000000000004 3466401.0150000006 616.50000000000011
decision_type=2 2 2 2 2 2 2 2 2 2 2 2 2
left_child=2 11 4 10 5 8 7 -6 -1 -7 -4 -2 -5
right_child=1 -3 3 12 6 9 -8 -9 -10 -11 -12 -13 -14
leaf_value=0.0077549449191364681 -0.011381451031380586 -0.047515876170227039 0 0.0076656482980313814 -0.0014837632461340811 -0.022477047554704459 -0.058017539441629407 0.017919732367220206 -0.011527620158404531 0.013562328201543281 0.04904149586810419 0.030315212643180448 -0.025441620131707185
leaf_weight=232.07248555216938 4.8045347030274588 8.2790710772387666 4.9926829542964759 7.3950393516570312 371.60625594807789 126.33634403720498 8.0472706137225014 153.65363976173103 84.578324651811272 15.599056668579577 11.336803964339195 3.2346949041821063 4.6389668229967356
leaf_count=1373 55 86 31 67 2509 714 43 1170 527 84 122 45 38
internal_value=-2.65886e-05 -0.0222277 0.000361513 0.0183217 -0.000177836 -0.0039488 0.00304874 0.00421979 0.00253311 -0.0183133 0.0356364 0.0070967 -0.00619118
internal_weight=1036.58 16.3183 1020.26 28.3635 991.893 458.586 533.307 525.26 316.651 141.935 16.3295 8.03923 12.034
internal_count=6864 186 6678 258 6420 2698 3722 3679 1900 798 153 100 105
is_linear=0
shrinkage=0.05


Tree=137
num_leaves=20
num_cat=0
split_feature=10 8 7 0 17 23 0 3 0 21 4 8 16 15 28 20 3 6 2
split_gain=3.61499 5.12994 5.01404 4.91255 4.4562 6.98181 4.74999 4.43301 6.95027 3.55347 2.97188 3.07079 4.76185 4.64234 2.15367 1.8229 1.559 1.52 1.40219
threshold=1.0000000180025095e-35 0.46565000000000006 4.5000000000000009 12976.250000000002 276.86000000000007 1.5000000000000002 2063.7350000000001 1.5000000000000002 21874.785000000003 41749.000000000007 1.0000000180025095e-35 0.67730000000000012 4.5000000000000009 1.5000000000000002 14.500000000000002 -0.30869999999999992 2.5000000000000004 2.5000000000000004 4.5000000000000009
decision_type=2 2 2 2 2 2 2 2 2 2 2 2 2 2 2 2 2 2 2
left_child=3 2 4 16 6 -6 -2 9 -9 -4 11 13 -13 -3 17 -12 -1 -5 -19
right_child=1 10 7 14 5 -7 -8 8 -10 -11 15 12 -14 -15 -16 -17 -18 18 -20
leaf_value=-0.0049541156003817914 -0.033260954238821375 0.023156515402649437 0.012961013090801249 0.0018945084795232857 0.0083262196421698808 -0.013017491015571349 -0.0069869430078919317 -0.0052507724512321809 0.0072281918832746749 -0.0018542265345095771 0.0067382894824694868 -0.012427927137477274 0.029969150518945661 -0.01158813097572098 0.0079029087285621986 0.046344886318156607 0.026775328795419148 0 -0.038007082610879789
leaf_weight=6.0915679261088354 26.203755736816674 38.380426102783531 122.64187585003674 2.5428844490088585 78.041748818010092 71.253543982282281 51.338729994837195 320.39536230452359 168.38296227436513 57.64013181719929 6.3803566340357065 29.735121682286263 6.3286768291145554 10.831131834536789 3.0324501721188417 7.2289894931018335 5.4739435706287622 2.542289417237046 19.946931217797101
leaf_count=62 192 217 750 41 465 456 351 1883 1293 312 51 177 46 65 29 64 37 55 318
internal_value=-2.99752e-05 0.000563325 -0.000628419 -0.0144746 -0.00702633 -0.00183173 -0.0166044 0.0015403 -0.000919486 0.00820102 0.0112581 0.00723667 -0.00354138 0.0151603 -0.0253657 0.0316596 0.0110597 -0.0300524 -0.0339328
internal_weight=1034.41 994.783 895.898 39.6301 226.838 149.295 77.5425 669.06 488.778 180.282 98.8847 85.2754 36.0638 49.2116 28.0646 13.6093 11.5655 25.0321 22.4892
internal_count=6864 6322 5702 542 1464 921 543 4238 3176 1062 620 505 223 282 443 115 99 414 373
is_linear=0
shrinkage=0.05


Tree=138
num_leaves=18
num_cat=0
split_feature=24 9 29 1 10 19 7 3 10 2 10 19 16 17 14 14 17
split_gain=3.59022 3.77233 4.16946 4.4097 4.85373 3.83641 3.33324 3.32522 6.61065 4.06792 2.60555 2.91839 2.96276 2.74752 1.35314 1.1285 0.0494314
threshold=49.500000000000007 0.76240000000000008 5.5000000000000009 10.500000000000002 91.500000000000014 0.12375000000000001 3.5000000000000004 3.5000000000000004 261.50000000000006 15.500000000000002 678.50000000000011 0.35355000000000009 3.5000000000000004 1171.365 0.098750000000000018 0.038650000000000011 73804.455000000016
decision_type=2 2 2 2 2 2 2 2 2 2 2 2 2 2 2 2 2
left_child=1 2 3 5 -5 -1 -3 8 -4 -9 11 12 15 -13 -12 -2 -15
right_child=10 6 7 4 -6 -7 -8 9 -10 -11 14 13 -14 16 -16 -17 -18
leaf_value=-0.0044486386290023879 -0.00061556027486332375 -0.0072389745615654005 -0.015803173670965114 -0.027165650778361083 -0.0053056908671833001 0.0040190387630121152 0.04087550296627683 -0.0019751174196308212 0.0098984348971809973 0.031198052041804161 0.0038228801937738623 -0.003385369424422616 0.012280581904176399 0.043221320975259207 0.036653431251520228 -0.031201821555869477 0.014479992033477648
leaf_weight=246.39035987108946 5.4426597002893704 4.3114057295024386 33.909567644819617 26.890393370762467 252.99912835890427 287.72523896861821 8.0174027811735851 13.461618214845656 79.958524318411946 22.940795367583632 5.7672651447355774 6.8432933329604593 9.6222015842795354 4.5978749822825176 11.021231442689894 7.9038233691826463 4.7180639486759901
leaf_count=1497 32 24 252 329 1538 1966 131 95 443 193 35 41 59 44 92 48 45
internal_value=-2.38096e-05 -0.000749266 -0.0011353 -0.00255924 -0.0076192 9.21779e-05 0.02469 0.00644473 0.0020176 0.0192062 0.0120623 0.00417325 -0.00684343 0.0194121 0.027515 -0.0210862 0.0346809
internal_weight=1032.52 976.604 964.276 814.005 279.89 534.116 12.3288 150.271 113.868 36.4024 55.9164 39.1279 22.9687 16.1592 16.7885 13.3465 9.31594
internal_count=6864 6468 6313 5330 1867 3463 155 983 695 288 396 269 139 130 127 80 89
is_linear=0
shrinkage=0.05


Tree=139
num_leaves=14
num_cat=0
split_feature=0 2 25 0 5 24 0 23 0 20 7 0 1
split_gain=3.41461 5.42055 3.64825 5.22078 3.99675 6.67626 3.62487 4.16847 3.23389 3.05007 2.07849 1.91167 0.943623
threshold=940891.34000000008 7.5000000000000009 17.500000000000004 5703.7350000000015 1.0000000180025095e-35 28.500000000000004 89.690000000000012 1.5000000000000002 21.945000000000004 -0.079399999999999984 3.5000000000000004 2410068.1950000008 6.5000000000000009
decision_type=2 2 2 2 2 2 2 2 2 2 2 2 2
left_child=2 11 4 -4 5 10 8 -8 -6 12 -1 -2 -5
right_child=1 -3 3 9 6 -7 7 -9 -10 -11 -12 -13 -14
leaf_value=-0.0399937900373461 -0.014863727037867237 -0.046131012743608001 0.039569837021902136 -0.026006424526273358 0.0090901539767340948 0.022339004776360687 0.0038454721502100293 -0.003223539443370406 -0.021924018211104151 0.02538696904215584 -0.013384181500800549 0.025097921526186395 0.00013235355311554277
leaf_weight=10.505619787611066 3.5549729848280576 8.1045267889276129 12.205246845260264 6.4024111079052073 9.6837006378918868 8.7735195737332088 571.69598302152008 324.54908487712964 29.339039074257016 4.736041751690208 32.523047797381878 4.3576617762446404 4.5695261945948005
leaf_count=69 38 86 99 60 54 60 3809 2035 180 61 213 62 38
internal_value=-1.21964e-05 -0.0215981 0.000360416 0.0175661 -0.000150569 -0.013411 0.000600274 0.00127302 -0.013916 -0.00150438 -0.0215909 0.0067587 -0.0160074
internal_weight=1031 16.0172 1014.98 27.9132 987.07 51.8022 935.268 896.245 39.0227 15.708 43.0287 7.91263 10.9719
internal_count=6864 186 6678 258 6420 342 6078 5844 234 159 282 100 98
is_linear=0
shrinkage=0.05


Tree=140
num_leaves=19
num_cat=0
split_feature=4 24 22 16 25 18 23 8 8 2 20 27 9 0 9 18 0 1
split_gain=3.47406 3.65418 4.19527 27.118 6.80403 6.75313 10.121 4.57109 3.4862 2.96202 4.02058 4.16649 2.72579 2.23027 3.36708 2.92287 1.08074 1.00789
threshold=1.0000000180025095e-35 48.500000000000007 1.5000000000000002 3.5000000000000004 5.5000000000000009 8756.9100000000017 1.5000000000000002 0.18440000000000004 0.57655000000000001 13.500000000000002 -0.50684999999999991 5.5000000000000009 0.015300000000000003 1878.0600000000002 0.0010500000000000004 28063.590000000004 2001.2900000000002 4.5000000000000009
decision_type=2 2 2 2 2 2 2 2 2 2 2 2 2 2 2 2 2 2
left_child=1 2 3 4 -1 7 -7 -4 13 16 -11 -12 -5 -2 -15 -16 -3 -18
right_child=8 9 5 12 -6 6 -8 -9 -10 10 11 -13 -14 14 15 -17 17 -19
leaf_value=0.00012236419600230542 -0.013327574199509624 0.043642292246205111 -0.03164597973573182 0.047693320941022237 -0.016340277694386073 0.011651425240389982 -0.010145458195377122 0.0031168272925114677 0.037330174835218242 -0.026177077770636492 -0.0069575178565656958 0.028361418041183934 0.0069296287807238946 0.032636603479745084 0.017305184758678677 -0.018333750874717943 0 0.025185509380626969
leaf_weight=536.87476771138608 9.8211487773805839 5.4994359277188805 36.187795858830214 29.947957331314683 68.898645775392652 77.568387165665627 158.2605354199186 11.452093411237 9.4007157068699581 7.3771691229194394 14.738514322787525 14.722962590865789 6.2539141196757546 10.154339440166952 9.2347710970789212 9.7467876542359573 6.9959341268986446 7.076653114054352
leaf_count=3420 50 38 222 225 438 672 1033 64 91 40 108 110 41 73 66 72 52 49
internal_value=-1.50246e-05 -0.000680269 -0.00145244 0.000773844 -0.0017812 -0.00649946 -0.00289633 -0.0232991 0.0127841 0.0114324 0.00237808 0.0110557 0.0416446 0.00508304 0.0120675 -0.000521548 0.0262104 0.014193
internal_weight=1030.21 981.855 925.444 641.975 605.773 283.469 235.829 47.6399 48.3578 56.4107 36.8386 29.4615 36.2019 38.957 29.1359 18.9816 19.572 14.0726
internal_count=6864 6512 6115 4124 3858 1991 1705 286 352 397 258 218 266 261 211 138 139 101
is_linear=0
shrinkage=0.05


Tree=141
num_leaves=22
num_cat=0
split_feature=24 8 9 9 22 16 17 21 10 18 18 2 24 14 14 19 19 18 17 19 10
split_gain=3.43778 4.24438 11.8033 5.2833 3.87793 10.8107 9.7606 3.48909 4.56311 4.01142 4.87697 3.74476 3.38432 3.36001 3.12783 2.73762 2.64166 2.6409 1.23725 0.547039 0.249863
threshold=6.5000000000000009 0.54130000000000011 0.10125000000000002 0.76240000000000008 2.5000000000000004 4.5000000000000009 7332.3700000000008 17035.500000000004 856.50000000000011 322975.0450000001 177366.88000000003 1.5000000000000002 36.500000000000007 0.15745000000000003 0.08185000000000002 3.7386500000000003 1.3647500000000001 75873.435000000012 159465.61000000002 0.030250000000000003 490.50000000000006
decision_type=2 2 2 2 2 2 2 2 2 2 2 2 2 2 2 2 2 2 2 2 2
left_child=7 3 15 4 5 -2 -6 8 11 10 16 -1 -5 -10 -13 18 -9 -4 -3 -11 -14
right_child=1 2 17 12 6 -7 -8 9 13 19 -12 14 20 -15 -16 -17 -18 -19 -20 -21 -22
leaf_value=0.030377751020223449 -0.00019626616873742188 0.036312212862508429 -0.00050662422551307133 0.04860968649233572 -0.038116616594167207 0.025384263457907716 -0.0017768864151345898 -0.018499969757839439 -0.042514473163174964 -0.045115577645846242 0.022732445091211029 0.017928583611706409 -0.006238422633442469 0.00030621344344807476 -0.0024036795660090245 0 0 -0.039168575204101573 0.0059343259314107357 -0.013749175711078735 0.0087667127343759501
leaf_weight=8.7337528550997359 448.7971242913045 32.023200667463243 9.8578531099483389 7.2961856247857195 19.625883586704731 43.406001840718091 133.67177533265203 50.125008883886039 8.6905432408675534 7.5854571014642698 9.7313975133001787 19.419253651052713 3.3515271684154868 7.169073029421269 159.77664834586903 7.087335259653627 30.432706748135388 6.9829192403703919 5.5968730673193923 5.8466520914807916 3.4458764754235744
leaf_count=50 2781 225 70 102 128 325 962 314 48 49 59 113 41 49 1076 76 227 48 41 39 41
internal_value=0 0.0018796 0.0142291 0.000672595 -1.73856e-05 0.00213297 -0.00692463 -0.00441742 -0.000536812 -0.011793 -0.0074378 0.00169128 0.0289707 -0.0247315 0 0.0274494 -0.0116659 -0.0195244 0.0325729 -0.0356619 0.000495299
internal_weight=1028.65 721.143 61.5482 659.594 645.501 492.203 153.298 307.51 203.789 103.721 90.2891 187.93 14.0936 15.8596 179.196 44.7074 80.5577 16.8408 37.6201 13.4321 6.7974
internal_count=6864 4840 460 4380 4196 3106 1090 2024 1336 688 600 1239 184 97 1189 342 541 118 266 88 82
is_linear=0
shrinkage=0.05


Tree=142
num_leaves=22
num_cat=0
split_feature=10 0 8 9 24 11 9 11 24 28 17 19 28 18 7 9 3 28 14 18 28
split_gain=3.24769 4.48726 4.26177 10.7896 5.29326 4.75948 4.17386 4.12534 5.08119 4.17392 3.95804 3.79632 4.59844 3.27239 2.30158 2.28068 1.47918 1.23388 0.872978 1.07076 0.637165
threshold=1.0000000180025095e-35 12976.250000000002 0.46565000000000006 0.13755000000000003 18.500000000000004 1850.5000000000002 0.76240000000000008 1933.5000000000002 17.500000000000004 9.5000000000000018 132.57000000000002 1.2882500000000003 8.5000000000000018 2770.1950000000002 2.5000000000000004 0.0082500000000000021 2.5000000000000004 1.0000000180025095e-35 0.26525000000000004 12973.475000000002 7.5000000000000009
decision_type=2 2 2 2 2 2 2 2 2 2 2 2 2 2 2 2 2 2 2 2 2
left_child=1 16 5 11 -5 6 10 8 -7 -9 -2 12 -4 -13 -8 17 -1 -3 19 -17 -19
right_child=2 15 3 4 -6 7 14 9 -10 -11 -12 13 -14 -15 -16 18 -18 20 -20 -21 -22
leaf_value=-0.0050206131032054504 -0.0044070683212379782 -8.261221256195884e-05 0.0025755335378118797 -0.048628647290850903 0.00086323316121456387 -0.038048779951960779 -0.0047727270987364991 0.01093517244670463 0.004881188904677522 -0.011552305222970178 0.0030886826886276464 -0.024958417372880751 0.032698278313358031 0.015036285179595963 0.039412565116604986 0.0042545849100265902 0.026000642197386653 -0.046681041483217778 0.013365371720573489 -0.026116495275667714 -0.010014601059253584
leaf_weight=6.0000466145575029 272.3098684293218 2.7406894806772533 19.122892301529646 7.8029623851180103 11.028589838184415 20.661597792990509 3.0023530572652808 28.795772559940815 8.7527562482282502 59.673124845605344 488.90797775890678 6.9735825471580055 43.36774015147239 9.7805036380887014 8.6741321031004173 3.7900723842903954 5.4147906713187695 10.453408973291515 2.741874857340008 4.0085030505433679 3.6040068985894314
leaf_count=62 1676 49 121 55 74 126 17 182 57 377 3126 38 257 75 141 76 37 178 31 71 38
internal_value=0 -0.0138427 0.000559384 0.0103477 -0.0218639 -0.000527895 0.000895834 -0.00980512 -0.0254584 -0.00404238 0.000389609 0.0184753 0.0240012 -0.00196391 0.0282836 -0.0244307 0.0106318 -0.0349956 -0.00390016 -0.01248 -0.0403216
internal_weight=1027.61 38.7534 988.854 98.0763 18.8316 890.778 772.894 117.883 29.4144 88.4689 761.218 79.2447 62.4906 16.7541 11.6765 27.3386 11.4148 16.7981 10.5405 7.79858 14.0574
internal_count=6864 542 6322 620 129 5702 4960 742 183 559 4802 491 378 113 158 443 99 265 178 147 216
is_linear=0
shrinkage=0.05


Tree=143
num_leaves=18
num_cat=0
split_feature=1 11 4 2 2 0 2 2 0 14 0 0 9 18 19 19 10
split_gain=3.21979 3.70908 3.40998 4.07208 19.5542 14.585 22.6452 6.3507 5.49628 4.97641 2.78059 2.54937 2.7917 3.5497 1.77765 1.69228 0.633654
threshold=1.0000000180025095e-35 57.500000000000007 1.0000000180025095e-35 22.500000000000004 18.500000000000004 3170.3500000000004 25.500000000000004 25.500000000000004 127726.39000000001 0.0059500000000000013 14616.205000000002 1935.8200000000004 0.0021500000000000004 28063.590000000004 0.069550000000000015 0.013450000000000002 620.50000000000011
decision_type=2 2 2 2 2 2 2 2 2 2 2 2 2 2 2 2 2
left_child=1 -1 3 4 8 7 -7 -5 -2 -6 14 -4 16 -14 15 -3 -13
right_child=2 10 11 5 9 6 -8 -9 -10 -11 -12 12 13 -15 -16 -17 -18
leaf_value=-0.018248102473683137 0.0021915689414925932 0.027645903116883537 -0.0061724229804233678 -0.021227407651372626 0.0065580338901669649 0.016328294416950016 -0.055705936788413048 0.016084092381348208 -0.012789234730029778 -0.026256932802658874 -0.0077857901261797246 0.045150506839963418 0.02498652185007039 -0.011353124897457061 0.047552267792715042 -0.0056062139596551822 0.012378348481879327
leaf_weight=4.7434604698792127 522.54025941947475 6.5449403636157566 12.23361089453101 59.58157570194453 11.76100578624755 170.17278458271176 9.657811885699628 12.133398018777369 67.269719311734661 96.073557583615184 4.4300440028309813 7.644912997260688 11.078680765815081 11.676308102905748 8.3030624222010356 5.164461450651288 5.3283522166311741
leaf_count=34 3187 54 63 324 78 1326 51 63 647 580 29 67 89 95 93 46 38
internal_value=-6.3088e-06 0.0158046 -0.000509803 -0.00118717 -0.00316047 0.00422797 0.0118345 -0.0145139 0.000428616 -0.0225327 0.0236717 0.0122063 0.018758 0.00652482 0.0311642 0.0135722 0.0358095
internal_weight=1026.34 29.186 997.152 949.19 697.645 251.546 179.831 71.715 589.81 107.835 24.4425 47.9619 35.7283 22.755 20.0125 11.7094 12.9733
internal_count=6864 256 6608 6256 4492 1764 1377 387 3834 658 222 352 289 184 193 100 105
is_linear=0
shrinkage=0.05


Tree=144
num_leaves=18
num_cat=0
split_feature=25 11 20 10 15 25 8 21 15 18 25 18 0 0 2 10 11
split_gain=3.14338 5.83651 4.49119 3.95644 3.84985 5.23032 5.3409 5.08474 4.08877 5.2847 4.53705 2.75167 2.72924 2.2834 1.75138 1.90361 0.969766
threshold=11.500000000000002 269.50000000000006 -0.61209999999999987 686.50000000000011 6.5000000000000009 6.5000000000000009 0.59580000000000011 1979.5000000000002 2.5000000000000004 15642.960000000001 2.5000000000000004 97631.590000000011 9595.6400000000012 32798.270000000011 10.500000000000002 571.50000000000011 33.500000000000007
decision_type=2 2 2 2 2 2 2 2 2 2 2 2 2 2 2 2 2
left_child=4 13 -3 12 5 8 7 -7 10 -10 -1 -5 -4 16 -6 -16 -2
right_child=1 2 3 11 14 6 -8 -9 9 -11 -12 -13 -14 -15 15 -17 -18
leaf_value=0.0024005537303884422 0.01275758449518364 0.031824067696829703 -0.022295899693175972 0.029061116194522219 -0.0045543432605171562 -0.027566252715871487 0.022903484777919328 -0.0055940728271496893 -0.0073255311820035092 0.02225630517635108 -0.005572539868996469 -0.0091109475721596316 0.0014094769736275527 0.00061755679621262329 0.039195588993790359 0 0.051587515487544845
leaf_weight=425.27586053218693 4.7913947422057417 8.7061360636726004 22.946364920586348 11.18419605959207 4.1529240682721165 41.029005251824856 8.8601543018594366 75.439817555248737 21.231193905696273 41.594012252986431 303.58674975950271 5.6476382752880445 21.78024737816304 4.991042759269475 9.4905152367427927 4.8162502218037835 8.717780997976659
leaf_count=2795 33 73 156 94 35 293 66 491 134 312 1858 47 205 56 102 41 73
internal_value=-1.82777e-06 0.00887306 0.00181969 -0.00313434 -0.000871742 -0.0013577 -0.0107644 -0.0137534 0.000142203 0.0121876 -0.000912888 0.0161147 -0.010972 0.0323832 0.0205533 0.0281194 0.0418814
internal_weight=1024.24 88.7648 70.2646 61.5584 935.476 917.017 125.329 116.469 791.688 62.8252 728.863 16.8318 44.7266 18.5002 18.4597 14.3068 13.5092
internal_count=6864 737 575 502 6127 5949 850 784 5099 446 4653 141 361 162 178 143 106
is_linear=0
shrinkage=0.05


Tree=145
num_leaves=20
num_cat=0
split_feature=2 0 2 20 19 1 1 2 0 2 23 0 11 17 18 27 20 18 28
split_gain=3.12544 8.89284 6.73125 7.50969 5.87378 5.33599 8.65583 16.6944 5.52012 4.63577 4.39109 4.36078 4.28671 5.69696 3.83714 4.6604 3.54755 3.45533 2.55189
threshold=1.5000000000000002 5498.1200000000008 5.5000000000000009 -0.50964999999999994 0.030250000000000003 10.500000000000002 4.5000000000000009 12.500000000000002 451.20000000000005 25.500000000000004 1.5000000000000002 21179.755000000005 1001.5000000000001 67704.405000000013 25707.115000000002 7.5000000000000009 -0.19779999999999995 106472.27000000002 17.500000000000004
decision_type=2 2 2 2 2 2 2 2 2 2 2 2 2 2 2 2 2 2 2
left_child=1 14 3 4 17 6 8 -8 -4 11 -6 -7 18 -14 15 -1 -3 -2 -5
right_child=2 16 5 12 10 9 7 -9 -10 -11 -12 -13 13 -15 -16 -17 -18 -19 -20
leaf_value=0.053274774996579649 0.042415686797847782 0.0065861469783096878 -0.012700017508011852 -0.036142828337194385 0.0051222027687182368 -0.0074866236724360768 0.045655017952338062 0.0022357021050355423 0.0031372027087709672 -0.036809685847982068 -0.03710973586675978 0.0057249758509206466 0.0029894728140123332 -0.038697504674293517 0.0019730342084304186 0.001855633439257519 -0.037463587719880315 0 -0.0070552756782501337
leaf_weight=14.02089006546885 10.48356154561043 6.9669923204928637 61.676680364646018 34.640502920839936 15.648783518001439 189.38893539411947 32.057747397571802 65.413299422711134 399.07073174417019 8.7566032968461496 7.4454511362127951 90.169161698082462 33.120393770281225 8.6473561804741603 11.715178344398735 6.8532721884548655 7.8642689837142807 7.4508803077042094 12.081273173913358
leaf_count=97 60 42 363 238 84 1183 264 421 2711 46 50 731 221 53 76 46 56 48 74
internal_value=0 0.0122723 -0.000615378 -0.011146 0.00615338 0.00100648 0.00386486 0.0172475 0.00094986 -0.00448182 -0.00996713 -0.00317942 -0.0192362 -0.00678661 0.026511 0.0384686 -0.0178533 0.0263308 -0.029425
internal_weight=1023.47 47.4206 976.051 129.518 41.0287 846.533 558.218 97.471 460.747 288.315 23.0942 279.558 88.4895 41.7677 32.5893 20.8742 14.8313 17.9344 46.7218
internal_count=6864 317 6547 828 242 5719 3759 685 3074 1960 134 1914 586 274 219 143 98 108 312
is_linear=0
shrinkage=0.05


Tree=146
num_leaves=16
num_cat=0
split_feature=0 2 4 2 2 3 3 18 0 0 0 9 18 0 10
split_gain=3.17666 4.99771 3.24803 3.31606 13.4692 13.1134 8.59269 6.65574 6.12937 5.93852 2.65913 2.45001 3.15664 1.71656 0.255255
threshold=940891.34000000008 7.5000000000000009 1.0000000180025095e-35 24.500000000000004 18.500000000000004 1.0000000180025095e-35 3.5000000000000004 5641.4800000000005 451.20000000000005 127726.39000000001 2661.3850000000007 0.0010500000000000004 28063.590000000004 2410068.1950000008 574.50000000000011
decision_type=2 2 2 2 2 2 2 2 2 2 2 2 2 2 2
left_child=2 13 3 4 9 8 -7 -6 -5 -1 -4 14 -13 -2 -12
right_child=1 -3 10 5 7 6 -8 -9 -10 -11 11 12 -14 -15 -16
leaf_value=0.0029294907261585503 -0.013964733049572515 -0.044743792591469822 -0.0040898423286310241 -0.014692506001894395 -0.031475898878160678 -0.010699320408438878 0.011553998410240428 -0.0077229319489184392 0.033300183672802526 -0.013841581129749795 0.047158380840891245 0.026133685502117129 -0.0090536739525912246 0.024245423786491596 0.015855951674993044
leaf_weight=543.04924912005663 3.4809279637411219 7.9300601866561919 14.402613135986028 6.2817354202270499 44.994963532313704 103.50882178079337 71.514482853002846 88.764863946475089 44.528515746816993 56.344323210651055 6.0089837405830604 10.430588182993235 10.984615884721277 4.1940782512538135 5.3732254728674889
leaf_count=3395 38 86 76 37 286 586 696 551 274 506 56 86 89 62 40
internal_value=0 -0.0210547 0.000368995 -0.000263061 -0.00190578 0.00499594 -0.00152232 -0.0161328 0.0268457 0.00129556 0.0129027 0.0204584 0.00842609 0.0065776 0.0377068
internal_weight=1021.79 15.6051 1006.19 958.987 733.153 225.834 175.023 133.76 50.8103 599.394 47.2 32.7974 21.4152 7.67501 11.3822
internal_count=6864 186 6678 6331 4738 1593 1282 837 311 3901 347 271 175 100 96
is_linear=0
shrinkage=0.05


Tree=147
num_leaves=22
num_cat=0
split_feature=24 11 11 11 21 29 25 8 9 7 9 27 2 1 28 18 18 19 21 7 2
split_gain=3.11871 3.77888 3.73838 7.96933 4.33911 4.30381 4.22228 3.62434 10.2632 4.89886 10.0431 8.44764 5.62624 4.66378 2.85296 2.568 2.43528 2.2173 2.07939 1.14909 0.306893
threshold=6.5000000000000009 2070.5000000000005 1810.5000000000002 1499.5000000000002 415163.00000000006 4.5000000000000009 2.5000000000000004 0.54130000000000011 0.10125000000000002 3.5000000000000004 0.46550000000000008 5.5000000000000009 16.500000000000004 8.5000000000000018 16.500000000000004 57694.625000000007 75873.435000000012 3.7386500000000003 46.500000000000007 1.5000000000000002 17.500000000000004
decision_type=2 2 2 2 2 2 2 2 2 2 2 2 2 2 2 2 2 2 2 2 2
left_child=1 2 3 4 -1 -5 15 9 17 12 11 -11 14 -14 -2 -4 -10 19 -12 -9 -8
right_child=7 -3 6 5 -6 -7 20 8 16 10 18 -13 13 -15 -16 -17 -18 -19 -20 -21 -22
leaf_value=-0.0055124046943772955 -0.036643847502418898 0.021966559296196165 -0.015109753450246177 0.0034550008901214832 -0.039519524875446799 0.036044335180971075 -0.020186396586129706 0.040854636764776436 -2.0735304178951213e-05 -0.0049878671977377541 0 0.0081256076380790652 0.0048982223864115285 -0.015358309911578209 -0.00019687460964427309 0.01966535335417216 -0.037272958042161929 0 0.041226330493143046 0.01830994631711743 -0.049792858447618438
leaf_weight=206.96022410457954 19.17041527340189 11.122417801991103 14.420565814245494 28.935814867727458 8.0525297124404442 14.739187524653969 8.0227717347443086 16.806343588978052 9.7399386689066905 247.10632352344692 3.501818346790972 239.67240837588906 76.755026212893426 42.2391267856583 7.9685960263013831 5.7595673957839599 6.8932613981887689 6.9677407941780976 17.965677989646792 20.397471354808658 6.9502860978245726
leaf_count=1388 138 70 95 194 57 92 48 121 70 1573 60 1563 505 274 49 36 48 76 218 145 44
internal_value=0 -0.00421599 -0.00538265 -0.0031797 -0.00718458 0.0157687 -0.0202809 0.00180656 0.0132893 0.000687112 0.00302288 0.00145511 -0.00730023 -0.00234456 -0.0270335 -0.00385553 -0.0183394 0.0256944 0.0349925 0.030314 -0.0387664
internal_weight=1020.15 304.963 293.841 258.688 215.013 43.675 35.1532 715.184 60.8048 654.379 508.246 486.779 146.133 118.994 27.139 20.1801 16.6332 44.1716 21.4675 37.2038 14.9731
internal_count=6864 2024 1954 1731 1445 286 223 4840 460 4380 3414 3136 966 779 187 131 118 342 278 266 92
is_linear=0
shrinkage=0.05


Tree=148
num_leaves=25
num_cat=0
split_feature=29 21 22 18 11 2 9 17 17 29 8 9 9 17 27 28 18 21 24 2 9 20 24 24
split_gain=3.08383 4.20705 5.28976 9.74876 7.91152 5.54749 7.2818 5.22179 7.88405 6.54162 4.9494 4.64601 4.62571 3.85823 4.68966 4.22406 5.00221 3.94084 3.62444 3.01837 5.30497 2.17345 3.8259 1.00707
threshold=5.5000000000000009 16368.500000000002 1.5000000000000002 912.39000000000021 1810.5000000000002 23.500000000000004 0.065050000000000011 14832.735000000002 6501.1050000000005 4.5000000000000009 0.16005000000000003 0.083100000000000021 0.30025000000000007 52210.805000000008 7.5000000000000009 19.500000000000004 9522.090000000002 303.50000000000006 19.500000000000004 15.500000000000002 0.051850000000000007 -0.81994999999999985 15.500000000000002 20.500000000000004
decision_type=2 2 2 2 2 2 2 2 2 2 2 2 2 2 2 2 2 2 2 2 2 2 2 2
left_child=1 2 3 11 -5 10 -7 8 18 12 -4 -1 -9 15 19 21 -17 -16 -3 -15 -21 -2 -23 -11
right_child=13 7 5 4 -6 6 -8 9 -10 23 -12 -13 -14 14 17 16 -18 -19 -20 20 -22 22 -24 -25
leaf_value=-0.00011641723458505413 0.041989978307389098 -0.0084321922616526334 -0.014024120900013308 0.019759555886836436 -0.0087400326347346971 -0.0072278210694585012 0.029290407155073073 -0.026912849520085599 0.032753797898445514 0.022242275321503233 0.0034311918626870408 -0.028068402668511985 0.011432158470618065 -0.035570253461168093 -0.014710833249543368 -0.031729069344036784 0.015744284366728031 0.02862624815442362 0.0042778745835780098 0.020210571857567416 -0.029434402325440329 0.0038008713147564214 0.025386106383395897 -0.0012634012279007295
leaf_weight=119.37521942844614 6.0496573131531468 160.20005318685435 118.74199503287673 128.31044844724238 28.188139624893665 26.917872192338109 23.862374721094966 62.352759645320475 13.44158326089382 8.286738330498336 58.970467095263302 15.105733257718382 7.4439245285466304 11.346159974113109 6.4262653784826425 9.5946716712787765 8.6183704175055009 12.171526450663803 83.043848283588886 9.415821513161065 8.1183672267943603 51.810176762286574 34.564413890242577 6.4671107809990636
leaf_count=800 38 1066 776 827 170 213 274 403 80 57 410 102 55 72 53 55 54 78 524 61 61 347 248 40
internal_value=0 -0.00118556 0.00163226 0.00609862 0.0145177 -0.00401571 0.0102028 -0.00548886 -0.00184829 -0.0161276 -0.00820254 -0.00369473 -0.0224795 0.00637 -0.00525715 0.0114531 -0.00943497 0.0131917 -0.00405268 -0.0175462 -0.00292348 0.0157879 0.0129308 0.0124212
internal_weight=1018.82 860.708 519.472 290.98 156.499 228.493 50.7802 341.236 256.685 84.5505 177.712 134.481 69.7967 158.115 47.4781 110.637 18.213 18.5978 243.244 28.8803 17.5342 92.4242 86.3746 14.7538
internal_count=6864 5797 3572 1899 997 1673 487 2225 1670 555 1186 902 458 1067 325 742 109 131 1590 194 122 633 595 97
is_linear=0
shrinkage=0.05


Tree=149
num_leaves=20
num_cat=0
split_feature=10 8 9 9 2 1 1 28 29 0 2 1 16 28 20 25 16 28 21
split_gain=3.13015 3.63264 8.88538 4.48553 4.39118 4.422 4.02104 3.38307 3.34921 3.0645 3.02527 4.70881 2.74756 2.88671 2.80204 2.11101 2.02622 0.984985 0.478891
threshold=31.500000000000004 0.46565000000000006 0.13755000000000003 0.76240000000000008 16.500000000000004 6.5000000000000009 1.0000000180025095e-35 19.500000000000004 1.5000000000000002 10314.525000000003 24.500000000000004 5.5000000000000009 6.5000000000000009 1.0000000180025095e-35 3.2616500000000004 6.5000000000000009 13.500000000000002 8.5000000000000018 12804.000000000002
decision_type=2 2 2 2 2 2 2 2 2 2 2 2 2 2 2 2 2 2 2
left_child=10 3 4 6 5 -3 9 -6 -8 -2 12 17 13 18 -15 -4 -5 -12 -1
right_child=1 2 15 16 7 -7 8 -9 -10 -11 11 -13 -14 14 -16 -17 -18 -19 -20
leaf_value=-0.0022967580423857454 0.02667262117052609 -0.021500221700005331 -0.031485116883536043 0.037705152740699882 0.028629193809066662 0.022624782573089419 -0.0064931587825161757 -0.0046833969603493723 0.00059122938228963037 -0.012819238918830779 0.0059819135371008813 -0.019596257623032715 0.013046117370319993 -0.029932334625324228 0.0074029736660225672 0.0013463520333667222 -0.0041860812973152908 0.041237346470101716 0.02163763251196937
leaf_weight=2.0867346916347733 19.827030718326572 11.452987872995438 11.366494182497265 9.0960630718618614 50.244567308574915 7.7618228476494542 229.2299040290527 7.7359194513410321 590.91515168361366 4.6451329439878455 5.0887652598321456 7.4736300068907431 5.1556871738284817 34.41334507917054 4.5437584850005797 6.5904687959700814 2.8544024843722573 4.5889074578881264 2.4187527413014323
leaf_count=38 197 59 73 114 330 42 1441 47 3642 30 51 79 47 408 82 47 58 36 43
internal_value=0 0.000740943 0.00990671 -0.000286299 0.017321 -0.002752 -0.000760515 0.0240099 -0.00138767 0.0183966 -0.01038 0.00670794 -0.0166326 -0.0207922 -0.0251847 -0.020007 0.0278168 0.027755 0.011717
internal_weight=1017.49 951.72 95.1523 856.568 77.1953 19.2148 844.617 57.9805 820.145 24.4722 65.7696 17.1513 48.6183 43.4626 38.9571 17.957 11.9505 9.67767 4.50549
internal_count=6864 6080 598 5482 478 101 5310 377 5083 227 784 166 618 571 490 120 172 87 81
is_linear=0
shrinkage=0.05


Tree=150
num_leaves=13
num_cat=0
split_feature=17 17 20 9 8 25 2 5 11 11 17 16
split_gain=3.08557 3.23156 5.24188 4.56274 5.6943 4.33155 4.26964 3.95778 3.98604 3.69669 3.47483 3.25288
threshold=2710065.3000000003 196390.33000000005 -0.79899999999999993 0.041700000000000008 0.067350000000000007 17.500000000000004 17.500000000000004 1.0000000180025095e-35 1355.5000000000002 2098.5000000000005 78061.185000000012 2.5000000000000004
decision_type=2 2 2 2 2 2 2 2 2 2 2 2
left_child=1 5 -3 6 -5 7 -4 8 -1 -9 11 -7
right_child=-2 2 3 4 -6 10 -8 9 -10 -11 -12 -13
leaf_value=-0.0017600316118759807 0.0301277691849198 0.025663125106458858 -0.0081944594201241502 0.019592898672243838 -0.018388804433020899 0 -0.03421158513365273 0.00045468520952043765 -0.032017472477399507 0.022527194925085963 -0.0055988918190737523 0.047035664379369076
leaf_weight=28.879871684126556 6.4343703854829064 8.4853978697210533 43.894351952709258 20.429506935179234 15.529833646491168 4.8784821368753937 25.773266663774848 810.26563544897363 16.518439788371325 17.469033051282167 7.0160767417401066 10.595625344663857
leaf_count=192 51 53 293 191 100 31 162 5364 115 119 71 122
internal_value=1.41751e-06 -0.000239851 -0.00809606 -0.0113275 0.00282161 0.000765786 -0.0186451 0.000172139 -0.0138668 0.000985746 0.0215083 0.0336053
internal_weight=1016.17 1009.74 114.112 105.627 35.9593 895.623 69.6676 873.133 45.3983 827.735 22.4902 15.4741
internal_count=6864 6813 799 746 291 6014 455 5790 307 5483 224 153
is_linear=0
shrinkage=0.05


Tree=151
num_leaves=15
num_cat=0
split_feature=0 2 0 0 2 0 2 28 20 18 2 20 29 0
split_gain=2.92972 4.61563 2.98915 3.6568 3.22828 8.60612 6.62044 5.14748 4.23866 3.59884 3.20478 3.05423 2.71926 1.63783
threshold=940891.34000000008 7.5000000000000009 89.690000000000012 52.710000000000008 1.5000000000000002 5498.1200000000008 5.5000000000000009 19.500000000000004 -0.36074999999999996 25707.115000000002 11.500000000000002 -0.19779999999999995 3.5000000000000004 2410068.1950000008
decision_type=2 2 2 2 2 2 2 2 2 2 2 2 2 2
left_child=2 13 3 12 5 9 8 -8 -6 -4 -5 -7 -1 -2
right_child=1 -3 4 10 6 11 7 -9 -10 -11 -12 -13 -14 -15
leaf_value=-0.014556125095785969 -0.013725963567570913 -0.04325917530464405 0.041687518805342889 -0.0016073432992291907 -0.0010362667122380753 0.0064247018631354265 0.0035966757237669601 -0.0078247880166635118 -0.019980062081647449 0.0039253109949326263 -0.045437993285263996 -0.034860203893104576 0.017097883111949857 0.02371802777184899
leaf_weight=12.128692421130838 3.4557721121236664 7.8032979944255203 18.183362031355504 7.5293131656944778 60.528039278229699 6.9518543370068073 684.7669323803857 112.86678358726203 58.398968392051756 10.741039410233496 9.5615653768181783 7.351293024607001 11.020844396203755 4.1306559992954135
leaf_count=75 38 86 128 47 364 42 4634 745 394 71 62 51 65 62
internal_value=5.29586e-06 -0.0203316 0.000368202 -0.0126344 0.000948889 0.0139944 0.00029361 0.00195248 -0.0105979 0.0291487 -0.0288437 -0.0158543 0.000277137 0.00631323
internal_weight=1015.42 15.3897 1000.03 40.2404 959.788 43.2275 916.561 797.634 118.927 28.9244 17.0909 14.3031 23.1495 7.58643
internal_count=6864 186 6678 249 6429 292 6137 5379 758 199 109 93 140 100
is_linear=0
shrinkage=0.05


Tree=152
num_leaves=22
num_cat=0
split_feature=10 13 8 13 11 21 11 25 19 17 18 8 11 21 17 19 19 0 8 24 19
split_gain=2.8715 4.69146 3.22499 10.2886 4.14745 4.01458 4.72351 3.92068 3.81814 5.09025 4.38154 3.59621 3.56643 2.54246 1.75025 1.56335 4.06881 1.22098 0.870236 0.410603 0.336479
threshold=1.0000000180025095e-35 1.0000000180025095e-35 0.46565000000000006 1.0000000180025095e-35 1850.5000000000002 18477.500000000004 1499.5000000000002 1.5000000000000002 1.1767000000000001 7027.5950000000003 3005.3500000000004 0.13515000000000002 1876.5000000000002 19967.500000000004 6501.1050000000005 4.8703500000000011 16.405450000000005 2976.7300000000005 0.71650000000000003 23.500000000000004 90.198050000000009
decision_type=2 2 2 2 2 2 2 2 2 2 2 2 2 2 2 2 2 2 2 2 2
left_child=1 17 4 13 5 6 -2 -7 9 -5 -10 12 -6 19 -13 18 -17 -1 -3 -4 -18
right_child=2 15 3 8 11 7 -8 -9 10 -11 -12 14 -14 -15 -16 16 20 -19 -20 -21 -22
leaf_value=0.02553340931703222 0.0015434624847437261 -0.037440652333567817 -0.037413605678764381 0.037551884268604896 -0.034257002047953115 0.0051207677815197231 0.015044775528767413 -0.0072205378915641445 -0.02957836568685103 0.0071613033384232347 0.017419823517101692 -0.042127977441691632 -0.0015720218836577184 0.0032672772330357433 -0.0093409232728581711 0.031892536626003887 -0.033508288436675561 -0.0022303767537393436 -0.00097542295563847632 -0.011337406013061095 -0.002409822686534533
leaf_weight=5.1168546443805081 385.31237067049369 14.287797846365725 8.8866499271243828 30.294441290199757 7.3391709849238387 89.312235146295279 76.636219684965909 212.58040356822312 6.6975683122873333 27.720609209500253 9.4399013658985478 9.2051554098725337 89.596405662130564 7.3976733754388979 10.258667996153234 2.7358782812952978 3.7085591540671885 6.9808923536911607 2.5755614368244997 6.1201884448528281 2.2998447495047003
leaf_count=37 2616 233 56 175 46 586 516 1242 37 179 74 62 567 61 67 44 61 69 46 38 52
internal_value=0 -0.0131773 0.000538925 0.00912072 -0.000409653 0.00092587 0.00386005 -0.00352689 0.0180897 0.0239199 -0.00264529 -0.00912573 -0.00479022 -0.0192041 -0.0277936 -0.0248082 -0.00471011 0.0107596 -0.0330953 -0.0299509 -0.026428
internal_weight=1014.5 37.7054 976.798 96.557 880.241 763.841 461.949 301.893 74.1525 58.0151 16.1375 116.399 96.9356 22.4045 19.4638 25.6076 8.74428 12.0977 16.8634 15.0068 6.0084
internal_count=6864 542 6322 620 5702 4960 3132 1828 465 354 111 742 613 155 129 436 157 106 279 94 113
is_linear=0
shrinkage=0.05


Tree=153
num_leaves=22
num_cat=0
split_feature=24 23 18 0 2 0 10 28 29 11 21 20 16 10 2 20 10 27 10 21 21
split_gain=2.82036 3.15089 6.68372 7.95148 9.67842 6.75946 5.43415 6.24928 5.55132 4.99572 4.23146 5.73 4.58389 3.14122 2.34522 4.22457 3.2247 2.53271 1.58588 0.776888 0.726703
threshold=49.500000000000007 1.5000000000000002 8437.1100000000024 12523.715000000002 22.500000000000004 89.690000000000012 675.50000000000011 18.500000000000004 1.5000000000000002 1991.5000000000002 1099.0000000000002 -0.5472499999999999 2.5000000000000004 652.50000000000011 13.500000000000002 -0.49254999999999993 373.50000000000006 5.5000000000000009 373.50000000000006 1824.0000000000002 34444.500000000007
decision_type=2 2 2 2 2 2 2 2 2 2 2 2 2 2 2 2 2 2 2 2 2
left_child=1 2 6 5 -5 -4 7 -1 -8 10 12 -12 -3 18 19 -16 -17 -18 -11 -2 -21
right_child=14 9 3 4 -6 -7 8 -9 -10 13 11 -13 -14 -15 15 16 17 -19 -20 20 -22
leaf_value=0.0045677474990032446 0.038727367569944771 0.02496017514297871 -0.017901199037036696 -0.0092374375794094903 0.017078676358831989 0.019153972211264459 -0.032883426386249595 -0.0160221098270029 -0.0053934445712256179 -0.015067724161507801 -0.021521505488740079 -0.002080068082869892 0 0.0038640618669895789 -0.025495452274456095 -0.0081832921482101039 0.001849295023244691 0.039566094958828971 -0.048489259109115862 0 0.022144667915308308
leaf_weight=188.55763623234816 5.9612731942907002 21.236400188878179 11.78721124306321 106.61421409994364 49.462936269119382 124.69381635915488 25.141881035640836 43.648845895193517 63.809718231204897 10.950890175998216 48.504559424472973 159.95650937128812 89.19410312268883 6.34713540226221 7.8556632790714493 10.66082009393722 8.5623419685289281 9.4802587041631323 9.0370034351944906 5.8760078418999893 6.2015379094518721
leaf_count=1309 50 120 66 786 463 773 152 265 385 75 314 1059 609 41 44 77 70 74 51 38 43
internal_value=0 -0.000647731 0.00148941 0.00694424 -0.000723686 0.0156692 -0.00346094 0.000550917 -0.0138256 -0.00446246 -0.00262214 -0.00681273 0.00518002 -0.024636 0.0108377 0.00282372 0.0120558 0.0241367 -0.0336693 0.0246776 0.0125158
internal_weight=1013.54 958.943 613.716 292.558 156.077 136.481 321.158 232.206 88.9516 345.227 318.892 208.461 110.431 26.335 54.5979 36.5591 28.7034 18.0426 19.9879 18.0388 12.0775
internal_count=6864 6468 4199 2088 1249 839 2111 1574 537 2269 2102 1373 729 167 396 265 221 144 126 131 81
is_linear=0
shrinkage=0.05


Tree=154
num_leaves=11
num_cat=0
split_feature=17 0 3 17 21 21 18 6 0 11
split_gain=2.8596 3.66283 4.25755 2.93953 6.25116 4.64327 3.94481 6.66819 4.94109 3.83206
threshold=2710065.3000000003 940891.34000000008 3.5000000000000004 268809.99500000005 1169.5000000000002 4905.0000000000009 9059.2900000000027 3.5000000000000004 320991.53000000009 1686.5000000000002
decision_type=2 2 2 2 2 2 2 2 2 2
left_child=1 3 -3 6 9 -6 7 -1 -8 -5
right_child=-2 2 -4 4 5 -7 8 -9 -10 -11
leaf_value=-0.020864442381313311 0.029076655517709445 -0.044983887005831918 0.004476698336800854 0.019705852338634307 -0.042807027405956349 -0.0090370622456332345 0.0048917200153578769 -0.00044425278691387159 -0.016719765410930905 -0.019721133816402853
leaf_weight=43.516432818491012 6.3787763351574531 7.7240879300516081 6.6761160185560584 21.486497088335458 13.023922469466923 40.308342332020402 502.01374329719692 338.95940906880423 25.800900878384709 6.34443156979978
leaf_count=273 51 101 73 155 88 269 3336 2213 261 44
internal_value=-2.61331e-06 -0.00025428 -0.023694 0.000123116 -0.00886465 -0.0187137 0.00095312 -0.00289003 0.00375729 0.00966312
internal_weight=1012.23 1005.85 14.4002 991.454 81.1632 53.3323 910.29 382.476 527.815 27.8309
internal_count=6864 6813 174 6639 556 357 6083 2486 3597 199
is_linear=0
shrinkage=0.05


Tree=155
num_leaves=23
num_cat=0
split_feature=24 11 11 11 16 21 19 27 3 9 2 20 10 2 2 0 0 10 10 0 1 8
split_gain=2.74076 3.576 3.23685 7.13132 4.94296 4.05601 3.88356 3.0427 5.31016 5.16928 5.7266 5.08724 5.00535 4.953 4.29624 8.16973 7.10982 3.94056 2.83547 2.61554 2.56957 2.25397
threshold=6.5000000000000009 2070.5000000000005 1810.5000000000002 1499.5000000000002 1.5000000000000002 415163.00000000006 2.5203500000000005 6.5000000000000009 3.5000000000000004 0.15875000000000003 25.500000000000004 -0.24024999999999999 835.50000000000011 24.500000000000004 18.500000000000004 3170.3500000000004 2001.2900000000002 100.50000000000001 122.50000000000001 2371.7000000000003 9.5000000000000018 0.10160000000000001
decision_type=2 2 2 2 2 2 2 2 2 2 2 2 2 2 2 2 2 2 2 2 2 2
left_child=1 2 3 5 21 -1 -5 8 14 10 12 17 -9 20 16 -16 -2 -10 -13 -15 -11 -4
right_child=7 -3 4 6 -6 -7 -8 9 11 13 -12 18 -14 19 15 -17 -18 -19 -20 -21 -22 -23
leaf_value=-0.005256667997897411 0.011707598868765828 0.021487866519668525 0.0057291383043816761 0.0064792547727635062 -0.043591733432155236 -0.03831492054514319 0.043050202878486078 0.0076181769788483053 0.025629321797276974 -0.0075357654647990715 -0.031173333857475616 -0.0029755303735282076 0.031455829596488454 -0.018580704667282077 -0.030945516958184399 -0.0019576507833090617 -0.0074810875679266163 -0.0047510821099204072 0.027606034017786042 0.019953192436680221 -0.03661261009854027 -0.024309497813639794
leaf_weight=205.41037391126156 75.976228031329811 11.10618453659117 16.213659785222266 35.558893130160868 11.284548006951807 7.9435024894773951 7.8275095969438544 200.10851943306625 10.680986393243073 23.207007149234414 6.5703904703259459 8.4373158849775773 23.654803339391947 3.843534670770171 36.732023247517645 68.266139436513186 124.67431871313602 65.414412334561348 33.703038826584816 16.05999749712646 11.581682075280694 7.3770764078944913
leaf_count=1388 468 70 103 232 71 57 54 1338 70 166 35 74 149 21 219 412 792 490 349 170 87 49
internal_value=-1.32605e-05 -0.00399026 -0.00513441 -0.00307197 -0.0190561 -0.00687832 0.0149038 0.00167739 -0.000989963 0.00565833 0.00895059 0.00789513 0.0104388 -0.00785712 -0.00448852 -0.012581 -0.000122118 0 0.0213991 0.0110383 -0.0189519 -0.00443924
internal_weight=1011.63 302.722 291.616 256.74 34.8753 213.354 43.3864 708.91 423.884 285.026 230.334 118.236 223.763 54.6922 305.649 104.998 200.651 76.0954 42.1404 19.9035 34.7887 23.5907
internal_count=6864 2024 1954 1731 223 1445 286 4840 2874 1966 1522 983 1487 444 1891 631 1260 560 423 191 253 152
is_linear=0
shrinkage=0.05


Tree=156
num_leaves=21
num_cat=0
split_feature=25 23 17 2 19 15 25 23 17 18 27 20 11 11 21 8 2 10 8 11
split_gain=2.68466 5.67833 4.26732 4.68194 4.32571 3.5113 4.87706 7.43762 5.39572 3.81054 8.23376 4.33303 3.48195 4.03867 3.06948 2.90012 1.64652 1.68881 1.31392 0.951432
threshold=11.500000000000002 2.5000000000000004 3885.3500000000004 18.500000000000004 1.3147000000000002 6.5000000000000009 6.5000000000000009 2.5000000000000004 8577.1550000000007 415901.29500000004 9.5000000000000018 -0.95189999999999986 387.50000000000006 1510.5000000000002 24.500000000000004 0.20665000000000003 10.500000000000002 571.50000000000011 0.25415000000000004 945.50000000000011
decision_type=2 2 2 2 2 2 2 2 2 2 2 2 2 2 2 2 2 2 2 2
left_child=5 2 3 4 -2 6 9 8 -8 11 -11 -1 -3 19 -4 -9 -7 -18 -16 -14
right_child=1 12 14 -5 -6 16 7 15 -10 10 -12 -13 13 -15 18 -17 17 -19 -20 -21
leaf_value=-0.016484229660823552 0.035516301820762264 0.018887849711863879 -0.0060465110546241239 -0.028122232796231786 -0.014555511219757254 -0.0044434755999721879 -0.015215245923435719 -0.038987444289995385 0.008184402283235968 -0.02305972230670467 0.022786710540702554 0.0019629914991208235 -0.013415199331869673 0.010997033651461046 0.039769042986158618 0 0.038092019328687561 0.00023130921036242221 0.0047849137623984057 -0.041820889040122572
leaf_weight=31.281660993117839 8.9316596779972333 7.501313464716076 4.231822062283757 7.0750112831592551 5.3371161557734004 4.1177240507677224 46.093153357505798 23.342104723677043 48.174484307877719 40.467954380903393 10.781011052429674 699.35771854268387 10.883270211517816 7.9372580517083398 23.045520621817563 5.9849003236740819 9.10583055205643 4.7764405328780404 4.4254414979368439 7.255169501528143
leaf_count=189 77 52 66 44 37 35 296 155 353 272 67 4571 63 59 257 46 102 41 40 42
internal_value=-1.89222e-05 0.00828444 0.0182636 0.000267612 0.0166857 -0.00082481 -0.00129013 -0.0104371 -0.00323163 0.000165935 -0.0127338 0.0011167 -0.00734045 -0.0160498 0.0293477 -0.0315941 0.0198714 0.0273645 0.0351798 -0.0282987
internal_weight=1010.11 86.6236 53.0466 21.3438 14.2688 923.483 905.483 123.595 94.2676 781.888 51.249 730.639 33.577 26.0757 31.7028 29.327 18 13.8823 27.471 18.1384
internal_count=6864 737 521 158 114 6127 5949 850 649 5099 339 4760 216 164 363 201 178 143 297 105
is_linear=0
shrinkage=0.05


Tree=157
num_leaves=16
num_cat=0
split_feature=17 29 15 28 14 1 17 10 28 3 27 10 21 27 10
split_gain=2.72636 2.90825 3.58692 6.20495 3.79934 4.01684 3.47095 4.77054 4.54008 3.92127 3.76437 4.80492 3.56028 3.44449 2.60265
threshold=2710065.3000000003 5.5000000000000009 6.5000000000000009 3.5000000000000004 0.50680000000000014 10.500000000000002 52210.805000000008 267.50000000000006 19.500000000000004 3.5000000000000004 7.5000000000000009 512.50000000000011 303.50000000000006 1.5000000000000002 675.50000000000011
decision_type=2 2 2 2 2 2 2 2 2 2 2 2 2 2 2
left_child=1 2 4 -4 5 -1 7 9 -9 -3 11 -8 -12 -6 -5
right_child=-2 6 3 14 13 -7 10 8 -10 -11 12 -13 -14 -15 -16
leaf_value=0.0012131078358776502 0.028489257917475169 -0.016392337465013503 -0.029348873711136893 0.030146346557575889 0.012400206240381823 -0.0063104413179164128 0.00090075954967992484 0.022156065079905897 -0.0092556881026050978 0.02076275774885494 -0.014876065523874922 -0.038558024266244141 0.026571136859116509 -0.025273898694997677 -0.002019564613869573
leaf_weight=508.24469552142546 6.3111523976549497 22.281162038445476 5.0753864767029873 23.174218490719799 5.9166986690834156 268.98114416701719 16.69146483857185 67.267495556268841 12.140525645576416 7.9651989806443444 6.3528876174241331 11.49882587045431 11.754167677834628 27.920367474667728 7.3100657705217591
leaf_count=3292 51 177 41 254 54 1805 121 432 75 58 53 71 77 224 79
internal_value=-1.93721e-05 -0.000265149 -0.00143363 0.0136437 -0.00213891 -0.00138731 0.00595276 0.0107716 0.0171213 -0.00561676 -0.00522691 -0.0163513 0.0114987 -0.0180828 0.0224757
internal_weight=1008.89 1002.57 846.623 35.5597 811.063 777.226 155.952 109.654 79.408 30.2464 46.2973 28.1903 18.1071 33.8371 30.4843
internal_count=6864 6813 5749 374 5375 5097 1064 742 507 235 322 192 130 278 333
is_linear=0
shrinkage=0.05


Tree=158
num_leaves=21
num_cat=0
split_feature=24 23 22 21 0 0 17 24 11 17 22 21 20 14 27 27 0 0 10 14
split_gain=2.62426 2.88633 5.17071 13.1057 5.33316 4.88 5.19114 4.71401 4.48607 4.34227 11.9628 6.59623 3.92677 2.54142 2.48981 2.44547 1.86753 2.83295 1.00694 0.198378
threshold=49.500000000000007 1.5000000000000002 1.0000000180025095e-35 132683.00000000003 123233.04000000002 4942.7100000000009 3339.3350000000005 4.5000000000000009 2098.5000000000005 2752.6450000000004 1.0000000180025095e-35 43361.000000000007 -0.61209999999999987 0.12430000000000001 9.5000000000000018 5.5000000000000009 24266.510000000006 1689.2500000000002 326.50000000000006 0.15835000000000002
decision_type=2 2 2 2 2 2 2 2 2 2 2 2 2 2 2 2 2 2 2 2
left_child=1 8 3 4 -3 6 -4 -7 9 10 -1 -11 -5 16 15 18 17 -2 -15 -10
right_child=13 2 5 12 -6 7 -8 -9 19 11 -12 -13 -14 14 -16 -17 -18 -19 -20 -21
leaf_value=0.0013623438357297441 0.011060186278666041 0.029642831180088914 0.0030647426754332485 -0.044369349705255523 -0.012309200608317037 -0.031879982928431291 -0.021534013914047582 0.00097413943198454986 0.01184032506625275 0.0097122561550783172 -0.022806461439477194 -0.012787357047335527 -0.0060624253219762961 -0.0027986292697184893 -0.0061637343278276866 0.045393754033364216 0.014848813027049063 -0.027790896829161405 0.020287702132713994 0.038132334702784161
leaf_weight=306.61133565474302 6.2679924536496427 41.711540797259659 26.899199474602938 7.1668977581430218 7.629654085263609 9.8511325782164914 85.607891567051411 132.66606136690825 5.1896554753184301 197.26909791817889 59.287086248397827 36.806053639855236 31.338159465231001 6.3112256363965633 6.0851917192339888 8.8622254785150272 8.5362728480249626 8.9659693092107755 9.0927973026409727 5.9579608612693846
leaf_count=2051 34 238 178 53 59 78 516 928 33 1495 347 226 219 44 51 78 61 52 76 47
internal_value=-1.74988e-05 -0.000644198 -0.00430959 0.00599203 0.0227342 -0.00791603 -0.0156146 -0.00163739 0.00140332 0.000750563 -0.00262928 0.00605369 -0.0152781 0.0104803 0.0196291 0.0264547 -0.00143023 -0.011797 0.0110197 0.030316
internal_weight=1008.11 953.992 342.871 87.8463 49.3412 255.024 112.507 142.517 611.121 599.974 365.898 234.075 38.5051 54.1217 30.3514 24.2662 23.7702 15.234 15.404 11.1476
internal_count=6864 6468 2269 569 297 1700 694 1006 4199 4119 2398 1721 272 396 249 198 147 86 120 80
is_linear=0
shrinkage=0.05


Tree=159
num_leaves=22
num_cat=0
split_feature=10 2 2 3 0 14 0 2 0 2 25 27 1 27 2 1 16 28 18 28 24
split_gain=2.60755 3.13991 14.4656 12.1181 8.93474 5.83292 5.69615 4.23782 6.57087 6.39963 5.01143 5.18661 4.01307 3.28122 2.73656 4.36842 2.43983 2.72207 2.10939 0.865847 0.484171
threshold=31.500000000000004 18.500000000000004 22.500000000000004 1.0000000180025095e-35 20521.995000000003 0.0059500000000000013 451.20000000000005 6.5000000000000009 185935.27000000005 1.5000000000000002 8.5000000000000018 9.5000000000000018 3.5000000000000004 8.5000000000000018 24.500000000000004 5.5000000000000009 6.5000000000000009 1.0000000180025095e-35 12486.425000000001 8.5000000000000018 10.500000000000002
decision_type=2 2 2 2 2 2 2 2 2 2 2 2 2 2 2 2 2 2 2 2 2
left_child=14 7 5 6 -5 -3 -4 8 9 -2 12 -12 -9 -7 16 19 17 20 -19 -16 -1
right_child=1 2 3 4 -6 13 -8 10 -10 -11 11 -13 -14 -15 15 -17 -18 18 -20 -21 -22
leaf_value=-0.0016711599029243477 0.015469106226774679 0.01338637523105474 -0.014642666736671629 -0.011925677279931317 0.010202356103656475 -0.028249995519158501 0.031395616201543977 -0.0055158943594928291 -0.041050536939262278 -0.0066115887648487684 0.025621138336838378 -0.012553396931210241 0.0063268664898214052 -0.0052939836182288409 0.0060990734108399315 -0.018846502433256571 0.01251077328116406 -0.0090687380432806271 -0.034643572481987434 0.040003593555364245 0.022562492891997341
leaf_weight=2.243995751021429 41.569913239218295 10.911299226805566 6.353282641619443 103.45465461257845 78.167901846580207 68.524459682404995 43.541969050653279 93.595706855878234 9.005219688639043 130.26913078967482 47.809272226877511 9.1743534496054036 277.28175650862977 22.813332814723253 5.0210628071799892 7.3099301229231051 5.0188975855708113 17.69072933960706 20.205542409094051 4.4797023544088006 2.1699287751689553
leaf_count=43 270 68 37 620 693 406 265 575 72 760 392 67 1726 129 51 79 47 225 265 36 38
internal_value=-1.61029e-05 0.000646108 -0.00322561 0.00367333 -0.00234022 -0.0187133 0.0250024 0.00278905 -0.00356747 -0.00109596 0.00550312 0.0190882 0.00329782 -0.0228597 -0.00962314 0.00672882 -0.0156712 -0.0196537 -0.0240085 0.0271315 0.0120038
internal_weight=1006.61 942.472 333.767 231.518 181.623 102.249 49.8953 608.705 180.844 171.839 427.861 56.9836 370.877 91.3378 64.1398 16.8107 47.3291 42.3102 37.8963 9.50077 4.41392
internal_count=6864 6080 2218 1615 1313 603 302 3862 1102 1030 2760 459 2301 535 784 166 618 571 490 87 81
is_linear=0
shrinkage=0.05


Tree=160
num_leaves=19
num_cat=0
split_feature=1 11 3 6 8 10 1 29 19 25 11 14 28 9 21 14 16 21
split_gain=2.62095 3.23211 2.70993 5.2742 4.99004 4.00532 4.92302 3.37675 4.64525 5.92728 3.27364 3.01314 2.89214 2.81985 2.30608 2.06136 1.77918 1.26445
threshold=1.0000000180025095e-35 57.500000000000007 3.5000000000000004 8.5000000000000018 0.5081500000000001 85.500000000000014 10.500000000000002 5.5000000000000009 0.063050000000000009 2.5000000000000004 2098.5000000000005 0.0078000000000000014 22.500000000000004 0.19115000000000001 28861.500000000004 0.20525000000000002 5.5000000000000009 83583.000000000015
decision_type=2 2 2 2 2 2 2 2 2 2 2 2 2 2 2 2 2 2
left_child=1 -1 3 5 11 6 -2 8 9 -4 -7 -5 -10 14 -9 17 -17 -3
right_child=2 15 7 4 -6 10 -8 13 12 -11 -12 -13 -14 -15 -16 16 -18 -19
leaf_value=-0.01730609179381087 -0.0023765294602265757 0.040655323847330241 0.0038476778219239832 0.0089707690699170426 0.01832230692778224 0 -0.032208515972410666 0.034187952569816001 0.0084251005967523728 -0.022365115005312748 0.02459805124769282 -0.024805639435561428 -0.023850251866954365 -0.0097428786008534104 0.0044715834681213337 -0.017147953231068828 0.021387471615229442 0.0053467039400658277
leaf_weight=4.658146450296047 42.516651692334563 10.424808451905848 46.740836041048169 6.0615482209250322 7.6189895514398804 574.78066098876297 19.389750897884369 18.19646888226271 139.33264397410676 36.517998801544309 11.851636990904806 50.177270957734436 5.2537021078169337 6.1590936356224111 11.905047882348297 4.4339433759450895 3.5878817746415734 4.9240677803754798
leaf_count=34 412 93 303 42 50 3264 295 167 1272 236 68 307 45 72 75 39 57 33
internal_value=-1.67008e-05 0.0145231 -0.000473091 -0.00208554 -0.0155749 -0.000698144 -0.0125923 0.00382171 0.00145236 -0.00778712 0.000578558 -0.0208104 0.00687471 0.0175941 0.0237576 0.0221254 0 0.0318266
internal_weight=1004.53 28.0288 976.502 712.397 63.8578 648.539 61.9064 264.106 227.845 83.2588 586.632 56.2388 144.586 36.2606 30.1015 23.3707 8.02183 15.3489
internal_count=6864 256 6608 4438 399 4039 707 2170 1856 539 3332 349 1317 314 242 222 96 126
is_linear=0
shrinkage=0.05


Tree=161
num_leaves=11
num_cat=0
split_feature=17 0 3 17 21 25 25 18 26 2
split_gain=2.53469 3.52989 3.68663 2.76428 4.53166 5.68168 4.80322 3.55983 6.14214 4.96682
threshold=2188317.8850000002 940891.34000000008 3.5000000000000004 268809.99500000005 412.50000000000006 9.5000000000000018 3.5000000000000004 9059.2900000000027 3.5000000000000004 14.500000000000002
decision_type=2 2 2 2 2 2 2 2 2 2
left_child=1 3 -3 7 6 -6 -5 8 -1 -9
right_child=-2 2 -4 4 5 -7 -8 9 -10 -11
leaf_value=-0.02008004273272665 0.024608035740758313 -0.043868724605837239 0.0031294720707242987 0.03773586347792942 -0.02271833707982459 0.016697968900043228 -0.0078609848915782293 -0.0027496080906687769 -0.00041608613390880871 0.0072875386746385678
leaf_weight=43.213145423214883 8.3378589889034611 7.367664786288513 6.4123943625018001 7.5371551811695126 48.570847251452506 9.331278386525808 12.665327638387678 192.94233638909645 337.02918128948659 329.81027345405892
leaf_count=273 68 100 70 45 333 64 101 1232 2213 2365
internal_value=-1.2113e-05 -0.000277436 -0.0237402 8.95643e-05 -0.00880183 -0.0158538 0.0105668 0.000887428 -0.00277036 0.00356752
internal_weight=1003.22 994.88 13.7801 981.1 78.1046 57.9021 20.2025 902.995 380.242 522.753
internal_count=6864 6796 170 6626 543 397 146 6083 2486 3597
is_linear=0
shrinkage=0.05


Tree=162
num_leaves=19
num_cat=0
split_feature=5 24 21 2 28 28 20 17 20 17 24 10 1 2 2 25 17 14
split_gain=2.49352 4.98564 2.7312 4.34659 7.30882 7.30754 6.38861 4.97005 4.40436 3.80535 3.18782 4.3376 2.85893 2.43514 2.77776 2.24975 2.23975 1.16918
threshold=1.0000000180025095e-35 28.500000000000004 17035.500000000004 6.5000000000000009 16.500000000000004 10.500000000000002 -0.35014999999999991 41908.05000000001 -1.0595999999999999 2188317.8850000002 50.500000000000007 933.50000000000011 3.5000000000000004 8.5000000000000018 22.500000000000004 3.5000000000000004 102730.06500000002 0.21535000000000001
decision_type=2 2 2 2 2 2 2 2 2 2 2 2 2 2 2 2 2 2
left_child=1 13 9 5 8 12 -7 -6 -5 10 11 -2 -4 -1 17 -16 -12 -15
right_child=2 -3 3 4 7 6 -8 -9 -10 -11 16 -13 -14 14 15 -17 -18 -19
leaf_value=0.0050899639493129931 0.0019237295170629603 0.020163626759168371 -0.0050476921079058599 -0.032196704535647394 -0.0058159566864338184 0.016906970175111995 -0.021038398126215527 -0.035627636932847283 0.0061010043063874234 0.036793046006251086 0.030469502237529002 -0.03521868205645607 -0.040720113664564808 -0.041212116974729512 0.015069377451272971 -0.02199863952759229 0 -0.011083971103319032
leaf_weight=8.0675152279436571 538.32889862125739 8.8074223017320019 9.1087670340202767 5.7426079055294386 69.178563368041068 23.417367971502244 17.67148186545819 16.341732601635158 212.74903054838069 6.13386237155646 14.556187966838481 5.9587915083393446 21.403488075127825 14.730567493941637 6.4189957315102202 5.8592678382992744 10.266308737918733 7.6454437281936398
leaf_count=61 3743 64 63 35 429 142 126 110 1402 53 128 37 152 106 42 41 83 47
internal_value=-1.25946e-05 -0.0105228 0.000567374 -0.00272697 -5.40689e-05 -0.0136301 0.000136328 -0.0123108 0.00476616 0.00273777 0.00222566 0.00137134 -0.0313441 -0.0176914 -0.0232561 -0.00252301 0.0190864 -0.0330822
internal_weight=1002.39 51.5292 950.857 375.613 304.012 71.6011 41.0888 85.5203 218.492 575.244 569.11 544.288 30.5123 42.7218 34.6543 12.2783 24.8225 22.376
internal_count=6864 361 6503 2459 1976 483 268 539 1437 4044 3991 3780 215 297 236 83 211 153
is_linear=0
shrinkage=0.05


Tree=163
num_leaves=24
num_cat=0
split_feature=11 11 11 21 24 23 11 21 2 8 10 11 11 24 3 18 18 23 24 11 17 3 18
split_gain=2.47766 4.49939 3.97112 9.15688 4.82138 5.95678 4.5065 4.28336 4.56384 4.12549 3.65025 3.27069 5.205 3.72237 2.97088 4.72918 4.05746 3.82635 2.49205 2.40436 2.16172 2.0452 1.82624
threshold=1850.5000000000002 2102.5000000000005 1499.5000000000002 39263.500000000007 7.5000000000000009 3.5000000000000004 749.50000000000011 415163.00000000006 1.5000000000000002 0.045250000000000005 835.50000000000011 1577.0000000000002 1594.5000000000002 10.500000000000002 1.5000000000000002 15642.960000000001 2167.2200000000007 1.5000000000000002 18.500000000000004 1924.5000000000002 1921.4550000000002 3.5000000000000004 17666.950000000004
decision_type=2 2 2 2 2 2 2 2 2 2 2 2 2 2 2 2 2 2 2 2 2 2 2
left_child=2 14 4 11 7 10 -7 8 -1 21 -6 13 -13 -4 16 18 -2 -17 -16 -18 -3 -5 -11
right_child=1 20 3 9 5 6 -8 -9 -10 22 -12 12 -14 -15 15 17 19 -19 -20 -21 -22 -23 -24
leaf_value=0.022415993009122448 0.031349221441449991 0.031566224154732828 0.052391285265333869 -0.023375870980227767 0.0020680811904735339 -0.00092791524885691757 -0.037865297267330504 -0.038121322161907945 -0.0066703437650875207 -0.0047720430087222028 0.015709081860001858 -0.026558285050543209 0.015742670082502817 0.0070552103303176718 -0.033668940880048896 0.010423995749228636 -0.027826250955376681 -0.016286459922031336 0 0.004531245094843192 -0.00021035950948882434 0.0033771755169439734 0.03068199556435168
leaf_weight=12.307560762390493 7.3429943071678307 8.2419001623056847 10.782289389055224 28.21902915649116 400.28250201023184 19.265187222510576 13.406500546261666 8.3210163563489896 216.22623880137689 5.1078994534909707 54.575554489158094 6.0929621011018744 71.835658530704677 9.0013142758980376 29.866244838573039 22.622700312640518 7.1118353046476868 27.114852553233504 6.8117486992850891 13.272080558352171 9.8759983293712121 7.940921274945139 5.8787939697504044
leaf_count=76 47 58 79 171 2801 119 86 61 1477 40 362 39 502 62 188 160 45 191 44 93 69 52 42
internal_value=-2.44029e-05 -0.00635658 0.000939977 0.00844162 -0.00056551 0.00226258 -0.0176831 -0.00639877 -0.00487966 -0.00925813 0.00378827 0.0170965 0.0117284 0.0347645 -0.0101103 -0.0146217 0.00365154 -0.00401084 -0.0278007 -0.00778893 0.0154489 -0.0173696 0.0152324
internal_weight=1001.5 132.26 869.243 144.859 724.385 487.53 32.6717 236.855 228.534 47.1466 454.858 97.7122 77.9286 19.7836 114.142 86.4155 27.7269 49.7376 36.678 20.3839 18.1179 36.16 10.9867
internal_count=6864 895 5969 987 4982 3368 205 1614 1553 305 3163 682 541 141 768 583 185 351 232 138 127 223 82
is_linear=0
shrinkage=0.05


Tree=164
num_leaves=19
num_cat=0
split_feature=1 0 21 3 0 9 0 6 13 3 1 19 1 16 6 10 24 18
split_gain=2.42005 3.07185 2.95769 2.46485 6.13295 8.0295 7.14963 7.42641 5.52577 3.22354 4.39521 6.67944 5.82216 3.19798 2.99268 2.98474 2.09315 0.126336
threshold=1.0000000180025095e-35 6888.6200000000008 48303.000000000007 3.5000000000000004 136734.34500000003 0.00175 94801.865000000005 8.5000000000000018 1.0000000180025095e-35 4.5000000000000009 3.5000000000000004 0.91795000000000015 9.5000000000000018 1.5000000000000002 6.5000000000000009 786.50000000000011 17.500000000000004 27186.005000000001
decision_type=2 2 2 2 2 2 2 2 2 2 2 2 2 2 2 2 2 2
left_child=1 2 17 4 6 8 7 -2 -6 10 11 -5 -12 -7 15 -11 -8 -1
right_child=3 -3 -4 9 5 13 16 -9 -10 14 12 -13 -14 -15 -16 -17 -18 -19
leaf_value=0.040531051409666008 0.00021187745204006908 -0.011226243533960298 -0.002765470821655262 -0.020312513550931503 -0.047648964776363018 -0.011507499164612972 0.037109881068661664 -0.019007084773537433 -0.0087733394720209724 -0.016482721883915055 0.019692370477723795 0.016307751312460827 -2.4451698788232611e-05 0.017031230180767225 0.015350024350758301 0.010661074482623054 0.0063152677365966208 0.013285054373210032
leaf_weight=9.4770096316933685 557.79393868567422 7.1132366480305782 6.5539362002164117 29.581756767816842 20.144426816143095 18.870245391037315 13.451985521707686 53.139110474847257 18.70247052423656 43.861657995730639 83.479488580022007 18.459262979216874 64.818800033070147 16.405529924668372 11.601227095350621 11.025021536275743 11.513766517862676 4.6054541394114485
leaf_count=115 3295 52 44 231 144 180 88 319 204 276 826 208 493 133 72 64 75 45
internal_value=-2.16092e-05 0.0140158 0.0233815 -0.000460206 -0.00200014 -0.0154157 -0.000377272 -0.00150004 -0.0305235 0.00364583 0.00687609 -0.00595232 0.0111223 0.00169827 -0.0056694 -0.0106715 0.0248005 0.0350027
internal_weight=1000.6 27.7496 20.6364 972.849 710.021 74.1227 635.899 610.933 38.8469 262.827 196.339 48.041 148.298 35.2758 66.4879 54.8867 24.9658 14.0825
internal_count=6864 256 204 6608 4438 661 3777 3614 348 2170 1758 439 1319 313 412 340 163 160
is_linear=0
shrinkage=0.05


Tree=165
num_leaves=22
num_cat=0
split_feature=10 13 8 13 28 19 7 9 25 5 8 0 27 7 24 9 3 18 20 18 11
split_gain=2.34957 4.29576 2.68851 9.33634 4.14258 4.41553 4.05868 8.23168 4.35873 3.99892 4.74619 3.7558 2.16936 2.13654 2.02728 1.58886 1.13169 0.88859 0.743629 0.475259 0.347767
threshold=1.0000000180025095e-35 1.0000000180025095e-35 0.46565000000000006 1.0000000180025095e-35 8.5000000000000018 1.3989000000000003 3.5000000000000004 0.54065000000000007 1.5000000000000002 1.0000000180025095e-35 0.15760000000000005 8585.4050000000025 7.5000000000000009 2.5000000000000004 26.500000000000004 0.016750000000000004 2.5000000000000004 13536.600000000002 2.4114000000000004 9897.8950000000023 1740.5000000000002
decision_type=2 2 2 2 2 2 2 2 2 2 2 2 2 2 2 2 2 2 2 2 2
left_child=1 16 6 14 11 -6 9 8 -8 -2 -11 -5 -9 15 17 -3 -1 -4 20 -20 -15
right_child=2 13 3 4 5 -7 7 12 -10 10 -12 -13 -14 18 -16 -17 -18 -19 19 -21 -22
leaf_value=-0.0032822981165512282 -0.037187699532636946 -0.018194399370708374 -0.0075775250573412072 -0.01533534131981276 0.031435056936128872 -0.0044956408453524985 0.0076228957331977223 0.047120566469897138 -0.0017882585112830526 -0.014406995923609035 0.0019928073346899937 0.0236001831108953 0.003102330866788865 -0.043658561820147872 5.9414738415380759e-05 0.020003063088677154 0.023567003994922411 -0.038873364691653756 -0.019968621856669401 0.0022662126469703359 -0.0084087263585176045
leaf_weight=5.8651179457083327 8.4956159424036723 3.6424387518782195 5.6115076281130341 14.664320835843684 41.252484777010977 9.5012603886425477 159.90116476453841 10.180043464992194 508.69403666816652 75.03182362485677 100.23750503035262 7.8351821554824701 4.6799760977737597 9.4819589611142892 8.2436401527374965 3.2591491593047976 5.8955769594758749 8.1787426788359863 2.4702813397161654 2.9826295683160424 2.747917136643081
leaf_count=62 58 68 43 90 248 69 1014 155 3223 518 654 58 80 176 56 53 44 56 54 44 41
internal_value=-1.5433e-05 -0.0121629 0.000457166 0.00834384 0.0169361 0.0246037 -0.000415095 0.00135028 0.000463622 -0.00697853 -0.00505478 -0.000548621 0.0358632 -0.0235719 -0.018838 0 0.0109195 -0.0293446 -0.0319662 -0.00912042 -0.0387361
internal_weight=998.852 36.3451 962.507 95.2871 73.2532 50.7537 867.22 683.455 668.595 183.765 175.269 22.4995 14.86 24.5844 22.0339 6.90159 11.7607 13.7903 17.6828 5.45291 12.2299
internal_count=6864 542 6322 620 465 317 5702 4472 4237 1230 1172 148 235 436 155 121 106 99 315 98 217
is_linear=0
shrinkage=0.05


Tree=166
num_leaves=19
num_cat=0
split_feature=0 0 23 18 0 10 22 16 17 24 19 27 10 8 19 29 27 10
split_gain=2.32608 3.54088 2.72664 5.59385 8.14308 6.0902 4.902 6.43378 6.42266 4.28955 4.14157 6.59107 4.56213 3.73218 2.97412 2.44292 1.42545 0.91517
threshold=89.690000000000012 52.710000000000008 1.5000000000000002 5025.3350000000009 14616.205000000002 217.50000000000003 1.0000000180025095e-35 1.5000000000000002 619.82500000000016 4.5000000000000009 0.45255000000000006 7.5000000000000009 710.50000000000011 0.13515000000000002 0.020950000000000003 3.5000000000000004 4.5000000000000009 686.50000000000011
decision_type=2 2 2 2 2 2 2 2 2 2 2 2 2 2 2 2 2 2
left_child=1 15 3 6 5 -5 7 -2 -8 14 11 -11 -12 -6 -4 -1 -16 -3
right_child=2 17 9 4 13 -7 8 -9 -10 10 12 -13 -14 -15 16 -17 -18 -19
leaf_value=-0.013124472883174582 -0.0010082098309195896 -0.035942838527947586 0.0058732978516292667 0.036550920797816813 0.0035594094180090943 0.010289317871715831 -0.042566570292890182 0.034039909661654558 -0.0055377634075243409 -0.011209955251059524 0.00051785417327526544 0.007168823460159901 0.024046219143694311 -0.013789449413665831 -0.0093430602181540281 0.017027847010372171 -0.045326497995463733 -0.0068333190747465328
leaf_weight=11.904165986925365 205.13447859697044 10.645058410242202 5.1430865675210979 26.07482036948204 119.07500924984924 130.45221652276814 13.485033140052108 11.958341907709835 55.146678477991372 153.88348142057657 88.713171528186649 68.691338147968054 25.24681431055069 39.575470296433195 6.406640237197279 10.906774727627633 9.2624343642964941 6.0782169913873068
leaf_count=75 1404 73 42 171 1009 809 80 81 338 943 688 426 178 324 52 65 70 36
internal_value=-2.06538e-05 -0.0116148 0.000470463 0.00253333 0.0071148 0.0151331 -0.00249997 0.00116985 -0.0139542 -0.00296535 -0.0015021 -0.00548001 0.00614142 -0.000823821 -0.0239818 0.00109991 -0.0339028 -0.0277569
internal_weight=997.783 39.5342 958.249 600.902 315.178 156.527 285.725 217.093 68.6317 357.347 336.535 222.575 113.96 158.65 20.8122 22.8109 15.6691 16.7233
internal_count=6864 249 6615 4216 2313 980 1903 1485 418 2399 2235 1369 866 1333 164 140 122 109
is_linear=0
shrinkage=0.05


Tree=167
num_leaves=26
num_cat=0
split_feature=2 2 3 20 14 2 17 18 3 20 17 9 24 11 1 1 2 22 14 3 21 18 2 7 27
split_gain=2.40114 14.946 10.2209 7.33559 7.26567 5.50223 4.69771 6.41646 4.19301 3.56113 4.25035 3.38046 5.57976 4.69636 4.24395 7.29568 4.23035 6.75098 3.15669 3.00335 2.78699 2.6704 2.2159 2.21555 2.319
threshold=18.500000000000004 22.500000000000004 1.0000000180025095e-35 -0.27684999999999993 0.17010000000000003 25.500000000000004 218535.22500000003 5641.4800000000005 2.5000000000000004 -0.57489999999999986 125174.37000000001 0.092250000000000013 7.5000000000000009 2076.5000000000005 10.500000000000002 4.5000000000000009 14.500000000000002 1.5000000000000002 0.48420000000000002 3.5000000000000004 216322.50000000003 43793.330000000009 1.5000000000000002 3.5000000000000004 5.5000000000000009
decision_type=2 2 2 2 2 2 2 2 2 2 2 2 2 2 2 2 2 2 2 2 2 2 2 2 2
left_child=11 6 9 4 -4 -5 7 8 -2 -3 -11 12 13 22 15 19 17 -14 -9 -13 -18 -17 -1 24 -16
right_child=1 2 3 5 -6 -7 -8 18 -10 10 -12 14 16 -15 23 21 20 -19 -20 -21 -22 -23 -24 -25 -26
leaf_value=0.01198183159996854 -0.012629911505660625 -0.0028263331706827144 -0.021391502550964836 0.011290301221788425 0.006806865435616042 -0.028398746711316283 -0.048175415062025988 0.00067806975944544349 -0.048622938847297917 0.035421441378868671 -0.0031099995812428637 -0.01420197266960542 0.0096738842690428303 0.034141094388642816 -0.008546733679287535 -0.00081194364953303183 0.018290666492882308 -0.0082458330423499822 -0.03093718769088687 0.0079443652816471588 -0.0052581678337630016 0.042815261336591678 -0.0064323751664472481 0 -0.042547127870095125
leaf_weight=15.819651170633731 20.03734990535304 10.340672815218566 63.421788389794528 89.747891845647246 33.209411892108619 7.6223681569099417 10.802703466266392 51.981029487214983 16.01222778018564 35.435112284030765 7.8959816247224799 44.205844688229263 146.96715501626022 6.0585326398722819 11.198646042030306 4.2560413591563693 96.328992357477546 78.88057810626924 7.1828917115926734 20.700722196139395 12.790879979729651 9.8212305749766511 175.07512002112344 9.0085068140178901 11.872079513501374
leaf_count=98 136 60 367 780 268 42 72 304 105 231 51 260 971 40 87 30 672 509 50 158 89 109 1220 59 96
internal_value=-2.43404e-05 -0.00333229 0.00337699 -0.00197553 -0.0116576 0.00757368 -0.0188713 -0.0145209 -0.0305953 0.0222797 0.028352 0.00178446 0.00345467 -0.00316845 -0.0060459 0.000187423 0.00737428 0.00335383 -0.00388284 -0.00696301 0.0153954 0.0305431 -0.00474612 -0.020797 -0.0284404
internal_weight=996.673 353.689 247.673 194.001 96.6312 97.3703 106.016 95.2135 36.0496 53.6718 43.3311 642.984 531.921 196.953 111.063 78.9838 334.968 225.848 59.1639 64.9066 109.12 14.0773 190.895 32.0792 23.0707
internal_count=6864 2466 1799 1457 635 822 667 595 241 342 282 4398 3599 1358 799 557 2241 1480 354 418 761 139 1318 242 183
is_linear=0
shrinkage=0.05


Tree=168
num_leaves=17
num_cat=0
split_feature=0 2 11 11 21 24 23 21 11 7 3 18 18 11 23 0
split_gain=2.39331 4.06499 2.57725 3.8313 8.80772 3.95852 5.0839 4.45236 3.75746 3.16799 2.97556 4.74249 3.45086 2.85082 2.08417 1.38367
threshold=940891.34000000008 7.5000000000000009 1850.5000000000002 1499.5000000000002 39263.500000000007 7.5000000000000009 3.5000000000000004 415163.00000000006 2102.5000000000005 4.5000000000000009 1.5000000000000002 15642.960000000001 2167.2200000000007 1577.0000000000002 1.5000000000000002 2410068.1950000008
decision_type=2 2 2 2 2 2 2 2 2 2 2 2 2 2 2 2
left_child=2 15 3 5 13 7 -7 -1 10 -6 12 -12 -4 -5 -10 -2
right_child=1 -3 8 4 9 6 -8 -9 14 -11 11 -13 -14 -15 -16 -17
leaf_value=-0.0040168134920189136 -0.012169043244039474 -0.04114595670916274 0.029595607312737866 0.034047974214082372 0.012121437979624611 0.0037760007439976914 -0.016378499221888432 -0.038252610832999662 0.027986253916073952 -0.016235559311514151 -0.027557805567520816 -0.0034904940999345223 -0.0066077744286354104 0.012153946367090544 -0.0034642960330126572 0.023091752719310944
leaf_weight=222.79707799782045 3.2112025907263142 7.2547335356939584 7.332792964763942 19.392346628475934 11.402187388390301 447.20622107759118 31.528785087168217 8.0753812687471491 9.3690662956796604 34.764657624997199 36.015959176234901 48.230103437788785 19.91140302689746 76.21127423318103 8.1588251981884223 3.8043406750075519
leaf_count=1501 38 86 47 137 84 3090 198 58 68 214 229 341 133 526 52 62
internal_value=-3.56776e-05 -0.0190641 0.000269361 0.001281 0.00872572 -0.000212653 0.00236524 -0.00557549 -0.00624765 -0.00881189 -0.00970603 -0.0142959 0.00415207 0.0173041 0.0139792 0.00672362
internal_weight=994.666 14.2703 980.396 851.378 141.77 709.607 478.735 230.872 129.018 46.1668 111.49 84.2461 27.2442 95.6036 17.5279 7.01554
internal_count=6864 186 6678 5808 961 4847 3288 1559 870 298 750 570 180 663 120 100
is_linear=0
shrinkage=0.05


Tree=169
num_leaves=20
num_cat=0
split_feature=25 17 23 25 20 18 25 9 0 3 21 21 22 24 20 10 15 20 24
split_gain=2.32671 4.9266 2.78074 6.38757 7.34471 4.67655 7.00222 8.27632 5.67163 5.72437 5.51589 4.48309 6.53299 3.87631 2.49887 2.3755 2.01347 1.64196 0.96963
threshold=18.500000000000004 78061.185000000012 1.5000000000000002 2.5000000000000004 -0.54044999999999987 3642.6300000000006 1.5000000000000002 0.036450000000000003 82524.740000000005 3.5000000000000004 43361.000000000007 137329.00000000003 1.0000000180025095e-35 4.5000000000000009 1.0566500000000003 212.50000000000003 4.5000000000000009 -0.4005999999999999 37.500000000000007
decision_type=2 2 2 2 2 2 2 2 2 2 2 2 2 2 2 2 2 2 2
left_child=2 18 5 4 15 6 13 -8 10 -10 -7 12 -5 -1 -6 -4 -3 -13 -2
right_child=1 16 3 11 14 8 7 -9 9 -11 -12 17 -14 -15 -16 -17 -18 -19 -20
leaf_value=-0.0029696617165799084 0.045949857946997172 0.011091060253939258 -0.036593522915369284 0.014058269151266371 0.02021454025173218 0.014751648934420103 -0.0038071784747842115 -0.031818747978392611 -0.016675049327901415 0.011708032323092265 0.00031971302580448171 -0.044347630665253768 -0.0089611131951918988 0.013976452374852783 -0.0094892633106013775 -0.0027072714260912489 -0.026316183043271036 -0.011432142665757551 0.010474017405002013
leaf_weight=70.273576078005135 6.7953239609487373 4.8817822644487006 6.7317490086425122 33.740857477299869 55.13705163821578 157.99155588727444 105.36971603194252 33.989141725935042 48.168935105670244 25.371008568443358 115.56103571783751 8.9557056017220038 217.18560006842017 60.693059107055888 6.4059761678799978 15.381272602826355 5.4635036964900792 10.326477151364086 5.5211808811873198
leaf_count=522 83 40 52 206 343 1131 642 211 360 321 670 61 1451 431 56 93 59 80 52
internal_value=-3.78262e-05 0.015118 -0.000432052 -0.00396167 0.00792298 0.00158102 -0.00331334 -0.0110634 0.00541867 -0.00669988 0.00873781 -0.00770905 -0.00573958 0.00490047 0.016764 -0.0156173 -0.00891714 -0.0299207 0.0344303
internal_weight=993.945 22.6618 971.283 353.865 83.656 617.418 270.325 139.359 347.093 73.5399 273.553 270.209 250.926 130.967 61.543 22.113 10.3453 19.2822 12.3165
internal_count=6864 234 6630 2342 544 4288 1806 853 2482 681 1801 1798 1657 953 399 145 99 141 135
is_linear=0
shrinkage=0.05


Tree=170
num_leaves=21
num_cat=0
split_feature=15 25 15 29 25 25 21 18 20 1 23 18 8 18 24 14 2 19 19 16
split_gain=2.23074 6.10532 4.10962 3.63982 4.62138 4.09982 7.28291 6.40992 3.53466 3.73277 3.43315 3.56701 3.0072 2.4561 2.4126 4.18142 3.8167 2.21375 1.282 1.00496
threshold=2.5000000000000004 4.5000000000000009 3.5000000000000004 3.5000000000000004 14.500000000000002 3.5000000000000004 281.00000000000006 152833.05500000002 -0.87069999999999992 3.5000000000000004 2.5000000000000004 138090.65500000003 0.086950000000000013 19850.270000000004 35.500000000000007 0.025550000000000003 6.5000000000000009 4.0474000000000006 0.040750000000000008 5.5000000000000009
decision_type=2 2 2 2 2 2 2 2 2 2 2 2 2 2 2 2 2 2 2 2
left_child=3 13 12 5 14 8 -7 -8 18 -10 17 -12 19 -2 16 -16 -5 -4 -1 -3
right_child=1 2 10 4 -6 6 7 -9 9 -11 11 -13 -14 -15 15 -17 -18 -19 -20 -21
leaf_value=-0.034033165619778101 0.0049676307365757672 -0.046614600658365493 0.014737440992118191 -0.010822158626299684 0.033850896159125725 -0.047476411280686817 -0.0011467862739983137 -0.024614144637968658 0.01023589938317836 -0.0025140130512601652 -0.018128453818167523 0.012842591162237647 0.0073248241730762484 0.042060652375248864 0.040886034218733984 0.0039371240455551293 0.0026598606284636739 -0.015798798688968319 -0.0064924044990418281 -0.010024026858657368
leaf_weight=7.7329842983745065 8.2622370142489689 5.6781389731913823 59.148066811729223 63.056571644032374 9.4824590208008868 10.354975203052161 116.55985107878223 37.335967134684324 76.993748835287988 206.61895475792699 23.276988884434104 12.592887274920939 5.3071594694629303 12.543645296245812 8.0508325435221177 37.920640605501831 269.75380280986428 4.6310249911621204 11.639226151630281 5.4518659645691514
leaf_count=46 53 37 649 418 75 65 769 259 514 1417 149 79 40 95 48 248 1748 43 65 47
internal_value=-4.19175e-05 0.00582602 0.0010712 -0.00100393 0.00255103 -0.00397763 -0.0102902 -0.00714698 -0.00047771 0.000959696 0.00507218 -0.00688733 -0.020561 0.0294965 0.00156753 0.0120511 2.6208e-05 0.0119552 -0.02011 -0.0337099
internal_weight=992.392 136.892 116.086 855.5 388.264 467.236 164.251 153.896 302.985 283.613 99.649 35.8699 16.4372 20.8059 378.782 45.9715 332.81 63.7791 19.3722 11.13
internal_count=6864 1192 1044 5672 2537 3135 1093 1028 2042 1931 920 228 124 148 2462 296 2166 692 111 84
is_linear=0
shrinkage=0.05


Tree=171
num_leaves=28
num_cat=0
split_feature=2 2 0 2 2 0 0 13 2 1 8 1 27 12 3 27 3 25 3 3 0 1 3 23 18 16 23
split_gain=2.22687 13.8202 10.9779 17.3049 7.88135 4.99136 4.94502 8.62276 4.58531 5.66164 4.56872 4.78016 4.41354 4.03012 3.98328 6.20086 4.45387 3.92801 4.87035 9.18817 4.05377 3.85802 3.63992 3.53437 3.34377 3.00298 2.227
threshold=18.500000000000004 22.500000000000004 3170.3500000000004 25.500000000000004 25.500000000000004 451.20000000000005 127726.39000000001 1.0000000180025095e-35 10.500000000000002 8.5000000000000018 0.049250000000000009 4.5000000000000009 9.5000000000000018 1.0000000180025095e-35 3.5000000000000004 8.5000000000000018 1.0000000180025095e-35 9.5000000000000018 1.0000000180025095e-35 1.5000000000000002 1737.7450000000001 4.5000000000000009 3.5000000000000004 2.5000000000000004 173798.06500000003 1.5000000000000002 1.5000000000000002
decision_type=2 2 2 2 2 2 2 2 2 2 2 2 2 2 2 2 2 2 2 2 2 2 2 2 2 2 2
left_child=6 14 4 12 5 -3 17 8 9 -8 13 -12 -4 -9 15 24 -17 18 21 -20 23 -1 -22 -19 -2 -16 -10
right_child=1 2 3 -5 -6 -7 7 10 26 -11 11 -13 -14 -15 25 16 -18 20 19 -21 22 -23 -24 -25 -26 -27 -28
leaf_value=-0.018083127453918751 -0.013775540909033475 -0.039647445503015695 0.010010657640223453 -0.048491962173722827 0.019009669033960296 -0.0088823937807953942 -0.026914861813467396 0.046095417872860776 -0.061062892543110071 0.025031868212585757 0.0095444468324336496 -0.036802694353035924 0.031696807930317039 -0.0033978043850441536 -0.050458131793418494 -0.016861737541251157 0.026228305572978419 0.03986933056297582 0.026241585948308596 0.0014902607161094198 -0.0039842177256945296 0.0018679516396529043 0.02851424552461676 0 -0.044372935471797714 -0.0091081766039120982 -0.017598191445293232
leaf_weight=48.005666646175086 51.561656702309847 20.629698586650193 135.35363792674616 9.8024486359208804 13.721398409456013 38.281040353700519 12.041894669644536 8.2482942938804609 8.8737328918650764 6.3392839841544619 12.851134838536383 6.8562671600375316 28.413162754848599 5.8531051995232692 13.271952623501422 7.812182578258219 13.398247523233293 18.58558359742165 39.930692705325782 369.59463643352501 32.552839098498225 44.767367360647768 9.3972827447578293 7.5282747931778422 10.614058234728871 8.5668199211359006 8.2740503605455142
leaf_count=266 338 113 1097 53 78 217 101 72 63 76 142 85 241 109 74 48 80 160 278 2344 200 274 122 49 71 56 57
internal_value=-4.42093e-05 -0.00324099 0.00322534 0.0100626 -0.0128114 -0.0207681 0.00170102 -0.0106878 -0.0272849 -0.00781053 0.00702418 -0.00802439 0.0141705 0.0270608 -0.0182419 -0.0125213 0.00984124 0.00325666 0.00167996 0.00404374 0.0143696 -0.00851402 0.00403455 0.0291483 -0.0203747 -0.036782 -0.0446415
internal_weight=991.126 351.426 246.201 173.569 72.6321 58.9107 639.7 69.3378 35.529 18.3812 33.8088 19.7074 163.767 14.1014 105.225 83.3861 21.2104 570.362 502.298 409.525 68.064 92.773 41.9501 26.1139 62.1757 21.8388 17.1478
internal_count=6864 2466 1799 1391 408 330 4398 705 297 177 408 227 1338 181 667 537 128 3693 3162 2622 531 540 322 209 409 130 120
is_linear=0
shrinkage=0.05


Tree=172
num_leaves=24
num_cat=0
split_feature=11 11 11 21 8 23 24 21 11 24 3 20 11 11 24 25 3 17 18 20 18 21 14
split_gain=2.14502 3.72282 3.30627 7.65993 3.71104 3.58578 4.69096 3.93341 3.78397 4.08267 3.5209 3.29698 2.73061 4.7697 3.53445 2.5144 2.84452 3.57435 3.11098 1.99006 1.64662 0.92244 0.421065
threshold=1850.5000000000002 2102.5000000000005 1499.5000000000002 39263.500000000007 0.045250000000000005 3.5000000000000004 7.5000000000000009 458728.00000000006 749.50000000000011 21.500000000000004 2.5000000000000004 -0.40484999999999993 1577.0000000000002 1594.5000000000002 8.5000000000000018 13.500000000000002 1.5000000000000002 2304.1400000000008 15642.960000000001 -0.40764999999999996 17666.950000000004 891.00000000000011 0.12595000000000003
decision_type=2 2 2 2 2 2 2 2 2 2 2 2 2 2 2 2 2 2 2 2 2 2 2
left_child=2 15 5 12 11 6 7 -1 9 -7 -8 -5 14 -14 -4 16 17 -2 -18 -3 -6 -10 -21
right_child=1 19 3 4 20 8 10 -9 21 -11 -12 -13 13 -15 -16 -17 18 -19 -20 22 -22 -23 -24
leaf_value=-0.0041711678372754633 0.02014878365098563 -0.0068784017517485021 0.051385967978946991 -0.032938112650687905 -0.004401215669007412 -0.029543329308430639 -0.0010088779442572009 -0.04032338274821283 -0.011445197340040189 0.01411043441508273 0.007783018101717558 -0.0023103349383889263 -0.025956253375839251 0.014658281109817876 0.0074602808757315391 0.017916971051867684 -0.026782929472966413 -0.014486589730882911 -0.0065465522316741952 0.0068631436485591226 0.029260096317075237 -0.045441312673124457 0.032277053503372309
leaf_weight=226.66238985024393 12.859772966243328 6.048481514677408 9.4174087615683693 14.735715906135733 5.0762288216501457 6.2320108078420189 231.80857095937245 5.9168151654303065 5.952036861330269 13.25215821713209 217.85096953529865 20.824623215943578 6.0365778468549243 70.821095494553447 10.011486054398118 5.8700239518657318 35.049800484441221 12.802167419344185 46.159294146113098 5.1076497212052328 5.891498627141118 7.6058539822697639 6.8057130523957312
leaf_count=1555 87 41 70 88 40 44 1478 48 39 80 1685 135 39 502 71 58 222 84 317 29 42 53 57
internal_value=-5.68607e-05 -0.00598296 0.000845975 0.0077404 -0.00853554 -0.000534385 0.000251663 -0.00546946 -0.0161378 -0.000837194 0.00324408 -0.0163464 0.0157207 0.0107641 0.032027 -0.00942643 -0.0113217 0.00271035 -0.0158346 0.0139087 0.0146334 -0.0345494 0.0246528
internal_weight=988.798 130.703 858.095 142.815 46.5281 715.281 682.239 232.579 33.0421 19.4842 449.66 35.5603 96.2866 76.8577 19.4289 112.741 106.871 25.6619 81.2091 17.9618 10.9677 13.5579 11.9134
internal_count=6864 895 5969 987 305 4982 4766 1603 216 124 3163 223 682 541 141 768 710 171 539 127 82 92 86
is_linear=0
shrinkage=0.05


Tree=173
num_leaves=15
num_cat=0
split_feature=0 3 4 8 22 16 17 23 25 25 17 0 9 0
split_gain=2.22256 3.3582 2.3468 3.00423 2.50267 20.3516 8.57792 7.03595 4.43628 4.0329 3.26487 1.99438 2.40178 1.25254
threshold=940891.34000000008 3.5000000000000004 1.0000000180025095e-35 0.57655000000000001 1.5000000000000002 3.5000000000000004 2881.4300000000003 1.5000000000000002 4.5000000000000009 5.5000000000000009 1208.5550000000003 1878.0600000000002 0.0010500000000000004 2410068.1950000008
decision_type=2 2 2 2 2 2 2 2 2 2 2 2 2 2
left_child=2 -2 4 11 5 9 10 -8 -7 -1 -6 -4 -13 -3
right_child=1 13 3 -5 6 8 7 -9 -10 -11 -12 12 -14 -15
leaf_value=0.00068167854028505597 -0.038417297984421811 -0.011425058846359642 -0.013475083354506368 0.035260123102773482 -0.0062078256721373737 -0.0040978544670104032 0.010558451816593152 -0.0068902743799330469 0.042836813702798821 -0.011657898864771603 -0.038717264111471097 0.02858797892162588 -1.5234320490359845e-05 0.022450458570905264
leaf_weight=531.22321272315457 7.2395397145301086 3.3991832546889782 9.6126059889793378 8.2349979905411583 14.334886425174771 5.0710161980241528 86.12242954550311 165.32843858934939 32.174785666167736 73.471478460822254 20.590835879556835 9.6198760969564336 18.04917972907424 3.3432812625542283
leaf_count=3436 102 33 50 88 93 32 782 1119 266 480 123 73 136 51
internal_value=-6.09672e-05 -0.0185637 0.000231944 0.0110759 -0.000311669 0.00141102 -0.00419092 -0.000838436 0.0363087 -0.000834608 -0.0267039 0.00395611 0.0108491 0.00552168
internal_weight=987.816 13.982 973.834 45.5167 928.317 641.94 286.377 251.451 37.2458 604.695 34.9257 37.2817 27.6691 6.74246
internal_count=6864 186 6678 347 6331 4214 2117 1901 298 3916 216 259 209 84
is_linear=0
shrinkage=0.05


Tree=174
num_leaves=18
num_cat=0
split_feature=10 13 0 0 2 29 1 13 0 0 0 28 20 20 28 3 9
split_gain=2.20337 3.95476 2.41595 3.47198 3.25669 2.5195 2.49344 3.2122 13.73 7.07299 2.68045 1.72466 1.86026 1.48391 1.42339 1.09634 0.606376
threshold=1.0000000180025095e-35 1.0000000180025095e-35 89.690000000000012 52.710000000000008 11.500000000000002 3.5000000000000004 1.0000000180025095e-35 1.0000000180025095e-35 5237.4250000000011 715.43500000000006 6888.6200000000008 1.5000000000000002 0.59470000000000012 -0.58789999999999987 7.5000000000000009 2.5000000000000004 0.043450000000000009
decision_type=2 2 2 2 2 2 2 2 2 2 2 2 2 2 2 2 2
left_child=1 15 3 5 -5 -2 10 9 -9 -8 13 12 -3 -4 16 -1 -13
right_child=2 11 6 4 -6 -7 7 8 -10 -11 -12 14 -14 -15 -16 -17 -18
leaf_value=-0.0036343870803258443 -0.01350437264638475 -0.020466361561388452 0.0011690840841093906 -0.00040025493859965964 -0.045118860964919613 0.017539680564186019 0.0098493483473052201 -0.0070680738205732181 0.012068013184183176 -0.0049938599396397321 -0.00841445381958765 -0.043279313187224097 0.020985745288978612 0.034118929449840102 -0.0034255679133419477 0.02289127348193529 -0.0033854863174834094
leaf_weight=5.774409157689659 11.461535297799857 3.7206399464048472 5.5319413365796253 7.2927916385233429 8.8916724398732168 10.611169956624506 97.367663047742099 160.40232624160126 218.9629269707948 411.26972418325022 6.5352145768702021 10.306935168104248 3.119051665533334 12.288783240132034 4.8790890723466864 5.8057572823017836 2.0312072299420825
leaf_count=62 73 78 57 46 61 62 595 941 1564 2747 46 203 65 130 48 44 42
internal_value=-5.73683e-05 -0.0119317 0.000401399 -0.0115689 -0.0277786 0.00122156 0.000938485 0.000475962 0.00395608 -0.00210542 0.0161066 -0.0230074 0 0.0255452 -0.0306937 0.0103407 -0.0387974
internal_weight=986.253 35.6371 950.616 38.2572 16.1845 22.0727 912.359 888.003 379.365 508.637 24.3559 24.0569 6.83969 17.8207 17.2172 11.5802 12.3381
internal_count=6864 542 6322 242 107 135 6080 5847 2505 3342 233 436 143 187 293 106 245
is_linear=0
shrinkage=0.05


Tree=175
num_leaves=16
num_cat=0
split_feature=17 0 17 21 21 11 28 13 9 7 17 22 28 19 19
split_gain=2.12645 2.95015 2.9398 4.30666 3.92952 3.59161 2.90192 3.44032 3.57696 3.29531 2.8207 8.80154 4.25914 1.13261 0.209819
threshold=2710065.3000000003 467190.23000000004 268809.99500000005 1169.5000000000002 4905.0000000000009 1089.5000000000002 4.5000000000000009 1.0000000180025095e-35 0.08950000000000001 4.5000000000000009 132.57000000000002 1.0000000180025095e-35 5.5000000000000009 7.7887500000000012 1.3442000000000003
decision_type=2 2 2 2 2 2 2 2 2 2 2 2 2 2 2
left_child=1 2 10 5 -5 -4 13 8 -8 -9 12 -12 -1 14 -3
right_child=-2 6 3 4 -6 -7 7 9 -10 -11 11 -13 -14 -15 -16
leaf_value=0.0093639065646790535 0.025642999507212438 -0.013039473968045763 0.024339492142545074 -0.040863222823731948 -0.0082844462074035154 -0.01107033563318912 -0.049496751866932198 -0.018724925667634944 0.00011801155493202738 0.025234335940222757 0.016787784696123846 0.00026195364688823053 -0.0050796429916144239 -0.0051272599116531439 -0.058308188873699131
leaf_weight=60.092237644828856 5.9738948494195929 2.5632975213229638 12.57281008269638 11.752079984173177 36.644194832071662 11.953622009605168 4.6015369221568108 4.5151819037273517 7.1791721130721271 10.365942355245352 97.33350251801312 433.85280996188521 279.23641909146681 3.4080981491133571 2.8624617683235556
leaf_count=494 51 50 91 83 253 87 38 50 83 85 618 3023 1751 73 34
internal_value=-5.99533e-05 -0.000278962 0.00025674 -0.00923454 -0.0177017 0.00717109 -0.0140383 -0.00438288 -0.0229068 0.0106658 0.00108263 0.00336048 -0.00245264 -0.0360678 -0.0475405
internal_weight=984.907 978.933 943.438 72.9227 48.3963 24.5264 35.4957 26.6618 11.7807 14.8811 870.515 531.186 339.329 8.83386 5.42576
internal_count=6864 6813 6400 514 336 178 413 256 121 135 5886 3641 2245 157 84
is_linear=0
shrinkage=0.05


Tree=176
num_leaves=20
num_cat=0
split_feature=2 0 2 20 3 20 6 18 20 1 10 28 2 10 18 20 14 19 0
split_gain=2.1426 6.61398 4.33684 6.69781 4.61621 4.04341 5.05894 5.46385 4.62415 3.96623 3.63957 5.66798 3.77154 3.10318 3.04046 2.94724 1.36335 0.806293 0.635673
threshold=1.5000000000000002 5498.1200000000008 4.5000000000000009 -0.59949999999999992 1.5000000000000002 -0.5472499999999999 3.5000000000000004 16956.710000000003 -0.58789999999999987 4.5000000000000009 775.50000000000011 7.5000000000000009 13.500000000000002 493.50000000000006 25707.115000000002 -0.14574999999999996 0.083550000000000013 0.057300000000000011 438.03500000000003
decision_type=2 2 2 2 2 2 2 2 2 2 2 2 2 2 2 2 2 2 2
left_child=1 14 3 9 16 6 7 -4 -8 17 12 -12 -7 -6 18 -3 -5 -2 -1
right_child=2 15 5 4 13 10 8 -9 -10 -11 11 -13 -14 -15 -16 -17 -18 -19 -20
leaf_value=0.01474511421700208 0.0081525171449244333 0.004659717235035876 -0.055608087487482395 -0.011844974191211713 0.0011359054037838223 0.0095843789662425488 0.0011772548928734013 -0.0058042738877463508 -0.020639180052862721 0.036421837083070029 0.028520124473845377 0.0035540331615433194 -0.0012533681103014931 -0.019340664937696088 0.00084951166305594669 -0.036053087810891941 -0.045417914149259969 -0.012675803458461896 0.042136208442126885
leaf_weight=7.9012555545195999 6.4105920568108576 7.4985068691894412 7.9940895950421718 7.2394380494952228 35.558257011696696 96.762800834490918 141.39544992567971 14.646468899212776 27.127897792495787 8.7156991742085648 30.117135161533952 84.471258945763111 423.35771955153905 34.29902847437188 11.280451994389294 6.7184692053124291 12.989044530782847 7.9107453655451536 11.751391358673571
leaf_count=61 41 46 48 49 258 767 925 97 172 53 207 570 3012 202 76 52 100 46 82
internal_value=-6.86596e-05 0.0103211 -0.000599737 -0.00969721 -0.0158504 0.000654715 -0.00566739 -0.0268814 -0.00247686 0.0133093 0.00258636 0.0105783 0.000772715 -0.00903715 0.0229771 -0.0160367 -0.0359994 -0.00288329 0.0339647
internal_weight=984.146 45.1501 938.996 113.123 90.0858 825.873 191.164 22.6406 168.523 23.037 634.709 114.588 520.121 69.8573 30.9331 14.217 20.2285 14.3213 19.6526
internal_count=6864 317 6547 749 609 5798 1242 145 1097 140 4556 777 3779 460 219 98 149 87 143
is_linear=0
shrinkage=0.05


Tree=177
num_leaves=17
num_cat=0
split_feature=25 23 18 20 15 25 23 16 15 17 25 0 14 2 29 20
split_gain=2.13534 4.77176 4.14812 3.91655 2.93076 4.17712 6.20545 4.65986 3.21926 4.29272 4.08427 3.15957 2.70773 2.02559 0.984057 0.828294
threshold=11.500000000000002 4.5000000000000009 461828.5450000001 -0.61209999999999987 6.5000000000000009 6.5000000000000009 2.5000000000000004 1.5000000000000002 2.5000000000000004 41908.05000000001 4.5000000000000009 649.63000000000011 0.068850000000000008 8.5000000000000018 2.5000000000000004 -0.48614999999999992
decision_type=2 2 2 2 2 2 2 2 2 2 2 2 2 2 2 2
left_child=4 2 3 14 5 8 7 -7 9 -1 -10 -8 -5 -6 -2 -15
right_child=1 -3 -4 12 13 6 11 -9 10 -11 -12 -13 -14 15 -16 -17
leaf_value=0.0013352946800634865 0.0089219638561017466 -0.028326655326392527 0.047835513578752063 -0.019273861451778684 -0.0087074625648866175 -0.018125278205619062 0.0020734665576358168 0.0049430329001925307 0.028247082825389954 -0.0078424846491067929 0.0011020564233705562 -0.037399031438608288 0.0069276467139159211 0.0031032501652555229 0.048241810538966277 0.034254180038045666
leaf_weight=540.09540004213341 4.559802985750137 6.3946653828024855 5.2185244038701049 9.9840319287031871 3.7619427163153913 31.719389334321022 5.5482638739049461 59.75279410649091 20.262158473953605 164.25013164500706 39.352143531665206 22.443685674108565 52.120648059993982 4.0870194975286731 4.5620298520661891 9.2634657658636534
leaf_count=3540 39 45 49 70 33 210 38 439 147 1113 299 163 488 41 46 104
internal_value=-6.99243e-05 0.00750297 0.0112734 0.00722471 -0.000792712 -0.00121974 -0.00983374 -0.00316594 0.000136373 -0.00080691 0.011108 -0.0296253 0.00208955 0.0185502 0.0346247 0.0270161
internal_weight=983.376 82.8397 76.445 71.2265 900.536 883.424 119.464 91.4722 763.96 704.346 59.6143 27.9919 62.1047 17.1124 9.12183 13.3505
internal_count=6864 737 692 643 6127 5949 850 649 5099 4653 446 201 558 178 85 145
is_linear=0
shrinkage=0.05


Tree=178
num_leaves=19
num_cat=0
split_feature=24 25 17 22 17 21 26 18 20 18 19 18 0 0 24 24 28 22
split_gain=2.12982 2.61833 7.35675 8.75391 14.1438 5.27767 4.9961 4.17576 4.10016 5.81215 5.4588 4.33566 2.07422 3.21683 3.07558 1.82109 0.794187 0.415916
threshold=49.500000000000007 1.5000000000000002 132.57000000000002 1.0000000180025095e-35 3339.3350000000005 73993.000000000015 9.5000000000000018 4469.9300000000012 -0.8567499999999999 52283.000000000007 0.26415000000000005 24985.820000000003 875.14000000000021 3534.0550000000003 56.500000000000007 69.500000000000014 12.500000000000002 1.0000000180025095e-35
decision_type=2 2 2 2 2 2 2 2 2 2 2 2 2 2 2 2 2 2
left_child=1 8 6 4 -4 -5 7 -3 16 11 -11 -10 -2 -14 17 -16 -1 -15
right_child=12 2 3 5 -6 -7 -8 -9 9 10 -12 -13 13 14 15 -17 -18 -19
leaf_value=-0.0039588706144687482 0.030134230204870844 -0.023458186031747902 0.034093946766696019 -0.0012943581894321783 -0.0054582675341820798 -0.035180730465485879 0.025152346843065478 -0.0060063477616684978 0.0039141853436276365 0.033811666305110989 -0.00043938605515110249 -0.023854155341495487 -0.018658754811066772 0.0093666834583420126 -0.015583639258254352 0.011446444186850929 -0.030486997523560308 0.035738101695803021
leaf_weight=6.5069998498074693 8.2013073246926051 63.237874350510538 44.323523719795048 460.84305970510468 42.491036889143288 9.8307913113385421 6.677653105929493 80.561620076186955 148.31851475848816 28.840313221560791 17.683436078950763 13.471542302519081 9.4561382820829731 5.3764925003051749 9.2946889167651552 11.832637993153183 7.1084441477432847 8.1905418438836914
leaf_count=43 52 404 279 3300 266 62 41 509 1096 185 141 98 63 35 81 94 44 71
internal_value=-5.63555e-05 -0.000627458 -0.00212234 0.000520488 0.0149357 -0.00216915 -0.0118575 -0.0139661 0.00407299 0.00591225 0.0211054 0.00127794 0.00955363 0.00437371 0.0115987 -0.000331981 -0.0205801 0.0284758
internal_weight=982.247 929.895 707.966 557.488 86.8146 470.674 150.477 143.799 221.929 208.314 46.5237 161.79 52.3518 44.1505 34.6944 21.1273 13.6154 13.567
internal_count=6864 6468 4861 3907 545 3362 954 913 1607 1520 326 1194 396 344 281 175 87 106
is_linear=0
shrinkage=0.05


Tree=179
num_leaves=17
num_cat=0
split_feature=0 0 2 3 10 13 5 24 13 0 7 2 7 9 25 19
split_gain=2.08159 3.01638 2.69987 2.49449 2.38151 3.22517 2.28549 3.69147 2.62765 11.0068 9.00851 2.26433 2.14773 1.54409 0.98345 0.652343
threshold=89.690000000000012 52.710000000000008 11.500000000000002 2.5000000000000004 1.0000000180025095e-35 1.0000000180025095e-35 1.0000000180025095e-35 28.500000000000004 1.0000000180025095e-35 5237.4250000000011 3.5000000000000004 8.5000000000000018 2.5000000000000004 0.016750000000000004 4.5000000000000009 5.352850000000001
decision_type=2 2 2 2 2 2 2 2 2 2 2 2 2 2 2 2
left_child=1 3 -3 -1 5 14 7 11 10 -10 -8 -6 13 -7 -2 -14
right_child=4 2 -4 -5 6 12 8 -9 9 -11 -12 -13 15 -15 -16 -17
leaf_value=-0.014114148912006514 -0.0031636038465924325 -0.0010398782893573254 -0.042053609630324645 0.016579324677753835 0.0064629001411181611 -0.016864943729662456 -0.016907824299014464 0.018035462871780285 -0.0054281584615632067 0.012108317716335372 0.0019524940334354611 -0.021839674544667915 -0.037879173503936742 0.021193062104803446 0.022492469108010428 -0.0096650288559540776
leaf_weight=11.422785473056139 6.397688693366943 7.3227580226957825 8.921616673935203 10.998079984448848 7.3634077105671158 3.4768897960893836 72.216529805678874 7.8195128431543699 151.80059449374676 211.02640307089314 427.00804321561009 31.101483672857285 11.03565899981186 3.1372414864599705 4.5929911835119128 5.8151988752651951
leaf_count=76 62 47 62 64 52 68 495 54 890 1513 2867 209 204 52 40 109
internal_value=-5.28749e-05 -0.0111383 -0.026254 0.000657151 0.000413784 -0.0120991 0.000924957 -0.00963689 0.0015246 0.00475441 -0.000812419 -0.0161229 -0.0221012 0.000755322 0.00860045 -0.0307314
internal_weight=981.457 38.6652 16.2444 22.4209 942.792 34.4557 908.336 46.2844 862.052 362.827 499.225 38.4649 23.465 6.61413 10.9907 16.8509
internal_count=6864 249 109 140 6615 535 6080 315 5765 2403 3362 261 433 120 102 313
is_linear=0
shrinkage=0.05


Tree=180
num_leaves=24
num_cat=0
split_feature=2 2 3 3 14 14 25 3 3 9 2 27 23 20 14 20 20 11 20 17 2 17 17
split_gain=2.02048 12.4273 9.23066 6.71067 6.05319 4.46672 3.76714 4.78025 6.95742 5.8177 5.39556 4.36291 3.83092 3.58814 3.75455 3.58401 3.33301 3.17371 3.01051 3.78301 2.7371 2.68332 2.31634
threshold=18.500000000000004 22.500000000000004 1.0000000180025095e-35 3.5000000000000004 0.19095000000000004 0.0059500000000000013 9.5000000000000018 1.0000000180025095e-35 1.5000000000000002 0.029850000000000005 17.500000000000004 9.5000000000000018 2.5000000000000004 0.47995000000000004 0.12860000000000002 -0.51744999999999985 -0.36074999999999996 22.500000000000004 -0.57489999999999986 125174.37000000001 6.5000000000000009 1.0000000180025095e-35 100985.22000000002
decision_type=2 2 2 2 2 2 2 2 2 2 2 2 2 2 2 2 2 2 2 2 2 2 2
left_child=6 5 18 4 -4 -2 7 13 9 -9 -10 12 20 14 -1 -5 -13 -7 -3 -20 -8 -19 -14
right_child=1 2 3 15 -6 17 11 8 10 -11 -12 16 22 -15 -16 -17 -18 21 19 -21 -22 -23 -24
leaf_value=-0.015615731276698255 0.0099889986552899653 -0.0021030841363044255 -0.018303781324016759 -0.011106633030587957 0.0051778347670348593 0.0088426337423480727 0.0057706394137697504 0.030007452758680671 -0.0010050544121384575 -0.013712686663763697 0.024249655291259005 0.014107927834655568 0.015129838198229249 -0.036398389435721094 0.0040976090391556773 0.014534353764419604 -0.031028264283683649 -0.037517262111307112 0.033624821822848289 -0.0029197036172467069 0.035084781701997497 -0.016686097068523253 -0.014392601007185988
leaf_weight=47.137296386994421 11.518960838206111 10.126264398917554 72.565174865536392 15.31104881223291 41.405047340318561 6.7158433888107529 13.493254399858413 34.172911865636706 393.01985569763929 8.0198762658983451 20.334127531386912 5.1658977717161179 11.482898537069561 9.312408122001214 45.027784987585619 61.508717823773623 7.67848884873092 25.433581151999533 34.591052844189107 7.7975144758820525 26.800108760595322 60.367704170756042 11.062779016792772
leaf_count=284 79 60 396 123 276 43 100 253 2686 55 133 40 82 95 270 662 58 188 231 51 273 357 69
internal_value=-5.89873e-05 -0.00312252 0.00304507 -0.00207111 -0.00974457 -0.0174261 0.0016116 0.000154321 0.00236618 0.0212265 0.000324009 0.0119283 0.0173636 -0.00953219 -0.00599599 0.0091448 -0.0127463 -0.0210844 0.02121 0.0268484 0.0262417 -0.0236888 0.000243901
internal_weight=980.049 347.341 243.305 190.79 113.97 104.036 632.708 557.024 455.547 42.1928 413.354 75.6834 62.839 101.477 92.1651 76.8198 12.8444 92.5171 52.5148 42.3886 40.2934 85.8013 22.5457
internal_count=6864 2466 1799 1457 672 667 4398 3776 3127 308 2819 622 524 649 554 785 98 588 342 282 373 545 151
is_linear=0
shrinkage=0.05


Tree=181
num_leaves=18
num_cat=0
split_feature=0 3 9 3 28 0 3 0 18 2 12 14 14 17 19 29 10
split_gain=2.08861 4.60654 4.04166 3.96338 3.77466 3.75425 3.18617 2.99501 3.18051 6.27377 5.87906 2.33332 2.09292 1.52234 0.930334 0.940368 0.0250684
threshold=291467.7900000001 3.5000000000000004 0.00175 4.5000000000000009 3.5000000000000004 247281.91000000003 1.0000000180025095e-35 191570.41500000004 9059.2900000000027 18.500000000000004 1.0000000180025095e-35 0.16460000000000005 0.14345000000000002 54426.600000000006 0.35355000000000009 3.5000000000000004 412.50000000000006
decision_type=2 2 2 2 2 2 2 2 2 2 2 2 2 2 2 2 2
left_child=5 2 12 4 -3 7 -4 8 9 -1 -10 -6 -2 -8 -9 -16 -7
right_child=1 3 6 -5 11 16 13 14 10 -11 -12 -13 -14 -15 15 -17 -18
leaf_value=0.0015820255085619722 -0.005875981215826739 -0.022640656453472165 0.023075942562120103 -0.030294927010333011 0 0.039698735433228036 -0.034495122840640401 0.0005667184495636642 0.0042280851308410103 -0.012443333881521097 -0.020418710956397676 0.03706266733034632 -0.046252175249622877 0 -0.035529662248067875 -0.005792127455094837 0.011619729844913362
leaf_weight=240.42095652455464 5.7797536798752871 3.3920094911009135 5.9178554464597282 3.8178482316434375 6.8833693210035589 3.6408517486415795 4.3878253335133177 3.642684631515297 512.7593332878314 116.33643366955221 23.311281606554985 11.326817447785286 12.149180474458261 6.6222885213792324 7.1622648006305081 6.3649945259094238 3.8178432397544384
leaf_count=1593 59 31 58 28 64 45 72 36 3378 727 251 172 144 44 70 56 36
internal_value=-5.56275e-05 -0.0089261 -0.0203391 0.00670118 0.0156764 0.000534435 -0.00155816 0.000197208 0.000626533 -0.00300756 0.00306581 0.0248428 -0.0356338 -0.0170794 -0.019342 -0.0247296 0.0318793
internal_weight=977.734 60.2769 34.8569 25.42 21.6022 917.457 16.928 909.998 892.828 356.757 536.071 18.2102 17.9289 11.0101 17.1699 13.5273 7.45869
internal_count=6864 672 377 295 267 6192 174 6111 5949 2320 3629 236 203 116 162 126 81
is_linear=0
shrinkage=0.05


Tree=182
num_leaves=29
num_cat=0
split_feature=23 25 20 21 22 16 14 6 18 29 10 9 20 28 11 12 19 18 10 13 20 18 21 20 19 10 11 11
split_gain=1.93463 4.49666 6.78724 4.64509 5.50285 4.24404 4.01459 3.88469 3.87564 4.50029 6.00398 4.70893 6.94976 4.70267 3.83391 3.62649 4.2283 5.91469 5.10511 3.20576 4.26215 3.09606 1.94912 1.85745 1.80349 1.79978 1.59226 1.38764
threshold=1.5000000000000002 2.5000000000000004 -0.47364999999999996 137329.00000000003 1.0000000180025095e-35 1.5000000000000002 0.16075000000000003 5.5000000000000009 5025.3350000000009 1.5000000000000002 671.50000000000011 0.081900000000000014 -0.29914999999999997 16.500000000000004 318.50000000000006 1.0000000180025095e-35 3.8740500000000004 18785.145000000004 217.50000000000003 1.0000000180025095e-35 -0.32524999999999993 19356.740000000002 4905.0000000000009 -0.67574999999999985 0.60060000000000013 786.50000000000011 1234.5000000000002 1049.0000000000002
decision_type=2 2 2 2 2 2 2 2 2 2 2 2 2 2 2 2 2 2 2 2 2 2 2 2 2 2 2 2
left_child=8 2 7 4 5 -3 -6 -2 9 10 13 14 -13 -1 -11 16 18 -18 -10 20 -4 -17 -23 -9 27 -12 -21 -5
right_child=1 3 19 24 6 -7 -8 23 15 11 25 12 -14 -15 -16 21 17 -19 -20 26 -22 22 -24 -25 -26 -27 -28 -29
leaf_value=0.0059286935929351425 0.017660894772849441 -0.0015994926654618734 0.02732047718730643 -0.051646305955092002 -0.017110445399248417 0.032052472039720746 -0.0025303673606234915 -0.037933794596495179 0.023354700714112785 -0.0078592369470340488 -0.050632739354615292 -0.038826809791416825 0.0089599409954782862 -0.023389224529798473 0.00862472383459152 0.020492071211835935 0.014342882329108381 -0.031724238864302021 0.005373517361102793 0.039542311798084977 -0.009670611138340772 0.004142187759563795 -0.032523802533037223 -0.0078141952563229276 -0.002775258042174177 -0.01764306401757109 0.0081496260118047153 -0.011964040879866585
leaf_weight=41.806985618546605 7.089992260560396 19.052852199412882 11.074881157372149 7.0342832319438475 66.507647195830941 15.180562816560267 161.81298852618784 7.9140937821939632 46.969329701736569 45.102636141702533 8.1571563519537467 14.478168004658075 12.488408129662274 17.781059707514942 135.63485387386754 3.1705935327336219 10.33751808665693 14.129388088360427 230.65872073778883 15.829854353331031 17.034286707639694 3.7149798739701501 12.028497238876296 15.903919484931972 6.0616895016282788 15.774067265912889 8.0016822367906553 6.0173612013459206
leaf_count=315 42 123 67 52 458 91 1138 55 344 304 63 100 87 114 904 47 87 144 1601 115 105 32 132 104 52 91 56 41
internal_value=-6.31193e-05 -0.0029476 0.00712133 -0.00597382 -0.0040812 0.0139928 -0.00693252 -0.0108012 0.00164199 -0.00250296 -0.0121706 0.00141577 -0.0172606 -0.00313284 0.00441547 0.00542552 0.0068042 -0.0122695 0.00859663 0.0179768 0.00541824 -0.0146615 -0.0238165 -0.0203727 -0.0286492 -0.0323114 0.0308361 -0.0380362
internal_weight=976.748 364.516 82.8487 281.667 262.554 34.2334 228.321 30.908 612.232 291.223 83.5193 207.704 26.9666 59.588 180.737 321.009 302.095 24.4669 277.628 51.9407 28.1092 18.9141 15.7435 23.818 19.1133 23.9312 23.8315 13.0516
internal_count=6864 2499 544 1955 1810 214 1596 201 4365 1978 583 1395 187 429 1208 2387 2176 231 1945 343 172 211 164 159 145 154 171 93
is_linear=0
shrinkage=0.05


Tree=183
num_leaves=17
num_cat=0
split_feature=0 2 11 11 11 21 8 24 21 14 24 18 3 11 0 0
split_gain=1.98851 3.51672 2.1417 3.22343 3.18426 6.88936 3.62619 3.2422 3.93328 3.08056 2.54343 5.73055 3.34705 2.43482 1.92617 1.07905
threshold=940891.34000000008 7.5000000000000009 1850.5000000000002 2102.5000000000005 1499.5000000000002 39263.500000000007 0.045250000000000005 7.5000000000000009 415163.00000000006 0.0059500000000000013 16.500000000000004 150752.23500000002 1.5000000000000002 1577.0000000000002 34497.120000000003 2410068.1950000008
decision_type=2 2 2 2 2 2 2 2 2 2 2 2 2 2 2 2
left_child=2 15 4 10 7 13 -7 8 -1 -9 12 -12 -4 -6 -5 -2
right_child=1 -3 3 14 5 6 -8 9 -10 -11 11 -13 -14 -15 -16 -17
leaf_value=-0.0036625483313415621 -0.01009700808221501 -0.038844102204879633 0.00331648756972317 0 0.031278042193248951 -0.015536127243740587 0.015369598638756582 0.012716449239823039 -0.036244142448727965 0.00054392236192958338 0.012376738020172301 -0.027032607304279501 -0.021058021797119755 0.010845285323556775 0.032279928478861526 0.021767476369636888
leaf_weight=219.09550248761661 3.0124024483375234 6.834653900587 17.581578292418271 11.393361700698735 18.951637690886855 34.560882735997438 10.749089057557283 57.893138118088245 7.8258910477161399 411.73059566458687 29.562269458547235 11.01524136867374 51.187174110673368 74.791402978822589 5.7754344935528925 3.4595002387650311
leaf_count=1501 38 86 114 76 137 218 80 348 58 2940 219 80 337 526 44 62
internal_value=-7.5071e-05 -0.0179626 0.0001987 -0.00579914 0.00113043 0.00798342 -0.00765306 -0.000242273 -0.00513672 0.00211326 -0.00903733 0.000676461 -0.0147675 0.0156476 0.013094 0.00687322
internal_weight=975.42 13.3066 962.113 126.515 835.598 139.053 45.31 696.545 226.921 469.624 109.346 40.5775 68.7688 93.743 17.1688 6.4719
internal_count=6864 186 6678 870 5808 961 298 4847 1559 3288 750 299 451 663 120 100
is_linear=0
shrinkage=0.05


Tree=184
num_leaves=11
num_cat=0
split_feature=17 0 25 17 28 25 0 16 0 15
split_gain=1.94771 2.55864 2.14886 3.8753 2.44719 3.97214 2.96041 2.3195 1.96017 1.56012
threshold=2710065.3000000003 940891.34000000008 18.500000000000004 78061.185000000012 19.500000000000004 1.5000000000000002 89.690000000000012 2.5000000000000004 2410068.1950000008 4.5000000000000009
decision_type=2 2 2 2 2 2 2 2 2 2
left_child=1 2 4 7 6 -6 -1 -4 -3 -5
right_child=-2 8 3 9 5 -7 -8 -9 -10 -11
leaf_value=-0.013679117309373552 0.024719413500323188 -0.032680864510542522 0 0.010449101209873616 0.0092355026508364538 -0.011108702534187054 0.0013455754082984644 0.045221907731489673 0.0045289611693448721 -0.023079429343175896
leaf_weight=32.177098822779953 5.850604689680039 8.5333642902551201 3.7861531097441929 4.7038304191082698 28.79116083914414 104.46759308781475 769.61230697110295 7.8662428525276482 4.022975990548729 5.0284046735614538
leaf_count=210 51 104 27 39 196 689 5316 108 70 54
internal_value=-7.12574e-05 -0.000281846 2.43025e-05 0.015005 -0.000338931 -0.00656774 0.000697633 0.0324522 -0.0210878 -0.00700315
internal_weight=974.84 968.989 956.433 21.3846 935.048 133.259 801.789 11.6524 12.5563 9.73224
internal_count=6864 6813 6639 228 6411 885 5526 135 174 93
is_linear=0
shrinkage=0.05


Tree=185
num_leaves=20
num_cat=0
split_feature=24 22 16 17 23 24 25 0 18 11 18 25 9 2 20 10 18 0 14
split_gain=1.89708 2.50791 18.8357 6.17531 6.50856 5.4611 5.4591 5.44363 4.66461 4.16115 3.94768 3.54622 3.20255 2.29807 3.48634 2.55442 2.24584 1.37582 0.65349
threshold=49.500000000000007 1.5000000000000002 3.5000000000000004 2881.4300000000003 1.5000000000000002 10.500000000000002 5.5000000000000009 308.81000000000006 1035.4800000000002 1283.5000000000002 322975.0450000001 11.500000000000002 0.028850000000000004 13.500000000000002 -0.49254999999999993 373.50000000000006 139766.73500000002 49534.515000000007 0.13645000000000004
decision_type=2 2 2 2 2 2 2 2 2 2 2 2 2 2 2 2 2 2 2
left_child=1 2 6 8 7 -6 10 -5 -3 -10 -1 -8 17 18 -15 -16 -17 -4 -2
right_child=13 3 12 4 5 -7 11 -9 9 -11 -12 -13 -14 14 15 16 -18 -19 -20
leaf_value=0.0020006176006917937 0.008226004531382565 0.0062371962154166112 0.048322053253647732 -0.02691405076353209 -0.024044585151152906 -0.0023142368218669997 -0.020127807198389858 0.013126123996753265 -0.046409986453780555 -0.0030626537955186174 -0.013751805926675548 0.0062137577607517007 0 -0.024813124905393898 -0.008317890093709172 0.031410047501188781 -0.0047571289365067396 0.010435990826719503 0.032037181672441371
leaf_weight=500.2189675627742 8.4132713414728659 8.7031770944595319 22.856469722464684 7.4480085242539635 36.821344248019159 120.53797004371881 52.537064948584884 80.575309087056667 17.577612426131967 8.8528530281037074 41.127873376943171 14.962817886844276 5.5684912744909516 7.6411263495683661 10.171001407317819 12.007766775786878 4.8712905682623378 4.8785611437633625 8.760656289290635
leaf_count=3319 51 57 193 45 277 829 354 767 107 52 281 105 39 44 77 105 39 43 80
internal_value=-6.45968e-05 -0.000605964 0.00110561 -0.00453954 -0.00160648 -0.00769974 -0.00093419 0.00910441 -0.0235656 -0.0334794 0.000739237 -0.014134 0.0366203 0.00904545 0.00100388 0.00984714 0.0210443 0.0431444 0.0229687
internal_weight=974.532 922.667 642.15 280.516 245.383 157.359 608.847 88.0233 35.1336 26.4305 541.347 67.4999 33.3035 51.8651 34.6912 27.0501 16.8791 27.735 17.1739
internal_count=6864 6468 4334 2134 1918 1106 4059 812 216 159 3600 459 275 396 265 221 144 236 131
is_linear=0
shrinkage=0.05


Tree=186
num_leaves=17
num_cat=0
split_feature=9 7 8 13 10 22 16 18 2 18 23 0 1 24 24 18
split_gain=1.81915 5.02074 2.43827 4.33994 4.66039 2.82167 15.586 8.56868 4.08162 4.03426 8.48368 5.34271 2.48029 2.46517 2.29336 1.01843
threshold=0.69425000000000014 3.5000000000000004 0.46565000000000006 1.0000000180025095e-35 80.500000000000014 1.5000000000000002 2.5000000000000004 26493.040000000005 1.5000000000000002 6231.2200000000012 1.5000000000000002 1278.7750000000003 3.5000000000000004 26.500000000000004 10.500000000000002 12486.425000000001
decision_type=2 2 2 2 2 2 2 2 2 2 2 2 2 2 2 2
left_child=2 -2 5 13 12 6 8 -8 -1 11 -11 -7 -5 15 -6 -4
right_child=1 -3 3 4 14 9 7 -9 -10 10 -12 -13 -14 -15 -16 -17
leaf_value=0.016346184294381307 -0.010253993318934613 0.03938586950451145 -0.0025427667484767252 -0.041798879694216973 0.0069657028153674513 0 0.042800382575694657 0.0041020275283817102 -0.0030525794126699014 0.010871978238352308 -0.0097763113192188989 -0.037777694609418641 0.0014652265010933498 0.0090953212156465926 0.026083242128979656 -0.033329354804424519
leaf_weight=26.518749710638076 8.3762471098452824 8.2364743091166002 5.1249449281021979 3.3815323049202544 34.432835516519845 17.847816441208124 29.589865893125534 28.140890030190349 515.71063924522605 72.241407093591988 147.88075103098527 18.820539811626077 7.2149121307302266 6.9039580412209025 34.164372322149575 8.3149824980646354
leaf_count=173 54 169 42 48 211 114 227 212 3370 658 993 115 142 48 227 61
internal_value=-6.20007e-05 0.0154074 -0.000372768 0.00694029 0.0122623 -0.00124823 0.000617179 0.0248732 -0.00202889 -0.00561626 -0.0029179 -0.0205674 -0.0159918 -0.0125728 0.0170979 -0.0240875
internal_weight=972.901 16.6127 956.288 99.5375 79.1937 856.751 599.96 57.7308 542.229 256.791 220.122 36.6684 10.5964 20.3439 68.5972 13.4399
internal_count=6864 223 6641 779 628 5862 3982 439 3543 1880 1651 229 190 151 438 103
is_linear=0
shrinkage=0.05


Tree=187
num_leaves=13
num_cat=0
split_feature=10 1 11 24 10 0 0 10 20 13 0 19
split_gain=1.81552 2.10784 2.93987 2.26424 5.05558 4.27307 3.31145 3.28214 4.46445 3.15679 2.17786 1.36945
threshold=942.50000000000011 1.0000000180025095e-35 57.500000000000007 13.500000000000002 856.50000000000011 114.26500000000001 543.58000000000015 729.50000000000011 -0.50434999999999985 1.0000000180025095e-35 14616.205000000002 0.069550000000000015
decision_type=2 2 2 2 2 2 2 2 2 2 2 2
left_child=1 2 -1 4 5 -3 -6 9 -9 -5 11 -4
right_child=-2 3 10 7 6 -7 -8 8 -10 -11 -12 -13
leaf_value=-0.01696413666874198 -0.022727356080785004 -0.022197768591214886 0.01201360939865171 -0.0035565488175145774 -0.045733658151624529 5.9148249678931559e-05 -0.01040755235656337 -0.0093543133916763523 0.015780570539084458 0.0063263156381906417 -0.0066473872515613874 0.044465580931075228
leaf_weight=4.4518026080913868 6.7561151143163434 20.646760639268905 10.358810826204722 221.61842756904662 7.5777126410976043 433.6486976336455 32.367730771191418 20.732163769192994 77.438035644125193 124.5148167158477 4.2210789499804369 6.8669473892077795
leaf_count=34 49 134 99 1526 44 3006 209 123 559 960 29 92
internal_value=-5.51887e-05 0.000139991 0.0136904 -0.000251611 -0.00258473 -0.00102333 -0.0192085 0.00232128 0.0102918 0 0.0213843 0.0287504
internal_weight=971.199 964.443 25.8986 938.544 494.241 454.295 39.9454 444.303 98.1702 346.133 21.4468 17.2258
internal_count=6864 6815 254 6561 3393 3140 253 3168 682 2486 220 191
is_linear=0
shrinkage=0.05


Tree=188
num_leaves=16
num_cat=0
split_feature=17 0 3 17 1 20 2 0 2 2 3 30 2 29 21
split_gain=1.83276 2.59235 3.0664 2.52085 4.07172 5.2777 2.60592 2.51646 8.03512 5.64473 2.41943 2.31352 1.72829 1.37729 1.35333
threshold=2188317.8850000002 467190.23000000004 3.5000000000000004 268809.99500000005 3.5000000000000004 -0.55884999999999996 24.500000000000004 19036.595000000005 15.500000000000002 18.500000000000004 1.0000000180025095e-35 1.0000000180025095e-35 24.500000000000004 2.5000000000000004 281.00000000000006
decision_type=2 2 2 2 2 2 2 2 2 2 2 2 2 2 2
left_child=1 3 10 7 6 -6 -5 9 -9 -1 12 13 -3 -4 -12
right_child=-2 2 11 4 5 -7 -8 8 -10 -11 14 -13 -14 -15 -16
leaf_value=0.0024959651683966323 0.021474238281715304 -0.020225003035490685 0.031856647628337426 -0.036281220786570596 0.026299093441272237 -0.0098450160505668613 0.00024196626798361632 -0.0068901375572742885 0.011019143202182377 -0.0079672301408149713 -0.0037617122418035125 -0.02235194478117157 0.020094742731155121 -0.00013579066784128425 -0.044442379766609634
leaf_weight=396.82069141231477 7.7702561817131928 3.2801902461797026 4.5405993750318867 14.877498865127565 11.578039780259131 37.318856318481266 6.0787036661058655 92.790082550607622 181.24340818449855 188.13874523714185 3.6330098044127217 3.6523373387753955 3.3513101805001497 5.6475185668095946 9.798127727583049
leaf_count=2552 68 55 60 96 87 279 41 675 1477 1182 50 36 26 68 112
internal_value=-5.938e-05 -0.000287699 -0.0134752 0.000210825 -0.00877326 -0.000393042 -0.0261533 0.000971706 0.0049127 -0.000867925 -0.0251459 0.00384979 0 0.0161898 -0.0360004
internal_weight=970.519 962.749 33.9031 928.846 69.8531 48.8969 20.9562 858.993 274.033 584.959 20.0626 13.8405 6.6315 10.1881 13.4311
internal_count=6864 6796 407 6389 503 366 137 5886 2152 3734 243 164 81 128 162
is_linear=0
shrinkage=0.05


Tree=189
num_leaves=19
num_cat=0
split_feature=5 24 28 25 4 8 11 22 16 17 23 18 18 25 27 14 16 11
split_gain=1.76437 4.06734 2.14678 2.48195 2.10253 3.62193 2.49329 2.12623 15.268 5.99727 4.7494 4.6153 3.73743 3.24487 1.72542 1.50994 1.49371 0.816868
threshold=1.0000000180025095e-35 28.500000000000004 9.5000000000000018 2.5000000000000004 1.0000000180025095e-35 0.15760000000000005 1727.5000000000002 1.5000000000000002 3.5000000000000004 2881.4300000000003 1.5000000000000002 1035.4800000000002 322975.0450000001 4.5000000000000009 7.5000000000000009 0.19225000000000003 1.5000000000000002 1320.5000000000002
decision_type=2 2 2 2 2 2 2 2 2 2 2 2 2 2 2 2 2 2
left_child=1 2 3 -1 7 16 14 8 12 11 -11 -9 -2 -10 -7 17 -6 -4
right_child=4 -3 15 -5 5 6 -8 9 13 10 -12 -13 -14 -15 -16 -17 -18 -19
leaf_value=0.020352901561834488 0.00074141427857291628 0.018969799823736547 -0.015673056112239063 -0.017046509680296328 -0.023620638435096611 0.035343273771829192 -0.0072258320102538817 0.0079992371399075085 -0.0024766943727995254 0.0088211610386840934 -0.0059967704444251245 -0.033629531517333285 -0.014176666392804974 0.039287216821755719 0.0040345768222655757 -0.0055043280053532874 0.0060999196652981227 -0.045152871142054858
leaf_weight=6.3141827513463777 532.31929981498979 8.4902301398105902 9.8434621393680626 7.5008688718080521 6.5612386586144549 16.523462978657342 5.2393880570307365 7.5613388046622303 4.6870222315192214 79.763085952494293 157.01194590050727 24.177458303980529 43.521847376599908 28.821419571526349 7.522237545810639 10.282253473065792 6.2913046088069677 7.0930054215714327
leaf_count=50 3532 64 71 57 39 149 43 52 31 757 1098 150 299 253 53 69 47 50
internal_value=-6.11808e-05 -0.00907432 -0.0157212 0 0.000431786 0.0110822 0.0204822 -9.20996e-05 0.00152962 -0.00379339 -0.000931055 -0.0235294 -0.000413948 0.0333534 0.0269948 -0.0234029 -0.00953679 -0.0320122
internal_weight=969.525 49.524 41.0338 13.8151 920.001 42.1376 29.2851 877.863 609.35 268.514 236.775 31.7388 575.841 33.5084 24.0457 27.2187 12.8525 16.9365
internal_count=6864 361 297 107 6503 331 245 6172 4115 2057 1855 202 3831 284 202 190 86 121
is_linear=0
shrinkage=0.05


Tree=190
num_leaves=16
num_cat=0
split_feature=17 29 15 28 14 14 27 17 10 10 3 10 27 23 10
split_gain=1.74075 1.90128 2.81827 5.29897 3.3845 3.57944 3.14331 2.8126 4.13937 4.22372 3.19195 3.16047 3.84019 3.22604 2.49307
threshold=2710065.3000000003 5.5000000000000009 6.5000000000000009 3.5000000000000004 0.50680000000000014 0.38345000000000007 1.5000000000000002 52210.805000000008 267.50000000000006 800.50000000000011 3.5000000000000004 490.50000000000006 7.5000000000000009 1.5000000000000002 675.50000000000011
decision_type=2 2 2 2 2 2 2 2 2 2 2 2 2 2 2
left_child=1 2 4 -4 5 -1 -6 8 10 -10 -3 13 -13 -9 -5
right_child=-2 7 3 14 6 -7 -8 11 9 -11 -12 12 -14 -15 -16
leaf_value=-0.0019347943057670116 0.023489824044486185 -0.016119128586152116 -0.027462455286508966 0.028964443412142844 0.012559396407401275 0.01390461921510789 -0.024249198967686954 0.026830670572054183 0.021243595018465178 -0.0064755456041597484 0.01815571532246708 -0.03676818434095952 0.0044278055267998728 -0.0076346014744787943 -0.0032731600042364157
leaf_weight=712.44789658067748 5.7746861493214956 21.360395414521921 4.9045629175379863 21.543064895551655 5.5443732286803415 35.452849171124399 26.669169710017741 9.2472269823774713 60.482487796340138 15.955849736928938 7.4986471701413384 11.049400804564359 8.6189526775851828 14.88079496566206 6.8294222955591968
leaf_count=4810 51 177 41 254 54 287 224 76 398 109 58 72 63 111 79
internal_value=-6.06845e-05 -0.000260767 -0.00122469 0.0125689 -0.0018565 -0.00113554 -0.0172578 0.00487838 0.00929179 0.0153124 -0.00628971 -0.00545658 -0.0195116 0.0062344 0.0211709
internal_weight=968.26 962.485 813.391 33.2771 780.114 747.901 32.2135 149.094 105.297 76.4383 28.859 43.7964 19.6684 24.128 28.3725
internal_count=6864 6813 5749 374 5375 5097 278 1064 742 507 235 322 135 187 333
is_linear=0
shrinkage=0.05


Tree=191
num_leaves=21
num_cat=0
split_feature=24 25 18 21 11 2 20 18 18 10 20 29 14 14 27 27 2 24 10 13
split_gain=1.73131 2.33208 6.48305 6.07966 5.4999 4.39471 7.59557 5.13403 5.84125 5.57817 4.0291 2.78964 2.68982 2.21316 2.29285 2.13019 1.73471 0.86535 0.74052 0.728752
threshold=49.500000000000007 1.5000000000000002 60.840000000000011 210855.00000000003 417.50000000000006 24.500000000000004 -0.52859999999999985 71963.025000000009 24985.820000000003 678.50000000000011 -0.79899999999999993 4.5000000000000009 0.14915000000000003 0.12430000000000001 9.5000000000000018 5.5000000000000009 16.500000000000004 60.500000000000007 326.50000000000006 1.0000000180025095e-35
decision_type=2 2 2 2 2 2 2 2 2 2 2 2 2 2 2 2 2 2 2 2
left_child=1 5 11 10 -5 7 -7 8 -1 -9 -4 19 -8 16 15 18 -2 -18 -15 -3
right_child=13 2 3 4 -6 6 12 9 -10 -11 -12 -13 -14 14 -16 -17 17 -19 -20 -21
leaf_value=-0.00031701904079395907 0.010515184367973591 -0.044810512160514716 0.014467690882075397 -0.044370501776266114 -0.0068698179919031866 -0.020467846642649799 0.039215313324134971 0.0021194591669186596 -0.031021652267020083 0.044513412090531265 -0.00071736940498953836 -0.001206601328376779 0.011502155614109562 -0.0022603912838930515 -0.0073225744471865847 0.042667118396258474 -0.025840316116307122 0 0.017891040443869105 -0.015929094545665982
leaf_weight=120.69872915605083 10.942162826657297 10.212803315371279 45.242105830460787 11.976875389926134 38.925166263710707 9.2771072480827552 18.940468202345073 23.664041247684509 15.898099517333319 10.128473067656158 571.64006617572159 9.7447243472561222 21.500521324109286 6.0470536760985913 5.7888032002374521 8.1894453936256451 5.8149857670068723 6.228485869243741 8.3527048910036665 8.4384890682995319
leaf_count=915 64 61 294 83 250 53 114 182 122 64 4056 57 157 44 51 78 38 45 76 60
internal_value=-5.41513e-05 -0.000573048 -0.00200098 -0.000954542 -0.0172264 0.0038757 0.0166417 0 -0.00435888 0.0168827 0.000423299 -0.0245989 0.0259535 0.00868972 0.0176032 0.0244736 -0.00244284 -0.0147489 0.00957521 -0.035036
internal_weight=967.651 916.288 696.18 667.784 50.902 220.107 49.7181 170.389 136.597 33.7925 616.882 28.396 40.441 51.3636 28.378 22.5892 22.9856 12.0435 14.3998 18.6513
internal_count=6864 6468 4861 4683 333 1607 324 1283 1037 246 4350 178 271 396 249 198 147 83 120 121
is_linear=0
shrinkage=0.05


Tree=192
num_leaves=16
num_cat=0
split_feature=0 2 2 2 0 17 0 18 19 2 17 21 9 8 17
split_gain=1.71961 4.26832 9.65712 8.08687 3.48478 2.85232 2.82748 2.83305 5.27973 5.26919 1.88902 1.71994 1.81132 1.63477 0.599118
threshold=291467.7900000001 5.5000000000000009 8.5000000000000018 24.500000000000004 247281.91000000003 23094.880000000001 191570.41500000004 9059.2900000000027 2.1099500000000004 18.500000000000004 15727.460000000001 89.500000000000014 0.046550000000000008 0.22085000000000002 791.50000000000011
decision_type=2 2 2 2 2 2 2 2 2 2 2 2 2 2 2
left_child=4 -2 10 13 6 -5 7 9 -9 -1 -3 -8 -13 -4 -6
right_child=1 2 3 5 14 -7 11 8 -10 -11 -12 12 -14 -15 -16
leaf_value=0.0013509691002964314 -0.04513795655831776 0.0033466666598076706 -0.043111690889962306 0.027634382297384866 0.0059321966875602542 -0.0071270340941373082 0.0058273085414275267 0.0016826064626496624 0.023989414483745766 -0.011553521465051043 0.047672641858950551 -0.038569270077102299 0 -0.0098128663850070245 0.041317250305030216
leaf_weight=238.34532732516527 4.9820954089518628 4.4450792828574759 14.723208947223613 8.3323737764731067 3.4167279503308228 11.61707725888118 3.9966178089380291 503.85147268557921 26.159963425714523 115.36730112275109 6.8734488813206553 8.3693226901814324 4.650824091397225 7.7288075021933755 3.9788321396335959
leaf_count=1593 70 64 143 76 35 122 39 3414 215 727 92 74 49 105 46
internal_value=-5.53222e-05 -0.00821259 -0.00311134 -0.0143679 0.000477866 0.00813138 0.000150387 0.000570588 0.00288845 -0.00287116 0.0341322 -0.0189108 -0.0269349 -0.0337982 0.0307765
internal_weight=966.838 58.7021 53.72 42.4015 908.136 19.9495 900.741 883.724 530.011 353.713 11.3185 17.0168 13.0201 22.452 7.39556
internal_count=6864 672 602 446 6192 198 6111 5949 3629 2320 156 162 123 248 81
is_linear=0
shrinkage=0.05


Tree=193
num_leaves=14
num_cat=0
split_feature=10 1 11 14 24 10 29 17 10 20 10 24 21
split_gain=1.70706 1.99455 2.73838 2.72911 2.07091 4.6114 3.77314 3.04287 2.9167 4.05367 2.75881 1.78083 1.45229
threshold=942.50000000000011 1.0000000180025095e-35 57.500000000000007 0.20525000000000002 13.500000000000002 856.50000000000011 4.5000000000000009 99071.150000000009 729.50000000000011 -0.50434999999999985 669.50000000000011 16.500000000000004 116248.00000000001
decision_type=2 2 2 2 2 2 2 2 2 2 2 2 2
left_child=1 2 -1 12 5 6 -3 -7 10 -10 -6 -5 -4
right_child=-2 4 3 11 8 7 -8 -9 9 -11 -12 -13 -14
leaf_value=-0.016182391694069678 -0.022055658005829204 -0.0039782759566289044 0.042429203477793345 -0.022491498259303081 0.0013988169843650177 -0.024637552565490644 0.0059298288879263052 0.008693259936834773 -0.0089536851287433921 0.015022686056192404 -0.014590140117626974 0.017257275261061054 0.0042184552014027194
leaf_weight=4.4323154711164561 6.7397423321381202 317.19892357965 9.3210683036595601 3.7301500495523205 316.84406837867573 32.679906533099711 135.09454681258649 6.946346338838338 20.684377011843026 76.906149610411376 27.469575022347271 3.4435917902737856 4.597674284130334
leaf_count=34 49 2217 93 36 2297 209 923 44 123 559 189 59 32
internal_value=-5.04806e-05 0.000139274 0.0134115 0.0209262 -0.000240704 -0.00247726 -0.000983757 -0.0184176 0.00222641 0.00976271 1.74387e-05 -0.00271842 0.0325513
internal_weight=966.088 959.349 25.5248 21.0925 933.824 491.92 452.293 39.6263 441.904 97.5905 344.314 7.17374 13.9187
internal_count=6864 6815 254 220 6561 3393 3140 253 3168 682 2486 95 125
is_linear=0
shrinkage=0.05


Tree=194
num_leaves=23
num_cat=0
split_feature=11 11 11 21 23 24 21 11 8 3 20 11 11 11 24 11 3 18 18 24 23 18
split_gain=1.69975 3.18012 2.64796 5.85369 3.26694 3.71434 3.41785 3.21792 3.18431 3.10721 3.08343 2.69326 2.36801 4.30565 3.47858 2.09768 3.49248 3.8579 2.74887 2.00381 1.86957 1.6304
threshold=1850.5000000000002 2102.5000000000005 1499.5000000000002 39263.500000000007 3.5000000000000004 7.5000000000000009 415163.00000000006 687.50000000000011 0.045250000000000005 2.5000000000000004 -0.40484999999999993 1670.5000000000002 1577.0000000000002 1594.5000000000002 8.5000000000000018 1876.5000000000002 1.5000000000000002 2862.1300000000006 1687.8050000000001 22.500000000000004 1.5000000000000002 167815.11500000002
decision_type=2 2 2 2 2 2 2 2 2 2 2 2 2 2 2 2 2 2 2 2 2 2
left_child=2 15 4 12 5 6 -1 19 10 -7 -5 -10 14 -14 -4 -2 18 -18 -17 -6 -3 -9
right_child=1 20 3 8 7 9 -8 21 11 -11 -12 -13 13 -15 -16 16 17 -19 -20 -21 -22 -23
leaf_value=-0.0035011359174112002 -0.029576810783044968 0.026322105882947588 0.048849272049664695 -0.031015983469373672 -0.019168920806973348 -0.0010704426093483142 -0.033961086170418708 -0.044510744066317734 0.034142931653660294 0.0072835324795542727 -0.0011564759245051069 -0.0087756374750217209 -0.025649935788070906 0.013211904642710196 0.0053066979777619157 0.033744539410087669 -0.029386178012800603 -0.0041187298545365646 -0.00059418415525990355 0.011888333352666602 -0.0034967512626124155 -0.0070221956936408307
leaf_weight=219.79077347833663 9.1579305324703437 9.4737886544317025 9.0876116999425012 14.262693663127715 6.6737912353128257 226.54720774828456 7.7766093026148146 8.0916227437555772 5.4879674175754172 212.71923912526108 20.382264658808712 5.3394998316653073 5.9128204565495244 69.023467043414712 9.747212113812564 6.1873489087447551 19.676690123509616 56.861471666023135 18.127954056952149 10.897254824638365 7.9818077608942977 6.3153200410306445
leaf_count=1542 66 73 70 88 48 1478 61 52 42 1685 135 40 39 502 71 42 131 403 126 67 54 49
internal_value=-4.90877e-05 -0.00539146 0.000762477 0.00701141 -0.000484857 0.000270208 -0.0048724 -0.0156136 -0.00735239 0.00296707 -0.0147439 0.01413 0.0140893 0.00942848 0.029468 -0.00861633 -0.00607769 -0.0113248 0.00966429 -0.00015024 0.0132152 -0.0315462
internal_weight=965.522 127.467 838.055 139.244 698.812 666.834 227.567 31.978 45.4724 439.266 34.645 10.8275 93.7711 74.9363 18.8348 110.011 100.853 76.5382 24.3153 17.571 17.4556 14.4069
internal_count=6864 895 5969 987 4982 4766 1603 216 305 3163 223 82 682 541 141 768 702 534 168 115 127 101
is_linear=0
shrinkage=0.05


Tree=195
num_leaves=20
num_cat=0
split_feature=2 0 2 20 3 1 20 6 18 20 28 2 6 24 18 27 20 14 28
split_gain=1.69149 5.57897 3.9262 5.77947 4.30375 3.52942 3.25677 4.7685 4.75265 4.18978 3.0573 4.87039 3.44378 2.80082 2.71832 4.66227 2.68617 1.35786 0.510357
threshold=1.5000000000000002 5498.1200000000008 4.5000000000000009 -0.59949999999999992 1.5000000000000002 4.5000000000000009 -0.5472499999999999 3.5000000000000004 16956.710000000003 -0.58789999999999987 19.500000000000004 13.500000000000002 8.5000000000000018 11.500000000000002 25707.115000000002 7.5000000000000009 -0.14574999999999996 0.083550000000000013 12.500000000000002
decision_type=2 2 2 2 2 2 2 2 2 2 2 2 2 2 2 2 2 2 2
left_child=1 14 3 5 17 18 7 8 -4 -9 12 -12 -8 -6 15 -1 -3 -5 -2
right_child=2 16 6 4 13 -7 10 9 -10 -11 11 -13 -14 -15 -16 -17 -18 -19 -20
leaf_value=0.047161722307745929 -0.011302496977635461 0.0047334714322479904 -0.053051544113439278 -0.010791421576997851 -0.020123743693267186 0.0341791844536792 0.005155684387457362 0.0015788172470354083 -0.0059122539639435215 -0.019368233010049456 0.016292920917518872 -0.012019345308130982 -0.0083796348894252855 0 8.1170554387541201e-05 -0.0020592636136066958 -0.034435898186345376 -0.044194506043216425 0.0052494195865886032
leaf_weight=12.704225745052105 7.3376013450324553 7.3411089051514864 7.7520590955391553 7.0633064396679428 27.717349795624614 8.5944082115311158 485.29301644372754 138.52172888536006 14.400138697586952 26.653289931360632 17.14122439455241 70.211159716825932 49.692624313756824 41.024432542268187 11.052660744637249 6.3498743157833806 6.5455199116840941 12.60032872087322 6.6766851432621479
leaf_count=97 45 46 48 49 197 53 3583 925 97 172 120 495 358 263 76 46 52 100 42
internal_value=-5.65326e-05 0.00929013 -0.000533157 -0.00926967 -0.0150403 0.0122769 0.000672285 -0.00505701 -0.0258496 -0.00193274 0.00242353 -0.00611136 0.00385329 -0.00843435 0.0210965 0.0316462 -0.0151106 -0.0347615 -0.00312163
internal_weight=964.673 43.9934 920.679 111.014 88.4054 22.6087 809.665 187.327 22.1522 165.175 622.338 87.3524 534.986 68.7418 30.1068 19.0541 13.8866 19.6636 14.0143
internal_count=6864 317 6547 749 609 140 5798 1242 145 1097 4556 615 3941 460 219 143 98 149 87
is_linear=0
shrinkage=0.05


Tree=196
num_leaves=13
num_cat=0
split_feature=25 25 17 22 17 6 17 11 20 18 18 9
split_gain=3.9111 2.37048 6.57358 5.82073 14.2308 5.14589 5.03348 4.45767 3.44666 4.9659 4.60642 4.31689
threshold=1.0000000180025095e-35 1.5000000000000002 132.57000000000002 1.0000000180025095e-35 3339.3350000000005 9.5000000000000018 2752.6450000000004 341.50000000000006 -0.8567499999999999 52283.000000000007 304.27500000000003 0.081900000000000014
decision_type=2 2 2 2 2 2 2 2 2 2 2 2
left_child=-1 8 5 4 -4 7 -5 -3 -2 10 -10 -11
right_child=1 2 3 6 -6 -7 -8 -9 9 11 -12 -13
leaf_value=-0.036390867051824913 -0.018346103776809106 -0.027736278052617663 0.032076611337904591 -0.011941592549323705 -0.0069876249711509145 0.026982783747403111 0.0014434100993800233 -0.0072097094494397987 0.0085496843225310749 0.026373064520038306 -0.0086768504880369805 -0.010393348130913232
leaf_weight=5.3570052593713617 13.037286926060913 34.171064728405327 45.14685486163944 82.695015695411712 44.303695626556873 6.8539491575211278 406.52599854534492 116.66649906570092 99.032897462602705 41.199338967911899 60.731791025027633 8.2171785533428174
leaf_count=280 75 229 297 537 283 42 3067 743 619 253 387 52
internal_value=-6.61243e-05 0.000201811 -0.00115507 0.00130372 0.0128896 -0.0101439 -0.000838162 -0.0122274 0.00471289 0.00635754 0.00191318 0.0198984
internal_weight=963.939 958.582 736.363 578.672 89.4506 157.692 489.221 150.838 222.218 209.181 159.765 49.4165
internal_count=6864 6584 5198 4184 580 1014 3604 972 1386 1311 1006 305
is_linear=0
shrinkage=0.05


Tree=197
num_leaves=25
num_cat=0
split_feature=10 17 18 2 8 13 28 19 7 5 2 0 2 0 28 17 2 20 28 0 0 20 18 20
split_gain=1.76904 2.74846 3.13146 2.60395 2.25599 6.96343 3.96659 3.92989 3.23556 3.49232 4.164 3.23232 2.80688 5.94271 5.88622 2.07229 2.04277 1.94117 2.46519 1.64307 1.31427 2.15132 0.473283 0.0249841
threshold=40.500000000000007 23094.880000000001 316349.27500000008 24.500000000000004 0.46565000000000006 1.0000000180025095e-35 8.5000000000000018 1.3989000000000003 3.5000000000000004 1.0000000180025095e-35 16.500000000000004 8585.4050000000025 13.500000000000002 692.92000000000007 14.500000000000002 510.27000000000004 8.5000000000000018 -0.26189999999999997 11.500000000000002 7072.9350000000004 8585.4050000000025 0.59470000000000012 45717.735000000008 -0.34689999999999993
decision_type=2 2 2 2 2 2 2 2 2 2 2 2 2 2 2 2 2 2 2 2 2 2 2 2
left_child=1 15 3 22 8 17 11 -8 9 -2 -11 -7 13 -10 -14 16 23 18 -6 -18 -17 -22 -3 -1
right_child=4 2 -4 -5 5 6 7 -9 12 10 -12 -13 14 -15 -16 20 19 -19 -20 -21 21 -23 -24 -25
leaf_value=-0.0054635153915744798 -0.035344911589149111 -0.010844352498271204 0.0091430874866165034 0 -0.0013153490346737833 -0.0156519635208302 0.029758649314409996 -0.0050813823579532041 0.018731518585609477 -0.021265362699791117 -0.0006838490887817847 0.021345462062880217 0.0035213420256208503 0.00074109370520751181 -0.0088592476658908084 0.025468971092629186 -0.016533308864357457 0.0019779514724640084 -0.045179302509602989 0.0085460183621349477 -0.021220431324481655 0.021719833438262962 -0.049305501146915315 -0.033958216407620805
leaf_weight=1.9281135539058594 7.9446513298898926 3.151782885193831 4.7992473505437365 4.4018818307667962 6.1982798697426933 14.140682002529504 39.247354791034013 8.8308777716010791 61.640634003095329 28.317577012814581 136.63412683829665 7.2487539043650022 249.38141413358971 169.94630924751982 152.96708754915744 7.732774365693329 8.3226781021803635 7.8409905396401873 6.3338469685986638 15.657983102835713 4.3357053413055837 3.3666034764610231 8.447603721637277 4.24947217316367
leaf_count=30 56 28 64 47 40 89 242 65 433 201 917 55 1646 1120 1055 66 83 57 47 210 56 44 116 97
internal_value=-6.75808e-05 -0.00782833 -0.0220155 -0.0318939 0.000512077 0.00794178 0.0154925 0.0232123 -0.000320449 -0.0063524 -0.00448944 -0.00193311 0.00132375 0.00569173 -0.00118139 -0.000492626 -0.00819214 -0.016441 -0.0273395 -0.000375763 0.0131917 -0.000812659 -0.0427219 -0.0297988
internal_weight=963.066 66.3938 20.8005 16.0013 896.673 89.8408 69.4677 48.0782 806.832 172.896 164.952 21.3894 633.935 231.587 402.349 45.5933 30.1582 20.3731 12.5321 23.9807 15.4351 7.70231 11.5994 6.17759
internal_count=6864 841 255 191 6023 595 451 307 5428 1174 1118 144 4254 1553 2701 586 420 144 87 293 166 100 144 127
is_linear=0
shrinkage=0.05


Tree=198
num_leaves=15
num_cat=0
split_feature=25 17 16 15 22 16 17 25 9 25 18 15 9 24
split_gain=1.68554 3.78927 2.11074 1.86801 2.24305 12.4084 6.22398 4.26672 4.13096 3.6935 2.93571 1.68779 1.44617 0.286703
threshold=18.500000000000004 78061.185000000012 2.5000000000000004 10.500000000000002 1.5000000000000002 3.5000000000000004 2881.4300000000003 5.5000000000000009 1.0000000180025095e-35 4.5000000000000009 1035.4800000000002 4.5000000000000009 0.051850000000000007 21.500000000000004
decision_type=2 2 2 2 2 2 2 2 2 2 2 2 2 2
left_child=3 2 -2 4 5 7 10 -1 -8 -7 -6 -3 13 -5
right_child=1 11 -4 12 6 9 8 -9 -10 -11 -12 -13 -14 -15
leaf_value=0.00074748355238988856 0 0.010615414478271445 0.043751599488557606 0.038696811516607733 0.0017227523618377058 -0.006273249087373315 -0.0078921423654718138 -0.012097502066856934 0.0051902056402262442 0.036728937177267995 -0.031525397731282011 -0.024040811524095138 -0.0024625909151293158 0.0085022046090424078
leaf_weight=554.61887967120856 3.7511116676032561 4.6761850249022228 7.4366487334482372 3.5089079551398736 7.7068209350109091 4.9058085512369862 122.22895547421649 71.03968259319663 114.76143497461453 27.758888305164874 26.052775770425797 5.28356300201267 4.5460409456863999 3.8572071101516485
leaf_count=3726 27 40 108 43 46 32 825 481 975 249 151 59 56 46
internal_value=-7.94955e-05 0.0132374 0.0311383 -0.000416822 -0.000698026 0.000866479 -0.00451721 -0.000728954 -0.00152482 0.0299928 -0.0239838 -0.00787912 0.0177439 0.0291451
internal_weight=962.133 21.1475 11.1878 940.985 929.073 658.323 270.75 625.659 236.99 32.6647 33.7596 9.95975 11.9122 7.36612
internal_count=6864 234 135 6630 6485 4488 1997 4207 1800 281 197 99 145 89
is_linear=0
shrinkage=0.05


Tree=199
num_leaves=20
num_cat=0
split_feature=0 0 2 11 23 25 14 20 8 18 0 18 28 10 27 0 16 18 20
split_gain=1.72332 2.72077 2.38165 2.22599 2.01078 4.27654 4.20349 3.72682 3.47556 3.35945 8.54855 6.52648 4.83208 5.79112 4.35558 3.88183 3.13139 2.79777 1.84484
threshold=89.690000000000012 52.710000000000008 11.500000000000002 483.00000000000006 1.5000000000000002 1.5000000000000002 0.092550000000000007 -0.58344999999999991 0.42870000000000003 8437.1100000000024 672.05500000000018 14524.380000000001 18.500000000000004 675.50000000000011 5.5000000000000009 1314.5650000000003 2.5000000000000004 20267.975000000002 -0.52044999999999986
decision_type=2 2 2 2 2 2 2 2 2 2 2 2 2 2 2 2 2 2 2
left_child=1 3 -3 -1 9 7 16 -6 -8 12 14 -12 13 -2 -11 -14 -7 -9 -5
right_child=4 2 -4 18 5 6 8 17 -10 10 11 -13 15 -15 -16 -17 -18 -19 -20
leaf_value=-0.019269557627817763 0.0063063518876305446 -0.00090419554108986822 -0.04000050153693227 -0.0054923890867420513 -0.014668064464004727 -0.017653169983111193 -0.0031936762362814158 -0.0056753584433455939 0.015951122876094164 0.053839004710553529 0.025607541011492138 0.00024857044884664403 0.0025070230288220512 -0.010537329159232724 0.010791233659973734 -0.024055642946649792 0.0081898719736861851 0.028954339059058067 0.025661712600160487
leaf_weight=6.7063498543575433 179.15019232779741 7.1718152714893213 8.5735674039460701 7.0335619570687404 7.5911958501674226 74.400145335122943 195.68238543253392 6.3039840739220407 24.879775268025696 11.218812040984632 26.73916427558288 224.27169741818216 20.173587564378977 68.863981855567545 14.197307910770176 35.47233975213021 12.060736026614903 22.472057914361358 8.1664743889123184
leaf_count=45 1289 47 62 44 55 502 1383 42 181 73 200 1766 136 441 90 221 78 158 51
internal_value=-6.70594e-05 -0.0102829 -0.0248651 0.000983243 0.000359975 -0.00265022 -0.00461493 0.0130518 -0.000865246 0.00216206 0.00613683 0.00317055 -0.00144 0.00154263 0.0326989 -0.0144994 -0.0138315 0.0211673 0.0117019
internal_weight=961.129 37.6518 15.7454 21.9064 923.477 343.39 307.023 36.3672 220.562 580.087 276.427 251.011 303.66 248.014 25.4161 55.6459 86.4609 28.776 15.2
internal_count=6864 249 109 140 6615 2399 2144 255 1564 4216 2129 1966 2087 1730 163 357 580 200 95
is_linear=0
shrinkage=0.05


Tree=200
num_leaves=25
num_cat=0
split_feature=10 17 21 21 17 2 6 17 6 21 6 1 11 13 21 17 19 11 21 17 21 24 11 10
split_gain=1.67604 2.50348 2.85205 3.2215 2.38933 2.47832 2.12244 6.89444 5.67911 5.07506 4.02547 5.78275 5.60002 3.35093 2.81943 3.46932 2.84152 2.73124 3.92017 2.06344 0.774167 1.08553 0.758525 0.535049
threshold=40.500000000000007 23094.880000000001 142832.00000000003 98755.000000000015 293931.27000000008 15.500000000000002 3.5000000000000004 1121.7550000000003 1.0000000180025095e-35 194221.00000000003 5.5000000000000009 10.500000000000002 1449.5000000000002 1.0000000180025095e-35 553.50000000000011 261422.86000000002 0.40475000000000005 78.500000000000014 109.50000000000001 510.27000000000004 222237.00000000003 19.500000000000004 1302.5000000000002 597.50000000000011
decision_type=2 2 2 2 2 2 2 2 2 2 2 2 2 2 2 2 2 2 2 2 2 2 2 2
left_child=1 2 3 19 5 -3 7 8 9 -2 11 12 -8 -13 16 -16 -12 -9 -19 -1 -4 -22 -7 -10
right_child=6 4 20 -5 -6 22 10 17 23 -11 14 13 -14 -15 15 -17 -18 18 -20 -21 21 -23 -24 -25
leaf_value=-0.012084430546865269 -0.020455918018862054 -0.053354807381098462 -0.034501972859194395 0.043172397442005211 0.0039865449319150276 -0.020308516529933814 0.035345112625679569 -0.018404620782187103 -0.052364132040589643 0.023343409526487932 0.0013843622362972789 -0.024427372747567393 -0.0034744057958763829 0.010695298364200793 -0.00046749294866822505 -0.014272182246061511 0.013572889655007945 -0.017834631974553043 0.016930952257889105 0.01252589029154867 -0.018420423482532051 0.011548023769829004 0.0034256636858384288 -0.02068813955595751
leaf_weight=14.678907750174405 16.154674303252254 5.4078394686803248 3.8953790799714616 3.2005417016334823 5.6979724904522291 5.2449670326895994 29.061758566647768 8.1060825530439597 9.136559074744584 8.3400010745972377 190.94351876573637 10.969760098960251 12.140867069829254 12.087159710936248 431.12523227231577 49.160208444111049 63.133949604816735 8.1713941404595953 37.974547567777336 15.361726720351724 5.2799377108458412 3.0162115646526217 4.2495662290602922 7.9288450297899535
leaf_count=207 100 78 58 37 74 59 188 49 54 50 1314 75 77 71 2769 339 571 67 248 166 84 34 44 51
internal_value=-5.97124e-05 -0.00763481 -0.000614314 0.00682258 -0.0212511 -0.0308223 0.000504162 -0.00643233 -0.0213169 -0.0045292 0.00136282 0.0131694 0.0240437 -0.00623184 0.00028316 -0.00195455 0.00453441 0.0051448 0.0100819 0.00018464 -0.0197001 -0.00642689 -0.0100679 -0.0418856
internal_weight=960.468 66.033 45.4327 33.2412 20.6003 14.9024 894.435 95.8121 41.5601 24.4947 798.622 64.2595 41.2026 23.0569 734.363 480.285 254.077 54.252 46.1459 30.0406 12.1915 8.29615 9.49453 17.0654
internal_count=6864 841 586 410 255 181 6023 619 255 150 5404 411 265 146 4993 3108 1885 364 315 373 176 118 103 105
is_linear=0
shrinkage=0.05


Tree=201
num_leaves=19
num_cat=0
split_feature=0 13 7 0 2 21 2 2 2 0 18 12 2 21 17 20 17 17
split_gain=1.65088 3.98386 5.16761 3.23602 3.1768 3.13498 2.68741 2.91588 3.22758 2.54517 2.41898 4.78232 4.55061 1.61957 1.5651 0.895402 0.704153 0.566564
threshold=291467.7900000001 1.0000000180025095e-35 4.5000000000000009 247281.91000000003 8.5000000000000018 92483.000000000015 23.500000000000004 10.500000000000002 5.5000000000000009 191570.41500000004 9059.2900000000027 1.0000000180025095e-35 18.500000000000004 89.500000000000014 89368.265000000014 0.33250000000000007 15727.460000000001 791.50000000000011
decision_type=2 2 2 2 2 2 2 2 2 2 2 2 2 2 2 2 2 2
left_child=3 6 14 9 16 -6 7 8 -2 10 12 -12 -1 -11 -3 -15 -4 -5
right_child=1 2 4 17 5 -7 -8 -9 -10 13 11 -13 -14 15 -16 -17 -18 -19
leaf_value=0.0012854652826040087 -0.035215569456946948 -0.035834611421275107 0.0089782570712397605 0.0056986039369220261 -0.01053216956799774 0.031958388265275195 0.0035984660137216721 -0.048025138469121147 0.016681940484753858 0.0059488571066709812 0.0037343271120514119 -0.018891005174917135 -0.010743611576932885 -0.036479017336036444 0 -0.006218976221194542 0.05208058077936302 0.040246146532992855
leaf_weight=236.28796094330028 3.2333808704279416 6.3670487781055254 3.1147406650707152 3.420491036027669 12.33440496819094 4.1884512444958082 6.1250948640517882 9.7898853430524451 4.9087070012465119 3.9650166044011739 503.92620426462963 22.401421928778291 114.73656145995483 6.938290096819399 4.1510094073601067 5.9977348274551332 3.7439802121371031 3.8636617856100202
leaf_count=1593 35 105 53 35 120 43 77 79 68 39 3378 251 727 59 51 64 41 46
internal_value=-7.23349e-05 -0.00811554 0.00276988 0.000450487 0.0158332 0.00198676 -0.0228736 -0.0318712 -0.00582186 0.000134061 0.000535013 0.00268456 -0.00265665 -0.018005 -0.023361 -0.02583 0.0400816 0.0298228
internal_weight=959.494 57.9567 33.8996 901.537 23.3816 16.5229 24.0571 17.932 8.14209 894.253 877.352 526.328 351.025 16.901 10.5181 12.936 6.85872 7.28415
internal_count=6864 672 413 6192 257 163 259 182 103 6111 5949 3629 2320 162 156 123 94 81
is_linear=0
shrinkage=0.05


Tree=202
num_leaves=14
num_cat=0
split_feature=9 7 0 13 9 7 10 0 0 20 21 14 21
split_gain=1.70775 4.51645 1.98863 5.22999 5.39617 4.83918 3.16633 3.00258 2.42472 2.50839 1.54142 1.49452 1.10715
threshold=0.69425000000000014 3.5000000000000004 291467.7900000001 1.0000000180025095e-35 0.08950000000000001 4.5000000000000009 8.5000000000000018 247281.91000000003 191570.41500000004 -0.31224999999999997 89.500000000000014 0.24785000000000004 575.50000000000011
decision_type=2 2 2 2 2 2 2 2 2 2 2 2 2
left_child=2 -2 7 4 -4 11 -7 8 9 -1 -10 -5 -6
right_child=1 -3 3 5 12 6 -8 -9 10 -11 -12 -13 -14
leaf_value=-0.0020007610249653239 -0.0092896351473448196 0.038398609523112394 -0.050010073175749216 -0.034258436218726589 0.014850291268137023 -0.014013578917158542 0.024964612020261082 0.028795697556010098 0.0055077938044928096 0.0034388531555774957 -0.025685237647929012 0.00054782095956543251 -0.012686362026720311
leaf_weight=498.83122379169799 8.2345491340383905 7.8689116099849334 10.53304216405377 6.5905306986533088 4.1258055018261057 5.2166411775397163 18.098306637257338 7.0877712513320139 3.9279193198308375 364.82767582964152 12.657363178208469 3.8568251761607826 6.867536190431565
leaf_count=3248 54 169 92 100 55 102 155 76 37 2529 117 56 74
internal_value=-7.03829e-05 0.0151284 -0.000372103 -0.00940464 -0.0275565 0.00278298 0.0154302 0.000199345 -8.43363e-05 0.000288131 -0.017962 -0.0225823 -0.00088713
internal_weight=958.724 16.1035 942.621 55.2887 21.5264 33.7623 23.3149 887.332 880.244 863.659 16.5853 10.4474 10.9933
internal_count=6864 223 6641 634 221 413 257 6007 5931 5777 154 156 129
is_linear=0
shrinkage=0.05


Tree=203
num_leaves=17
num_cat=0
split_feature=0 0 2 3 23 25 21 22 20 11 3 18 18 0 22 20
split_gain=1.60407 2.50554 2.22322 2.04617 1.9364 3.90022 5.28139 4.97653 3.42097 3.30858 3.45895 3.28396 3.2806 7.26584 3.71642 2.34373
threshold=89.690000000000012 52.710000000000008 11.500000000000002 2.5000000000000004 1.5000000000000002 1.5000000000000002 137329.00000000003 1.0000000180025095e-35 -0.58344999999999991 2076.5000000000005 2.5000000000000004 16404.195000000003 5641.4800000000005 14616.205000000002 1.0000000180025095e-35 -0.4005999999999999
decision_type=2 2 2 2 2 2 2 2 2 2 2 2 2 2 2 2
left_child=1 3 -3 -1 9 8 7 -7 -6 12 -11 -10 14 -14 -2 -8
right_child=4 2 -4 -5 5 6 15 -9 11 10 -12 -13 13 -15 -16 -17
leaf_value=-0.012649986161828428 0.00082065760061358559 -0.00086957394808958623 -0.038799890927421248 0.015427660839856467 -0.014168387119216089 0.012697034496800041 -0.044505460015227774 -0.0054014129324146277 -0.0092253883494740722 0.038156047619731882 -0.0035901830581137962 0.028492955833547134 0.013002291832743946 -0.0027045580104547492 -0.012518244825709219 -0.0092135820444863691
leaf_weight=11.144228934310378 203.59845608239993 7.1680096453055731 8.4321168265305442 10.725829028524457 7.5606983709149054 42.834034248720855 9.2142288722097891 241.62384385662153 5.9971756171435144 10.581079142168166 7.0003561964258543 22.683874042704701 143.52682010596618 146.20227524579968 67.613859329372644 11.992003468796609
leaf_count=76 1442 47 62 64 55 265 68 1713 39 67 62 161 930 1287 428 98
internal_value=-6.96866e-05 -0.00994882 -0.024019 0.000840193 0.000342346 -0.0026187 -0.00450057 -0.0025716 0.0123969 0.00211253 0.0223544 0.0201929 0.00138317 0.00507786 -0.00253545 -0.0274931
internal_weight=957.899 37.4702 15.6001 21.8701 920.429 341.906 305.664 284.458 36.2417 578.523 17.5814 28.681 560.941 289.729 271.212 21.2062
internal_count=6864 249 109 140 6615 2399 2144 1978 255 4216 129 200 4087 2217 1870 166
is_linear=0
shrinkage=0.05


Tree=204
num_leaves=14
num_cat=0
split_feature=9 7 0 13 9 7 2 0 0 8 17 17 21
split_gain=1.60325 4.26271 1.83966 4.8046 5.12792 4.4373 3.02919 2.77811 2.21146 2.04751 1.71296 1.47709 1.01829
threshold=0.69425000000000014 3.5000000000000004 291467.7900000001 1.0000000180025095e-35 0.08950000000000001 4.5000000000000009 8.5000000000000018 247281.91000000003 206837.44000000003 0.46565000000000006 240065.43000000002 89368.265000000014 2491.5000000000005
decision_type=2 2 2 2 2 2 2 2 2 2 2 2 2
left_child=2 -2 7 4 -4 11 -7 8 9 -1 -6 -5 -10
right_child=1 -3 3 5 10 6 -8 -9 12 -11 -12 -13 -14
leaf_value=-0.00061630808181333647 -0.0088796860482350647 0.037693878974160509 -0.048720664973639943 -0.034007444968425074 -0.014306477255719008 0.038606809195777969 0.0013015513180053763 0.027750564111095995 0 0.0072461870385894236 0.020534584744736517 0.000246897115534658 -0.030869474241613872
leaf_weight=777.83960564108565 8.2203912800177914 7.669465299230068 10.333194728475066 6.2367243994958681 7.379312474280594 6.7532877274788943 16.363684121519327 7.0481071530375621 4.6998768588528019 90.554991531185806 3.6174220847897232 4.1305049108341336 6.4415557645261288
leaf_count=5178 54 169 92 105 83 94 163 76 44 651 46 51 58
internal_value=-7.34039e-05 0.0147416 -0.000364789 -0.00909058 -0.0265631 0.00262769 0.0148042 0.000182686 -8.93416e-05 0.000206859 -0.00067967 -0.0217184 -0.0204549
internal_weight=957.288 15.8899 941.398 54.8141 21.3299 33.4842 23.117 886.584 879.536 868.395 10.9967 10.3672 11.1414
internal_count=6864 223 6641 634 221 413 257 6007 5931 5829 129 156 102
is_linear=0
shrinkage=0.05


Tree=205
num_leaves=18
num_cat=0
split_feature=24 2 20 10 22 15 17 2 17 10 17 25 2 19 2 21 21
split_gain=1.61066 2.07852 2.94633 2.1475 1.95032 6.1901 4.11452 5.34586 4.88396 3.99479 3.28646 3.26133 2.57879 1.85743 1.70876 0.607024 0.618242
threshold=49.500000000000007 13.500000000000002 -0.49254999999999993 373.50000000000006 1.5000000000000002 2.5000000000000004 1348187.8000000003 16.500000000000004 2881.4300000000003 217.50000000000003 477521.02500000008 11.500000000000002 1.5000000000000002 0.89990000000000014 16.500000000000004 1824.0000000000002 36586.500000000007
decision_type=2 2 2 2 2 2 2 2 2 2 2 2 2 2 2 2 2
left_child=4 15 -3 -4 5 10 7 11 -9 -7 12 -6 -1 -5 -12 -2 -17
right_child=1 2 3 13 6 9 -8 8 -10 -11 14 -13 -14 -15 -16 16 -18
leaf_value=0.015438591920708906 0.034952513679841916 -0.02313048156348169 -0.0077193327575148397 0.0048154025982867082 -0.018326853454762031 -0.0083768053649397357 0.029122543299249556 -0.022535604658313568 0.003594386594645723 0.039880009919661612 0 0.0032674589405244994 0 0.039841687774434802 -0.028517712212608806 -0.0002617556369901263 0.019814369845343242
leaf_weight=26.431247110012919 5.2752669379115131 7.5145245771855107 9.9555259300395864 11.227091054897757 82.939974570181221 4.5947743291035321 6.982860372401773 18.328264337033033 145.85785772278905 14.074789184145628 7.3587689418345716 20.387339884415269 566.25421449868008 5.1095862891525021 12.950583887286482 5.5497068148106319 5.8657428519800305
leaf_count=186 50 44 77 92 528 43 71 105 1259 146 58 171 3817 52 84 39 42
internal_value=-6.96138e-05 0.00843384 0.000686672 0.00900117 -0.000572025 0.000945437 -0.00408172 -0.00519523 0.000381191 0.0278583 2.15776e-05 -0.01399 0.000744484 0.0194665 -0.0188021 0.021838 0.0107248
internal_weight=956.658 50.4974 33.8067 26.2922 906.161 631.664 274.496 267.513 164.186 18.6696 612.995 103.327 592.685 16.3367 20.3094 16.6907 11.4154
internal_count=6864 396 265 221 6468 4334 2134 2063 1364 189 4145 699 4003 144 142 131 81
is_linear=0
shrinkage=0.05


Tree=206
num_leaves=15
num_cat=0
split_feature=25 25 18 2 20 1 2 23 27 17 14 3 29 20
split_gain=3.71551 1.83463 6.14583 4.0508 6.45232 6.53603 4.5865 3.99085 3.78008 3.70682 3.58249 3.1722 2.16901 0.177257
threshold=1.0000000180025095e-35 1.5000000000000002 60.840000000000011 24.500000000000004 -0.50684999999999991 3.5000000000000004 18.500000000000004 1.5000000000000002 10.500000000000002 2881.4300000000003 0.092550000000000007 3.5000000000000004 4.5000000000000009 -0.5370999999999998
decision_type=2 2 2 2 2 2 2 2 2 2 2 2 2 2
left_child=-1 3 12 6 -5 -6 9 8 -4 -2 -9 -8 13 -3
right_child=1 2 7 4 5 -7 11 10 -10 -11 -12 -13 -14 -15
leaf_value=-0.035929258780553093 0.0074382018511592518 -0.044291485022106676 0.0048652922674716189 -0.016529202051112021 0.049423455861508689 0.0079101108220642341 -0.0040256262299163291 -0.012459980702030228 -0.013159886421772838 -0.01464620236671503 -0.00072618580520893627 -0.039265207540986585 -0.0022151141957628541 -0.02060895021619702
leaf_weight=5.1669226628728202 123.24179586442187 5.9383386559784439 353.84995701746084 10.049193866550921 14.978644069284199 25.267965426668525 18.805943063460294 90.642589052207768 29.511172738857567 20.26118282135576 226.30336125241593 8.7984896041452867 10.080504219513385 12.889482862316074
leaf_count=280 786 37 2562 50 95 154 122 619 219 130 1615 49 59 87
internal_value=-5.50873e-05 0.000204426 -0.000996563 0.00417829 0.0163622 0.0252052 0.000391492 -1.92009e-05 0.00339067 0.00409292 -0.00417035 -0.0174893 -0.0228164 -0.0320944
internal_weight=955.786 950.619 729.215 221.403 50.2958 40.2466 171.107 700.307 383.361 143.503 316.946 27.6044 28.9083 18.8278
internal_count=6864 6584 5198 1386 299 249 1087 5015 2781 916 2234 171 183 124
is_linear=0
shrinkage=0.05


Tree=207
num_leaves=18
num_cat=0
split_feature=0 2 11 11 21 8 23 24 18 10 10 10 11 23 6 21 0
split_gain=1.61978 2.86638 1.77522 2.61821 5.38073 3.1949 2.8706 3.64818 3.12137 2.52599 3.80469 6.576 3.28363 2.99032 2.51062 2.15774 0.83836
threshold=940891.34000000008 7.5000000000000009 1850.5000000000002 1499.5000000000002 39263.500000000007 0.045250000000000005 3.5000000000000004 7.5000000000000009 152833.05500000002 656.50000000000011 382.50000000000006 303.50000000000006 1933.5000000000002 1.5000000000000002 4.5000000000000009 8848.5000000000018 2410068.1950000008
decision_type=2 2 2 2 2 2 2 2 2 2 2 2 2 2 2 2 2
left_child=2 16 3 6 15 -6 7 -1 -8 10 11 -4 -11 -12 -14 -5 -2
right_child=1 -3 9 4 5 -7 8 -9 -10 12 13 -13 14 -15 -16 -17 -18
leaf_value=-0.0046760761401186011 -0.0086166046613396635 -0.035914611216965785 -0.010527967543876238 0.0097291743127335753 -0.014154825824122317 0.015038198260126326 -0.027536334666715352 0.0031808838645531893 0.0029872777477855778 -0.018203735218100366 -0.0083341466993203609 0.030389622024281172 -0.0074361082845501624 -0.036639140478079986 0.023700649347489663 0.029459869608173501 0.020167218067205991
leaf_weight=222.15360579895787 2.7877832441590709 6.411605037865229 36.168971442617476 73.921462032943964 33.784318271093071 10.601100248750297 17.420987041667107 430.11215762607753 13.156579550355671 8.5012599648907763 25.769480545539409 11.220404965803025 7.6672629192471531 15.722445975989102 18.736893410794437 17.600051287095994 3.1200028469320387
leaf_count=1549 38 86 289 533 218 80 113 3090 95 58 171 71 47 98 136 130 62
internal_value=-6.96437e-05 -0.0167673 0.000173057 0.00103062 0.00731686 -0.00661895 -0.000223652 0.000483503 -0.0147189 -0.00534571 -0.00980233 0 0.00564765 -0.0204813 0.0144201 0.0141793 0.00657602
internal_weight=954.856 12.3194 942.537 818.75 135.907 44.3854 682.843 652.266 30.5776 123.787 88.8813 47.3894 34.9054 41.4919 26.4042 91.5215 5.90779
internal_count=6864 186 6678 5808 961 298 4847 4639 208 870 629 360 241 269 183 663 100
is_linear=0
shrinkage=0.05


Tree=208
num_leaves=15
num_cat=0
split_feature=10 24 10 10 29 10 10 20 11 17 11 11 17 11
split_gain=1.59885 1.58924 3.1446 3.76222 3.29739 3.0584 5.16701 3.48871 6.14236 4.53093 2.93247 2.54822 2.76767 1.81841
threshold=942.50000000000011 13.500000000000002 856.50000000000011 835.50000000000011 4.5000000000000009 692.50000000000011 675.50000000000011 -0.48899999999999993 1119.5000000000002 93807.085000000006 1991.5000000000002 1033.5000000000002 678.37000000000012 396.50000000000006
decision_type=2 2 2 2 2 2 2 2 2 2 2 2 2 2
left_child=1 2 3 4 -1 6 10 8 -7 -9 -3 13 -13 -4
right_child=-2 5 11 -5 -6 7 -8 9 -10 -11 -12 12 -14 -15
leaf_value=-0.0041755811785038057 -0.021470514571299316 0.0024633454219359363 -0.0094825888489924494 0.024847857031471295 0.0051704782056826437 0.018051609405311784 -0.032180077317982107 0.020291158706739518 -0.027158194682486467 -0.0061885253023461675 -0.015095703628494184 -0.021701167541445722 0.012916571814162038 -0.041701122951307179
leaf_weight=316.36812914884649 6.6545638516545287 301.48235666332766 11.657307151705028 12.064996529370545 131.57851791498251 12.091437803581359 10.116722944192587 66.464529720135033 13.985778952017425 19.425555200781673 23.725648375228047 7.8203814812004593 11.904625805094836 8.9312548534944636
leaf_count=2250 49 2248 75 76 916 78 66 493 88 157 180 53 75 60
internal_value=-7.08247e-05 0.000113825 -0.00180777 -0.000582717 -0.00139729 0.00228399 -9.09568e-05 0.00936111 -0.0060466 0.014184 0.00106732 -0.014862 -0.00108233 -0.0263564
internal_weight=954.272 947.617 500.325 460.012 447.947 447.292 335.325 111.967 26.0772 85.8901 325.208 40.3136 19.725 20.5886
internal_count=6864 6815 3505 3242 3166 3310 2494 816 166 650 2428 263 128 135
is_linear=0
shrinkage=0.05


Tree=209
num_leaves=19
num_cat=0
split_feature=24 14 27 27 0 17 17 25 18 23 2 20 19 29 19 27 24 24
split_gain=1.51348 1.94145 2.12787 1.94483 1.7288 2.56674 2.61187 1.90168 5.0819 4.81871 3.45358 7.08453 4.44645 2.4924 1.75031 1.62411 0.679035 0.316852
threshold=49.500000000000007 0.12430000000000001 9.5000000000000018 5.5000000000000009 89.690000000000012 237.44500000000002 2079.4750000000004 1.5000000000000002 60.840000000000011 1.5000000000000002 24.500000000000004 -0.52859999999999985 0.30655000000000004 4.5000000000000009 0.00035000000000000005 4.5000000000000009 72.500000000000014 12.500000000000002
decision_type=2 2 2 2 2 2 2 2 2 2 2 2 2 2 2 2 2 2
left_child=4 15 3 16 5 17 -7 10 13 -10 12 -12 -6 -9 -8 -2 -3 -1
right_child=1 2 -4 -5 7 6 14 8 9 -11 11 -13 -14 -15 -16 -17 -18 -19
leaf_value=-0.035987553122825179 0.01070771332797921 0.016116688452885879 -0.0073873330703620819 0.04113754618250294 0.0056118572678071771 0.022586108242831793 0.0067146605549883156 -0.03188275523960641 0.0033538942635976295 -0.0054153767350905539 -0.021065151296826228 0.024571546460522498 -0.012577057941192474 0 -0.02249163284168269 -0.013911437165875834 -0.0037726689319962483 -0.0099564255592994449
leaf_weight=6.5560830445028824 10.42462649010122 9.1113810110837274 5.6698371395468703 7.8721023537218562 116.03526111482643 6.2753916671499637 6.7767834216356304 17.82172547373921 355.64959570625797 276.37736641289666 8.833645452745257 39.281120708212256 44.924372241832316 9.4237255821935815 10.445776651147751 12.260595395695416 4.8458219445310524 5.294214379042387
leaf_count=49 70 82 51 78 835 39 45 119 2562 1946 51 268 396 55 65 77 38 38
internal_value=-7.83573e-05 0.00818943 0.0167024 0.0234739 -0.000565599 -0.0111015 -0.000552351 -0.000100695 -0.00143057 -0.000470011 0.00401922 0.015487 0.000381852 -0.0218152 -0.0109763 -0.00224207 0.00897724 -0.028197
internal_weight=953.879 50.1844 27.4991 21.8293 903.695 35.3482 23.498 868.347 659.272 632.027 209.074 48.1148 160.96 27.2455 17.2226 22.6852 13.9572 11.8503
internal_count=6864 396 249 198 6468 236 149 6232 4682 4508 1550 319 1231 174 110 147 120 87
is_linear=0
shrinkage=0.05


Tree=210
num_leaves=20
num_cat=0
split_feature=4 8 11 8 9 0 8 27 25 19 1 18 19 15 27 17 16 1 14
split_gain=1.5056 2.79276 3.4431 1.84539 6.75402 4.58457 4.50755 5.71425 4.49071 5.62269 3.83438 3.43225 2.96456 1.83979 1.49012 0.999934 0.991654 0.732526 1.36851
threshold=1.0000000180025095e-35 0.15760000000000005 1804.5000000000002 1.0000000180025095e-35 0.38365000000000005 302933.71500000003 0.15670000000000003 2.5000000000000004 2.5000000000000004 0.0016500000000000002 3.5000000000000004 10209.380000000003 0.85405000000000009 7.5000000000000009 7.5000000000000009 9944.0250000000015 1.5000000000000002 3.5000000000000004 0.24785000000000004
decision_type=2 2 2 2 2 2 2 2 2 2 2 2 2 2 2 2 2 2 2
left_child=3 16 14 4 8 6 12 -8 10 -10 -1 -6 -5 -13 15 -3 -2 -7 -19
right_child=1 2 -4 5 11 17 7 -9 9 -11 -12 13 -14 -15 -16 -17 -18 18 -20
leaf_value=0.013369013905446576 -0.020573593897419758 0.039410883814630669 -0.016359110375715878 -0.017885733882294429 -0.012150089557314087 -0.049494258857930691 0.016571155309816225 -0.003395445917605551 -0.026226816263683568 -0.0020118748544800161 0.0005826107481071137 0.040548249861875968 0.0047273020777698809 0 0.0040935634646410814 0.008247911481085236 0.0034273385509766352 -0.028782098298382176 0.0072234604995602596
leaf_weight=84.982833809684962 6.6792880138382298 11.838489620015034 4.8027868876233688 58.381889641983435 3.3853008383885053 3.7755848339293134 46.229608149733394 136.33027647342533 24.098043752834201 322.26969443727285 186.00429459684528 16.125056412070993 17.284613309428096 2.7817195511888704 8.7384085915982705 5.8576152352616182 6.4147049877792597 4.0722640750464052 2.9018420346546918
leaf_count=566 40 86 40 415 29 44 321 927 151 2279 1238 222 132 74 62 76 48 75 39
internal_value=-7.89413e-05 0.00870131 0.0166339 -0.000536477 0.000913239 -0.00400222 -0.00249507 0.00173129 -8.7915e-05 -0.0038662 0.00469769 0.0267753 -0.0126027 0.0347189 0.023709 0.0314883 -0.00925693 -0.0333516 -0.0144153
internal_weight=952.954 44.3313 31.2373 908.623 639.647 268.976 258.226 182.56 617.355 346.368 270.987 22.2921 75.6665 18.9068 26.4345 17.6961 13.094 10.7497 6.97411
internal_count=6864 352 264 6512 4559 1953 1795 1248 4234 2430 1804 325 547 296 224 162 88 158 114
is_linear=0
shrinkage=0.05


Tree=211
num_leaves=16
num_cat=0
split_feature=25 11 20 10 3 10 14 22 2 14 17 1 20 27 11
split_gain=1.52799 5.11341 3.48909 3.15056 3.83889 2.23171 2.23761 3.22841 7.08451 4.91046 2.01489 1.79019 1.78205 1.54742 1.49868
threshold=11.500000000000002 269.50000000000006 -0.61209999999999987 686.50000000000011 3.5000000000000004 942.50000000000011 0.6332000000000001 2.5000000000000004 14.500000000000002 0.29625000000000007 73804.455000000016 6.5000000000000009 -0.4005999999999999 5.5000000000000009 61.500000000000007
decision_type=2 2 2 2 2 2 2 2 2 2 2 2 2 2 2
left_child=5 12 -3 4 -4 6 7 9 -9 -1 -5 13 -2 -8 -14
right_child=1 2 3 10 -6 -7 11 8 -10 -11 -12 -13 14 -15 -16
leaf_value=-0.00072359364016176759 0.048934677787446902 0.027759193126203091 -0.020676052373276306 0.025065768559938931 0.012980199012166856 -0.026848802372914971 -0.014530604576031414 -0.024725276116271101 0.00068164473728352006 0.015134885720710145 -0.0092952751331959547 0.034390610792206476 -0.0075441059052665654 0.018122222704425522 0.025244925521841335
leaf_weight=685.3484444138594 5.8928043358027962 7.4966183742508283 30.6491116899997 9.8223506887443346 9.5217713015153986 6.0945430248975745 5.0715583865530807 40.875412814319134 73.901389313396066 50.509983096271753 4.8328588870353988 6.1401419686153522 4.2363380007445794 5.3326289746910334 6.0529225419741124
leaf_count=4639 55 73 220 95 141 43 51 278 580 422 46 60 37 54 70
internal_value=-7.84569e-05 0.00650174 -0.000140827 -0.00497442 -0.0122241 -0.000694927 -0.000438256 -0.000822153 -0.00854937 0.000389467 0.0133786 0.0167207 0.029836 0.0016228 0.0119005
internal_weight=951.779 78.5048 62.3227 54.8261 40.1709 873.274 867.18 850.635 114.777 735.858 14.6552 16.5443 16.1821 10.4042 10.2893
internal_count=6864 737 575 502 361 6127 6084 5919 858 5061 141 165 162 105 107
is_linear=0
shrinkage=0.05


Tree=212
num_leaves=14
num_cat=0
split_feature=0 2 25 17 16 15 22 16 17 9 15 0 3
split_gain=1.4984 2.72268 1.63233 3.13389 1.99026 1.61917 1.73568 10.8086 5.43283 1.38754 1.36042 0.787442 0.0886867
threshold=940891.34000000008 7.5000000000000009 18.500000000000004 78061.185000000012 2.5000000000000004 10.500000000000002 1.5000000000000002 3.5000000000000004 2881.4300000000003 0.051850000000000007 4.5000000000000009 2410068.1950000008 2.5000000000000004
decision_type=2 2 2 2 2 2 2 2 2 2 2 2 2
left_child=2 11 5 4 -4 6 7 -1 -8 12 -5 -2 -7
right_child=1 -3 3 10 -6 9 8 -9 -10 -11 -12 -13 -14
leaf_value=-0.00051598245044749355 -0.008196378338943492 -0.035001495316027642 0 0.010078353831663105 0.042613965591259018 0.0092302111999922887 -0.022016315618888813 0.028625227105239615 -0.00095103015170185405 -0.0028759276817687798 -0.021578478348849694 0.01976352573559987 0.035981567818001096
leaf_weight=611.8656096206978 2.760496075730769 6.3181285327300429 3.694890324026348 4.5516784484498185 7.0588376298546791 3.6848895102739316 33.569447789341211 31.535759259480983 230.0985348331742 4.4201316274702549 4.8411311404779553 3.0872256262227893 3.4595610331743956
leaf_count=4080 38 86 27 39 108 38 197 280 1749 55 54 62 51
internal_value=-6.17318e-05 -0.0162097 0.000170919 0.0135895 0.0299953 -0.000141385 -0.000407687 0.000981133 -0.0038162 0.0169893 -0.00628388 0.00656531 0.028314
internal_weight=950.946 12.1659 938.78 20.1465 10.7537 918.634 907.069 643.401 263.668 11.5646 9.39281 5.84772 7.14445
internal_count=6864 186 6678 228 135 6450 6306 4360 1946 144 93 100 89
is_linear=0
shrinkage=0.05


Tree=213
num_leaves=10
num_cat=0
split_feature=17 8 5 8 24 24 24 2 24
split_gain=1.47377 1.56464 2.24492 4.56992 2.9836 1.61821 2.10003 1.84841 0.690061
threshold=2710065.3000000003 0.8771000000000001 1.0000000180025095e-35 0.21220000000000003 28.500000000000004 49.500000000000007 56.500000000000007 5.5000000000000009 16.500000000000004
decision_type=2 2 2 2 2 2 2 2 2
left_child=1 2 3 4 -1 7 -7 -4 -3
right_child=-2 8 5 -5 -6 6 -8 -9 -10
leaf_value=-0.0092320211324446004 0.02191468514442646 0.029167265862696742 -0.0055103686658325894 -0.040896288413772658 0.024084731007307281 0.020991347662019152 0 0.00065346499842063705 0.00040134582639280054
leaf_weight=32.477399748750031 5.565106115769594 4.4491957495920342 144.96544172032736 8.1300338860601169 6.2915919972583643 18.797675493638963 28.615221769083291 696.56780729198363 4.2476493623107672
leaf_count=237 51 43 1010 63 47 141 232 4999 41
internal_value=-5.25538e-05 -0.000238578 -0.000465361 -0.0108975 -0.00266367 9.70199e-05 0.00890018 -0.000407031 0.0187544
internal_weight=950.107 944.542 935.845 46.899 38.769 888.946 47.4129 841.533 8.69685
internal_count=6864 6813 6729 347 284 6382 373 6009 84
is_linear=0
shrinkage=0.05


Tree=214
num_leaves=25
num_cat=0
split_feature=2 2 0 2 0 20 14 0 8 0 1 13 0 18 0 28 24 17 2 17 17 17 11 10
split_gain=1.4755 10.1822 7.91183 6.48262 7.56901 5.37022 4.23157 3.81951 6.6273 5.8378 5.95426 4.53374 8.93698 6.08927 5.68302 6.49231 5.61889 4.18348 3.81007 2.86281 4.92731 1.78402 1.5275 0.829077
threshold=18.500000000000004 22.500000000000004 438.03500000000003 25.500000000000004 3427.2250000000004 -0.27684999999999993 0.0059500000000000013 649.63000000000011 0.021850000000000005 543.58000000000015 5.5000000000000009 1.0000000180025095e-35 1513.3500000000001 3308.3050000000003 127726.39000000001 20.500000000000004 15.500000000000002 34460.260000000002 10.500000000000002 218535.22500000003 6219.1050000000005 3078.2450000000003 449.50000000000006 536.50000000000011
decision_type=2 2 2 2 2 2 2 2 2 2 2 2 2 2 2 2 2 2 2 2 2 2 2 2
left_child=7 6 22 5 -5 -4 -2 8 9 10 -1 14 13 -13 15 -9 -14 21 -16 20 -8 -10 -3 -24
right_child=1 2 3 4 -6 -7 19 11 17 -11 -12 12 16 -15 18 -17 -18 -19 -20 -21 -22 -23 23 -25
leaf_value=-0.0010440428565123535 0.011043342816053688 -0.036694116599242689 -6.9096337018442427e-05 0.013393265091677591 -0.048003143093263895 0.016403993038343972 -0.025749188123491092 0.00077116556401790994 -0.0073893502172556573 0.04982537849135376 0.026101843889064131 -0.044711613985406511 0.0029652308057398144 0 -0.0053166142998226328 -0.024828782104385223 0.022138464511739005 0.020490027912567387 -0.040016981880257561 -0.043923184631443596 -0.00044854991183693481 -0.034784945257713203 0.0014629908814264873 -0.019511339331676349
leaf_weight=43.478266660589725 11.166200115345417 9.9407973214983958 89.829930691979825 7.3843686934560564 9.3805972081609053 104.90287940530106 45.917691857088357 221.02271076058969 25.563016730826348 9.8973385123535973 34.451460120733827 11.735392597503962 120.67707980121486 16.55916762072593 16.86113358498551 25.797083967830986 55.538225142750889 8.5529662035405618 15.835306243970988 9.6802304601296765 33.646021136082709 7.2439722758717826 7.4546848163008672 7.2501232996582985
leaf_count=315 79 57 635 41 52 925 316 1413 188 64 215 72 982 101 177 163 490 56 120 70 202 42 50 39
internal_value=-4.33546e-05 -0.00270445 0.00294724 0.00616715 -0.0218821 0.0088307 -0.0158916 0.00140494 0.00897776 0.0166627 0.0111844 -0.000624305 0.00498157 -0.020097 -0.00476766 -0.00204236 0.00924485 -0.00712624 -0.0237486 -0.0195395 -0.015446 -0.0153769 -0.0226982 -0.00937755
internal_weight=949.767 336.554 236.143 211.498 16.765 194.733 100.41 613.213 129.187 87.8271 77.9297 484.026 204.51 28.2946 279.516 246.82 176.215 41.36 32.6964 89.2439 79.5637 32.807 24.6456 14.7048
internal_count=6864 2466 1799 1653 93 1560 667 4398 880 594 530 3518 1645 173 1873 1576 1472 286 297 588 518 230 146 89
is_linear=0
shrinkage=0.05


Tree=215
num_leaves=21
num_cat=0
split_feature=10 0 9 19 0 19 0 19 1 8 22 25 3 21 21 28 27 0 0 20
split_gain=1.46576 3.04751 2.05166 1.93563 3.5848 3.08249 3.64461 3.15707 4.48014 2.70948 2.41469 2.41009 1.41262 1.40091 1.83468 1.34834 1.23591 1.21066 0.511202 0.0323157
threshold=1.0000000180025095e-35 12976.250000000002 0.0082500000000000021 16.405450000000005 15478.725000000002 3.8740500000000004 174099.66500000004 2.1099500000000004 9.5000000000000018 0.37270000000000009 1.0000000180025095e-35 2.5000000000000004 2.5000000000000004 15803.500000000002 1099.0000000000002 1.0000000180025095e-35 3.5000000000000004 620635.26000000013 84843.110000000015 0.59470000000000012
decision_type=2 2 2 2 2 2 2 2 2 2 2 2 2 2 2 2 2 2 2 2
left_child=1 12 15 5 -5 7 10 9 -9 -2 -7 18 -1 14 -4 -3 -8 -17 -6 -15
right_child=3 2 13 4 11 6 16 8 -10 -11 -12 -13 -14 19 -16 17 -18 -19 -20 -21
leaf_value=-0.0055297226720955042 -0.0012403369970683986 0 -0.01101420278968873 -0.016359230052160927 0.043781428351277879 0.0098606575130793725 -0.0050316232452551875 0.022200244356766378 -0.0077563267997459969 0.0078991589069897488 -0.013917794059749701 0 0.026168517590487529 -0.023713805129809362 0.03331845567801877 -0.044223888625222384 -0.037246482237776983 -0.0012737845203351632 0.015878415180957776 -0.0017821196705611955
leaf_weight=5.2055507716722769 686.25005247443914 2.4076834274455932 2.6032801158726198 6.5540711288340416 6.4418674786575165 19.11478274082765 5.6759654488414553 35.10071778902784 16.944612762425095 89.875696907285601 19.364514673128724 9.050629733130334 4.8902281885966659 1.8894033911637964 2.8755006641149521 8.8956268941983563 11.855132033117114 2.6514584500109768 8.7510478440672141 1.702293651178479
leaf_count=62 4648 49 54 44 42 129 61 274 127 600 138 71 37 50 37 157 111 59 77 37
internal_value=-6.10491e-05 -0.010094 -0.019779 0.000312448 0.0122431 -0.000118526 -0.0112707 0.000649003 0.012336 -0.000151545 -0.0019551 0.021014 0.0107858 0 0.0136042 -0.0305793 -0.0289117 -0.0367438 0.0320078 -0.0194629
internal_weight=948.1 33.121 23.0252 914.979 30.7976 884.181 56.0104 828.171 52.0453 776.126 38.4793 24.2435 10.0958 9.07048 5.47878 13.9548 17.5311 11.5471 15.1929 3.5917
internal_count=6864 542 443 6322 234 6088 439 5649 401 5248 267 190 99 178 91 265 172 216 119 87
is_linear=0
shrinkage=0.05


Tree=216
num_leaves=22
num_cat=0
split_feature=26 18 27 1 20 26 20 2 8 11 14 17 17 12 8 17 18 20 27 24 11
split_gain=1.43992 5.77419 6.04826 5.94672 5.29392 3.9789 4.15871 4.03769 4.75172 3.14542 2.77151 3.27721 9.05714 3.31727 2.73087 2.50076 3.40593 1.83311 1.64033 1.30259 0.360417
threshold=3.5000000000000004 12973.475000000002 2.5000000000000004 9.5000000000000018 -0.5472499999999999 4.5000000000000009 -0.59949999999999992 23.500000000000004 0.16875000000000004 134.50000000000003 0.64560000000000006 12915.330000000002 10657.445000000002 1.0000000180025095e-35 0.10225000000000002 70491.575000000026 177366.88000000003 -0.25654999999999994 2.5000000000000004 3.5000000000000004 955.50000000000011
decision_type=2 2 2 2 2 2 2 2 2 2 2 2 2 2 2 2 2 2 2 2 2
left_child=1 4 20 9 -1 6 -2 8 -8 -4 11 12 -7 -13 19 18 -17 -5 -12 -6 -3
right_child=5 2 3 17 14 10 7 -9 -10 -11 15 13 -14 -15 -16 16 -18 -19 -20 -21 -22
leaf_value=-0.051176185122286499 0.044867180270654207 0.044599465051052396 -0.017214684751703659 -0.036526754712144532 -0.015252975514371362 0.00054611485793819943 -0.018578919263382454 0.030130016547351937 0.023399739939451342 0.018798563730770847 0 -0.0035752218316379425 0.042882425475468916 -0.026321866949586978 -0.027509316928851443 -0.015302022820255463 0.023100330420903276 -0.00078564361085592936 0.03679788497001224 0.0071114264572669367 0.014829965210085999
leaf_weight=8.0403214045800251 7.4362009409815064 5.5319963500369322 6.108113897964361 10.778330922126772 7.4101939508691457 460.79599786177278 17.548059807624671 10.406288432888685 8.2254963386803848 22.005465368740261 3.9561547813937059 280.48515420267358 11.011219026520846 15.311826844699679 11.316703165415673 11.515383429825308 8.0463299900293332 5.9264713041484347 10.377470791805534 19.101675292477012 6.2911658938974142
leaf_count=51 47 45 40 72 53 3186 118 78 54 160 51 2007 83 186 77 112 78 48 149 124 45
internal_value=-6.07806e-05 -0.00560745 0.00490424 -0.00365858 -0.0184594 0.000611863 0.0149787 0.00654518 -0.00410131 0.0100184 -0.000192845 -0.000838008 0.00173212 -0.00495514 -0.00903381 0.0133717 0.000707775 -0.0258211 0.0278396 0 0.0339199
internal_weight=947.626 102.51 56.6415 44.8184 45.8689 845.116 43.616 36.1798 25.7736 28.1136 801.5 767.604 471.807 295.797 37.8286 33.8953 19.5617 16.7048 14.3336 26.5119 11.8232
internal_count=6864 715 410 320 305 6149 297 250 172 200 5852 5462 3269 2193 254 390 190 120 200 177 90
is_linear=0
shrinkage=0.05


Tree=217
num_leaves=18
num_cat=0
split_feature=9 7 2 2 0 2 2 0 9 0 13 0 0 18 14 11 20
split_gain=1.38491 3.79008 1.68422 8.11829 6.9974 13.0889 6.47529 3.80661 8.07804 5.46679 4.45785 8.205 5.87167 3.69786 3.53567 2.50525 0.110993
threshold=0.69425000000000014 3.5000000000000004 18.500000000000004 22.500000000000004 3170.3500000000004 25.500000000000004 25.500000000000004 649.63000000000011 0.012250000000000002 564.67500000000007 1.0000000180025095e-35 1513.3500000000001 127726.39000000001 70447.320000000022 0.0059500000000000013 29.500000000000004 1.0000000180025095e-35
decision_type=2 2 2 2 2 2 2 2 2 2 2 2 2 2 2 2 2
left_child=2 -2 7 14 6 -6 -5 8 9 -1 12 -12 -9 -10 -4 -16 -3
right_child=1 16 3 4 5 -7 -8 10 13 -11 11 -13 -14 -15 15 -17 -18
leaf_value=0.011035345141397597 -0.0082279821511647006 0.041637299997089011 0.0097368982754749422 -0.018642861865129496 0.01145945738610901 -0.043708955698998297 0.017990259550201115 -0.0022393365219978206 -0.022932347959245328 0.048927352235997083 -0.019385026895393044 0.0088079277860721623 -0.024883900506689146 0.016145759231220549 0.0078066556415925777 -0.020887302083414924 0.0075919072667792412
leaf_weight=89.852062625810504 8.1020879787392897 5.0358564071357241 10.978651038371025 55.708255409263074 151.8890975243412 9.5451223594136518 13.278683880344031 239.91577204456553 22.482333472929898 9.3007556800730509 28.105256302747875 175.72126779891551 30.844146425370127 6.1494018202647558 6.8233203440904608 80.843885400798172 2.1720922063104808
leaf_count=609 54 104 77 325 1215 53 78 1525 159 60 173 1472 271 43 45 536 65
internal_value=-4.88264e-05 0.0139519 -0.00031907 -0.00319347 0.00192702 0.00764136 -0.0111426 0.00124 0.00883523 0.0155857 -0.000812563 0.00472128 -0.00501914 -0.0137067 -0.0150541 -0.0184182 0.0363412
internal_weight=946.748 15.31 931.438 329.067 230.421 161.434 68.9869 602.371 127.785 99.1528 474.586 203.827 270.76 28.6317 98.6459 87.6672 7.20795
internal_count=6864 223 6641 2329 1671 1268 403 4312 871 669 3441 1645 1796 202 658 581 169
is_linear=0
shrinkage=0.05


Tree=218
num_leaves=25
num_cat=0
split_feature=10 17 9 21 21 17 6 17 6 21 6 1 14 0 19 9 20 2 13 14 28 17 10 14
split_gain=1.40406 2.11301 2.83852 2.69635 2.86979 1.89499 1.88297 6.22957 4.9876 5.29048 3.61279 5.07899 3.69479 3.40303 3.50106 3.11482 5.61652 4.32288 2.90535 1.36018 1.20271 0.926774 0.483441 0.1864
threshold=40.500000000000007 23094.880000000001 0.024350000000000004 142832.00000000003 98755.000000000015 510.27000000000004 3.5000000000000004 1121.7550000000003 1.0000000180025095e-35 222237.00000000003 5.5000000000000009 10.500000000000002 0.29625000000000007 411.05000000000001 1.5131000000000003 0.017750000000000005 -0.52044999999999986 17.500000000000004 1.0000000180025095e-35 1.0000000180025095e-35 13.500000000000002 299313.21500000003 597.50000000000011 0.13290000000000005
decision_type=2 2 2 2 2 2 2 2 2 2 2 2 2 2 2 2 2 2 2 2 2 2 2 2
left_child=1 3 21 4 5 -1 7 8 9 -2 11 12 -8 -9 -15 17 -17 -12 -13 -5 -4 -3 -10 -21
right_child=6 2 20 19 -6 -7 10 13 22 -11 15 18 -14 14 -16 16 -18 -19 -20 23 -22 -23 -24 -25
leaf_value=-0.011553089103185313 -0.018544263386488829 -0.040482309208656204 -0.010922946225353808 0.0039931445642615157 0.040734222717923194 0.012215859603040244 0.029994777957082393 -0.024356850109165523 -0.049978208954435575 0.028972823629193276 0.0060194458478807829 -0.022840657356459682 -0.0058019159161367467 0.017260886959356653 -0.013295183550712894 -0.017896926583799256 -5.8342346096870447e-05 -0.0039506115327118041 0.010038708293827364 -0.034626500606889613 0.02093049224760149 -0.0027788080256827725 -0.019410942810343029 -0.0072489313964413538
leaf_weight=14.455992803443225 17.798047527670864 8.9236626641359198 4.8024742519482961 3.312762615736573 3.2578303553163996 15.04170474456623 32.560995043255389 6.3904904080554834 8.9261842765845376 6.2751322868280104 316.27492444962263 10.757973137311637 7.8180960759054861 36.455882245674729 10.392996699549256 56.032145518809557 188.95168744726107 162.23411161080003 11.992492880672216 5.2626452154945564 3.133939809165895 2.9787316909059873 7.7209653398022047 3.2877199708018452
leaf_count=207 112 115 60 37 37 166 204 36 54 38 2071 75 61 250 78 388 1471 1063 71 76 37 43 51 63
internal_value=-4.30089e-05 -0.00706102 -0.0198224 -0.00056545 0.00668196 0.00025594 0.000474207 -0.00612237 -0.0204154 -0.00450218 0.00128836 0.0125711 0.0228812 0.00497199 0.0100108 0.000258136 -0.00429072 0.002616 -0.00569419 -0.0193748 0.0023301 -0.033523 -0.0399398 -0.0284171
internal_weight=945.04 64.4575 19.8388 44.6187 32.7555 29.4977 880.582 93.9597 40.7203 24.0732 786.622 63.1296 40.3791 53.2394 46.8489 723.493 244.984 478.509 22.7505 11.8631 7.93641 11.9024 16.6471 8.55037
internal_count=6864 841 255 586 410 373 6023 619 255 150 5404 411 265 364 328 4993 1859 3134 146 176 97 158 105 139
is_linear=0
shrinkage=0.05


Tree=219
num_leaves=11
num_cat=0
split_feature=17 0 3 25 17 16 5 11 11 15
split_gain=1.37872 1.86649 2.3471 1.49857 2.86113 1.9013 1.5759 3.5113 1.82023 1.27116
threshold=2710065.3000000003 940891.34000000008 3.5000000000000004 18.500000000000004 78061.185000000012 2.5000000000000004 1.0000000180025095e-35 1355.5000000000002 2102.5000000000005 4.5000000000000009
decision_type=2 2 2 2 2 2 2 2 2 2
left_child=1 3 -3 6 5 -5 7 -1 -8 -6
right_child=-2 2 -4 4 9 -7 8 -9 -10 -11
leaf_value=0.001273486666304251 0.021246011664716999 -0.036844223216925161 0.0030818611185255361 0 0.0099398879004430583 0.041654204174990439 -0.00010882794769289605 -0.025911385765944053 0.016488435335035904 -0.020687722986281951
leaf_weight=29.736355699598789 5.5250760351773343 5.744943429832345 5.6792484859470278 3.6563176363706607 4.5053150579333288 6.7525357329286635 846.18331110058352 16.918997064698488 14.832079894375054 4.8472534203901887
leaf_count=214 51 101 73 27 39 108 5964 126 107 54
internal_value=-5.66039e-05 -0.000237493 -0.018749 1.96285e-05 0.0129962 0.0289961 -0.000279852 -0.00903912 0.000203042 -0.00590104
internal_weight=944.381 938.856 11.4242 927.432 19.7614 10.4089 907.671 46.6554 861.015 9.35257
internal_count=6864 6813 174 6639 228 135 6411 340 6071 93
is_linear=0
shrinkage=0.05


Tree=220
num_leaves=23
num_cat=0
split_feature=11 11 11 23 24 9 10 11 24 17 6 17 10 20 9 18 17 16 9 20 28 18
split_gain=1.38025 2.59791 2.31815 2.73375 3.11911 3.22509 3.03774 2.94519 2.51854 4.78555 3.76226 2.72937 2.62294 2.12108 4.70714 2.59051 2.05849 1.93331 1.88363 2.70583 2.46803 1.38893
threshold=1850.5000000000002 2102.5000000000005 1499.5000000000002 3.5000000000000004 7.5000000000000009 0.073550000000000018 835.50000000000011 687.50000000000011 1.5000000000000002 619.82500000000016 5.5000000000000009 7332.3700000000008 303.50000000000006 -0.46464999999999995 0.021350000000000004 11208.525000000001 1921.4550000000002 3.5000000000000004 0.010850000000000002 -0.27434999999999993 13.500000000000002 167815.11500000002
decision_type=2 2 2 2 2 2 2 2 2 2 2 2 2 2 2 2 2 2 2 2 2 2
left_child=2 13 3 4 5 -1 -6 17 12 10 -10 -11 -4 14 15 -2 -3 -5 19 -15 -20 -9
right_child=1 16 8 7 6 -7 -8 21 9 11 -12 -13 -14 18 -16 -17 -18 -19 20 -21 -22 -23
leaf_value=-0.0068626763298419522 -0.0064701977809524525 0.028101591304297187 0.04452618821408004 0.019081020514578786 0.0010962590000999975 0.010747432112340034 0.013916237400687696 -0.042379513851441425 -0.03139977387472067 0.027487194481665381 0 0.0054457992788253104 0.0039508124508678124 -0.035583194007616843 -0.023667436807651432 0.025633452117993796 -0.0033630120271044388 -0.012100180185376289 -0.014531905472792282 -0.0088724594156309056 0.012960134273685212 -0.0066899113828539393
leaf_weight=195.46472920710221 8.1343421097844857 7.8588150357827571 6.5293696401640764 6.0718104131519857 378.43734346376732 27.729330325964838 51.133831782732159 7.7150750216096622 10.952429569792001 18.553716149181128 36.081758575048298 54.469244950916618 9.4350070254877192 14.337653527036307 9.7888838038779777 15.346805762499569 9.1780422385781986 10.938865910284219 15.940205987077208 30.936683057807386 12.838364270981399 6.0679060444235802
leaf_count=1381 49 58 45 37 2801 222 362 52 69 130 256 433 54 97 73 98 69 78 131 217 103 49
internal_value=-5.13422e-05 -0.00492595 0.00068633 -0.000492124 0.000199855 -0.00455439 0.00270287 -0.0145832 0.00660227 0.00382032 -0.00828375 0.0117629 0.0242122 -0.00788397 0.00227033 0.0144847 0.0120533 0 -0.0125173 -0.0186904 -0.00189737 -0.0301397
internal_weight=943.94 124.36 819.58 683.559 652.765 223.194 429.571 30.7937 136.022 120.057 47.0342 73.023 15.9644 107.323 33.27 23.4811 17.0369 17.0107 74.0529 45.2743 28.7786 13.783
internal_count=6864 895 5969 4982 4766 1603 3163 216 987 888 325 563 99 768 220 147 127 115 548 314 234 101
is_linear=0
shrinkage=0.05


Tree=221
num_leaves=17
num_cat=0
split_feature=10 21 12 10 2 21 10 10 25 14 21 20 14 21 21 21
split_gain=1.41771 1.50013 3.45375 3.95926 4.10254 3.78044 3.07628 5.53253 3.99098 2.73356 2.97556 2.08241 1.5612 1.32954 2.61041 0.841237
threshold=942.50000000000011 17035.500000000004 1.0000000180025095e-35 231.50000000000003 9.5000000000000018 36586.500000000007 293.50000000000006 382.50000000000006 2.5000000000000004 0.59640000000000015 12804.000000000002 -0.32849999999999996 0.74440000000000006 71951.500000000015 142832.00000000003 25908.000000000004
decision_type=2 2 2 2 2 2 2 2 2 2 2 2 2 2 2 2
left_child=1 6 3 4 -3 -5 9 11 -9 10 -1 -8 -11 15 -15 -4
right_child=-2 2 13 5 -6 -7 7 8 -10 12 -12 -13 -14 14 -16 -17
leaf_value=-0.0071865906249610773 -0.020272233935390415 -0.010885850738654265 -0.0031086322428666357 -0.016158360706492011 0.014979822270656569 -0.0010347895683894732 0.0081686965114549544 0.0086442958798394181 -0.0025682433879950992 0.025790764994456192 0.023388147105347146 0.028367474636388917 -0.0047345533920696431 0.015629427724935283 -0.023594091676198164 -0.043450341363041628
leaf_weight=154.65498832566664 6.5933052133768788 18.294022958725691 2.6194290816783923 49.31853131391108 60.095986250787973 223.11044873995706 30.644698268268257 125.9447435173206 205.45301744481549 9.6862368700094503 6.3251431034877887 26.525855727493763 4.9265719433315089 5.1207376397214821 8.355433067888951 5.7737993316259235
leaf_count=1215 49 129 30 308 407 1408 209 801 1572 99 56 208 65 69 142 97
internal_value=-4.83364e-05 0.000126225 -0.00231676 -0.00102856 0.00869846 -0.0039069 0.00176022 0.00424784 0.00168928 -0.00367415 -0.00565164 0.0183515 0.0155665 -0.0207449 -0.0079499 -0.0348433
internal_weight=943.443 936.85 372.688 350.819 78.39 272.429 564.161 388.568 331.398 175.593 160.98 57.1706 14.6128 21.8694 13.4762 8.39323
internal_count=6864 6815 2590 2252 536 1716 4225 2790 2373 1435 1271 417 164 338 211 127
is_linear=0
shrinkage=0.05


end of trees

feature_importances:
amount=371
transaction_type=365
device_age_days=253
campaign_step=242
payment_rail=219
account_tx_count_to_date=212
avg_amount_last_1d=210
avg_amount_last_7d=199
authentication_method=194
distinct_devices_last_7d=174
seconds_since_prev_tx=170
account_age_days=154
amount_zscore_account=153
merchant_familiarity_score=146
merchant_risk_score=114
amount_to_avg_7d_ratio=112
velocity_score=109
transaction_count_last_1h=96
transaction_count_last_24h=94
hour_of_day=87
merchant_category_code=83
distinct_beneficiaries_last_24h=75
is_new_beneficiary=59
location_region=57
day_of_week=56
currency=35
card_present=30
is_new_device=24
auth_success=17
location_country=6
is_night=4

parameters:
[boosting: gbdt]
[objective: binary]
[metric: binary_logloss]
[tree_learner: serial]
[device_type: cpu]
[data_sample_strategy: bagging]
[data: ]
[valid: ]
[num_iterations: 400]
[learning_rate: 0.05]
[num_leaves: 31]
[num_threads: 10]
[seed: 42]
[deterministic: 0]
[force_col_wise: 0]
[force_row_wise: 0]
[histogram_pool_size: -1]
[max_depth: 5]
[min_data_in_leaf: 40]
[min_sum_hessian_in_leaf: 0.001]
[bagging_fraction: 0.8]
[pos_bagging_fraction: 1]
[neg_bagging_fraction: 1]
[bagging_freq: 0]
[bagging_seed: 400]
[bagging_by_query: 0]
[feature_fraction: 0.8]
[feature_fraction_bynode: 1]
[feature_fraction_seed: 30056]
[extra_trees: 0]
[extra_seed: 12879]
[early_stopping_round: 0]
[early_stopping_min_delta: 0]
[first_metric_only: 0]
[max_delta_step: 0]
[lambda_l1: 0.2]
[lambda_l2: 2]
[linear_lambda: 0]
[min_gain_to_split: 0]
[drop_rate: 0.1]
[max_drop: 50]
[skip_drop: 0.5]
[xgboost_dart_mode: 0]
[uniform_drop: 0]
[drop_seed: 17869]
[top_rate: 0.2]
[other_rate: 0.1]
[min_data_per_group: 100]
[max_cat_threshold: 32]
[cat_l2: 10]
[cat_smooth: 10]
[max_cat_to_onehot: 4]
[top_k: 20]
[monotone_constraints: ]
[monotone_constraints_method: basic]
[monotone_penalty: 0]
[feature_contri: ]
[forcedsplits_filename: ]
[refit_decay_rate: 0.9]
[cegb_tradeoff: 1]
[cegb_penalty_split: 0]
[cegb_penalty_feature_lazy: ]
[cegb_penalty_feature_coupled: ]
[path_smooth: 0]
[interaction_constraints: ]
[verbosity: -1]
[saved_feature_importance_type: 0]
[use_quantized_grad: 0]
[num_grad_quant_bins: 4]
[quant_train_renew_leaf: 0]
[stochastic_rounding: 1]
[linear_tree: 0]
[max_bin: 255]
[max_bin_by_feature: ]
[min_data_in_bin: 3]
[bin_construct_sample_cnt: 200000]
[data_random_seed: 175]
[is_enable_sparse: 1]
[enable_bundle: 1]
[use_missing: 1]
[zero_as_missing: 0]
[feature_pre_filter: 1]
[pre_partition: 0]
[two_round: 0]
[header: 0]
[label_column: ]
[weight_column: ]
[group_column: ]
[ignore_column: ]
[categorical_feature: ]
[forcedbins_filename: ]
[precise_float_parser: 0]
[parser_config_file: ]
[objective_seed: 16083]
[num_class: 1]
[is_unbalance: 0]
[scale_pos_weight: 0.994769]
[sigmoid: 1]
[boost_from_average: 1]
[reg_sqrt: 0]
[alpha: 0.9]
[fair_c: 1]
[poisson_max_delta_step: 0.7]
[tweedie_variance_power: 1.5]
[lambdarank_truncation_level: 30]
[lambdarank_norm: 1]
[label_gain: ]
[lambdarank_position_bias_regularization: 0]
[eval_at: ]
[multi_error_top_k: 1]
[auc_mu_weights: ]
[num_machines: 1]
[local_listen_port: 12400]
[time_out: 120]
[machine_list_filename: ]
[machines: ]
[gpu_platform_id: -1]
[gpu_device_id: -1]
[gpu_device_id_list: ]
[gpu_use_dp: 0]
[num_gpu: 1]

end of parameters

pandas_categorical:[]
