tree
version=v4
num_class=1
num_tree_per_iteration=1
label_index=0
max_feature_idx=30
objective=binary sigmoid:1
feature_names=amount payment_rail transaction_type authentication_method card_present auth_success currency merchant_category_code merchant_risk_score merchant_familiarity_score device_age_days account_age_days is_new_device is_new_beneficiary velocity_score transaction_count_last_1h transaction_count_last_24h avg_amount_last_1d avg_amount_last_7d amount_to_avg_7d_ratio amount_zscore_account seconds_since_prev_tx distinct_beneficiaries_last_24h distinct_devices_last_7d account_tx_count_to_date campaign_step location_country location_region hour_of_day day_of_week is_night
feature_infos=[0.63:10000000] [0:14] [0:27] [0:6] [0:1] [0:1] [0:10] [0:7] [0:0.96999999999999997] [0:1] [0:975] [0:2177] [0:1] [0:1] [0:1] [0:25] [0:84] [0:10000000] [0:9933802.5099999998] [0:13413.3024] [-27.544599999999999:12260.6561] [-1:602926] [0:20] [0:8] [0:116] [0:25] [0:11] [0:12] [0:23] [0:6] [0:1]
tree_sizes=2730 2996 2980 2566 2690 3199 2985 2975 2569 2366 2884 2965 2885 2769 2656 2547 2871 2572 2682 2581 2464 2262 3114 2981 2733 2448 2367 2371 2900 2051 3088 2273 1839 3000 1611 1722 3009 2281 3108 1950 1953 1916 3210 2684 1955 3097 1940 1956 1951 1845 2758 1819 1953 1934 1849 2686 1837 1863 1848 1845 1746 1841 2685 1852 2685 1935 1842 2898 1848 1843 2700 1946 1726 1952 2707 2483 1626 2781 2583 1724 2655 1970 2486 3097 2365 2485 1757 1731 1601 2348 1844 2692 1957 2363 2452 1722 2269 2255 2882 1753 1940 2125 2372 1620 2481 2458 2177 2367 2765 2686 1750 1634 2245 1534 1591 2776 2471 2119 1624 2595 2588 1407 2997 1963 2286 2378 2549 2580 1934 2254 2010 3116 2168 2473 3091 2728 2583 2165 1747 1418 2289 1932 3120 2344 2272 1416 2440 2369 2873 1971 2151 1416 2343 1704 2698 1863 1621 1630 2055 2580 1719 2160 2477 2351 2154 2275 2369 2463 1841 2345 1843 2375 2249 1720 2371 1425 2261 2768 1405 2774 2880 2806 2596 2583 1855 2014 2363 2427 2845 2580 2060 2571 1744 2280 1736 2053 1738 2748 2273 2563 2053 1932 2667 1723 2263 2569 2175 2978 2704 2868 2258 2151 1728 2778 2053 1836 2474 2375 1625 2470 2888 2368 1410 1831 2675 2476 2577 2902 2175 1743 2480 1897 2026 1936 2152 1415 2564 2071 2059 1917 2895 2808 2043 1201 1820 2373 1848 2780 2262 2979 2251 2174 1420 2882 2147 2362 2680 1808 2484 2447 2867 2145 2454 3014 2385 3011 2376 2909 2028 2662 2924 2564 2884 2488 2017 2690 2260 2920 1216 2338 2063 2465 2453 1725 2044 1841 3130 2883 2599 2385 2573 1597 1322 2596 2683 2599 2068 1210 1522 3293 2369 1532 2070 2762 2769

Tree=0
num_leaves=25
num_cat=0
split_feature=3 15 3 1 12 22 2 0 1 2 15 15 0 15 2 1 10 1 17 3 15 10 14 17
split_gain=735.411 509.937 201.044 124.223 106.31 94.6603 84.9553 67.3652 54.4018 42.352 36.9176 35.5948 27.6112 24.0853 19.6159 18.9162 13.478 12.2437 10.4708 8.47614 8.34529 6.05518 6.00659 2.44251
threshold=3.5000000000000004 1.5000000000000002 4.5000000000000009 1.5000000000000002 1.0000000180025095e-35 1.0000000180025095e-35 24.500000000000004 4229.8950000000013 1.5000000000000002 5.5000000000000009 6.5000000000000009 1.0000000180025095e-35 7997.3750000000009 1.0000000180025095e-35 24.500000000000004 7.5000000000000009 8.5000000000000018 10.500000000000002 77063.795000000013 1.5000000000000002 2.5000000000000004 789.50000000000011 0.41740000000000005 24438.930000000004
decision_type=2 2 2 2 2 2 2 2 2 2 2 2 2 2 2 2 2 2 2 2 2 2 2 2
left_child=1 3 7 12 6 20 -5 13 -4 -9 14 21 19 15 -7 -2 -6 -11 -12 -1 -3 -10 -13 -15
right_child=2 5 8 4 16 10 -8 9 11 17 18 22 -14 23 -16 -17 -18 -19 -20 -21 -22 -23 -24 -25
leaf_value=0.14964728766261221 0.10498818613866237 0.11296437915819448 0.15455289173226411 0.034441501920872239 -0.013874480494480673 0.076004611331556005 0.079507082681033042 0.073342214265877892 0.021663002561794958 0.16259888577546139 0.152554478715827 0.077166258859341141 0.050215770386018689 0.14289238900236093 0.1166870126274151 0.048487067354409795 0.021699735470544976 0.1356118894217854 0.10615492501102994 0.091806133147128877 0.17460208425679336 0.068849305554172485 0.12110976820278235 0.10445705765799629
leaf_weight=27.135681480169296 39.974454909563065 9.4072687029838544 12.46461760997772 556.89306208491325 105.80977979302406 116.88841158151627 129.63089686632156 15.357284367084501 50.03924548625946 243.63710159063339 30.351811915636063 17.484339863061908 10.683421552181242 28.613261550664902 37.419198900461197 20.867700517177582 59.593896716833115 75.451128154993057 25.524665951728821 9.5065071582794172 56.761577516794205 10.104888200759886 11.015333920717238 9.4469640851020795
leaf_count=117 169 40 54 2285 425 488 542 64 204 1054 131 73 44 123 159 86 243 323 108 40 247 42 47 40
internal_value=0.0787303 0.0566247 0.127252 0.0383848 0.0339938 0.115835 0.0429019 0.14202 0.064138 0.15273 0.0989983 0.0500128 0.116002 0.105037 0.0861125 0.0849728 -0.00200097 0.156617 0.133069 0.136139 0.167126 0.0287236 0.0952168 0.135156
internal_weight=1710.06 1175.61 534.456 899.253 851.928 276.353 686.524 433.348 101.108 334.446 210.184 88.6438 47.3256 98.9024 154.308 60.8422 165.404 319.088 55.8765 36.6422 66.1688 60.1441 28.4997 38.0602
internal_count=7148 4869 2279 3696 3495 1173 2827 1859 420 1441 886 366 201 418 647 255 668 1377 239 157 287 246 120 163
is_linear=0
shrinkage=1


Tree=1
num_leaves=27
num_cat=0
split_feature=3 15 3 23 1 12 25 1 19 21 15 15 15 13 24 23 1 10 3 8 23 20 1 10 27 1
split_gain=665.413 461.264 182.418 135.348 112.27 96.0771 56.4241 49.7293 48.1056 35.3549 33.8393 32.2967 25.7239 24.9465 18.7705 17.2 15.2151 12.0879 11.5227 11.1301 10.3461 8.57342 5.67804 5.41534 5.375 3.20053
threshold=3.5000000000000004 1.5000000000000002 4.5000000000000009 1.5000000000000002 1.5000000000000002 1.0000000180025095e-35 1.0000000180025095e-35 1.5000000000000002 0.051450000000000003 131067.50000000001 6.5000000000000009 1.0000000180025095e-35 4.5000000000000009 1.0000000180025095e-35 31.500000000000004 2.5000000000000004 9.5000000000000018 8.5000000000000018 1.5000000000000002 0.13515000000000002 1.5000000000000002 0.058250000000000003 3.5000000000000004 789.50000000000011 7.5000000000000009 11.500000000000002
decision_type=2 2 2 2 2 2 2 2 2 2 2 2 2 2 2 2 2 2 2 2 2 2 2 2 2 2
left_child=1 4 8 12 13 6 -6 -4 16 25 14 23 19 18 -5 -12 22 -7 -1 -3 -13 -11 -2 -9 -18 -10
right_child=2 3 7 10 5 17 -8 11 9 21 15 20 -14 -15 -16 -17 24 -19 -20 -21 -22 -23 -24 -25 -26 -27
leaf_value=0.065054992870915609 0.016693440293480615 0.049377797567580269 0.068853958878966906 -0.036816207197207802 -0.096585977182446478 -0.091838554780912018 -0.034245049089262555 -0.058169809741783735 0.073218213694781084 0.0056656169262208171 0.065197406121962703 0.040834408427373174 0.081366518780322389 -0.034115375258076334 0.016469072626196232 -0.0025315785319764174 -0.018665306472954394 -0.058116146123794621 0.00073989892020565832 0.0029601414307873792 -0.015691616574851127 0.050671061119133255 0.049488690346294953 -0.013427219171898822 0.020388346022018639 0.031913203562568014
leaf_weight=27.954281955957413 24.553557768464088 52.54563795030117 12.411762714385985 67.18997298181057 37.483753383159637 105.98643846809864 649.84910768270493 50.119321346282959 277.58846671879292 29.664928063750267 17.312118977308273 13.573054134845735 83.353376388549805 9.7273827791213971 20.129744440317154 17.40722630918026 19.730745077133179 59.689237952232361 9.546843081712721 17.884062856435776 14.909165740013121 15.550200700759886 41.924679577350616 10.110260307788847 12.743253618478773 10.069322809576986
leaf_count=121 104 225 54 277 150 425 2677 204 1204 125 75 58 363 40 85 73 82 243 40 75 62 67 180 42 54 43
internal_value=-0.0039111 -0.0249116 0.0423318 0.0314742 -0.04223 -0.0463956 -0.0379297 -0.0177601 0.0564441 0.0655617 -0.00776277 -0.0312395 0.0623759 0.0316308 -0.0243267 0.0326795 0.0249824 -0.0805869 0.0498016 0.0381363 0.0118293 0.0228463 0.0383632 -0.0514928 -0.00275629 0.0720372
internal_weight=1709.01 1176.06 532.949 275.822 900.237 853.009 687.333 101.124 431.825 332.873 122.039 88.7118 153.783 47.2285 87.3197 34.7193 98.9522 165.676 37.5011 70.4297 28.4822 45.2151 66.4782 60.2296 32.474 287.658
internal_count=7148 4869 2279 1173 3696 3495 2827 420 1859 1439 510 366 663 201 362 148 420 668 161 300 120 192 284 246 136 1247
is_linear=0
shrinkage=0.05


Tree=2
num_leaves=27
num_cat=0
split_feature=15 1 23 25 2 9 10 15 14 0 10 24 7 2 16 17 23 2 25 22 10 17 17 28 10 28
split_gain=549.868 168.513 136.227 109.888 73.674 65.8841 115.597 58.3583 52.1476 37.8072 36.088 32.6945 30.8409 23.5582 21.5244 20.0035 19.9175 14.1601 13.4385 11.0261 8.59948 8.09293 5.58696 4.84634 4.05115 1.98897
threshold=1.0000000180025095e-35 10.500000000000002 1.5000000000000002 1.0000000180025095e-35 23.500000000000004 0.49655000000000005 23.500000000000004 6.5000000000000009 0.42515000000000008 4229.8950000000013 48.500000000000007 10.500000000000002 4.5000000000000009 22.500000000000004 2.5000000000000004 114109.08000000002 2.5000000000000004 18.500000000000004 9.5000000000000018 1.5000000000000002 48.500000000000007 2732.3750000000005 107460.675 2.5000000000000004 632.50000000000011 20.500000000000004
decision_type=2 2 2 2 2 2 2 2 2 2 2 2 2 2 2 2 2 2 2 2 2 2 2 2 2 2
left_child=1 3 8 -1 14 6 -5 11 13 24 -11 19 -7 17 20 -13 -9 -2 -16 -4 -3 -15 -18 -10 -6 -25
right_child=2 4 7 5 9 12 -8 16 23 10 -12 15 -14 21 18 -17 22 -19 -20 -21 -22 -23 -24 25 -26 -27
leaf_value=-0.09315178659646757 0.031144503366653049 -0.090171029034625691 -0.0035807433210655703 -0.066468840623476924 -0.066833623125838904 -0.016787441980198495 -0.0014301895278199528 0.074027319476279857 0.03886787353545617 -0.057193557436043013 0.031056650634977506 0.019776690788684839 0.069616196149288642 0.015053571080537965 -0.043625856795655782 -0.016891576913309 0.032766133491373743 -0.018850021292125908 0.017041606387168635 -0.051941254517820938 -0.062415004230478556 0.070539869462230106 -0.010089380753854295 0.083888218730343592 -0.02038391224190975 0.041032308968929156
leaf_weight=35.697969764471054 134.49664628505707 49.832940191030502 17.699781164526939 76.748868301510811 21.476174801588062 12.742048889398573 519.29081875085831 33.613372549414635 13.942233979701994 13.024541914463041 48.644311383366585 98.74741293489933 38.38882140815258 9.4217488914728147 32.458303436636925 56.872225895524025 16.344535320997242 14.217374190688131 10.909874022006987 38.579596772789955 211.74025045335293 53.84327132999897 11.238943204283713 116.327178388834 9.6764779984951002 9.7333426028490049
leaf_count=143 573 200 74 312 87 53 2176 147 60 53 207 418 167 40 133 237 70 59 46 158 861 234 47 511 40 42
internal_value=-0.00370731 -0.0252888 0.0335484 -0.010144 -0.0510832 -0.00527697 -0.0100159 0.0069197 0.054025 -0.0116374 0.0110499 -0.00556473 0.0480744 0.0376978 -0.0629035 0.00626829 0.0491143 0.0261119 -0.0280652 -0.0375484 -0.0683849 0.0631443 0.0154649 0.0777967 -0.0548074 0.0813498
internal_weight=1705.71 1080.63 625.078 682.869 397.763 647.171 596.04 273.096 351.982 92.8215 61.6689 211.899 51.1309 211.979 304.941 155.62 61.1969 148.714 43.3682 56.2794 261.573 63.265 27.5835 140.003 31.1527 126.061
internal_count=7148 4478 2670 2851 1627 2708 2488 1151 1519 387 260 887 220 906 1240 655 264 632 179 232 1061 274 117 613 127 553
is_linear=0
shrinkage=0.05


Tree=3
num_leaves=23
num_cat=0
split_feature=14 1 23 25 2 12 26 2 14 10 10 16 14 19 23 22 24 19 19 7 2 11
split_gain=410.999 184.226 124.149 117.548 80.9978 75.8882 68.4636 62.5586 33.1423 28.1498 25.8576 24.4972 20.3264 18.2228 17.2935 16.455 11.5475 9.757 8.75078 3.82273 2.86327 0.279956
threshold=0.30565000000000003 10.500000000000002 2.5000000000000004 1.0000000180025095e-35 23.500000000000004 1.0000000180025095e-35 10.500000000000002 22.500000000000004 0.55680000000000007 60.500000000000007 72.500000000000014 1.0000000180025095e-35 0.68835000000000013 0.076150000000000009 1.5000000000000002 2.5000000000000004 11.500000000000002 0.10795000000000002 3.7950500000000003 4.5000000000000009 22.500000000000004 1884.5000000000002
decision_type=2 2 2 2 2 2 2 2 2 2 2 2 2 2 2 2 2 2 2 2 2 2
left_child=1 3 8 -1 10 7 -7 -5 14 -6 -3 -12 15 -11 18 -4 -16 -17 -2 -14 21 -10
right_child=2 4 12 5 9 6 -8 -9 20 13 11 -13 19 -15 16 17 -18 -19 -20 -21 -22 -23
leaf_value=-0.089098063859707879 0.059547330118451397 -0.082132725025007347 0.019966660045879766 -0.00096108668616981692 -0.057559151128415448 -0.046427099688064327 0.073255888484515572 0.034028085401864312 0.063222625059861634 -0.019971638897436764 -0.061382489420593822 -0.031446240418596859 0 0.025041271889298583 -0.020841265524646137 -0.064105883470220504 0.028870751295972292 -0.01674446218030352 0.022529475690043935 0.039376201952320847 0.082606971545681793 0.032587340773336214
leaf_weight=35.821033775806427 74.930291473865509 66.563706204295158 12.70883399248123 517.23614309728146 18.147013425827026 113.66690838336945 11.469300925731657 167.38505461812019 63.433285340666771 34.708340093493462 141.91916158795357 150.82076574862003 9.7153272032737732 55.90657065808773 14.713740512728689 22.127114832401276 37.339981347322464 24.674787849187851 25.736752524971962 14.673590168356895 79.330926954746246 9.2250030040740949
leaf_count=144 326 269 54 2169 74 467 51 715 278 144 577 622 41 238 61 90 159 103 110 63 353 40
internal_value=-0.00353325 -0.0169059 0.0415007 -0.00293582 -0.0420022 0.00107353 -0.0343991 0.00765315 0.0562567 -0.00399701 -0.053393 -0.0463112 -0.0120362 0.00763299 0.038801 -0.0276319 0.0143827 -0.0410506 0.0508039 0.0248497 0.0729996 0.0604442
internal_weight=1702.25 1313.64 388.61 845.578 468.066 809.757 125.136 684.621 304.71 108.762 359.304 292.74 83.8997 90.6149 152.721 59.5107 52.0537 46.8019 100.667 24.3889 151.989 72.6583
internal_count=7148 5470 1678 3546 1924 3402 518 2884 1327 456 1468 1199 351 382 656 247 220 193 436 104 671 318
is_linear=0
shrinkage=0.05


Tree=4
num_leaves=24
num_cat=0
split_feature=3 14 3 23 12 0 25 7 2 23 25 14 19 17 24 14 12 17 17 2 17 25 0
split_gain=575.198 293.977 155.676 118.053 88.5938 55.1846 55.0891 52.1022 35.1563 29.8075 24.8419 22.8971 19.7807 17.6716 14.1866 13.2845 13.2127 9.75191 8.45941 7.94059 7.27534 7.20092 3.1914
threshold=3.5000000000000004 0.30995000000000006 4.5000000000000009 1.5000000000000002 1.0000000180025095e-35 4595.3900000000012 1.0000000180025095e-35 4.5000000000000009 5.5000000000000009 2.5000000000000004 10.500000000000002 0.53550000000000009 4.1957000000000013 349.39000000000004 1.0000000180025095e-35 0.68835000000000013 1.0000000180025095e-35 2862.6600000000003 39988.125000000007 2.5000000000000004 4633.9700000000003 1.0000000180025095e-35 1743.5550000000003
decision_type=2 2 2 2 2 2 2 2 2 2 2 2 2 2 2 2 2 2 2 2 2 2 2
left_child=1 4 5 12 6 13 -1 -8 -7 10 -5 16 17 22 21 -11 19 -3 -15 -4 -10 -6 -2
right_child=2 3 11 9 14 8 7 -9 20 15 -12 -13 -14 18 -16 -17 -18 -19 -20 -21 -22 -23 -24
leaf_value=-0.086156258172567557 -0.015768348107462391 0.02122646393173469 0.024574025969764147 -0.012273729969743845 -0.076993889751711203 -0.010245080407620365 -0.043632078572903472 -0.015194901658872904 0.053556050551860468 -0.051289948511682872 0.05289019731663689 0.050870750735771797 0.0055732807292822699 0.045460165291466924 -0.078734241246657788 0.0019597410753021214 -0.065158990838372274 0.070312597095668047 0.0022771004870430715 -0.020661409670495415 0.073374301653731586 -0.030280351062525648 0.013781037761123938
leaf_weight=37.588203981518745 26.387447491288185 14.306275323033331 9.3611145466566068 35.646710872650146 11.629426106810568 14.833898559212683 247.36076982319355 470.70518173277378 110.78178723156452 40.845636323094368 21.970610380172729 9.5724974274635297 16.943586528301239 50.189603954553604 116.55495131015778 15.432539060711859 14.298411279916762 100.47916497290134 15.403356716036795 67.440217614173889 198.59066289663315 40.155260860919952 11.359520971775053
leaf_count=152 110 62 40 149 47 62 1014 1957 481 167 96 42 72 217 474 65 58 448 65 280 876 166 48
internal_value=-0.00336412 -0.0229206 0.0398434 0.025521 -0.0358359 0.0529734 -0.0283686 -0.0250989 0.0631069 -0.0116281 0.0133475 -0.015767 0.0574092 0.0204923 -0.06857 -0.0369501 -0.0238189 0.0647487 0.0358348 -0.0145371 0.0666994 -0.0434298 -0.00637822
internal_weight=1697.84 1169.62 528.219 245.625 923.994 427.546 755.654 718.066 324.206 113.895 57.6173 100.672 131.729 103.34 168.34 56.2782 91.0997 114.785 65.593 76.8013 309.372 51.7847 37.747
internal_count=7148 4869 2279 1059 3810 1859 3123 2971 1419 477 245 420 582 440 687 232 378 510 282 320 1357 213 158
is_linear=0
shrinkage=0.05


Tree=5
num_leaves=29
num_cat=0
split_feature=15 1 23 9 10 2 15 1 14 7 0 10 24 18 19 16 23 22 10 22 28 10 18 17 28 10 0 28
split_gain=436.112 134.406 111.762 60.3801 86.3 56.379 46.6051 44.1426 38.8328 35.8609 32.9528 28.9951 27.8019 20.2812 18.2144 18.1641 16.2054 10.9483 10.2325 10.1276 7.49417 6.92971 5.18186 5.1256 4.71472 4.60717 3.64093 2.20618
threshold=1.0000000180025095e-35 10.500000000000002 1.5000000000000002 0.46455000000000007 23.500000000000004 23.500000000000004 6.5000000000000009 1.5000000000000002 0.42515000000000008 4.5000000000000009 5185.5400000000009 8.5000000000000018 10.500000000000002 9044.6100000000024 0.064250000000000015 2.5000000000000004 2.5000000000000004 1.0000000180025095e-35 96.500000000000014 1.5000000000000002 6.5000000000000009 48.500000000000007 11208.525000000001 107460.675 2.5000000000000004 299.50000000000006 5185.5400000000009 20.500000000000004
decision_type=2 2 2 2 2 2 2 2 2 2 2 2 2 2 2 2 2 2 2 2 2 2 2 2 2 2 2 2
left_child=1 3 8 4 20 15 12 -6 13 -5 25 -12 19 17 -14 21 -8 -2 -15 -4 -1 -3 -17 -18 -10 -7 -11 -26
right_child=2 5 6 9 7 10 16 -9 24 26 11 -13 14 18 -16 22 23 -19 -20 -21 -22 -23 -24 -25 27 -27 -28 -29
leaf_value=-0.073166280436334302 0.039817943795773796 -0.08084682736936151 -0.0020978682442679172 -0.021996445892981723 0.041423959334753763 -0.074131966022844595 0.067109053382470515 -0.010311764209631575 0.032974312409524545 0.030914181451294973 -0.058800818822951087 0.02763483516264616 -0.01738450761206933 0.0029656176287925786 0.018186455014270953 0.0039928985054781315 0.030544371299106445 2.1480057911343917e-05 0.050984374750142836 -0.048302440942797571 -0.035805440514614949 -0.055684255055802878 -0.033813149769462668 -0.010511495798586066 0.075997643760962408 -0.029891825817495967 0.075783649883721826 0.035006335710275789
leaf_weight=51.492626458406448 24.353108137845993 48.726302936673164 17.684639990329742 15.153168603777884 42.881907016038895 11.900331825017927 32.677741885185242 502.08917586505413 13.668899103999136 11.245143860578535 9.9845071434974653 49.061346635222435 52.889615759253502 12.963775902986525 102.19081874191761 11.210209056735037 16.229416057467464 51.684104979038239 121.12133841216564 38.5369962900877 28.689519256353378 210.5366462469101 32.010913193225861 11.210283890366552 112.21828451752663 21.345186159014702 27.805147886276245 9.5250911861658079
leaf_count=211 105 200 74 63 184 48 147 2101 60 48 41 210 220 55 435 47 70 219 527 158 119 861 132 47 511 88 125 42
internal_value=-0.00321121 -0.0224469 0.0302268 -0.00889501 -0.0133326 -0.0455804 0.0060948 -0.00608599 0.0490097 0.0407608 -0.0109439 0.0114074 -0.00501026 0.0348955 0.00592456 -0.0559743 0.0441927 0.0135894 0.0465271 -0.0345118 -0.0611168 -0.0610343 -0.0240434 0.013857 0.0700115 -0.0493194 0.0652421 0.073489
internal_weight=1691.09 1074.13 616.954 679.357 625.153 394.775 271.42 544.971 345.535 54.2035 92.2914 59.0459 211.302 210.122 155.08 302.484 60.1174 76.0372 134.085 56.2216 80.1821 259.263 43.2211 27.4397 135.412 33.2455 39.0503 121.743
internal_count=7148 4478 2670 2851 2615 1627 1151 2285 1519 236 387 251 887 906 655 1240 264 324 582 232 330 1061 179 117 613 136 173 553
is_linear=0
shrinkage=0.05


Tree=6
num_leaves=27
num_cat=0
split_feature=15 1 23 25 2 9 10 15 14 7 0 10 2 17 0 2 16 23 19 25 17 10 17 10 28 28
split_gain=396.71 122.85 102.615 85.2235 51.1077 49.7609 85.2293 42.7414 36.8334 31.3211 30.0623 26.8503 22.7672 29.0212 25.0738 19.9089 16.6816 15.1028 13.5584 12.0243 7.10094 6.80934 4.70589 4.30472 4.0235 2.39113
threshold=1.0000000180025095e-35 10.500000000000002 1.5000000000000002 1.0000000180025095e-35 23.500000000000004 0.42970000000000003 23.500000000000004 6.5000000000000009 0.43330000000000007 4.5000000000000009 5185.5400000000009 60.500000000000007 23.500000000000004 73030.050000000017 3123.2650000000008 22.500000000000004 2.5000000000000004 2.5000000000000004 0.091450000000000017 9.5000000000000018 2732.3750000000005 48.500000000000007 107460.675 299.50000000000006 2.5000000000000004 20.500000000000004
decision_type=2 2 2 2 2 2 2 2 2 2 2 2 2 2 2 2 2 2 2 2 2 2 2 2 2 2
left_child=1 3 8 -1 16 6 -5 12 15 -7 23 -12 13 -4 -14 18 21 -9 -2 -18 -17 -3 -19 -6 -10 -26
right_child=2 4 7 5 10 9 -8 17 24 -11 11 -13 14 -15 -16 20 19 22 -20 -21 -22 -23 -24 -25 25 -27
leaf_value=-0.082398920623478422 0.047601983774555566 -0.078001694243771624 0.0064450256923032235 -0.05755815444662149 -0.071287232758365945 -0.018671370933297612 -0.0011258744247362102 0.064825323428140333 0.031687986638147245 0.062737683457394486 -0.04770102425971532 0.028939562474778288 -0.039034328576191733 -0.035099151970225444 0.044297238938137105 0.012196814720671674 -0.037786678547905191 0.029279362511357734 0.013345655326667356 0.019390123592163112 0.063841919058555061 -0.053175331246935187 -0.010059395894173064 -0.028532672833194619 0.073867859326921137 0.03258566641863575
leaf_weight=34.882482156157494 39.302435323596001 48.067821815609932 85.856857925653458 75.022772461175919 11.837755307555197 15.137171745300291 513.22913064062595 32.219542279839516 12.679400250315664 40.007091626524925 13.019631534814833 45.836188331246376 9.9727835208177549 78.806688830256462 36.527687072753906 9.3466241806745511 32.281405746936798 16.171952068805698 109.74829675257206 10.890716001391409 53.842016354203224 209.56511391699314 11.218083083629606 21.339248836040497 108.47045655548573 9.237519443035124
leaf_count=143 170 200 362 311 48 63 2155 147 56 179 54 197 41 326 158 40 133 70 469 46 240 861 47 88 503 41
internal_value=-0.00306144 -0.0214164 0.0289391 -0.0084627 -0.043601 -0.00419575 -0.00851056 0.00581693 0.0470435 0.0403444 -0.0105759 0.0108109 -0.00478827 -0.0135603 0.0253466 0.0335647 -0.0535356 0.0424835 0.0229554 -0.0229218 0.0569647 -0.058411 0.0132391 -0.0472578 0.0680696 0.0713102
internal_weight=1684.52 1071.12 613.4 678.279 392.838 643.396 588.252 270.774 342.627 55.1443 92.0328 58.8558 211.164 164.664 46.5005 212.239 300.805 59.6096 149.051 43.1721 63.1886 257.633 27.39 33.177 130.387 117.708
internal_count=7148 4478 2670 2851 1627 2708 2466 1151 1519 242 387 251 887 688 199 919 1240 264 639 179 280 1061 117 136 600 544
is_linear=0
shrinkage=0.05


Tree=7
num_leaves=27
num_cat=0
split_feature=3 15 3 23 12 2 0 0 0 2 15 17 24 24 17 10 10 2 2 28 2 19 17 27 18 0
split_gain=500.819 277.77 134.339 87.2961 62.8149 49.3295 47.2693 41.0505 29.2899 25.2081 23.611 21.9316 18.7206 17.4779 17.0077 14.0946 12.5567 9.31826 8.75015 8.74003 8.10631 7.84814 6.82475 6.6539 2.79013 1.69232
threshold=3.5000000000000004 1.5000000000000002 4.5000000000000009 1.5000000000000002 1.0000000180025095e-35 24.500000000000004 3492.2650000000003 7997.3750000000009 184177.36000000002 5.5000000000000009 4.5000000000000009 111970.34500000002 7.5000000000000009 33.500000000000007 326.10000000000008 72.500000000000014 8.5000000000000018 16.500000000000004 23.500000000000004 13.500000000000002 22.500000000000004 0.051450000000000003 39988.125000000007 6.5000000000000009 2132.5100000000007 3003.4500000000003
decision_type=2 2 2 2 2 2 2 2 2 2 2 2 2 2 2 2 2 2 2 2 2 2 2 2 2 2
left_child=1 4 6 12 5 8 14 -7 -1 -8 15 13 19 -5 24 -4 25 -17 -18 -3 -14 -11 -16 -13 -2 -6
right_child=2 3 10 11 16 7 9 -9 -10 21 -12 23 20 -15 22 17 18 -19 -20 -21 -22 -23 -24 -25 -26 -27
leaf_value=-0.031002396211611272 -0.022582783415660945 -0.0036076297450125931 -0.064586728666885515 -0.0062568985498834308 -0.039455308640875951 -0.031112463120365082 0 0.023673841451177482 -0.074357506499917014 0.039170968477525187 0.050136637471912049 -0.050410091396504167 0.041120843283400113 0.045887639118481642 0.042105825761379966 0.0044194310750020746 -0.050132720752426786 -0.03012863723946101 -0.0004020640453592321 0.043393870385819447 0.072967187809232587 0.065485980655690348 1.0536899693452634e-05 -0.0096524287044775468 0.0055964412069682279 -0.076468412380711503
leaf_weight=546.38547164201736 19.250536695122719 21.638678923249245 14.803759053349493 56.000322788953781 11.514167472720144 59.689650326967239 17.075720518827438 74.681587845087051 41.812391847372055 46.486891806125641 10.633189335465429 26.344907268881798 49.637674435973167 20.207994684576988 44.191780135035515 37.383642017841339 50.236442983150482 36.935631796717644 11.177364602684973 15.298048898577688 59.166794344782829 268.06359057128429 12.767322838306425 18.317126154899597 13.060505986213682 93.896613478660583
leaf_count=2264 80 93 61 237 49 247 72 317 170 201 48 108 222 88 193 158 208 153 47 68 280 1204 54 77 55 394
internal_value=-0.002922 -0.0212609 0.0377023 0.0233538 -0.0346686 -0.0281174 0.0500268 -0.000689069 -0.0343428 0.0587084 -0.0141607 -0.00796619 0.0491529 0.00826217 0.0170865 -0.0228737 -0.0623151 -0.012959 -0.0415375 0.0168311 0.0595333 0.0619006 0.0331603 -0.0350387 -0.0112387 -0.0733285
internal_weight=1676.66 1156.01 520.653 266.612 889.394 722.569 420.896 134.371 588.198 331.626 99.7562 120.87 145.741 76.2083 89.2701 89.123 166.825 74.3193 61.4138 36.9367 108.804 314.55 56.9591 44.662 32.311 105.411
internal_count=7148 4869 2279 1173 3696 2998 1859 564 2434 1477 420 510 663 325 382 372 698 311 255 161 502 1405 247 185 135 443
is_linear=0
shrinkage=0.05


Tree=8
num_leaves=23
num_cat=0
split_feature=3 16 22 3 1 10 0 2 1 2 1 2 0 7 2 14 14 1 0 10 24 18
split_gain=455.741 209.111 137.355 122.998 62.2493 53.7559 43.8645 40.4508 38.2175 31.2246 33.3457 28.833 21.7729 16.7974 16.6834 16.1381 12.4896 11.4224 9.56029 6.39007 2.70378 1.25648
threshold=3.5000000000000004 1.5000000000000002 1.0000000180025095e-35 4.5000000000000009 1.5000000000000002 40.500000000000007 4595.3900000000012 24.500000000000004 1.5000000000000002 24.500000000000004 3.5000000000000004 5.5000000000000009 134509.42500000002 4.5000000000000009 3.5000000000000004 0.41740000000000005 0.10025000000000002 10.500000000000002 1554.5050000000003 72.500000000000014 7.5000000000000009 17721.900000000005
decision_type=2 2 2 2 2 2 2 2 2 2 2 2 2 2 2 2 2 2 2 2 2 2
left_child=1 4 13 6 18 21 14 -7 -5 12 -11 -8 -6 -3 -2 19 -16 -13 -1 -10 -15 -4
right_child=3 2 5 8 9 7 11 -9 15 10 -12 17 -14 20 16 -17 -18 -19 -20 -21 -22 -23
leaf_value=0.048531004652653059 0.056437361289213041 -0.0014204964354689225 -0.030834756760337947 0.063137240249340434 -0.043833464329660683 -0.010516717281892851 -0.009180410235919003 0.028150974029809313 -0.063474312355206355 0.018211865895021034 -0.038218714813914284 0.066365690813667735 -0.074758104734297351 0.034069373666630084 -0.014742592104469009 0.026930073939985338 0.024066180847793106 0.04047863254083274 -0.0040540004103991325 -0.025075925732511235 0.074471692214922586 -0.067309104452712487
leaf_weight=18.302214667201042 21.219342723488808 8.9649204164743406 9.4968327879905683 12.112643823027609 415.9079569876194 311.69540598988533 14.789430722594259 84.188810989260674 13.945289582014082 38.350341871380806 73.367650270462036 229.22005718946457 72.006652668118477 10.929841414093969 33.627665191888809 11.065654709935187 47.455946683883667 70.681091859936714 13.983489871025084 62.336236417293549 61.911059200763702 31.711068376898766
leaf_count=79 93 38 40 54 1727 1317 62 367 58 163 305 1042 301 48 141 49 206 315 59 259 293 132
internal_value=-0.00279284 -0.0203049 0.00320253 0.036138 -0.039573 -0.00798536 0.048016 -0.00216834 -0.0135277 -0.0432266 -0.0187798 0.0572577 -0.0487043 0.0618633 0.0189392 -0.0254462 0.00788328 0.0606063 0.026556 -0.0336658 0.0696154 -0.060951
internal_weight=1667.27 1150.82 518.898 516.453 631.918 437.092 416.994 395.884 99.4598 599.633 111.718 314.691 487.915 81.8058 102.303 87.3472 81.0836 299.901 32.2857 76.2815 72.8409 41.2079
internal_count=7148 4869 2235 2279 2634 1856 1859 1684 420 2496 468 1419 2028 379 440 366 347 1357 138 317 341 172
is_linear=0
shrinkage=0.05


Tree=9
num_leaves=21
num_cat=0
split_feature=14 25 1 23 1 12 10 0 14 9 18 22 14 23 22 25 17 11 9 28
split_gain=250.481 130.796 117.748 89.7613 53.3212 44.1681 42.0706 27.4424 24.2372 22.7289 16.5451 17.1796 15.7088 14.8646 14.1077 7.20256 4.85661 0.698226 0.244733 0.218083
threshold=0.30565000000000003 1.0000000180025095e-35 10.500000000000002 2.5000000000000004 1.5000000000000002 1.0000000180025095e-35 48.500000000000007 16788.110000000004 0.55680000000000007 1.0000000180025095e-35 3742.7300000000005 1.5000000000000002 0.68835000000000013 1.5000000000000002 2.5000000000000004 6.5000000000000009 107460.675 1943.5000000000002 0.062300000000000001 2.5000000000000004
decision_type=2 2 2 2 2 2 2 2 2 2 2 2 2 2 2 2 2 2 2 2
left_child=1 -1 4 8 9 -6 18 -8 10 -3 11 -2 14 -12 -5 -16 -14 19 -4 -10
right_child=3 2 6 12 5 -7 7 -9 17 -11 13 -13 16 -15 15 -17 -18 -19 -20 -21
leaf_value=-0.080850095124505639 0.03473014196187172 0.057136660970181642 -0.06988952743100138 0.01849607469236755 0.0033107310097907567 -0.030487120869268809 -0.032552782544643534 -0.0023996061879643094 0.036983954349378234 -0.016107627191212597 0.053875795160896391 -0.035025060509864606 0.039471841599494309 0.015789531747915791 -0.004049863098929898 -0.049755638943162935 -0.002971032501875161 0.031682336097555774 -0.040147664755613578 0.065045613154155732
leaf_weight=65.576698184013367 15.396013498306276 55.265244528651237 56.541926011443138 12.5357179492712 617.4721647053957 112.49974043667316 245.12449896335602 110.17399640381336 11.655730366706846 11.820370137691496 72.54616716504097 15.910239711403845 12.821142807602884 43.740946888923645 12.495832085609434 33.826285660266876 11.138757586479185 9.4195127785205823 12.601838171482084 119.06670200824738
leaf_count=276 68 241 243 54 2626 485 1024 471 53 50 333 67 57 188 53 140 47 43 54 575
internal_value=-0.00266022 -0.013099 -0.00932733 0.0334465 0.0020017 -0.00195344 -0.0305351 -0.0232964 0.046584 0.0439937 0.0315878 -0.000394557 -0.0121016 0.0401435 -0.0258375 -0.0383109 0.0206465 0.0616405 -0.0658905 0.0632139
internal_weight=1657.63 1287.08 1221.5 370.553 797.058 729.972 424.442 355.298 287.735 67.0856 147.593 31.3063 82.8177 116.287 58.8578 46.3221 23.9599 140.142 69.1438 130.722
internal_count=7148 5470 5194 1678 3402 3111 1792 1495 1327 291 656 135 351 521 247 193 104 671 297 628
is_linear=0
shrinkage=0.05


Tree=10
num_leaves=26
num_cat=0
split_feature=3 15 3 23 1 16 1 25 10 19 17 17 15 15 3 1 2 1 2 23 1 11 2 10 19
split_gain=410.466 224.343 111.497 79.755 51.2317 42.5285 33.1846 32.0542 35.1901 28.1338 24.5926 18.6385 17.6143 16.2729 15.3665 14.878 10.5313 10.1589 10.6619 6.24984 5.17297 5.17011 4.82357 4.37054 1.99673
threshold=3.5000000000000004 1.0000000180025095e-35 4.5000000000000009 1.5000000000000002 1.0000000180025095e-35 4.5000000000000009 1.5000000000000002 1.0000000180025095e-35 77.500000000000014 0.051450000000000003 107460.675 1058.6050000000002 1.0000000180025095e-35 6.5000000000000009 1.5000000000000002 10.500000000000002 24.500000000000004 9.5000000000000018 23.500000000000004 1.5000000000000002 3.5000000000000004 611.50000000000011 24.500000000000004 789.50000000000011 0.11090000000000001
decision_type=2 2 2 2 2 2 2 2 2 2 2 2 2 2 2 2 2 2 2 2 2 2 2 2 2
left_child=1 4 9 5 21 14 -4 -6 -9 17 13 15 23 -5 -3 -11 -12 20 -19 -14 -2 -1 -7 -8 -13
right_child=2 3 6 10 7 22 12 8 -10 11 16 24 19 -15 -16 -17 -18 18 -20 -21 -22 -23 -24 -25 -26
leaf_value=0.0026361124309046144 0.012422203539028363 0.034199097286497789 0.059338620971483805 -0.0082654062021686372 -0.075758305160854078 0.039389859923847123 -0.04507177848997454 -0.057298703573989279 -0.028593349471707399 0.043787388698534026 -0.045072456004487213 0.03801411652656491 0.031370472875864676 0.038651630662959013 -0.0028759915462492607 -0.0033101994231724908 0.0066671198474088315 -0.023741882546806023 0.031592129485670604 -0.012960444434063351 0.043439371592240685 0.047532143700277883 0.066840202214741282 -0.0063287552803477157 0.063034980937270585
leaf_weight=11.241496041417124 24.165127873420715 42.10840830206871 11.84889432787895 88.405985206365585 51.509762361645699 44.740603297948837 48.807364702224731 137.35328076779842 531.93154498934746 64.392191424965858 56.659389346837997 22.211598441004753 13.053420305252077 21.214807569980621 74.368527725338936 21.562923550605774 10.854825362563131 19.407126098871231 12.653001829981802 14.779663890600203 41.066022738814354 15.633309856057165 53.976716384291649 10.062235370278357 206.06167285144329
leaf_count=48 104 183 54 370 223 205 204 593 2214 289 234 101 58 96 316 92 46 81 55 62 180 68 273 42 957
internal_value=-0.0025385 -0.0192199 0.0346541 0.011344 -0.0352588 0.0316833 -0.0128271 -0.0378053 -0.0346524 0.0460562 -0.0133875 0.0533623 -0.0239176 0.00125468 0.0107939 0.0320521 -0.0366575 0.0217588 -0.00103716 0.00820435 0.032809 0.0305822 0.0555277 -0.0390395 0.0609951
internal_weight=1650.07 1140 510.071 392.329 747.669 215.194 98.5516 720.795 669.285 411.52 177.135 314.228 86.7027 109.621 116.477 85.9551 67.5142 97.2913 32.0601 27.8331 65.2312 26.8748 98.7173 58.8696 228.273
internal_count=7148 4869 2279 1723 3146 977 420 3030 2807 1859 746 1439 366 466 499 381 280 420 136 120 284 116 478 246 1058
is_linear=0
shrinkage=0.05


Tree=11
num_leaves=27
num_cat=0
split_feature=3 15 3 1 23 2 1 12 1 19 7 21 15 15 3 24 24 1 2 20 23 24 1 17 2 17
split_gain=374.365 204.697 102.093 79.0307 60.7672 57.0617 50.5879 34.3235 30.5817 26.2543 23.9013 21.3836 17.5967 16.1089 11.5225 9.95118 9.85304 9.26453 9.75921 6.79715 5.74429 5.52691 4.73964 4.62334 4.29914 3.23408
threshold=3.5000000000000004 2.5000000000000004 4.5000000000000009 1.5000000000000002 2.5000000000000004 24.500000000000004 3.5000000000000004 1.0000000180025095e-35 1.5000000000000002 0.051450000000000003 4.5000000000000009 131067.50000000001 6.5000000000000009 1.0000000180025095e-35 1.5000000000000002 24.500000000000004 17.500000000000004 9.5000000000000018 23.500000000000004 0.058250000000000003 1.5000000000000002 6.5000000000000009 3.5000000000000004 107460.675 15.500000000000002 77063.795000000013
decision_type=2 2 2 2 2 2 2 2 2 2 2 2 2 2 2 2 2 2 2 2 2 2 2 2 2 2
left_child=1 3 9 10 12 7 -7 -5 -4 17 -1 24 16 21 -12 -6 -3 22 -19 -13 -15 -10 -2 -17 -11 -14
right_child=2 4 8 5 15 6 -8 -9 13 11 14 19 25 20 -16 23 -18 18 -20 -21 -22 -23 -24 -25 -26 -27
leaf_value=-0.034320314631712937 0.011864754664556889 0.0099019020858150675 0.057469136698937023 -0.0324359814927569 -0.045979529419316191 0.0302195097939576 -0.025722985492821815 -0.061651396720375951 -0.057424108477486892 0.041097941915941523 0.063146929657008188 0.0026136624418470009 0.066421820962755937 0.03015327777122458 0.0026305815657840072 0.021421135226823033 0.046570955630431163 -0.022673609103987871 0.030312012571093946 0.043013053451320907 -0.012388136582880585 -0.023142046140335958 0.041626950361706078 -0.018998806094578019 0.060778825828187014 0.029359624831951498
leaf_weight=9.4202317148447019 24.130337774753571 46.781408607959747 11.691669225692747 591.9750339537859 20.603999555110931 61.446500107645988 109.18591400980949 125.15751232206821 21.511627584695816 58.94892705976963 30.06593818962574 29.126839980483055 59.530259802937508 12.98384875059128 11.125634521245955 11.386986926198007 30.82854937016964 19.399821802973747 12.613455191254614 14.995441883802412 14.781670704483984 37.035398334264755 40.805053398013115 13.003387987613676 207.02651725709438 12.922397613525389
leaf_count=39 104 206 54 2475 85 265 460 550 90 269 133 125 306 58 47 49 139 81 55 67 62 156 180 54 978 61
internal_value=-0.00240964 -0.0183644 0.0333074 -0.0280535 0.0280089 -0.0315345 -0.00540288 -0.037706 -0.0122267 0.0443013 0.0316934 0.0514315 0.0431859 -0.0228685 0.047912 -0.0220793 0.0253974 0.0208151 -0.000948099 0.0178304 0.00785871 -0.0373841 0.0314015 0 0.0567935 0.0609121
internal_weight=1638.48 1133.43 505.051 938.377 195.057 887.765 170.632 717.133 98.0042 407.046 50.6118 310.098 150.063 86.3125 41.1916 44.9944 77.61 96.9487 32.0133 44.1223 27.7655 58.547 64.9354 24.3904 265.975 72.4527
internal_count=7148 4869 2279 3969 900 3750 725 3025 420 1859 219 1439 712 366 180 188 345 420 136 192 120 246 284 103 1247 367
is_linear=0
shrinkage=0.05


Tree=12
num_leaves=26
num_cat=0
split_feature=3 15 3 23 15 10 26 24 19 24 21 2 7 15 3 2 10 7 2 2 10 22 2 24 11
split_gain=341.537 191.256 93.692 70.2536 35.2644 34.5525 38.4558 32.6867 24.5544 23.875 20.0083 18.7029 18.5395 17.4245 13.3608 12.1126 11.1613 8.69593 7.22881 9.80348 6.45762 5.29561 4.15584 1.00808 0.475797
threshold=3.5000000000000004 1.0000000180025095e-35 4.5000000000000009 1.5000000000000002 2.5000000000000004 40.500000000000007 10.500000000000002 19.500000000000004 0.051450000000000003 8.5000000000000018 131067.50000000001 24.500000000000004 4.5000000000000009 4.5000000000000009 1.5000000000000002 22.500000000000004 72.500000000000014 3.5000000000000004 24.500000000000004 17.500000000000004 556.50000000000011 1.0000000180025095e-35 15.500000000000002 18.500000000000004 595.50000000000011
decision_type=2 2 2 2 2 2 2 2 2 2 2 2 2 2 2 2 2 2 2 2 2 2 2 2 2
left_child=1 5 8 4 15 6 -1 11 18 24 22 -7 -11 16 -9 -3 -4 -18 19 -2 -12 -6 -10 -20 -5
right_child=2 3 13 9 21 7 -8 14 10 12 20 -13 -14 -15 -16 -17 17 -19 23 -21 -22 -23 -24 -25 -26
leaf_value=-0.063751179529939583 0.019093788235211403 0.00016529608196716713 -0.057137342982826113 -0.03070288746293684 0.0657045105348118 -0.039949461778485899 0.035100083595259401 0.007548057934270146 0.039479662890745101 -0.028611502433037696 0.0024890033743089203 -0.012470701803420494 0.0087326667550355602 0.044698318937204398 -0.019848766538222092 0.038214559183546881 -0.034555114203457728 0.0013325461178862385 0.04799006344601231 -0.027796645538824466 0.042098256354123231 0.038413533229180667 0.058819383675486114 0.019431513412878781 -0.059951155827599759
leaf_weight=119.1690581291914 55.696837812662125 82.743700787425041 14.131600424647329 12.048034191131594 42.859851121902466 345.55322754383087 9.3278420269489271 69.48081111907959 58.393260136246681 47.657589182257652 29.411130219697952 79.557944819331169 98.189489662647247 10.129943072795866 115.82011552155018 26.245661750435829 22.953064352273941 50.22416315972805 18.784821212291721 11.817554265260695 14.586590841412542 59.617976650595665 203.38648234307766 10.276364773511885 18.298114165663719
leaf_count=535 242 350 61 50 230 1454 40 296 269 200 127 333 421 48 488 116 96 215 83 50 65 281 978 45 75
internal_value=-0.00228519 -0.0175478 0.0320309 0.0108397 0.0301586 -0.0324436 -0.0560708 -0.0272867 0.0426485 -0.012369 0.0496185 -0.0349128 -0.0036244 -0.0116875 -0.0095517 0.00994152 -0.0191961 -0.0104109 0.0199196 0.0101787 0.0170976 0.0509626 0.0548754 0.0401148 -0.0512645
internal_weight=1626.36 1126.57 499.792 387.66 211.467 738.909 128.497 610.412 402.353 176.193 305.777 425.111 145.847 97.4388 185.301 108.989 87.3088 73.1772 96.5756 67.5144 43.9977 102.478 261.78 29.0612 30.3461
internal_count=7148 4869 2279 1723 977 3146 575 2571 1859 746 1439 1787 621 420 784 466 372 311 420 292 192 511 1247 128 125
is_linear=0
shrinkage=0.05


Tree=13
num_leaves=25
num_cat=0
split_feature=3 15 3 15 1 0 1 12 2 16 1 2 2 17 15 1 15 10 0 29 21 11 0 17
split_gain=311.662 174.058 86.1902 59.5859 42.3184 37.9423 33.0167 32.2586 27.8868 27.8044 27.6192 21.2428 15.3487 14.8487 14.1858 12.836 11.8932 8.43343 5.82734 4.67952 4.34599 3.98051 2.63888 0.561339
threshold=3.5000000000000004 1.0000000180025095e-35 4.5000000000000009 6.5000000000000009 1.0000000180025095e-35 3492.2650000000003 1.5000000000000002 1.0000000180025095e-35 24.500000000000004 4.5000000000000009 1.5000000000000002 5.5000000000000009 3.5000000000000004 77063.795000000013 1.0000000180025095e-35 10.500000000000002 1.0000000180025095e-35 8.5000000000000018 1554.5050000000003 3.5000000000000004 140.50000000000003 1137.0000000000002 540.94000000000017 5025.6228947368427
decision_type=2 2 2 2 2 2 2 2 2 2 2 2 2 2 2 2 2 2 2 2 2 2 2 2
left_child=1 4 5 6 18 12 23 9 -8 -6 -4 -7 -2 22 19 -13 -14 -9 -1 -12 -16 -15 -5 -3
right_child=2 3 10 13 7 11 8 17 -10 -11 14 15 16 21 20 -17 -18 -19 -20 -21 -22 -23 -24 -25
leaf_value=0.046445407401660595 0.049520713570343586 0.062520231109617519 0.055549944025651048 0.01908973999243576 -0.031273894774578113 -0.0043700447501044603 -0.013905979183269504 -0.065418542617454625 0.024012888602764577 0.007790427573049279 -0.046038600167718768 0.058500010721389897 -0.014952153696417293 0.0307634977689316 0.032716583648427437 0.032130928671809993 0.027170327155093418 -0.036650514408796568 0 -0.014376293523597442 -0.0061434669705056196 -0.006785676499093278 0.062879938564106633 0.028970309268810515
leaf_weight=15.897861719131472 18.432504490017891 14.986307352781298 11.486273437738417 6.7094174474477759 519.70614150166512 16.829233154654503 213.94014167785645 85.447787895798683 60.469706401228905 48.691429555416107 35.905413776636124 221.7712769061327 44.70504142343998 11.50585885345936 8.999837204813959 71.76123121380806 24.132117316126823 53.663546621799469 10.759053409099577 22.051710113883018 18.591608196496964 12.87601590156555 55.579801186919212 9.3311762213706952
leaf_count=70 83 68 54 32 2191 72 905 399 269 206 152 1072 189 53 41 333 110 234 46 94 79 57 298 41
internal_value=-0.00217745 -0.0167826 0.0307923 0.0103741 -0.0310415 0.0410675 -0.00027442 -0.0333917 -0.00540061 -0.0278944 -0.0111915 0.0492325 0.0114654 0.0463671 -0.0213312 0.0523483 2.36771e-05 -0.0550686 0.0289639 -0.0350398 0.00754857 0.0115437 0.0590593 0.0532063
internal_weight=1614.23 1119.56 494.666 385.398 734.166 397.631 298.727 707.509 274.41 568.398 97.0348 310.362 87.2697 86.6711 85.5486 293.533 68.8372 139.111 26.6569 57.9571 27.5914 24.3819 62.2892 24.3175
internal_count=7148 4869 2279 1723 3146 1859 1283 3030 1174 2397 420 1477 382 440 366 1405 299 633 116 246 120 110 330 109
is_linear=0
shrinkage=0.05


Tree=14
num_leaves=24
num_cat=0
split_feature=3 16 22 3 1 10 0 25 1 25 2 2 2 7 14 16 1 3 10 10 24 18 18
split_gain=284.37 137.562 102.484 79.0853 41.2099 40.3088 35.4947 30.3696 25.5023 25.3152 24.8152 24.6733 14.6949 12.4792 10.6871 10.3157 9.77042 7.78059 5.55589 2.42288 1.88545 1.1277 0.388135
threshold=3.5000000000000004 1.5000000000000002 1.0000000180025095e-35 4.5000000000000009 1.5000000000000002 40.500000000000007 4595.3900000000012 9.5000000000000018 1.5000000000000002 1.0000000180025095e-35 24.500000000000004 5.5000000000000009 3.5000000000000004 4.5000000000000009 0.41740000000000005 2.5000000000000004 10.500000000000002 1.5000000000000002 72.500000000000014 286.50000000000006 7.5000000000000009 17721.900000000005 23742.230000000003
decision_type=2 2 2 2 2 2 2 2 2 2 2 2 2 2 2 2 2 2 2 2 2 2 2
left_child=1 4 13 6 17 21 12 -7 -5 -6 -11 -8 22 -3 18 -14 -13 19 -10 -1 -15 -4 -2
right_child=3 2 5 8 9 7 11 -9 14 10 -12 16 15 20 -16 -17 -18 -19 -20 -21 -22 -23 -24
leaf_value=0.015142527796413114 0.059070988153493091 0 -0.025783684413609051 0.053912873323784742 -0.07057719273512493 -0.0094580911193237714 -0.012907005272158118 0.022146950211154658 -0.055465799878384986 -0.036973531301431384 -0.009350187045649893 0.057177742136205939 -0.0094078140027368043 0.031877583169749403 0.022761078235743009 0.027880555815162855 0.032900661393983829 -0.0083800180226742318 -0.019406940239630691 0.055640479139794655 0.068555072176737064 -0.059316243122762791 0.026845136276654247
leaf_weight=9.3367425352335029 11.50791707634926 8.7959814965724927 9.1140470504760724 11.308553978800772 45.828086644411087 288.23519365489483 14.618880838155745 100.93998286128044 13.10200498998165 428.88843505084515 103.50065931677818 211.19610132277012 53.472436472773552 10.59937511384487 10.690054431557654 25.796191647648811 67.068305686116219 11.858917430043219 61.354844853281975 10.479641079902647 55.139541417360306 29.832363501191139 8.9656393378972989
leaf_count=41 53 38 40 54 211 1233 62 451 58 1845 440 1042 229 48 49 118 315 50 259 47 293 132 40
internal_value=-0.00206217 -0.0160329 0.0033173 0.0296337 -0.0319559 -0.00616105 0.039565 -0.00116384 -0.0106731 -0.0350101 -0.0316771 0.0483173 0.0133219 0.0566291 -0.0204061 0.0029913 0.0516386 0.0222686 -0.0271679 0.0401551 0.0639048 -0.053356 0.0490488
internal_weight=1601.63 1112.55 502.656 489.081 609.892 428.122 392.625 389.175 96.4555 578.217 532.389 292.883 99.7422 74.5349 85.1469 79.2686 278.264 31.6753 74.4568 19.8164 65.7389 38.9464 20.4736
internal_count=7148 4869 2235 2279 2634 1856 1859 1684 420 2496 2285 1419 440 379 366 347 1357 138 317 88 341 172 93
is_linear=0
shrinkage=0.05


Tree=15
num_leaves=23
num_cat=0
split_feature=3 15 3 2 1 1 0 25 10 1 0 10 2 2 15 1 25 15 24 0 14 0
split_gain=259.766 148.959 72.6856 52.2059 44.1221 36.2939 33.0883 30.9224 29.2984 23.5742 22.2459 21.3631 18.4769 13.19 12.5417 11.7779 11.1798 6.81104 5.43294 5.23329 1.84705 0.30937
threshold=3.5000000000000004 1.0000000180025095e-35 4.5000000000000009 24.500000000000004 1.5000000000000002 1.0000000180025095e-35 3492.2650000000003 1.0000000180025095e-35 77.500000000000014 1.5000000000000002 2000.1100000000004 40.500000000000007 5.5000000000000009 3.5000000000000004 1.0000000180025095e-35 10.500000000000002 7.5000000000000009 5.5000000000000009 6.5000000000000009 1554.5050000000003 0.41740000000000005 964.00500000000011
decision_type=2 2 2 2 2 2 2 2 2 2 2 2 2 2 2 2 2 2 2 2 2 2
left_child=1 5 6 4 21 19 13 -7 -9 -4 -5 -6 -8 -2 18 -14 -15 -12 -11 -1 -16 -3
right_child=2 3 9 10 11 7 12 8 -10 14 17 -13 15 16 20 -17 -18 -19 -20 -21 -22 -23
leaf_value=0.04385488161179351 0.046122899685821193 0.063977168025307549 0.052367124501551544 -0.013524629176156065 -0.057119544033000062 -0.069486822327582631 -0.0039620092996210995 -0.049254016846075374 -0.022349239584631003 -0.052414426621201965 0.032631614941683124 -0.0037763592569823121 0.055002421962849594 -0.0094563053860345636 -0.0021393119128831953 0.029549747531752154 0.040555044310456145 0.064112645478836175 -0.018739718861478915 0 0.022634697827021721 0.030764051777746715
leaf_weight=15.695149660110475 18.078150421380997 18.653576612472538 11.123973965644835 15.443486481904982 18.526862546801567 47.372061461210251 16.827224180102348 127.8337160050869 522.68226854503155 20.883207768201828 44.265608608722687 232.20510798692703 213.41912324726582 56.81892466545105 17.313765510916713 70.600694060325623 11.795636177062987 43.67865464091301 36.394489169120789 10.733133882284163 10.162085890769957 8.769750237464903
leaf_count=70 83 87 54 68 78 223 72 593 2214 90 198 1001 1072 244 73 333 55 251 156 46 47 40
internal_value=-0.0019613 -0.0153286 0.0285341 0.00990276 -0.00140725 -0.028624 0.0381441 -0.0308218 -0.0277864 -0.0101932 0.0398755 -0.00817834 0.0459615 0.0104781 -0.0195375 0.0489613 0 0.0494562 -0.0325403 0.027146 0.00759832 0.0565089
internal_weight=1589.28 1105.86 483.417 381.543 278.155 724.316 387.54 697.888 650.516 95.8775 103.388 250.732 300.847 86.6927 84.7535 284.02 68.6146 87.9443 57.2777 26.4283 27.4759 27.4233
internal_count=7148 4869 2279 1723 1206 3146 1859 3030 2807 420 517 1079 1477 382 366 1405 299 449 246 116 120 127
is_linear=0
shrinkage=0.05


Tree=16
num_leaves=26
num_cat=0
split_feature=3 15 3 23 12 2 0 0 0 2 22 15 10 2 15 16 10 24 7 2 17 17 0 11 18
split_gain=237.294 136.609 66.8225 50.6887 47.3335 37.3774 40.2954 32.282 30.9969 21.7255 13.8633 13.5308 13.3566 12.8432 12.0478 10.1094 9.63065 8.56725 7.30363 6.99672 5.71785 3.91422 2.58283 1.83528 0.508002
threshold=3.5000000000000004 2.5000000000000004 4.5000000000000009 2.5000000000000004 1.0000000180025095e-35 24.500000000000004 4034.4300000000003 184177.36000000002 4595.3900000000012 5.5000000000000009 1.5000000000000002 4.5000000000000009 8.5000000000000018 3.5000000000000004 1.0000000180025095e-35 9.5000000000000018 72.500000000000014 24.500000000000004 3.5000000000000004 23.500000000000004 4633.9700000000003 107460.675 3003.4500000000003 1105.5000000000002 23742.230000000003
decision_type=2 2 2 2 2 2 2 2 2 2 2 2 2 2 2 2 2 2 2 2 2 2 2 2 2
left_child=1 4 8 10 5 7 -7 -1 13 -10 23 16 22 24 -15 -12 -4 -5 -18 -14 -11 -19 -6 -3 -2
right_child=2 3 11 17 12 6 -8 -9 9 20 15 -13 19 14 -16 -17 18 21 -20 -21 -22 -23 -24 -25 -26
leaf_value=-0.019493658996907484 0.056024630154298184 0.064270527322848325 -0.052420598310332869 -0.043673724844866112 -0.027293012811963807 -0.030243254299965522 0.02430284107950418 -0.063558155407261924 -0.012151717562512382 0.036991016320504895 0.012068294692582983 0.040811456564733659 -0.035565192023079381 -0.0117758531598137 0.027764669462365894 0.048144477033539308 -0.030594097211107497 0.019075377680382838 0.0024968000496387362 0.0071377910772382125 0.054634085182675554 -0.0182172961698845 -0.063562142380507752 0.029161392927407565 0.024324490635051172
leaf_weight=573.89033597707748 11.242536038160326 43.088731706142426 13.476472243666647 20.457550525665283 10.893147513270376 49.99017146229744 94.947731211781502 43.692383542656898 14.636506244540213 100.39416238665581 57.689207836985588 9.7147914022207242 46.287931531667709 50.645054578781128 28.321180656552315 29.826987341046333 22.612902745604515 11.271760329604151 49.45006063580513 10.764287337660788 168.32839742302895 12.94410130381584 81.95050536096096 10.89875018596649 8.8363594561815244
leaf_count=2456 53 252 61 85 52 210 408 186 62 481 261 48 209 215 132 148 96 49 215 47 876 54 401 51 40
internal_value=-0.00186479 -0.0146594 0.0274798 0.0241622 -0.0226273 -0.0174705 0.00526585 -0.0228223 0.0367807 0.0451755 0.0387214 -0.00974495 -0.0482187 0.0122462 0.00261735 0.0252763 -0.0164022 -0.0214229 -0.00829766 -0.02737 0.0484016 -0.000346251 -0.0600775 0.0586564 0.045994
internal_weight=1576.25 1098.59 477.658 186.177 912.416 762.521 144.938 617.583 382.404 283.359 141.504 95.2542 149.896 99.0451 78.9662 87.5162 85.5394 44.6734 72.063 57.0522 268.723 24.2159 92.8437 53.9875 20.0789
internal_count=7148 4869 2279 900 3969 3260 618 2642 1859 1419 712 420 709 440 347 409 372 188 311 256 1357 103 453 303 93
is_linear=0
shrinkage=0.05


Tree=17
num_leaves=23
num_cat=0
split_feature=3 15 3 23 25 25 1 16 12 1 24 17 1 2 3 3 15 19 24 23 19 17
split_gain=216.873 127.807 61.6484 58.489 50.9659 34.606 33.2658 27.5585 25.8854 21.3543 20.2528 17.9524 16.0653 36.8584 13.2223 12.0248 11.0859 10.1245 5.12187 5.00779 4.0128 1.38296
threshold=3.5000000000000004 1.0000000180025095e-35 4.5000000000000009 1.5000000000000002 1.0000000180025095e-35 1.0000000180025095e-35 1.5000000000000002 4.5000000000000009 1.0000000180025095e-35 1.5000000000000002 8.5000000000000018 107460.675 10.500000000000002 22.500000000000004 1.5000000000000002 1.5000000000000002 1.0000000180025095e-35 0.11090000000000001 6.5000000000000009 1.5000000000000002 2.3967000000000005 29860.687500000004
decision_type=2 2 2 2 2 2 2 2 2 2 2 2 2 2 2 2 2 2 2 2 2 2
left_child=1 5 4 7 -2 -1 14 15 -8 -4 21 -12 17 -14 -7 -3 18 -6 -11 -18 -9 -5
right_child=2 3 9 10 12 6 8 20 -10 16 11 -13 13 -15 -16 -17 19 -19 -20 -21 -22 -23
leaf_value=-0.067703065785329211 -0.077630591686693132 0.032012373657156437 0.050744087341705379 -0.022824965019966566 0.02831518067716321 0.047282458846051645 -0.021071385364924033 0.052228699076087841 -0.047574180832810752 -0.050014972874631337 0.01002203226988075 -0.025808878838650913 -0.015634015606291633 0.046440456189957638 -0.013186622960445366 -0.0010588011108461264 0.028379523761016996 0.050926135731563939 -0.017232985803048863 -0.011629228344692622 0.013199521177146158 -0.056303444677780146
leaf_weight=46.243485331535339 7.8640088438987723 41.200209960341454 10.893207445740698 9.8395427316427249 82.352406233549118 20.52953015267849 520.22973585128784 78.210634887218475 113.80346129834652 20.49549800157547 89.927770644426346 54.315882787108421 40.62669725716114 52.974324479699135 13.563848689198492 73.718960270285606 12.687981173396112 193.33243823051453 36.113191276788712 14.615238919854162 9.7098366618156415 20.103633195161819
leaf_count=226 32 183 54 41 383 92 2218 427 553 90 392 229 177 262 57 316 58 1005 156 62 51 84
internal_value=-0.00178046 -0.0140295 0.0264641 0.00947094 0.0354921 -0.0264383 -0.0233737 0.0276149 -0.0259788 -0.00933883 -0.0116745 -0.00357039 0.0383332 0.0196296 0.0235505 0.011057 -0.0182547 0.0444604 -0.0305742 0.00728983 0.048419 -0.0477331
internal_weight=1563.35 1091.4 471.955 377.026 377.15 714.37 668.127 202.84 634.033 94.8051 174.187 144.244 369.286 93.601 34.0934 114.919 83.9119 275.685 56.6087 27.3032 87.9205 29.9432
internal_count=7148 4869 2279 1723 1859 3146 2920 977 2771 420 746 621 1827 439 149 499 366 1388 246 120 478 125
is_linear=0
shrinkage=0.05


Tree=18
num_leaves=24
num_cat=0
split_feature=15 25 1 23 9 10 24 2 23 18 8 17 16 22 9 10 24 2 22 20 20 16 14
split_gain=164.41 80.7719 63.3976 62.6483 29.5585 45.7476 26.7547 25.4911 21.1249 20.7642 16.662 14.6009 14.3717 13.1062 12.8858 12.4361 10.2056 8.90169 8.34398 8.1767 4.76871 4.16139 3.32303
threshold=1.0000000180025095e-35 1.0000000180025095e-35 10.500000000000002 1.5000000000000002 0.49655000000000005 8.5000000000000018 10.500000000000002 23.500000000000004 2.5000000000000004 9044.6100000000024 0.023950000000000003 107460.675 7.5000000000000009 1.0000000180025095e-35 0.29775000000000007 72.500000000000014 9.5000000000000018 22.500000000000004 1.5000000000000002 -0.016849999999999997 -0.21569999999999998 2.5000000000000004 0.10445000000000002
decision_type=2 2 2 2 2 2 2 2 2 2 2 2 2 2 2 2 2 2 2 2 2 2 2
left_child=1 -1 4 9 5 -3 18 15 12 13 -6 -10 -8 21 -9 -4 -15 19 -5 -11 -20 -2 -19
right_child=3 2 7 6 10 -7 8 14 11 17 -12 -13 -14 16 -16 -17 -18 22 20 -21 -22 -23 -24
leaf_value=-0.070860698136366126 0.01990179117237784 -0.046966763029740857 -0.060154172231651183 0.00014535495516356919 0.055231232538407109 0.00089912070280584564 0.0096065898453745746 -0.011453468899275688 0.01145275528858909 0.042437551554401168 -0.011168117226158654 -0.027385828933277352 0.047209719267470841 -0.01705880102951458 0.0429442700178932 -0.029895834338425575 0.021229182087343684 0.0118247906202004 -0.052275332355330939 0.011993679673048407 -0.010896143929187982 0.05952745412584886 0.059868550519616349
leaf_weight=56.707425072789192 17.71171922981739 53.337867811322212 43.700658589601517 17.146643295884132 32.728650853037834 505.519272133708 64.541904762387276 71.307364597916603 48.825184434652328 84.270231381058693 11.847921982407568 44.09039843082428 42.430615991353989 32.020772576332092 10.764367386698721 206.51371636986732 33.527188464999199 5.4839157462120047 26.388755187392235 33.71357624232769 11.787531182169912 14.937362998723982 80.401188597083092
leaf_count=276 79 263 222 74 167 2225 288 317 220 404 53 191 213 143 50 905 160 26 112 161 53 88 458
internal_value=-0.00170961 -0.0139111 -0.0103053 0.0199736 -0.000609924 -0.00380261 0.00165305 -0.0277733 0.0102367 0.0353067 0.0376466 -0.00706033 0.0252063 0.0158128 -0.00334794 -0.0356553 0.00242583 0.0444029 -0.0284612 0.0341666 -0.0409262 0.0407092 0.0572536
internal_weight=1549.7 992.427 935.72 557.277 603.434 558.857 255.211 332.286 199.888 302.066 44.5766 92.9156 106.973 98.197 82.0717 250.214 65.548 203.869 55.3229 117.984 38.1763 32.6491 85.8851
internal_count=7148 4478 4202 2670 2708 2488 1151 1494 912 1519 220 411 501 470 367 1127 303 1049 239 565 165 167 484
is_linear=0
shrinkage=0.05


Tree=19
num_leaves=23
num_cat=0
split_feature=3 16 22 3 1 10 0 1 25 2 1 2 17 17 10 1 24 16 0 1 28 18
split_gain=195.11 98.4576 81.9853 55.1453 31.8264 31.3709 28.0076 26.005 20.9217 20.2426 19.4034 18.0478 13.5831 8.45846 8.11087 7.9751 7.88219 6.56287 6.42095 5.73405 1.31436 1.02565
threshold=3.5000000000000004 1.5000000000000002 1.0000000180025095e-35 4.5000000000000009 1.5000000000000002 40.500000000000007 7809.3700000000008 1.0000000180025095e-35 1.0000000180025095e-35 24.500000000000004 1.5000000000000002 5.5000000000000009 326.10000000000008 39988.125000000007 72.500000000000014 8.5000000000000018 6.5000000000000009 2.5000000000000004 1554.5050000000003 10.500000000000002 12.500000000000002 17721.900000000005
decision_type=2 2 2 2 2 2 2 2 2 2 2 2 2 2 2 2 2 2 2 2 2 2
left_child=1 4 17 6 18 21 12 -7 -6 -10 -5 -8 15 -14 -12 -2 -16 20 -1 -13 -3 -4
right_child=3 2 5 10 8 7 11 -9 9 -11 14 19 13 -15 16 -17 -18 -19 -20 -21 -22 -23
leaf_value=0.039317061953359864 0.0087040663064401613 0.0076502394021776892 -0.022217180872994017 0.049198415168072433 -0.064277355904176381 0.056989348898686114 -0.013570433535194167 -0.0036246766597277319 -0.031782935876066086 -0.0066515786939646054 -0.051225016238689303 0.051399346668735163 0.035083100757337227 -0.0027225532123590591 -0.033236203051649781 -0.033157837318398553 0.0016939110415272835 0.06310302005736973 -0.0042284881051845779 0.030203113982521408 0.036412556782016728 -0.053748982101933213
leaf_weight=17.546148225665096 26.720629155635834 10.060562759637834 8.7486782670021039 10.650876119732855 40.282841205596924 16.583483725786209 11.976042136549948 366.57035948336124 414.49870263040066 102.05252388119698 12.72133783996105 180.31174716353416 60.171319618821144 18.429177865386009 21.733295291662216 16.789155602455139 48.479040965437889 49.192238181829453 13.643958434462546 55.34253203868866 8.9967247694730741 27.860057234764099
leaf_count=79 117 44 40 54 211 78 51 1606 1845 440 60 972 289 84 94 71 212 295 59 275 40 132
internal_value=-0.00162987 -0.0133138 0.00327018 0.0254241 -0.0270585 -0.00505175 0.0340708 -0.000692938 -0.0298255 -0.0268819 -0.00863105 0.0437165 0.0140401 0.0262473 -0.0171593 -0.00797678 -0.00960082 0.0532825 0.02086 0.0467596 0.0238723 -0.0480138
internal_weight=1539.36 1076.04 488.012 463.325 588.024 419.763 369.741 383.154 556.834 516.551 93.5846 247.63 122.11 78.6005 82.9337 43.5098 70.2123 68.2495 31.1901 235.654 19.0573 36.6087
internal_count=7148 4869 2235 2279 2634 1856 1859 1684 2496 2285 420 1298 561 373 366 188 306 379 138 1247 84 172
is_linear=0
shrinkage=0.05


Tree=20
num_leaves=22
num_cat=0
split_feature=3 15 25 3 1 23 2 1 25 13 1 19 15 21 10 24 24 3 23 22 18
split_gain=178.107 101.328 52.9493 48.7107 48.578 40.6573 38.228 41.3463 24.3254 18.739 18.0044 13.693 12.5543 11.895 8.22539 8.12937 7.65683 7.55886 5.83526 5.24637 2.71186
threshold=3.5000000000000004 2.5000000000000004 1.0000000180025095e-35 4.5000000000000009 1.5000000000000002 2.5000000000000004 24.500000000000004 3.5000000000000004 14.500000000000002 1.0000000180025095e-35 1.5000000000000002 0.11090000000000001 6.5000000000000009 131067.50000000001 72.500000000000014 17.500000000000004 39.500000000000007 1.5000000000000002 1.5000000000000002 3.5000000000000004 115557.75500000002
decision_type=2 2 2 2 2 2 2 2 2 2 2 2 2 2 2 2 2 2 2 2 2
left_child=1 4 -2 11 9 12 8 -8 -6 17 -5 18 15 -13 -12 -3 19 -1 -4 -7 -14
right_child=2 5 3 10 6 16 7 -9 -10 -11 14 13 20 -15 -16 -17 -18 -19 -20 -21 -22
leaf_value=0.055267273517662689 -0.073074221238857789 0.0061939760809752468 0.028134428592034594 0.051086817682137659 -0.029317719556550815 0.00075994008834227508 0.031573340048022647 -0.019647071981432947 0.027149639138425448 -0.028869790450773414 -0.049164436609262903 0.046927278063148718 0.056882036439602525 0.014188673924745869 -0.0063777328851143669 0.040037005542074407 0.017447293933401102 0.0033009087220105832 0.003371128311621981 -0.041051794302522135 0.019254522753351301
leaf_weight=29.209437444806099 11.595598161220549 45.258244648575783 77.087061032652855 10.206960156559942 657.89177788794041 9.606248274445532 60.098101422190666 105.74099636077881 17.966093808412552 9.878086179494856 11.927917212247847 207.84595562517643 50.555969387292862 35.544535249471664 67.073695734143257 29.190341234207153 9.3942184746265394 9.903130501508711 36.272580474615097 25.305317610502243 9.1683012545108777
leaf_count=135 50 206 361 53 2947 41 265 460 78 42 57 1133 321 166 292 139 41 42 167 106 46
internal_value=-0.00155524 -0.0127307 0.0244784 0.0273521 -0.0196254 0.0214579 -0.0224614 -0.000870778 -0.0277262 0.0278724 -0.00550033 0.0355799 0.0350732 0.0423415 -0.0140157 0.0202945 -0.0192916 0.0431535 0.0204932 -0.0298582 0.0520789
internal_weight=1526.72 1069.17 457.554 445.959 890.688 178.479 841.697 165.839 675.858 48.9907 89.2086 356.75 134.173 243.39 79.0016 74.4486 44.3058 39.1126 113.36 34.9116 59.7243
internal_count=7148 4869 2279 2229 3969 900 3750 725 3025 219 402 1827 712 1299 349 345 188 177 528 147 367
is_linear=0
shrinkage=0.05


Tree=21
num_leaves=20
num_cat=0
split_feature=3 15 25 23 3 25 10 26 1 0 15 2 1 22 15 18 2 10 2
split_gain=162.371 93.3233 48.986 47.1685 44.8965 30.2341 28.7468 32.2176 27.2396 23.3441 20.2687 17.0634 16.7416 15.6836 16.8505 12.4206 9.72883 7.73422 1.64449
threshold=3.5000000000000004 1.0000000180025095e-35 1.0000000180025095e-35 1.5000000000000002 4.5000000000000009 1.0000000180025095e-35 40.500000000000007 10.500000000000002 1.5000000000000002 4595.3900000000012 4.5000000000000009 5.5000000000000009 1.5000000000000002 1.0000000180025095e-35 6.5000000000000009 9044.6100000000024 3.5000000000000004 72.500000000000014 6.5000000000000009
decision_type=2 2 2 2 2 2 2 2 2 2 2 2 2 2 2 2 2 2 2
left_child=1 5 -2 10 9 -1 7 -7 -8 16 15 -11 -6 -5 -15 -3 -4 -14 -12
right_child=2 3 4 13 12 6 8 -9 -10 11 18 -13 17 14 -16 -17 -18 -19 -20
leaf_value=-0.063520620264341576 -0.070856780414104509 -0.0043232325876516693 0.042101909181015473 0.03725780001550915 0.049826376115948097 -0.052865972658877949 0.030645629772605033 0.038298451380877424 -0.018076467838196813 -0.010238620187225598 0.015923077273146607 0.045055150431241919 -0.047835381371047869 -0.023311550813303872 0.017032208231719605 0.025929214141765817 0.0034631077878911399 -0.006071062015054465 0.052808466751671279
leaf_weight=41.686623871326447 11.427377894520758 54.440801113843918 19.35302060842514 13.519769713282583 9.9978304058313352 94.67218941450119 28.433244481682777 9.2118681967258436 520.258215457201 13.772153601050375 6.3593608587980262 245.09215706586838 11.707553490996359 128.20216216146946 30.460027039051056 83.833020210266113 73.629447296261787 67.040623664855957 50.752401188015938
leaf_count=226 50 238 93 60 53 495 127 40 2258 59 34 1343 57 544 142 376 332 292 329
internal_value=-0.00147385 -0.0121616 0.0235534 0.00816181 0.0263338 -0.0229284 -0.020134 -0.0441169 -0.0154314 0.0343149 0.0248775 0.0420191 -0.00525695 -0.0108169 -0.0153885 0.0140552 0.0123277 -0.0134351 0.0495482
internal_weight=1513.85 1061.83 452.02 367.568 440.593 694.262 652.576 103.884 548.691 351.847 195.386 258.864 88.746 172.182 158.662 138.274 92.9825 78.7482 57.1118
internal_count=7148 4869 2279 1723 2229 3146 2920 535 2385 1827 977 1402 402 746 686 614 425 349 363
is_linear=0
shrinkage=0.05


Tree=22
num_leaves=28
num_cat=0
split_feature=15 23 16 26 10 23 0 24 18 23 19 22 16 22 10 24 28 14 22 24 19 16 28 19 20 24 11
split_gain=125.137 52.3101 38.8913 38.3294 47.0909 37.6706 24.493 22.6634 18.3218 17.8966 14.7856 13.0162 12.4944 11.6496 10.5067 8.61376 7.78314 7.8972 7.58516 7.46555 4.60903 3.46847 3.24014 3.07036 2.92879 2.29542 0.282854
threshold=1.0000000180025095e-35 1.5000000000000002 2.5000000000000004 10.500000000000002 27.500000000000004 1.5000000000000002 6394.4000000000005 10.500000000000002 9044.6100000000024 2.5000000000000004 0.11715000000000002 2.5000000000000004 7.5000000000000009 1.0000000180025095e-35 166.50000000000003 9.5000000000000018 3.5000000000000004 0.07085000000000001 1.5000000000000002 7.5000000000000009 0.39200000000000007 2.5000000000000004 6.5000000000000009 0.92470000000000008 -0.24114999999999995 31.500000000000004 358.00000000000006
decision_type=2 2 2 2 2 2 2 2 2 2 2 2 2 2 2 2 2 2 2 2 2 2 2 2 2 2 2
left_child=2 8 3 4 22 19 -6 18 13 12 25 -11 -9 21 -12 -15 23 -18 -3 -4 -20 -2 -1 -10 -21 -7 -5
right_child=1 7 5 26 6 10 -8 9 16 11 14 -13 -14 15 -16 -17 17 -19 20 24 -22 -23 -24 -25 -26 -27 -28
leaf_value=-0.058124216943563817 0.018890062609381517 0.00043861126160774457 0.0045945017378235808 0.058616359867922588 -0.02291475205171507 -0.039010517387035426 -0.0039333803082434596 0.0085022214040329242 0.026186720280238288 0.019941472651977328 -0.024843194661568202 -0.019607090196989023 0.044137260980579032 -0.016742749157469702 0.022019599476963532 0.018792574258032421 -0.00029281252766120394 0.047974253857800603 -0.051414183643495814 0.056712086619559759 -0.011752662350523579 0.05638116968076972 -0.034259314746574038 -0.0058133954304367963 0.025784379780122709 -0.0097527107747015125 0.025849981384318377
leaf_weight=62.900512665510178 17.427469551563266 16.94646093249321 14.030076637864111 11.550892025232317 347.33832187950611 29.614018335938454 335.79916939139366 63.411930605769157 19.872843325138096 28.596314013004303 15.340292900800703 62.745542198419571 40.538863644003868 31.602541521191597 36.373746231198311 32.556857913732529 8.4971242696046811 155.12885110080242 24.164193972945213 33.166620507836342 13.237375319004057 13.463168680667875 37.627600505948067 9.7748309075832349 18.802416399121284 11.894510135054587 7.7823761999607077
leaf_count=346 79 74 65 70 1548 129 1553 288 99 130 75 281 213 143 170 160 38 863 104 151 61 88 192 49 92 52 35
internal_value=-0.00140676 0.0178593 -0.0122032 -0.0166788 -0.0184475 0.0102331 -0.0136377 0.00102678 0.0322916 0.00904423 -0.01013 -0.00695654 0.0230644 0.0137623 0.00752478 0.00116104 0.0411187 0.0454341 -0.0269039 0.0385946 -0.0389398 0.0379688 -0.0501317 0.0156197 0.0470779 -0.0316901 0.0495554
internal_weight=1500.18 537.964 962.221 802.999 783.666 159.222 683.137 249.641 288.324 195.293 93.2226 91.3419 103.951 95.05 51.714 64.1594 193.274 163.626 54.348 65.9991 37.4016 30.8906 100.528 29.6477 51.969 41.5085 19.3333
internal_count=7148 2670 4478 3744 3639 734 3101 1151 1519 912 426 411 501 470 245 303 1049 901 239 308 165 167 538 148 243 181 105
is_linear=0
shrinkage=0.05


Tree=23
num_leaves=27
num_cat=0
split_feature=15 23 2 26 10 0 10 4 17 14 24 2 2 18 15 18 18 8 10 9 0 9 0 11 11 19
split_gain=113.983 48.2562 40.3655 36.7694 42.0159 34.532 35.5519 31.4821 20.94 17.416 16.9527 15.3665 12.7313 12.4453 11.8074 10.7726 9.73174 6.90512 6.84644 4.58604 3.84519 3.76489 3.03887 2.0524 0.7273 0.169326
threshold=1.0000000180025095e-35 1.5000000000000002 24.500000000000004 10.500000000000002 31.500000000000004 3223.9550000000004 1.0000000180025095e-35 1.0000000180025095e-35 105518.15500000001 0.42515000000000008 32.500000000000007 24.500000000000004 25.500000000000004 9044.6100000000024 6.5000000000000009 648315.58500000008 292047.83000000002 0.042600000000000006 96.500000000000014 0.037950000000000005 699.05000000000007 0.18835000000000005 607.80500000000006 1904.5000000000002 538.50000000000011 4.1957000000000013
decision_type=2 2 2 2 2 2 2 2 2 2 2 2 2 2 2 2 2 2 2 2 2 2 2 2 2 2
left_child=2 9 3 4 22 12 -7 -6 10 13 14 15 20 17 -3 -10 -8 -2 -15 -13 -4 -12 -1 25 -5 -11
right_child=1 8 5 24 7 6 16 -9 11 23 21 19 -14 18 -16 -17 -18 -19 -20 -21 -22 -23 -24 -25 -26 -27
leaf_value=-0.014276953951796321 0.015843206683412998 -0.0048501281655334407 -0.051261667444613059 0.057787819769043042 -0.01721942962479692 -0.046297538940790341 0.033090741757914342 0.027048504103010535 -0.03428837783706154 0.052420261708000487 0.051304081659952178 -0.0061256570789944217 0.020197242041499905 -0.0032441912545236144 0.033882865631783068 0.019608171987057849 -0.0096795160541552835 -0.01611782685224095 0.035588425490936 0.038377888598162803 -0.019466714429904677 0.01042652492320098 -0.053419595040951701 0.013840749661352965 0.022272006513249922 0.027097966964575643
leaf_weight=7.8968248069286338 46.825286075472832 94.721120432019234 21.549352020025253 11.839916020631792 597.6694405823946 15.972257137298582 122.05230461061001 41.117227241396904 66.693272590637207 80.447114422917366 25.934043347835541 8.6910461783409136 11.157719090580938 11.807815998792647 22.65638467669487 9.1441562920808774 13.622398838400839 23.730527341365814 105.9334682226181 11.524789422750471 25.223183199763298 9.3985538184642774 82.698228538036346 6.6793368756771079 7.1580628603696814 9.3755974471569044
leaf_count=41 218 422 92 74 2711 84 572 196 294 525 125 41 50 55 124 43 61 106 527 57 109 45 457 36 31 52
internal_value=-0.00133309 0.0171418 -0.0116479 -0.0170738 -0.018917 0.00765829 0.0201872 -0.0142789 0.000977 0.0311211 0.0124639 -0.0170652 -0.0245515 0.0217829 0.00298481 -0.0273244 0.0286455 0.00480773 0.0316214 0.0199661 -0.0358219 0.0418395 -0.0504977 0.0484283 0.0482783 0.0505338
internal_weight=1491.52 533.563 957.957 748.38 729.382 209.577 151.647 638.787 248.763 284.799 152.71 96.0533 57.9303 188.297 117.378 75.8374 135.675 70.5558 117.741 20.2158 46.7725 35.3326 90.5951 96.502 18.998 89.8227
internal_count=7148 2670 4478 3510 3405 968 717 2907 1151 1519 716 435 251 906 546 337 633 324 582 98 201 170 498 613 105 577
is_linear=0
shrinkage=0.05


Tree=24
num_leaves=25
num_cat=0
split_feature=3 15 1 3 2 1 0 22 0 9 2 1 21 3 15 16 15 1 8 17 1 13 29 21
split_gain=143.244 74.5133 41.0331 40.9491 32.3727 35.4891 34.3245 32.1154 22.9034 16.6337 15.2944 15.2003 11.1159 10.5765 8.8701 9.06451 7.82605 6.1554 5.8163 5.56669 5.12524 5.01756 4.75137 3.08784
threshold=3.5000000000000004 2.5000000000000004 1.5000000000000002 4.5000000000000009 24.500000000000004 3.5000000000000004 184177.36000000002 1.5000000000000002 7809.3700000000008 0.0026500000000000004 5.5000000000000009 1.5000000000000002 24373.500000000004 1.5000000000000002 6.5000000000000009 3.5000000000000004 1.0000000180025095e-35 10.500000000000002 1.0000000180025095e-35 349.39000000000004 8.5000000000000018 1.0000000180025095e-35 3.5000000000000004 140.50000000000003
decision_type=2 2 2 2 2 2 2 2 2 2 2 2 2 2 2 2 2 2 2 2 2 2 2 2
left_child=1 2 9 8 6 -6 -4 21 12 13 -10 -5 19 -1 15 -9 22 -12 -16 -2 -14 -3 -13 -18
right_child=3 7 4 11 5 -7 -8 14 10 -11 17 16 20 -15 18 -17 23 -19 -20 -21 -22 -23 -24 -25
leaf_value=0.057163516458437071 0 0.05872676416049584 -0.020848622793438895 0.045514644829051799 0.030231667930131989 -0.017550556167085032 -0.058274193394552865 0.036849440442207525 -0.013291203304625222 -0.027057296036296613 0.047349633925255562 -0.036612514312727051 0.0049879955118204483 0 0.035130709130631703 -0.011854358186036336 0.028589981746866996 0.025406743875953337 -0.0019342290874610946 0.029757495043487875 -0.030514988565551779 0.0090458599246171344 -0.0053047648034688531 -0.0046942241113035188
leaf_weight=27.109883010387421 20.308619812130928 41.371828347444534 590.99676474928856 9.9861109852790815 59.374360457062721 103.93232123553753 67.863139823079109 9.0010727792978269 11.874418228864668 9.749174550175665 166.85155488550663 33.334842801094055 22.972258061170578 11.310043811798094 27.931140452623367 69.404871016740799 8.5347658246755618 52.353014811873436 15.302759930491446 60.839935600757599 15.125466242432593 7.2306317538022986 20.86803936958313 18.240748479962349
leaf_count=128 89 286 2681 54 265 460 344 41 51 42 972 152 103 49 148 315 41 275 75 304 65 35 94 79
internal_value=-0.00125977 -0.0113875 -0.0173097 0.0225428 -0.0199573 0 -0.0248833 0.0186803 0.0302739 0.0266747 0.0394355 -0.00713487 0.0120802 0.041221 0.00458557 -0.00536124 -0.0146886 0.0424313 0.0222849 0.0224021 -0.00967691 0.052183 -0.0253547 0.0068174
internal_weight=1481.87 1040.58 870.336 441.29 822.167 163.307 658.86 170.242 350.325 48.1691 231.079 90.9645 119.246 38.4199 121.64 78.4059 80.9784 219.205 43.2339 81.1486 38.0977 48.6025 54.2029 26.7755
internal_count=7148 4869 3969 2279 3750 725 3025 900 1859 219 1298 420 561 177 579 356 366 1247 223 393 168 321 246 120
is_linear=0
shrinkage=0.05


Tree=25
num_leaves=22
num_cat=0
split_feature=3 15 25 1 3 12 2 0 25 7 1 2 2 15 7 24 0 15 7 25 24
split_gain=130.825 68.099 42.9962 37.4073 36.3234 31.7965 28.3302 19.4247 17.5107 16.0535 14.2317 14.2037 9.73598 9.63708 11.0223 9.24731 7.75026 5.8864 4.40357 3.86327 0.425615
threshold=3.5000000000000004 2.5000000000000004 1.0000000180025095e-35 1.5000000000000002 4.5000000000000009 1.0000000180025095e-35 24.500000000000004 4034.4300000000003 4.5000000000000009 4.5000000000000009 1.5000000000000002 5.5000000000000009 3.5000000000000004 3.5000000000000004 4.5000000000000009 1.0000000180025095e-35 1407.1200000000001 1.0000000180025095e-35 3.5000000000000004 6.5000000000000009 16.500000000000004
decision_type=2 2 2 2 2 2 2 2 2 2 2 2 2 2 2 2 2 2 2 2 2
left_child=1 3 -2 9 7 6 -5 12 18 -1 -6 -9 -4 19 -15 -7 -11 -12 -3 -10 -20
right_child=2 8 4 5 10 15 -8 11 13 16 17 -13 -14 14 -16 -17 -18 -19 20 -21 -22
leaf_value=-0.029100450265723263 -0.067920891773009251 0.0036529109200072619 0.041369011060318664 -0.019831191431828564 0.047543503251116226 -0.020100098987460287 0.005389657158954589 -0.0076124207937438891 -0.041577005590872407 0.053955568393899977 -0.021631368339569912 0.0416897197812858 0.0015129779118462187 -0.0094793502520341653 0.024724408453799446 -0.051637243566228702 0.0047168944291133162 0.0065568438456694873 0.0276490200702183 0 0.057576039860394439
leaf_weight=9.0593863576650602 11.062668368220328 6.2779858112335196 18.078477531671524 556.42447759211063 9.5414741039276105 38.506170704960823 137.42421501874924 14.594619914889334 9.6983234733343142 26.33210676908493 50.573166251182556 237.26171752810478 67.876367658376694 32.161404386162758 74.955301865935326 84.946849390864372 12.353506878018377 26.717729434370995 9.1899624541401845 10.111040607094763 26.198845878243446
leaf_count=39 50 28 89 2475 53 197 596 63 42 125 229 1368 307 150 380 482 55 120 57 46 197
internal_value=-0.00119123 -0.0108822 0.0217208 -0.0165529 0.024387 -0.0190853 -0.0148204 0.031767 0.0180081 0.0256216 -0.00428008 0.0387559 0.0107595 0.00836798 0.0143777 -0.0423575 0.0394827 -0.0118416 0.0454168 -0.0220087 0.0519666
internal_weight=1469.35 1033.64 435.706 865.047 424.644 817.302 693.849 337.811 168.593 47.745 86.8324 251.856 85.9548 126.926 107.117 123.453 38.6856 77.2909 41.6668 19.8094 35.3888
internal_count=7148 4869 2279 3969 2229 3750 3071 1827 900 219 402 1431 396 618 530 679 180 349 282 88 254
is_linear=0
shrinkage=0.05


Tree=26
num_leaves=21
num_cat=0
split_feature=3 16 23 25 3 24 25 24 1 0 23 0 2 1 17 0 17 2 10 3
split_gain=119.504 64.4214 107.223 39.8987 33.4119 30.4262 24.6935 20.3249 19.5967 18.2944 16.8974 14.0187 13.6564 13.238 11.3237 9.50418 8.34477 8.3322 6.75672 5.4652
threshold=3.5000000000000004 1.5000000000000002 1.5000000000000002 1.0000000180025095e-35 4.5000000000000009 10.500000000000002 1.0000000180025095e-35 8.5000000000000018 1.5000000000000002 4595.3900000000012 2.5000000000000004 184177.36000000002 5.5000000000000009 1.5000000000000002 10518.062341772153 205740.55000000002 17920.595000000005 3.5000000000000004 72.500000000000014 1.5000000000000002
decision_type=2 2 2 2 2 2 2 2 2 2 2 2 2 2 2 2 2 2 2 2
left_child=1 6 7 -2 9 16 -1 14 19 17 -7 -10 -11 -6 -3 -9 -4 -5 -15 -8
right_child=3 2 5 4 13 10 8 15 11 12 -12 -13 -14 18 -16 -17 -18 -19 -20 -21
leaf_value=-0.060874786446271117 -0.066108760034848155 -0.016442184674168213 -0.014248750827324222 0.039202415167648733 0.046433056380148108 0.006524020145427788 0.035779027152841723 0.043735691690129717 -0.018031137161316164 -0.0088076863143938759 -0.023069180967950801 -0.044639452351229014 0.040781104418777192 -0.044443009380368166 0.022937787675637856 -0.0056177016061171557 -0.057785510264083489 0.0029642396734164836 -0.0045133575592971381 -0.0060742755298566426
leaf_weight=36.390430495142937 10.857632160186766 28.380201146006584 16.971294775605202 18.697481751441956 9.3342934846878034 95.776267781853676 17.781881764531139 131.3764036744833 437.54358348250389 13.745380014181135 93.065892428159714 56.166159823536873 227.61129234731197 10.963962107896803 43.575177185237408 9.6810106337070447 48.565276801586151 72.836152896285057 66.018024265766144 11.443789303302763
leaf_count=215 50 128 75 93 53 433 85 725 1995 59 406 290 1343 57 204 48 216 332 292 49
internal_value=-0.0011347 -0.0104079 0.00327256 0.0209262 0.0235074 -0.0185564 -0.0218284 0.0293172 -0.0188706 0.0306618 -0.00809673 -0.0212463 0.0378667 -0.00404072 0.00724595 0.0402474 -0.0474152 0.0111535 -0.0113082 0.019731
internal_weight=1456.78 1026.72 467.392 430.064 419.207 254.379 559.326 213.013 522.935 332.89 188.842 493.71 241.357 86.3163 71.9554 141.057 65.5366 91.5336 76.982 29.2257
internal_count=7148 4869 2235 2279 2229 1130 2634 1105 2419 1827 839 2285 1402 402 332 773 291 425 349 134
is_linear=0
shrinkage=0.05


Tree=27
num_leaves=21
num_cat=0
split_feature=3 16 25 7 3 15 3 25 13 0 1 0 2 8 1 2 7 10 10 17
split_gain=109.213 58.7044 37.0418 33.7909 30.8379 26.098 24.9022 23.8624 22.8752 18.0626 19.0713 17.3006 15.987 12.7698 12.3432 10.0553 9.11901 7.85986 6.35757 4.14343
threshold=3.5000000000000004 1.5000000000000002 1.0000000180025095e-35 4.5000000000000009 4.5000000000000009 6.5000000000000009 1.5000000000000002 1.0000000180025095e-35 1.0000000180025095e-35 134509.42500000002 1.5000000000000002 3492.2650000000003 24.500000000000004 0.22525000000000003 1.5000000000000002 5.5000000000000009 2.5000000000000004 767.50000000000011 72.500000000000014 77063.795000000013
decision_type=2 2 2 2 2 2 2 2 2 2 2 2 2 2 2 2 2 2 2 2
left_child=1 7 -2 8 11 6 -5 -1 17 10 -9 16 -11 -10 -6 -13 -4 -3 -16 -7
right_child=2 3 4 5 14 19 -8 9 13 12 -12 15 -14 -15 18 -17 -18 -19 -20 -21
leaf_value=-0.059961368952312091 -0.064422964438532238 -0.051370366759332022 -0.025438862947936465 0.024646427587585354 0.04536488114589983 0.053422317025609269 -0.0064512430184081766 0.024868128827049991 -0.022840580291002346 -0.055742441905964779 -0.016799725946682494 -0.0017649845586905234 -0.0040841994003546203 0.013516536946749529 -0.043302511332785815 0.038670782222597407 0.016731203643814307 -0.0010726827620520199 -0.0042961841118473159 0.017958045784146875
leaf_weight=35.159251853823662 10.642455548048018 42.411398753523827 13.79082143306732 104.10206420719624 9.1287178844213468 36.345626093447208 161.37003976106644 27.452223256230354 39.356048822402954 51.173506170511246 419.24810127913952 15.765652522444723 21.916914537549019 55.93818011879921 10.748287558555601 232.7080036252737 65.80328057706356 10.014242261648176 65.98934318125248 15.263769149780272
leaf_count=215 50 185 61 484 53 285 724 127 177 273 1917 69 102 260 57 1390 307 44 292 76
internal_value=-0.00109687 -0.00997347 0.0201464 0.00311448 0.0226441 0.0123155 0.0057991 -0.0209251 -0.0164694 -0.0180458 -0.0141173 0.0295931 -0.0409067 -0.00155685 -0.00386126 0.0360716 0.00885762 -0.0423388 -0.0108478 0.0441814
internal_weight=1444.33 1019.75 424.577 464.801 413.934 317.081 265.472 554.95 147.72 519.791 446.7 328.068 73.0904 95.2942 85.8663 248.474 79.5941 52.4256 76.7376 51.6094
internal_count=7148 4869 2279 2235 2229 1569 1208 2634 666 2419 2044 1827 375 437 402 1459 368 229 349 361
is_linear=0
shrinkage=0.05


Tree=28
num_leaves=26
num_cat=0
split_feature=3 15 7 3 3 23 0 8 12 21 2 24 22 21 15 18 24 17 12 0 28 12 23 13 28
split_gain=99.6381 54.4856 30.3365 29.3679 29.2123 27.997 18.4257 16.1513 19.5977 13.1572 11.898 10.7435 10.4555 10.2654 8.36895 7.40983 6.69458 6.16791 6.05425 5.83741 4.93963 4.40166 4.6886 3.84363 3.00399
threshold=3.5000000000000004 2.5000000000000004 4.5000000000000009 1.5000000000000002 4.5000000000000009 2.5000000000000004 7809.3700000000008 0.46565000000000006 1.0000000180025095e-35 41588.000000000007 5.5000000000000009 21.500000000000004 1.5000000000000002 17170.500000000004 4.5000000000000009 3327.3500000000004 24.500000000000004 495.07000000000011 1.0000000180025095e-35 1743.5550000000003 11.500000000000002 1.0000000180025095e-35 1.5000000000000002 1.0000000180025095e-35 10.500000000000002
decision_type=2 2 2 2 2 2 2 2 2 2 2 2 2 2 2 2 2 2 2 2 2 2 2 2 2
left_child=1 2 7 9 6 12 13 17 -9 -4 -8 -5 23 19 21 -14 -7 -1 -12 -2 -15 22 -6 -3 -18
right_child=4 5 3 11 14 16 10 8 -10 -11 18 -13 15 20 -16 -17 24 -19 -20 -21 -22 -23 -24 -25 -26
leaf_value=-0.045383852730915247 0.007449354470016459 0.055451507884137718 0.01663723296839385 -0.021736798245309517 0.0045901235053113507 -0.037024800640235556 -0.011536734727610715 0.0053702493081855705 -0.044629428981990682 -0.0092202423934746834 0.041163786130889182 -0.0018207116118614996 -0.01741770979726041 -0.025274304301369704 0.035425649655927281 0.023713961133714496 0.018449445878583354 -0.026244905963053955 0.013871154540927792 0.035896450546667284 0.0078379944357308239 -0.038319200591229896 -0.021160046936398856 0.0067408727589125979 -0.014453299294360913
leaf_weight=93.647933557629585 42.320873916149139 34.740218497812748 130.9989470243454 259.01447914540768 41.07977157831192 19.801818206906319 11.852488666772841 63.656295835971832 25.930719405412674 75.921380937099457 175.08513228595257 93.485951825976372 11.164153873920439 21.747557953000069 8.7971196919679624 68.885896489024162 11.182192280888559 106.67169620096684 27.248279869556427 33.00109851360321 19.403855890035629 10.964867129921911 27.771032720804214 5.7658643275499335 12.566666245460508
leaf_count=450 202 274 609 1204 188 85 51 290 160 357 1092 426 54 97 48 355 49 473 155 174 88 59 125 29 54
internal_value=-0.00105964 -0.00954594 -0.0146478 -0.0077717 0.019377 0.0166568 0.0261815 -0.0277379 -0.00965138 0.00710453 0.0348561 -0.0165232 0.0289773 0.00982615 -0.00592106 0.0175709 -0.0170039 -0.0356018 0.037709 0.0206484 -0.00978971 -0.011355 -0.00595921 0.0493964 0.00088034
internal_weight=1432.71 1013.43 849.327 559.421 419.272 164.107 330.659 289.907 89.587 206.92 214.186 352.5 120.556 116.473 88.6128 80.0501 43.5507 200.32 202.333 75.322 41.1514 79.8157 68.8508 40.5061 23.7489
internal_count=7148 4869 3969 2596 2279 900 1859 1373 450 966 1298 1630 712 561 420 409 188 923 1247 376 185 372 313 303 103
is_linear=0
shrinkage=0.05


Tree=29
num_leaves=18
num_cat=0
split_feature=3 15 1 12 23 25 3 0 23 2 1 24 2 0 2 24 17
split_gain=91.0103 50.8169 36.7137 34.8592 34.315 33.9545 26.2577 15.3527 11.7273 11.4475 11.3907 10.347 9.38683 7.99799 7.82082 5.5828 3.50321
threshold=3.5000000000000004 6.5000000000000009 1.0000000180025095e-35 1.0000000180025095e-35 1.5000000000000002 1.0000000180025095e-35 4.5000000000000009 4595.3900000000012 2.5000000000000004 5.5000000000000009 1.5000000000000002 1.0000000180025095e-35 13.500000000000002 1886.9800000000002 3.5000000000000004 6.5000000000000009 77063.795000000013
decision_type=2 2 2 2 2 2 2 2 2 2 2 2 2 2 2 2 2
left_child=1 2 12 4 -4 -2 7 14 16 -9 -8 -5 13 -1 -7 -12 -3
right_child=5 8 3 11 -6 6 10 9 -10 -11 15 -13 -14 -15 -16 -17 -18
leaf_value=0.062644675701718944 -0.0630992135321881 0.052348559779135065 -0.0018413450858611022 -0.0155578187229257 -0.023319444710999102 0.037237343739414931 0.044343841440334736 -0.008075761395516589 -0.0022564623000682822 0.037347455717121961 -0.029274992056883217 -0.048660141225264311 -0.0068564188235894236 0.0045126489900526234 0.0018937599658430315 -0.00059231900946667831 0.015040283216536022
leaf_weight=21.000801235437397 10.39355383813381 37.315166994929314 476.73521369695663 37.414925329387188 304.50127348303795 18.309685274958611 8.9092368185520154 13.752062499523161 16.947186663746834 214.53600650280714 23.66501085460186 84.048107072710991 9.811075031757353 8.9260320514440519 72.403528720140457 52.50158280134201 10.906922638416289
leaf_count=105 50 306 2191 200 1343 93 53 59 73 1343 110 503 45 42 332 239 61
internal_value=-0.00101502 -0.00913288 -0.0121131 -0.0142139 -0.0102638 0.0186451 0.0210728 0.0276231 0.0328939 0.0345214 -0.00344376 -0.0389616 0.0337631 0.0469882 0.00978481 -0.010153 0.0450442
internal_weight=1422.08 1007.61 942.437 902.7 781.236 414.471 404.077 319.001 65.1693 228.288 85.0758 121.463 39.7379 29.9268 90.7132 76.1666 48.2221
internal_count=7148 4869 4429 4237 3534 2279 2229 1827 440 1402 402 703 192 147 425 349 367
is_linear=0
shrinkage=0.05


Tree=30
num_leaves=28
num_cat=0
split_feature=3 15 23 1 2 1 7 9 10 2 0 3 17 1 2 4 8 0 10 17 1 2 29 0 0 15 9
split_gain=83.0213 48.7955 28.5151 27.1554 36.37 20.64 20.7435 17.3917 15.8337 15.3434 18.3875 14.8468 11.7599 11.3723 10.9268 9.83834 9.6291 9.46495 8.54856 7.56886 7.11851 6.14671 6.14146 5.43605 4.68297 4.27129 2.68248
threshold=3.5000000000000004 1.0000000180025095e-35 1.5000000000000002 10.500000000000002 23.500000000000004 10.500000000000002 4.5000000000000009 0.40020000000000006 72.500000000000014 22.500000000000004 138621.49500000002 4.5000000000000009 107460.675 3.5000000000000004 22.500000000000004 1.0000000180025095e-35 0.46565000000000006 2218.4550000000004 786.50000000000011 2618.0700000000002 1.5000000000000002 24.500000000000004 5.5000000000000009 5753.5900000000011 80612.365000000005 1.5000000000000002 0.0026500000000000004
decision_type=2 2 2 2 2 2 2 2 2 2 2 2 2 2 2 2 2 2 2 2 2 2 2 2 2 2 2
left_child=1 5 9 11 22 6 15 -8 -7 10 -3 13 20 14 -2 -1 -10 -15 24 -11 -4 -14 25 -6 -13 -5 -25
right_child=3 2 12 4 23 8 7 -9 16 19 -12 18 21 17 -16 -17 -18 -19 -20 -21 -22 -23 -24 26 -26 -27 -28
leaf_value=-0.031858720900770403 -0.0019957787805077848 0.015800350756271977 0.03779303597359164 -0.037333715690958065 0.0010523731177700512 -0.05664845200989093 -0.0051371353419988426 0.044620296152065218 -0.025509256322886382 -0.0056386493513268313 -0.048512555420753098 0.0013195834497937526 -0.031842138312217182 0.015649187424938042 0.033814997933218807 0.0042890868141537385 0.010182423378471472 0.046650983257439702 0.039669743476351355 0.047255065740352938 -0.002620931105678796 0.007754763319917527 0.0094882342436970711 0.01373998073170573 -0.036107219107611034 -0.0006016854409546798 0.048116445880683721
leaf_weight=109.51806988567114 41.701280005276203 111.98836117237806 10.276584073901175 48.993522457778454 13.166845068335531 39.794698387384415 256.93350594490767 16.825982183218002 190.2433190792799 6.9099644944071761 10.312135592103003 38.03033297508955 52.84860771894455 35.817844048142433 40.092324174940586 21.546710088849068 19.468190222978592 116.66184113174677 10.58756874501705 51.295592561364174 93.384575724601746 10.628768116235731 9.4259913861751539 10.945035278797148 8.5115286409854871 10.105840995907782 25.32621493935585
leaf_count=526 224 532 51 225 62 257 1192 74 902 33 46 181 234 170 257 100 95 751 51 366 415 46 44 64 41 52 157
internal_value=-0.000965987 -0.00872288 0.00637052 0.0179458 -0.00220053 -0.0167522 -0.00966507 -0.00174121 -0.028043 0.0200651 0.00960385 0.0260948 -0.00842263 0.0316314 0.0158262 -0.0258658 -0.0220838 0.0397302 0.00291948 0.0408309 0.00193044 -0.0250249 -0.0255603 0.0297186 -0.00652465 -0.0314416 0.0392646
internal_weight=1411.34 1001.98 347.645 409.366 117.963 654.33 404.824 273.759 249.506 180.506 122.3 291.403 167.139 234.273 81.7936 131.065 209.712 152.48 57.1294 58.2056 103.661 63.4774 68.5254 49.4381 46.5419 59.0994 36.2713
internal_count=7148 4869 1723 2279 604 3146 1892 1266 1254 977 578 1675 746 1402 481 626 997 921 273 399 466 280 321 283 222 277 221
is_linear=0
shrinkage=0.05


Tree=31
num_leaves=20
num_cat=0
split_feature=3 16 23 25 22 25 3 25 0 1 0 25 7 1 14 21 12 10 10
split_gain=75.9798 47.3128 86.305 30.8628 29.4489 23.6294 22.5108 19.2686 16.9059 15.435 13.6884 12.4358 15.4054 10.374 9.2274 8.06666 6.27386 5.65791 3.09419
threshold=3.5000000000000004 1.5000000000000002 1.5000000000000002 1.0000000180025095e-35 1.0000000180025095e-35 1.0000000180025095e-35 4.5000000000000009 16.500000000000004 184177.36000000002 1.5000000000000002 7485.7800000000007 5.5000000000000009 3.5000000000000004 1.5000000000000002 0.25280000000000008 24373.500000000004 1.0000000180025095e-35 72.500000000000014 597.50000000000011
decision_type=2 2 2 2 2 2 2 2 2 2 2 2 2 2 2 2 2 2 2
left_child=1 5 11 -2 -4 -1 10 -6 9 -7 15 12 -3 -8 -13 -5 -12 -15 -10
right_child=3 2 4 6 7 8 13 -9 18 -11 16 14 -14 17 -16 -17 -18 -19 -20
leaf_value=-0.058421337629601035 -0.061480569008681776 -0.011856056655697032 0.048887283608296264 0.020332684452111522 -0.024723324688905823 0.022994366790957347 0.043084508542711529 0.026987657578786534 -0.047799123229115136 -0.01456599105537542 0.037069353137891718 0.066419583302929047 0.027195581293880389 -0.040815881177119567 0.028001513905412473 -0.0081683851460426088 0.0097269397766918397 -0.0033756831945434664 -0.013709569973076952
leaf_weight=32.838991545140743 10.122409865260122 32.195646151900291 14.357924073934553 74.517472513020039 217.33075434714556 27.259215757250786 8.656952850520609 17.817941680550575 42.636323228478432 426.62027333676815 173.86754281818867 27.559400573372841 97.034330405294895 10.219195723533629 48.778829976916313 34.817588120698929 26.947464510798454 65.510989367961884 11.258218258619307
leaf_count=215 50 145 67 378 980 128 53 83 244 1995 1134 126 559 57 275 157 158 292 52
internal_value=-0.000914881 -0.00834543 0.00351152 0.0172949 -0.0161747 -0.0183209 0.0196412 -0.0205683 -0.0154889 -0.0121973 0.0258399 0.0273793 0.0173579 -0.00309633 0.0433404 0.011183 0.0335817 -0.00947679 -0.0416023
internal_weight=1400.35 995.688 455.075 404.66 249.507 540.613 394.537 235.149 507.774 453.879 310.15 205.568 129.23 84.3871 76.3382 109.335 200.815 75.7302 53.8945
internal_count=7148 4869 2235 2279 1130 2634 2229 1063 2419 2123 1827 1105 704 402 401 535 1292 349 296
is_linear=0
shrinkage=0.05


Tree=32
num_leaves=16
num_cat=0
split_feature=25 3 15 10 1 9 1 2 3 23 1 10 29 9 17
split_gain=70.5448 69.1573 39.0681 37.3094 29.0538 25.3083 21.3021 29.8017 11.4958 10.2956 9.1791 7.39484 6.91959 4.0449 3.30614
threshold=1.0000000180025095e-35 3.5000000000000004 6.5000000000000009 80.500000000000014 1.0000000180025095e-35 0.49655000000000005 10.500000000000002 23.500000000000004 4.5000000000000009 2.5000000000000004 3.5000000000000004 786.50000000000011 5.5000000000000009 0.0026500000000000004 77063.795000000013
decision_type=2 2 2 2 2 2 2 2 2 2 2 2 2 2 2
left_child=-1 2 3 5 -5 -2 8 12 10 14 -3 -10 -8 -9 -4
right_child=1 6 9 4 -6 -7 7 13 11 -11 -12 -13 -14 -15 -16
leaf_value=-0.06167698003406407 -0.039797312648353206 0.016500558023690225 0.050984844014597713 0.040425889165187918 -0.0064894363805802231 0.029618878927255062 -0.028110677547888308 0.0070418738632264197 -0.0038871340762183498 -0.001221105111708477 0.038657723264397537 0.039654248985265858 0.016664443447213319 0.039703121231849374 0.014301697381941614
leaf_weight=44.12708805501461 122.5322927236557 77.932777389883995 34.763176277279854 32.544955722987652 724.87211113423109 13.058657377958296 55.309864446520805 15.757116377353666 44.46029856801033 16.911707535386086 146.28594704717398 10.299555175006388 8.4981935471296293 31.521143928170204 10.738706663250921
leaf_count=278 701 472 306 162 3277 61 260 87 212 73 916 50 40 192 61
internal_value=-0.000872155 0.00120319 -0.00603397 -0.00873792 -0.00435924 -0.0327059 0.0188957 0.000264089 0.0262243 0.0315688 0.0312146 0.0052349 -0.0216702 0.0297482 0.0435046
internal_weight=1389.61 1345.49 955.422 893.008 757.417 135.591 390.065 111.086 278.979 62.4136 224.219 54.7599 63.8081 47.2783 45.5019
internal_count=7148 6870 4641 4201 3439 762 2229 579 1650 440 1388 262 300 279 367
is_linear=0
shrinkage=0.05


Tree=33
num_leaves=27
num_cat=0
split_feature=15 1 23 16 16 23 24 10 9 24 17 23 23 0 9 18 0 24 14 7 24 11 27 2 18 9
split_gain=65.8191 38.4787 33.9765 23.6307 21.1017 19.2815 17.5698 16.6158 14.7361 14.7019 13.7358 13.6612 13.372 11.6987 11.4281 11.184 8.95667 8.07592 7.6026 6.31262 6.02872 6.06282 4.22885 2.6486 2.60341 0.727196
threshold=1.0000000180025095e-35 10.500000000000002 2.5000000000000004 7.5000000000000009 4.5000000000000009 1.5000000000000002 21.500000000000004 48.500000000000007 0.48790000000000006 19.500000000000004 103410.63500000002 1.5000000000000002 2.5000000000000004 4860.6600000000008 0.075050000000000019 9044.6100000000024 21377.410000000003 8.5000000000000018 0.34485000000000005 1.5000000000000002 15.500000000000002 624.50000000000011 8.5000000000000018 6.5000000000000009 90384.420000000013 0.085150000000000017
decision_type=2 2 2 2 2 2 2 2 2 2 2 2 2 2 2 2 2 2 2 2 2 2 2 2 2 2
left_child=1 4 3 11 5 8 -7 25 -1 16 13 15 22 18 -11 -2 -9 -13 -4 -5 -12 -22 -6 -21 -15 -3
right_child=2 7 10 19 12 6 -8 9 -10 14 20 17 -14 24 -16 -17 -18 -19 -20 23 21 -23 -24 -25 -26 -27
leaf_value=-0.0010272678940705946 0.0049367117974821262 -0.054605901740715418 0.016039197722462897 0.0061222749389945189 0.054649856890439136 -0.034600306673241481 0.001020750805698247 -0.032334653013026668 0.03754094590694132 0.011266788406862292 -0.056981010601750308 -0.022924789066234116 -0.0091326691186556785 0.012106719571054428 -0.026251031527627328 0.029659949936932307 -0.0069281157816460381 0.0074969790255195795 -0.036965785600396948 0.019570476339081693 0.011327463593026209 -0.030237358170389601 0.012047939443540493 0.050859423837679343 0.047774780251439941 -0.020715397289990556
leaf_weight=354.18939678370953 74.305148720741272 37.339327409863472 9.3312040567398089 12.11586260050535 26.478355541825294 81.787386052310467 57.890427686274052 137.4392147809267 24.595801405608654 59.901434332132339 13.517872825264929 29.795510023832321 15.348637171089647 13.653134860098364 28.171804159879684 125.93483389914036 49.340332686901093 67.144308812916279 15.251005753874777 12.493309184908865 11.191573813557623 25.476350292563438 9.8589330539107305 70.337027110159397 10.344697833061216 6.2091514095664015
leaf_count=1761 368 255 42 65 137 394 289 662 148 286 64 138 74 72 136 699 250 319 67 72 54 117 48 541 52 38
internal_value=-0.00082115 -0.00894039 0.0138316 0.0204244 -0.00112669 -0.00421818 -0.0199603 -0.0228065 0.00163486 -0.0179482 -0.01213 0.013272 0.0286998 0.00658995 -0.000939354 0.0206746 -0.0258206 -0.00202681 -0.0167764 0.0419726 -0.0300007 -0.0173628 0.0445836 0.0468307 0.0303592 -0.0511151
internal_weight=1379.44 888.55 490.892 392.126 570.149 518.463 139.678 318.401 378.785 274.853 98.7658 297.18 51.6859 48.58 88.0732 200.24 186.78 96.9398 24.5822 94.9462 50.1858 36.6679 36.3373 82.8303 23.9978 43.5485
internal_count=7148 4478 2670 2202 2851 2592 683 1627 1909 1334 468 1524 259 233 422 1067 912 457 109 678 235 171 185 613 124 293
is_linear=0
shrinkage=0.05


Tree=34
num_leaves=14
num_cat=0
split_feature=25 2 0 1 2 4 26 0 2 0 21 0 2
split_gain=65.5973 54.5744 49.8272 40.3384 36.6071 32.1582 26.7556 19.0137 12.9604 10.8679 9.5899 6.6662 2.66708
threshold=1.0000000180025095e-35 24.500000000000004 3223.9550000000004 1.5000000000000002 25.500000000000004 1.0000000180025095e-35 10.500000000000002 11846.42 25.500000000000004 2218.4550000000004 4770.5000000000009 461.49500000000006 13.500000000000002
decision_type=2 2 2 2 2 2 2 2 2 2 2 2 2
left_child=-1 3 8 7 10 6 -5 12 11 -7 -4 -3 -2
right_child=1 2 4 5 -6 9 -8 -9 -10 -11 -12 -13 -14
leaf_value=-0.060654677698457761 0.050194011768215967 -0.047354084484770673 0.044415598078349765 -0.010847631959027378 -0.052097653235049668 -0.0094943451254181702 0.052647555969485615 -0.026870318326912432 0.022393262661407894 0.037413003446844097 0.022635329749544245 -0.012256393630964315 0.019699662169199064
leaf_weight=42.282379187643528 42.432746700942516 20.97591632604599 125.87983027100563 867.60310183465481 10.908306844532488 14.917215541005133 14.911907777190207 9.8634929507970792 16.303960211575031 49.445175044238567 101.26692631095648 40.77740602940321 14.473079301416872
leaf_count=278 229 94 836 4301 50 68 97 46 78 283 518 195 75
internal_value=-0.000783213 0.00120124 0.0192776 -0.00445299 0.0305965 -0.00713334 -0.00964683 0.0325144 -0.0150194 0.0264321 0.0350314 -0.0254465 0.0435402
internal_weight=1372.04 1329.76 316.112 1013.65 238.055 946.877 882.515 66.7693 78.0573 64.3624 227.147 61.7533 56.9058
internal_count=7148 6870 1771 5099 1404 4749 4398 350 367 351 1354 289 304
is_linear=0
shrinkage=0.05


Tree=35
num_leaves=15
num_cat=0
split_feature=25 2 0 2 10 2 25 26 9 2 0 2 27 0
split_gain=61.6718 49.5668 45.6232 36.5123 36.898 33.676 29.5698 21.3491 14.3023 12.3219 12.5272 11.8369 9.70445 6.12
threshold=1.0000000180025095e-35 24.500000000000004 3223.9550000000004 18.500000000000004 31.500000000000004 25.500000000000004 9.5000000000000018 10.500000000000002 0.38235000000000002 22.500000000000004 7809.3700000000008 25.500000000000004 8.5000000000000018 461.49500000000006
decision_type=2 2 2 2 2 2 2 2 2 2 2 2 2 2
left_child=-1 3 11 4 7 8 -6 -2 -4 12 -11 13 -5 -3
right_child=1 2 5 9 6 -7 -8 -9 -10 10 -12 -13 -14 -15
leaf_value=-0.059830550035272434 -0.038491656167384591 -0.045355622086573323 0.026498631247326612 -0.03942550416888075 -0.00030541168010692852 -0.04987024881064455 0.027858839811109842 0.032873857485069907 0.058027372151514461 -0.036188442618660888 0.023202752365896272 0.02144248998906598 -0.00825584130055226 -0.011675081363382573
leaf_weight=40.787038713693619 80.120048344135284 20.895301222801208 176.91388670355082 102.10015934705734 641.5006061270833 10.914848946034907 106.89641319960356 10.308945797383783 47.715606898069382 11.942756190896032 22.39042367041111 16.265223182737827 35.647291488945484 40.767201095819473
leaf_count=278 502 94 957 483 3117 50 568 70 397 56 135 78 168 195
internal_value=-0.000743905 0.00115573 0.0184666 -0.00422818 8.4323e-05 0.0293914 0.0037676 -0.0297125 0.0336931 -0.0250668 0.00141354 -0.0143391 -0.0316643 -0.0243117
internal_weight=1365.17 1324.38 313.472 1010.91 838.826 235.544 748.397 90.429 224.629 172.081 34.3332 77.9277 137.747 61.6625
internal_count=7148 6870 1771 5099 4257 1404 3685 572 1354 842 191 367 651 289
is_linear=0
shrinkage=0.05


Tree=36
num_leaves=27
num_cat=0
split_feature=15 1 23 15 1 2 4 10 7 24 17 9 1 24 7 9 23 18 24 14 28 24 11 17 18 9
split_gain=55.8277 33.8351 30.7686 21.0422 19.6958 17.9284 20.1754 15.8233 14.0173 13.1149 12.6578 11.7791 11.7041 11.4598 11.4574 10.6046 10.4838 9.44974 10.2672 6.44823 6.07772 5.43814 5.43871 1.3864 1.55424 0.715252
threshold=1.0000000180025095e-35 10.500000000000002 2.5000000000000004 6.5000000000000009 4.5000000000000009 24.500000000000004 1.0000000180025095e-35 48.500000000000007 4.5000000000000009 19.500000000000004 103410.63500000002 0.019250000000000003 3.5000000000000004 27.500000000000004 3.5000000000000004 0.075050000000000019 1.5000000000000002 107037.25000000001 34.500000000000007 0.18965000000000001 13.500000000000002 15.500000000000002 624.50000000000011 77063.795000000013 251413.23500000002 0.085150000000000017
decision_type=2 2 2 2 2 2 2 2 2 2 2 2 2 2 2 2 2 2 2 2 2 2 2 2 2 2
left_child=1 4 3 13 5 6 -1 25 20 19 17 -10 -7 16 -15 -11 -2 18 -4 -9 -6 -12 -23 -5 -25 -3
right_child=2 7 10 23 8 12 -8 9 11 15 21 -13 -14 14 -16 -17 -18 -19 -20 -21 -22 22 -24 24 -26 -27
leaf_value=-0.014983790228052865 0.016236076458662072 -0.053230629884606008 -0.022710296887107025 0.052050276033787403 -0.033073051803424881 0.024378376360390881 0.02169600965717193 -0.028742068314447561 0.0131041413301671 0.011150306153126312 -0.055092044770549187 0.053432114672597078 -0.010686282823692165 -0.0053524923163167405 0.045443394624055188 -0.025205631876237825 -0.0047623899192662106 0.041137051946224523 0.033171403708305895 -0.0043055735127305378 0.014236853052844407 0.010247965387128763 -0.029271231054282223 0.013876601817788473 0.047321739604622604 -0.019606445344036633
leaf_weight=316.19357700645924 177.30428292602301 35.453537628054619 26.64550419151783 42.233751624822617 14.290119536221029 69.213127665221691 40.510162159800529 148.20792766660452 51.99007897824049 59.624232567846775 13.24490776658058 28.317426703870296 33.868571758270264 13.586211830377577 44.918745085597038 27.716934435069561 86.850431658327579 12.041183225810526 9.4996967911720258 35.083119094371796 9.7653305456042272 11.098161235451697 25.294747963547707 13.531621076166632 5.8102419748902312 6.0115602537989608
leaf_count=1561 949 255 126 394 73 346 215 734 265 286 64 179 165 64 250 136 411 59 48 178 47 54 117 94 40 38
internal_value=-0.000718905 -0.00823931 0.0129079 0.0192739 -0.000894697 -0.00537628 -0.0106925 -0.0213934 0.0184853 -0.016685 -0.0118816 0.0283986 0.0127782 0.0139432 0.0336951 -0.000580976 0.00931059 0.0061476 -0.00679212 -0.0242157 -0.0138651 -0.0291375 -0.0170532 0.0457329 0.0278851 -0.0497124
internal_weight=1358.31 876.246 482.059 384.235 564.148 459.785 356.704 312.097 104.363 270.632 97.8242 80.3075 103.082 322.66 58.505 87.3412 264.155 48.1864 36.1452 183.291 24.0555 49.6378 36.3929 61.5756 19.3419 41.4651
internal_count=7148 4478 2670 2202 2851 2287 1776 1627 564 1334 468 444 511 1674 314 422 1360 233 174 912 120 235 171 528 134 293
is_linear=0
shrinkage=0.05


Tree=37
num_leaves=20
num_cat=0
split_feature=3 16 23 22 24 25 25 3 0 24 25 0 17 24 0 1 10 0 10
split_gain=58.5228 34.6496 69.42 26.9651 24.3981 23.0579 18.9893 17.4684 16.072 15.9807 11.9488 11.4816 9.78842 8.07656 8.03151 6.69109 6.09031 4.51991 2.55996
threshold=3.5000000000000004 1.5000000000000002 1.5000000000000002 1.0000000180025095e-35 10.500000000000002 1.0000000180025095e-35 1.0000000180025095e-35 4.5000000000000009 184177.36000000002 8.5000000000000018 2.5000000000000004 7485.7800000000007 10518.062341772153 13.500000000000002 300677.21000000002 2.5000000000000004 1.0000000180025095e-35 3700.5150000000003 597.50000000000011
decision_type=2 2 2 2 2 2 2 2 2 2 2 2 2 2 2 2 2 2 2
left_child=1 6 9 -4 -5 -2 -1 11 10 12 -8 13 -3 -7 -11 -9 -13 -17 -10
right_child=5 2 3 4 -6 7 8 15 18 14 -12 16 -14 -15 -16 17 -18 -19 -20
leaf_value=-0.055142352604669279 -0.055741739190550449 -0.016904606709182989 0.047856665407728323 -0.046494361885776124 -0.0092270930201534627 -0.0029420031070637354 -0.0044205671295874226 0.026792910766772333 -0.045637284197421919 0.038265201114306868 -0.021820332868757897 0.0010877921576822041 0.020216750256172783 0.024072078737394382 -0.014017301462259244 -0.023584800346955159 0.033539210424447088 0.0016475352568518552 -0.013684285853733574
leaf_weight=27.589576028287411 9.0294629111886007 27.646689176559448 14.14904150366783 58.224160566926003 171.50829051434994 56.673842757940292 294.72155833989382 13.838728420436381 40.06537538766861 121.18944684416056 148.95545998215675 16.616534613072872 42.061495669186115 50.343775764107704 6.5445347204804412 28.681376568973064 171.82262499630451 39.954844266176224 11.095484450459479
leaf_count=215 50 128 67 276 787 274 1412 79 244 739 711 116 204 261 34 133 1176 190 52
internal_value=-0.000678692 -0.00728001 0.00301245 -0.014756 -0.0190351 0.0156895 -0.015972 0.0177069 -0.0135548 0.0249381 -0.0103563 0.0233564 0.00529388 0.00988285 0.0353346 -0.00248744 0.0307716 -0.0091241 -0.0396711
internal_weight=1350.71 963.751 441.324 243.881 229.732 386.961 522.427 377.932 494.838 197.442 443.677 295.457 69.7082 107.018 127.734 82.4749 188.439 68.6362 51.1609
internal_count=7148 4869 2235 1130 1063 2279 2634 2229 2419 1105 2123 1827 332 535 773 402 1292 323 296
is_linear=0
shrinkage=0.05


Tree=38
num_leaves=28
num_cat=0
split_feature=15 1 23 15 1 12 24 10 2 24 2 17 2 0 0 9 18 10 0 17 24 11 11 18 17 18 9
split_gain=48.3968 30.5091 27.2311 19.9152 17.997 16.4563 16.0643 15.1134 12.8898 11.7741 11.6077 11.5779 10.7614 10.6477 9.68782 9.64853 9.6269 9.42181 7.7173 7.09903 4.99137 4.93717 3.12044 2.20572 1.451 1.57505 0.696509
threshold=1.0000000180025095e-35 10.500000000000002 2.5000000000000004 6.5000000000000009 4.5000000000000009 1.0000000180025095e-35 21.500000000000004 48.500000000000007 6.5000000000000009 19.500000000000004 12.500000000000002 103410.63500000002 23.500000000000004 4350.0900000000011 4860.6600000000008 0.075050000000000019 2132.5100000000007 85.500000000000014 21377.410000000003 8032.8550000000005 15.500000000000002 624.50000000000011 916.50000000000011 90384.420000000013 77063.795000000013 251413.23500000002 0.085150000000000017
decision_type=2 2 2 2 2 2 2 2 2 2 2 2 2 2 2 2 2 2 2 2 2 2 2 2 2 2 2
left_child=1 4 3 12 5 6 -1 26 22 18 -10 14 17 -14 19 -11 -7 -2 -9 -4 -13 -22 -6 -16 -5 -26 -3
right_child=2 7 11 24 8 16 -8 9 10 15 -12 20 13 -15 23 -17 -18 -19 -20 -21 21 -23 -24 -25 25 -27 -28
leaf_value=-0.0078161850810763486 -0.021210549927623265 -0.052099682636577306 0.01745385336723964 0.051106662283568173 -0.036484766841745668 -0.010631407413637807 0.013979835552108711 -0.02908760440800616 0.053161699091503506 0.010722830787395487 0.012905871794824969 -0.053116758956662957 -0.0016747357479967679 0.040209268116113014 0.010964030877161317 -0.024097178280222221 -0.049653830496234161 0.011014053415090125 -0.0052185962457472384 -0.034172300621407976 0.0097300610975086122 -0.028004859050639253 0.0022010001100914939 0.044268596698730157 0.012717453776952777 0.046291129073998523 -0.018836866226407876
leaf_weight=268.14743569493294 23.220230430364609 33.909035354852676 8.8527877032756823 39.989325188100338 9.165247395634653 39.782229460775852 120.96072421222925 132.71093748509884 25.476344585418701 59.488763071596622 59.942083589732647 12.89948260784149 19.760591417551041 55.747300922870636 13.361202850937845 27.394281499087811 27.015905126929283 220.17853796482086 48.035123728215694 15.59585866332054 11.036763675510882 25.116549387574196 8.522508002817629 10.030612669885157 13.254759661853315 5.5947943329811087 5.8992516174912444
leaf_count=1293 117 255 41 394 45 227 598 662 146 286 330 64 96 366 72 136 169 1095 250 68 54 117 43 52 94 40 38
internal_value=-0.000659228 -0.0076916 0.0121357 0.0181943 -0.000698027 -0.00499558 -0.000978122 -0.020289 0.0179428 -0.0157198 0.0259683 -0.011273 0.0130495 0.0293587 0.00600177 -0.000438617 -0.0275437 0.00775127 -0.0229254 -0.0151943 -0.0278919 -0.016317 -0.0190068 0.0280011 0.0445687 0.0266468 -0.0485465
internal_weight=1341.09 866.45 474.639 377.746 559.012 455.906 389.108 307.437 103.106 267.629 85.4184 96.8933 318.907 75.5079 47.8405 86.883 66.7981 243.399 180.746 24.4486 49.0528 36.1533 17.6878 23.3918 58.8389 18.8496 39.8083
internal_count=7148 4478 2670 2202 2851 2287 1891 1627 564 1334 476 468 1674 462 233 422 396 1212 912 109 235 171 88 124 528 134 293
is_linear=0
shrinkage=0.05


Tree=39
num_leaves=17
num_cat=0
split_feature=25 3 7 9 1 9 8 1 2 3 1 10 29 4 17 20
split_gain=53.7476 52.7276 33.5698 49.2337 40.4892 25.4205 23.5586 16.3573 22.5609 9.14476 9.19701 6.7272 6.27381 5.54184 4.67756 4.37142
threshold=1.0000000180025095e-35 3.5000000000000004 4.5000000000000009 0.40020000000000006 1.5000000000000002 0.092250000000000013 0.19560000000000002 10.500000000000002 23.500000000000004 4.5000000000000009 3.5000000000000004 786.50000000000011 5.5000000000000009 1.0000000180025095e-35 3446.7350000000006 -0.5220499999999999
decision_type=2 2 2 2 2 2 2 2 2 2 2 2 2 2 2 2
left_child=-1 2 5 4 -4 6 -2 9 12 10 -3 -11 -9 -7 -5 -10
right_child=1 7 3 14 -6 13 -8 8 15 11 -12 -13 -14 -15 -16 -17
leaf_value=-0.058164269243331818 -0.029518509000830043 0.013293489045701346 0.042197605439729856 0.022016519171557246 -0.0066004376754255738 -0.04306458048597922 0.0051205566790683771 -0.024933315046049592 -0.0040680195958914455 -0.0040149001677434329 0.035889859813516084 0.037875045180137651 0.017805150124669402 -0.0045428711861215448 0.060950466742034831 0.034221752747628835
leaf_weight=37.405198238790035 78.142563499510288 74.068714410066605 44.189869448542595 15.518411204218863 528.74636559933424 90.458265483379364 124.51407897472382 54.226002000272274 8.2150732949376088 43.748600028455257 137.41795621812344 10.078709900379179 8.3744708299636823 11.601803854107855 31.202021040022373 36.095272891223431
leaf_count=278 377 472 235 82 2549 427 640 260 48 212 916 50 40 53 278 231
internal_value=-0.000631979 0.00110708 -0.00528514 0.00139195 -0.00268561 -0.0188165 -0.00834503 0.0169515 0.000320907 0.023563 0.0282215 0.00472539 -0.0186869 -0.0389532 0.0496583 0.0270378
internal_weight=1334 1296.6 924.373 619.657 572.936 304.717 202.657 372.225 106.911 265.314 211.487 53.8273 62.6005 102.06 46.7204 44.3103
internal_count=7148 6870 4641 3144 2784 1497 1017 2229 579 1650 1388 262 300 480 360 279
is_linear=0
shrinkage=0.05


Tree=40
num_leaves=17
num_cat=0
split_feature=25 3 7 9 1 9 8 0 25 2 10 1 4 0 2 14
split_gain=50.6371 48.1549 30.6333 45.6977 37.1411 23.4283 21.5151 15.2759 10.7679 10.2321 9.57964 8.80184 5.12035 3.91475 3.44538 1.30454
threshold=1.0000000180025095e-35 3.5000000000000004 4.5000000000000009 0.40020000000000006 1.5000000000000002 0.092250000000000013 0.19560000000000002 4034.4300000000003 8.5000000000000018 5.5000000000000009 1.0000000180025095e-35 7.5000000000000009 1.0000000180025095e-35 2811.2700000000004 2.5000000000000004 0.21235000000000001
decision_type=2 2 2 2 2 2 2 2 2 2 2 2 2 2 2 2
left_child=-1 2 5 4 -4 6 -2 8 11 14 -11 -3 -7 -5 -9 -10
right_child=1 7 3 13 -6 12 -8 9 15 10 -12 -13 -14 -15 -16 -17
leaf_value=-0.057467369959078564 -0.028311553656599334 0.0054274914283343103 0.04076315291877608 0.015309542703126414 -0.0062789121442950076 -0.041453969670752981 0.0048621332396392714 0.010430580076469459 0.011851098857463938 -0.0060850409498201669 0.029638528941505034 -0.024933372729437891 -0.0043522316007826127 0.056104239704523266 -0.026232809624976147 0.045160384431047085
leaf_weight=36.025121219456196 77.502053491771221 68.166284650564194 43.544657282531261 10.058244310319422 528.1489692479372 89.37969546765089 124.67741721868515 10.535312734544277 7.4466780722141293 19.44242300093174 206.75862906873226 34.056962251663208 11.592347562313078 35.680845804512501 11.024984784424305 11.084378525614737
leaf_count=278 377 328 235 56 2549 427 640 49 37 137 1404 157 53 304 49 68
internal_value=-0.000595517 0.00107263 -0.00503549 0.00135034 -0.00254877 -0.017998 -0.00795822 0.0163031 0.00158572 0.0233659 0.0264978 -0.00487602 -0.0374588 0.04836 -0.00852839 0.0347205
internal_weight=1325.13 1289.1 920.584 617.433 571.694 303.152 202.179 368.516 120.754 247.761 226.201 102.223 100.972 45.7391 21.5603 18.5311
internal_count=7148 6870 4641 3144 2784 1497 1017 2229 590 1639 1541 485 480 360 98 105
is_linear=0
shrinkage=0.05


Tree=41
num_leaves=17
num_cat=0
split_feature=25 23 17 24 25 25 21 21 26 10 18 24 18 19 21 11
split_gain=47.7216 38.9763 53.0385 31.7155 24.6703 19.3357 15.9363 14.806 13.2296 17.9292 9.77551 7.42836 6.54073 5.22623 2.81209 1.15574
threshold=1.0000000180025095e-35 1.5000000000000002 2732.3750000000005 10.500000000000002 5.5000000000000009 17.500000000000004 620.00000000000011 19316.500000000004 10.500000000000002 8.5000000000000018 151516.49500000002 5.5000000000000009 28950.445000000003 4.1957000000000013 1220.0000000000002 595.50000000000011
decision_type=2 2 2 2 2 2 2 2 2 2 2 2 2 2 2 2
left_child=-1 2 8 11 7 6 -5 -4 9 -2 -7 14 -13 -6 -3 -10
right_child=1 3 4 5 13 10 -8 -9 15 -11 -12 12 -14 -15 -16 -17
leaf_value=-0.056802723477704278 -0.038746377544951027 -0.022592626672466032 0.021396884000862662 0.010044545000500506 0.046492522718251231 0.051109384043038379 -0.013518940295251917 -0.0066881136927811856 0.050882644287181616 -0.0017911935782361941 -0.0083331234237259827 0 -0.031007307059793793 0 -0.055698270656247786 0.014903300278541989
leaf_weight=34.681785464286804 33.737420670688152 14.28840811550617 170.46091384068131 102.24393460899591 93.765015408396721 21.657879732549194 227.35343651473522 62.71893834322691 8.9016713723540288 416.01730915904045 8.6851248666644079 25.343169003725052 50.192293025553226 6.1958982720971099 33.551681749522686 6.9081601798534384
leaf_count=278 242 70 1049 533 596 128 1141 320 78 2049 46 123 254 44 167 30
internal_value=-0.000566226 0.00103343 0.00781571 -0.0101401 0.0229875 -0.00255134 -0.00616269 0.0138076 -0.00307119 -0.00474471 0.0343227 -0.0318061 -0.0208878 0.0436126 -0.0473146 0.0391619
internal_weight=1316.7 1282.02 798.705 483.316 333.141 359.94 329.597 233.18 465.565 449.755 30.343 123.376 75.5355 99.9609 47.8401 15.8098
internal_count=7148 6870 4408 2462 2009 1848 1674 1369 2399 2291 174 614 377 640 237 108
is_linear=0
shrinkage=0.05


Tree=42
num_leaves=29
num_cat=0
split_feature=3 24 0 7 21 3 2 13 17 3 10 19 10 11 6 6 17 10 27 24 7 10 10 21 11 18 19 2
split_gain=43.1354 30.1612 18.8349 16.1745 14.9395 14.2407 13.7111 13.675 12.6769 12.2701 11.5816 11.5115 9.78862 13.8559 9.34409 7.07259 6.02864 5.51152 5.19389 5.14437 5.71116 4.25953 3.64101 3.6169 3.49737 1.99306 1.88204 0.86889
threshold=3.5000000000000004 21.500000000000004 178631.42000000001 3.5000000000000004 91120.500000000015 4.5000000000000009 23.500000000000004 1.0000000180025095e-35 755.56500000000017 1.5000000000000002 80.500000000000014 0.11090000000000001 171.50000000000003 8.5000000000000018 9.5000000000000018 4.5000000000000009 294473.48000000004 72.500000000000014 5.5000000000000009 6.5000000000000009 3.5000000000000004 385.50000000000006 192.50000000000003 19316.500000000004 2011.5000000000002 115557.75500000002 0.21870000000000003 16.500000000000004
decision_type=2 2 2 2 2 2 2 2 2 2 2 2 2 2 2 2 2 2 2 2 2 2 2 2 2 2 2 2
left_child=1 2 4 7 9 8 16 25 15 -1 -9 21 13 -5 -14 26 -4 -7 -17 27 -21 -10 -8 -13 -6 -3 -2 -19
right_child=5 3 6 12 24 17 22 10 11 -11 -12 23 14 -15 -16 18 -18 19 -20 20 -22 -23 -24 -25 -26 -27 -28 -29
leaf_value=0.0059630341378484816 -0.0025406161416610131 -0.020265877746257339 -0.0593040045040115 0.044658521871653964 -0.026671590300601861 -0.03609309115772262 -0.026083852837905076 -0.040908201717295076 0.02297189067096897 -0.010987199803977984 0.021803443407260596 0.039443727680153876 0.02354761407012777 -0.018205808318976717 -0.023038110559956207 -0.0017055225052941333 -0.0046556405897861279 -0.0044295152113485465 0.021647658048459105 -0.013787852496056846 0.020325714416409089 -0.0056335732402551901 0.012851601685338519 0.01603709387433656 0.0043280584251353003 -0.048234724706963154 -0.035595799671748418 -0.026560977161136475
leaf_weight=162.90760060399771 8.7804137617349642 23.078477077186108 38.671728923916817 9.1013816446065885 116.76800761371851 9.6971567347645742 7.9984740465879467 7.4144163131713858 20.034916751086712 299.4308970682323 31.615501672029495 102.39302382618189 150.18281684070826 39.370153918862343 9.8062446936964971 41.736834019422531 6.6326336935162535 9.602109760046007 50.469970285892487 16.16432449221611 35.698228470981121 29.445164114236832 12.868865154683588 26.175134226679802 8.7031249105930311 14.175271965563295 8.9977847561240178 12.309019654989241
leaf_count=815 44 112 246 147 608 61 48 49 110 1502 152 801 726 212 46 220 34 48 303 74 178 163 59 171 45 68 47 59
internal_value=-0.000545065 -0.00625935 -0.0121678 0.00726607 -0.00922321 0.0138234 -0.03714 -0.0121435 0.01907 -0.00499319 0.00823318 0.0272623 0.0144642 -0.00490189 0.0203813 0.00546854 -0.0520499 -0.00418673 0.011159 0.000717177 0.0093905 0.00619725 -0.00261115 0.0350736 -0.0244087 -0.0330783 -0.0216837 -0.0184623
internal_weight=1310.23 938.726 653.981 284.744 587.81 371.504 66.1717 76.2837 288.033 462.338 39.0299 178.048 208.461 48.4715 159.989 109.985 45.3044 83.4708 92.2068 73.7737 51.8626 49.4801 20.8673 128.568 125.471 37.2537 17.7782 21.9111
internal_count=7148 4869 3357 1512 2970 2279 387 381 1859 2317 201 1245 1131 359 772 614 280 420 523 359 252 273 107 972 653 180 91 107
is_linear=0
shrinkage=0.05


Tree=43
num_leaves=24
num_cat=0
split_feature=2 0 2 2 10 24 9 26 9 10 2 21 2 0 27 29 0 0 21 17 18 24 19
split_gain=37.2201 37.6467 31.9449 30.4715 28.8522 24.1517 31.2754 16.8881 11.9264 28.5889 11.2376 10.8727 9.55617 11.1661 8.51134 7.62448 7.37431 5.1047 5.05512 2.74452 2.35174 1.58187 0.612973
threshold=24.500000000000004 3223.9550000000004 18.500000000000004 25.500000000000004 31.500000000000004 13.500000000000002 0.084200000000000011 10.500000000000002 0.38235000000000002 1.0000000180025095e-35 25.500000000000004 17170.500000000004 22.500000000000004 7809.3700000000008 8.5000000000000018 4.5000000000000009 607.80500000000006 433.29500000000007 32959.500000000007 220558.62000000002 117313.53500000002 9.5000000000000018 0.11090000000000001
decision_type=2 2 2 2 2 2 2 2 2 2 2 2 2 2 2 2 2 2 2 2 2 2 2
left_child=2 10 4 8 7 11 -7 16 9 -3 17 -6 14 -14 19 -16 -1 21 -19 -4 -15 -2 -10
right_child=1 3 12 -5 5 6 -8 -9 22 -11 -12 -13 13 20 15 -17 -18 18 -20 -21 -22 -23 -24
leaf_value=0.005237967931052712 -0.060638643737731861 -0.043229952979296354 -0.033135528432984437 -0.049213413359501204 -9.9491409283678753e-05 0.020589471099256906 -0.012735505875217762 0.029544999444311923 0.017824009298762836 0.029253972169753419 0.020629178420656452 -0.017380224218705439 -0.03549906018957881 0.030705461173003074 -0.026367377417739143 0.01845313575836242 -0.041466359508458367 0.0010906778720332013 -0.032767387905741442 -0.062524527641487498 -0.0026302983106839943 -0.023105873398153769 0.056806046889788554
leaf_weight=8.7135501131415349 8.9420867711305636 13.001885563135145 89.940473794937134 11.142762094736097 251.97730551660061 257.33346135169268 94.702632293105125 9.524446561932562 4.2231810465455046 158.51568414270878 15.840518638491629 141.57073842734098 12.274795003235338 14.709348216652872 21.414851285517216 13.913908019661902 67.900768797844648 25.262680537998676 16.689453072845936 11.863196589052675 6.5422807410359374 11.011767737567423 36.118662007153034
leaf_count=51 42 84 451 53 1303 1331 502 70 26 891 78 721 62 97 105 67 485 133 77 57 39 51 372
internal_value=-0.000536169 0.0148238 -0.00517498 0.0252295 -0.00109689 0.00208327 0.011575 -0.0281593 0.0296152 0.0232668 -0.0147818 -0.00639761 -0.0247491 -0.000454375 -0.030525 -0.00840442 -0.0360292 -0.0243613 -0.0130294 -0.0377953 0.0206695 -0.0443731 0.0539961
internal_weight=1303.13 300.749 1002.38 223.002 831.723 745.584 352.036 86.1388 211.859 171.518 77.7465 393.548 170.659 33.5264 137.132 35.3288 76.6143 61.906 41.9521 101.804 21.2516 19.9539 40.3418
internal_count=7148 1807 5341 1426 4463 3857 1833 606 1373 975 381 2024 878 198 680 172 536 303 210 508 136 93 398
is_linear=0
shrinkage=0.05


Tree=44
num_leaves=17
num_cat=0
split_feature=25 23 16 24 25 24 10 1 10 18 2 27 18 19 24 28
split_gain=44.1648 36.2141 60.7152 27.8822 18.5555 14.9623 14.6896 13.4408 15.0018 9.06882 8.45464 8.23478 5.56969 3.22026 4.95624 3.95049
threshold=1.0000000180025095e-35 1.5000000000000002 1.5000000000000002 7.5000000000000009 17.500000000000004 6.5000000000000009 77.500000000000014 10.500000000000002 60.500000000000007 151516.49500000002 6.5000000000000009 11.500000000000002 3653.0650000000001 0.34860000000000008 5.5000000000000009 5.5000000000000009
decision_type=2 2 2 2 2 2 2 2 2 2 2 2 2 2 2 2
left_child=-1 2 7 13 6 12 -5 11 -9 -6 -7 -2 -4 15 -15 -3
right_child=1 3 5 4 9 10 -8 8 -10 -11 -12 -13 -14 14 -16 -17
leaf_value=-0.056035342960898515 0.0013931366926416078 -0.0078876218484267343 -0.015148954438954544 -0.030775920553133329 0.048843214392614527 0.0094048153596709028 -0.0032332443683182536 -0.050818924561168155 -0.0078057352973193682 -0.0086558195342316176 0.038451589651670899 0.037186132396240787 0.01500824207783551 -0.035361958615035285 0.0062130122764734652 -0.050545140254170617
leaf_weight=32.881810691207647 327.0340401828289 7.7705491185188285 18.499987713992596 55.637363590300083 21.023664981126789 32.464656263589859 314.45620170235634 21.848249480128288 150.51181589066982 8.6186967268586141 163.77923249080777 14.966458223760126 57.816315665841103 16.732481926679615 10.181246459484099 42.659962132573128
leaf_count=278 1663 41 88 332 128 172 1564 169 755 46 1138 105 318 89 54 208
internal_value=-0.000529267 0.000993015 0.00758339 -0.00984289 -0.0044168 0.0265727 -0.00754386 -0.00252363 -0.0138358 0.0323186 0.0338402 0.00319565 0.00736991 -0.0369421 -0.0199468 -0.0447146
internal_weight=1296.88 1264 786.921 477.08 399.736 272.56 370.094 514.361 172.36 29.6424 196.244 342 76.3163 77.3442 26.9137 50.4305
internal_count=7148 6870 4408 2462 2070 1716 1896 2692 924 174 1310 1768 406 392 143 249
is_linear=0
shrinkage=0.05


Tree=45
num_leaves=28
num_cat=0
split_feature=3 24 9 1 10 13 1 2 23 21 2 6 15 1 4 2 29 23 16 9 18 3 15 1 23 24 11
split_gain=38.1063 25.7513 21.2642 28.0307 24.3005 17.2071 15.6619 19.7216 15.2976 13.4539 11.5574 8.75255 8.33238 7.51327 8.09388 5.02432 4.89357 4.80599 4.11344 3.91309 3.47918 2.53266 2.13624 1.995 1.71048 0.607034 0.248729
threshold=3.5000000000000004 27.500000000000004 0.46455000000000007 1.5000000000000002 55.500000000000007 1.0000000180025095e-35 10.500000000000002 23.500000000000004 3.5000000000000004 17922.500000000004 5.5000000000000009 9.5000000000000018 1.0000000180025095e-35 4.5000000000000009 1.0000000180025095e-35 18.500000000000004 5.5000000000000009 2.5000000000000004 5.5000000000000009 0.0026500000000000004 283983.86000000004 5.5000000000000009 3.5000000000000004 3.5000000000000004 1.5000000000000002 11.500000000000002 772.50000000000011
decision_type=2 2 2 2 2 2 2 2 2 2 2 2 2 2 2 2 2 2 2 2 2 2 2 2 2 2 2
left_child=1 2 3 5 -5 -1 12 16 9 11 -11 -3 13 14 -2 -4 18 21 -8 25 -15 -14 -10 -19 -21 -9 -17
right_child=6 8 15 4 -6 -7 7 19 22 10 -12 -13 17 20 -16 26 -18 23 -20 24 -22 -23 -24 -25 -26 -27 -28
leaf_value=0.044599591031170331 0.0005326817171647278 0.03056535994377392 0.0040554917848850134 -0.041480305318496828 -0.011037817204988688 -0.030497935044663665 -0.031874188209599523 -0.0063779470460158909 -0.039619968850691974 -0.038487325958557861 0.008375812530991799 -0.022237034329243413 0.039911428243624703 0.038304790770407757 0.035431842264796863 0.02690485836417383 0.011469929080239676 -0.01018414367251174 0.0015579626272498445 0.043158456033261058 -4.841538867358407e-05 0.005687100043319974 -0.0055543816376948931 0.019184501273892308 0.012443703758729937 0.011379015405119257 0.061032328432884635
leaf_weight=31.066262103617191 105.49509008228779 94.478318374603987 11.444409444928169 72.779016867280006 584.34847946465015 8.2029230743646604 45.129798911511898 8.3493531271815282 13.060423932969572 14.365943174809216 64.91498052328825 6.9089304357767096 69.453490249812603 30.596840597689152 17.875083215534687 8.3867610245943052 8.9642818346619588 7.42780473828316 10.510484233498572 17.050244592130188 6.5837755426764479 7.3871008977293959 8.7881744503974897 12.694149643182753 10.211321681737898 6.7109211832284918 7.2485152259469041
leaf_count=172 589 576 56 529 2839 37 224 49 64 72 325 32 554 213 115 87 44 42 53 124 42 39 39 81 69 41 41
internal_value=-0.000515361 -0.00591286 -0.0103268 -0.0120566 -0.0145402 0.0279524 0.0131291 -0.00284345 0.00975351 0.0146242 -0.000730972 0.0265099 0.0197707 0.0124249 0.00615355 0.0315834 -0.0200733 0.0313359 -0.0255504 0.0229514 0.0316024 0.0369758 -0.027952 0.00795074 0.0336323 0.00135485 0.0484207
internal_weight=1290.43 925.993 723.476 696.397 657.127 39.2692 364.44 106.926 202.517 180.668 79.2809 101.387 257.513 160.551 123.37 27.0797 64.6046 96.9625 55.6403 42.3218 37.1806 76.8406 21.8486 20.122 27.2616 15.0603 15.6353
internal_count=7148 4869 3761 3577 3368 209 2279 604 1108 1005 397 608 1675 959 704 184 321 716 277 283 255 593 103 123 193 90 128
is_linear=0
shrinkage=0.05


Tree=46
num_leaves=17
num_cat=0
split_feature=25 23 16 24 25 21 24 1 10 17 29 28 28 21 19 21
split_gain=41.2878 32.8585 53.9221 25.3713 16.874 13.8527 13.487 11.5745 13.9284 8.89348 8.22068 7.11793 5.18053 3.2528 3.63125 2.33742
threshold=1.0000000180025095e-35 1.5000000000000002 1.5000000000000002 7.5000000000000009 17.500000000000004 1099.0000000000002 6.5000000000000009 10.500000000000002 60.500000000000007 77063.795000000013 5.5000000000000009 2.5000000000000004 14.500000000000002 1169.5000000000002 1.0711000000000002 104.50000000000001
decision_type=2 2 2 2 2 2 2 2 2 2 2 2 2 2 2 2
left_child=-1 2 7 13 5 -5 12 10 -9 -6 -2 -8 -4 15 -15 -3
right_child=1 3 6 4 9 -7 11 8 -10 -11 -12 -13 -14 14 -16 -17
leaf_value=-0.055361550597492461 -0.00069856170857917482 -0.030935236838330674 -0.0025257855327574944 0.0059800315327005462 0.05485676209609272 -0.014243727236130585 0.0038501696987579175 -0.049371644715438173 -0.0070850999688808125 0.00030151782116772633 0.018862692030087259 0.035695692595504154 0.023949862366711122 -0.04853900737810514 -0.011957909545491925 0
leaf_weight=31.382012575864792 275.38286848366261 10.638461381196977 48.98952816426754 128.04202844202518 15.405778713524343 239.89851834625006 20.891233466565609 20.770107626914978 149.5634363219142 13.778431333601473 64.435970187187195 171.46596707031131 26.831184878945351 43.549410499632359 10.741948366165159 11.170556135475634
leaf_count=278 1412 54 255 672 97 1224 126 169 755 77 356 1184 151 221 61 56
internal_value=-0.000476501 0.000977863 0.00729587 -0.00937952 -0.00420495 -0.00718462 0.0253605 -0.00224278 -0.0128126 0.0310921 0.00307002 0.0323637 0.00708956 -0.0354555 -0.0421608 -0.0162037
internal_weight=1282.94 1251.56 778.33 473.225 397.125 367.941 268.178 510.152 170.334 29.1842 339.819 192.357 75.8207 76.1004 54.2914 21.809
internal_count=7148 6870 4408 2462 2070 1896 1716 2692 924 174 1768 1310 406 392 282 110
is_linear=0
shrinkage=0.05


Tree=47
num_leaves=17
num_cat=0
split_feature=25 3 7 9 1 9 8 1 2 19 21 17 29 4 24 20
split_gain=38.9546 34.9508 24.4117 34.2926 30.3693 21.0162 20.1346 12.3787 16.5721 7.39174 7.41526 5.44496 5.24558 4.71362 4.31323 4.03611
threshold=1.0000000180025095e-35 3.5000000000000004 4.5000000000000009 0.40020000000000006 1.5000000000000002 0.092250000000000013 0.19560000000000002 10.500000000000002 23.500000000000004 0.12500000000000003 17170.500000000004 3446.7350000000006 5.5000000000000009 1.0000000180025095e-35 10.500000000000002 -0.51564999999999983
decision_type=2 2 2 2 2 2 2 2 2 2 2 2 2 2 2 2
left_child=-1 2 5 4 -4 6 -2 9 12 14 -11 -5 -9 -7 -3 -10
right_child=1 7 3 11 -6 13 -8 8 15 10 -12 -13 -14 -15 -16 -17
leaf_value=-0.054783984097947727 -0.026447481099214271 -0.0020214979255827356 0.038175371559949912 0.016102734835730631 -0.0052345282574947647 -0.038730998500483449 0.006079597125357189 -0.022591951542894256 -0.0063343620026476352 0.036668727410787236 0.013562668536897179 0.057356619539334602 0.016779902137740443 -0.0029640303221654084 0.018603238845005986 0.030798935256523049
leaf_weight=30.178808454424143 75.267477594316006 45.591168001294136 41.664872296154499 15.027457788586615 516.60628619790077 86.247270256280899 121.52017859369516 52.823567658662796 7.9422044381499282 86.580168984830379 65.87569236010313 26.662802010774612 8.2014959156513196 11.357769921422003 52.044156350195408 33.204375885426998
leaf_count=278 377 240 235 82 2549 427 640 260 49 690 425 278 40 53 295 230
internal_value=-0.000461941 0.000930754 -0.00431707 0.00146264 -0.0018522 -0.01606 -0.006452 0.0142317 -0.000346654 0.0201827 0.0270543 0.0441332 -0.0167773 -0.0348125 0.00902482 0.0234382
internal_weight=1276.8 1246.62 894.354 599.961 558.271 294.393 196.788 352.263 102.172 250.091 152.456 41.6903 61.0251 97.605 97.6353 41.1466
internal_count=7148 6870 4641 3144 2784 1497 1017 2229 579 1650 1115 360 300 480 535 279
is_linear=0
shrinkage=0.05


Tree=48
num_leaves=17
num_cat=0
split_feature=25 3 0 2 23 16 10 0 9 17 2 10 10 0 0 18
split_gain=36.7886 31.8817 24.5403 23.5498 22.5391 38.2184 12.0542 12.0471 10.5097 9.85052 8.61526 8.02995 7.98145 7.8706 6.5528 3.60314
threshold=1.0000000180025095e-35 3.5000000000000004 191032.16500000004 24.500000000000004 1.5000000000000002 1.5000000000000002 77.500000000000014 4034.4300000000003 0.012250000000000002 294473.48000000004 5.5000000000000009 96.500000000000014 1.0000000180025095e-35 1266.0800000000002 879.91500000000008 36297.338103448281
decision_type=2 2 2 2 2 2 2 2 2 2 2 2 2 2 2 2
left_child=-1 2 4 9 5 -2 -6 8 14 -4 15 -5 -12 -10 -3 -9
right_child=1 7 3 11 6 -7 -8 10 13 -11 12 -13 -14 -15 -16 -17
leaf_value=-0.054227659548368105 -0.0047302955375312754 0.021855473035406553 -0.056061992535345141 -0.032011831139939217 -0.038565063929208714 0.02437018141133105 -0.0082177924184601622 0.012955832058920294 -0.042795009157513053 0.0014258953218218194 -0.0073317126221965068 0.024843787095844543 0.026257112114580414 0.0040376203621739753 -0.0056015004280032567 -0.025302287609176369
leaf_weight=29.014040850102901 330.81392569094896 47.712232917547226 47.694404520094395 6.7284128293395069 35.865084372460842 168.55841522291303 273.57367037981749 8.7706432119011897 18.275000356137753 8.25471133738756 18.11265055835247 19.43126056343317 192.60682412609458 14.880562096834181 36.597682774066925 12.29333111643791
leaf_count=278 1641 249 300 45 216 1013 1289 43 84 44 137 93 1404 74 183 55
internal_value=-0.000434067 0.000901681 -0.0041112 -0.0298224 -0.0014216 0.00513038 -0.0119923 0.0136684 0.000508665 -0.0476512 0.0202334 0.00863011 0.0232811 -0.0224577 0.00996733 -0.00919665
internal_weight=1269.18 1240.17 890.92 82.1088 808.811 499.372 309.439 349.249 117.465 55.9491 231.783 26.1597 210.719 33.1556 84.3099 21.064
internal_count=7148 6870 4641 482 4159 2654 1505 2229 590 344 1639 138 1541 158 432 98
is_linear=0
shrinkage=0.05


Tree=49
num_leaves=16
num_cat=0
split_feature=25 3 0 2 23 16 24 3 17 0 10 2 24 1 24
split_gain=34.7275 29.0183 22.7274 21.8964 20.4616 34.7326 16.5162 11.6773 9.36824 8.42852 7.43728 6.61848 5.90343 5.5524 3.7091
threshold=1.0000000180025095e-35 3.5000000000000004 191032.16500000004 24.500000000000004 1.5000000000000002 1.5000000000000002 7.5000000000000009 4.5000000000000009 294473.48000000004 7485.7800000000007 96.500000000000014 5.5000000000000009 13.500000000000002 2.5000000000000004 3.5000000000000004
decision_type=2 2 2 2 2 2 2 2 2 2 2 2 2 2 2
left_child=-1 2 4 8 5 -2 -6 9 -4 12 -5 -11 -3 -9 -15
right_child=1 7 3 10 6 -7 -8 13 -10 11 -12 -13 -14 14 -16
leaf_value=-0.053690645132589566 -0.0045013382920855438 -0.0045619460587625798 -0.054766998639557724 -0.031189216514140618 -0.037229299614124634 0.023295925415147425 -0.0061771919400499999 0.0238368208407462 0.0013680870182678163 -0.010553420398418788 0.023794833017169944 0.027661115604281691 0.019101185816187513 -0.032111893872116437 -0.0032400772342395497
leaf_weight=27.887587632983923 330.37184269726276 54.683933161199093 46.459898486733437 6.6162107884883907 49.972990594804287 167.63104349002242 258.48049039393663 13.077578477561472 8.2577601149678213 10.80650272965431 19.363380432128906 154.49140653014183 46.978542827069759 12.575018554925917 53.939874544739723
leaf_count=278 1641 274 300 45 258 1013 1247 79 44 48 93 1244 261 63 260
internal_value=-0.000429534 0.000851276 -0.0039349 -0.028905 -0.00135859 0.00489116 -0.0114476 0.0130845 -0.0463695 0.0180716 0.00820617 0.0250067 0.00643395 -0.00355277 -0.00962245
internal_weight=1261.59 1233.71 887.154 80.6972 806.456 498.003 308.453 346.553 54.7177 266.96 25.9796 165.298 101.662 79.5925 66.5149
internal_count=7148 6870 4641 482 4159 2654 1505 2229 344 1827 138 1292 535 402 323
is_linear=0
shrinkage=0.05


Tree=50
num_leaves=25
num_cat=0
split_feature=2 0 2 2 1 3 0 9 1 2 9 10 0 27 2 29 0 10 17 0 17 14 24 19
split_gain=28.2595 32.4227 29.016 27.4884 24.6549 23.5365 23.7733 21.7102 16.2431 9.89145 9.86599 23.0027 8.83131 8.06429 7.18604 6.03007 4.6921 4.81384 3.86595 3.25685 2.8064 1.88744 1.26194 0.677899
threshold=24.500000000000004 3223.9550000000004 18.500000000000004 25.500000000000004 1.5000000000000002 3.5000000000000004 184177.36000000002 1.0000000180025095e-35 10.500000000000002 25.500000000000004 0.38235000000000002 1.0000000180025095e-35 6578.5150000000012 8.5000000000000018 22.500000000000004 4.5000000000000009 433.29500000000007 449.50000000000006 5634.6850000000004 6394.4000000000005 220558.62000000002 0.03185000000000001 9.5000000000000018 0.11090000000000001
decision_type=2 2 2 2 2 2 2 2 2 2 2 2 2 2 2 2 2 2 2 2 2 2 2 2
left_child=2 9 4 10 7 6 -6 12 -7 16 11 -3 -1 14 20 19 22 -18 -16 -15 -4 -17 -2 -12
right_child=1 3 13 -5 5 8 -8 -9 -10 -11 23 -13 -14 15 18 21 17 -19 -20 -21 -22 -23 -24 -25
leaf_value=0.051507928349986958 -0.058204249611974263 -0.040167589736221809 -0.031147116451193377 -0.048042256661064764 -0.0051328026150777835 0.019613946482694811 -0.041684372882647064 -0.036676109462088595 -0.012342404207379637 0.019241485688815466 0.015690766183899269 0.027346637988624512 -0.0073114610308911438 -0.034260772826745965 -0.024849980015304196 0.035529793153215632 -0.027622496689395107 0.0053117958148786205 0.013488333643700482 0 -0.060743247754214351 0.002078252292736562 -0.022744721659314619 0.054697312898445552
leaf_weight=42.05758498609066 8.6423862800002116 11.872842416167257 86.88931255787611 10.846289124339817 495.17390727624297 151.52616416662931 47.138358879834414 8.4450834244489652 51.718704551458359 15.382696762681006 3.9968795478343955 152.57576485350728 6.5863713249564162 13.796021580696108 9.8990398049354571 6.1840999722480801 21.692233446985483 19.05211740732193 12.539692237973211 13.392207324504851 11.454649947583674 10.703385867178438 10.80298752337694 31.259942200034857
leaf_count=257 42 84 451 53 2544 998 325 42 261 78 26 891 36 68 56 39 119 91 78 73 57 56 51 372
internal_value=-0.000422497 0.0133181 -0.00451547 0.023364 -0.000557401 -0.0030258 -0.00846977 0.0305209 0.0113924 -0.0144224 0.0277296 0.0219881 0.0433721 -0.0234885 -0.0300979 -0.00463934 -0.0235288 -0.0124605 -0.00366528 -0.0188755 -0.035836 0.0173226 -0.0429292 0.0516234
internal_weight=1253.63 286.124 967.505 210.552 802.646 745.557 542.312 57.089 203.245 75.5724 199.705 164.449 48.644 164.858 120.783 44.0757 60.1897 40.7444 22.4387 27.1882 98.344 16.8875 19.4454 35.2568
internal_count=7148 1807 5341 1426 4463 4128 2869 335 1259 381 1373 975 293 878 642 236 303 210 134 141 508 95 93 398
is_linear=0
shrinkage=0.05


Tree=51
num_leaves=16
num_cat=0
split_feature=25 23 16 24 25 10 25 2 0 2 7 17 2 21 29
split_gain=32.4978 25.8247 41.3496 22.4621 15.8838 13.0749 12.6062 11.18 13.2017 11.2528 8.7148 8.41908 7.67344 2.772 0.201359
threshold=1.0000000180025095e-35 1.5000000000000002 1.5000000000000002 5.5000000000000009 17.500000000000004 77.500000000000014 5.5000000000000009 23.500000000000004 3900.8500000000008 18.500000000000004 4.5000000000000009 77063.795000000013 6.5000000000000009 1220.0000000000002 4.5000000000000009
decision_type=2 2 2 2 2 2 2 2 2 2 2 2 2 2 2
left_child=-1 2 7 13 5 -5 10 9 -9 -2 -4 -6 -8 -3 -15
right_child=1 3 6 4 11 -7 12 8 -10 -11 -12 -13 -14 14 -16
leaf_value=-0.053112930448058662 -0.0020506743263823623 -0.01753860798721784 -0.0033461881847314506 -0.029429054272108908 0.053614097820325682 -0.0036048577673108112 0.006649947874362707 -0.013143412798100976 0.02296025252728515 -0.024649006851761399 0.021458770408268921 0 0.042859331613698544 -0.055832629142963323 -0.027131663437935612
leaf_weight=26.597168065607548 321.3216075822711 13.351915016770361 51.131022229790688 55.95649442076683 14.858945660293104 332.8044132143259 19.51665635406971 34.978781491518021 78.611780948936939 64.941206887364388 105.45675104483962 13.410982608795164 82.351074028760195 21.966194473207 8.8767461627721769
leaf_count=278 1753 70 268 357 97 1694 112 161 435 343 745 77 591 119 48
internal_value=-0.000420417 0.000805662 0.00648183 -0.00849273 -0.00477674 -0.00747907 0.0226389 -0.00190937 0.011721 -0.00598322 0.013356 0.0300934 0.0362799 -0.0416161 -0.0500321
internal_weight=1246.13 1219.53 758.309 461.226 417.031 388.761 258.456 499.853 113.591 386.263 156.588 28.2699 101.868 44.1949 30.8429
internal_count=7148 6870 4408 2462 2225 2051 1716 2692 596 2096 1013 174 703 237 167
is_linear=0
shrinkage=0.05


Tree=52
num_leaves=17
num_cat=0
split_feature=25 23 16 25 25 15 18 22 2 0 1 17 25 20 10 1
split_gain=30.7082 23.4862 37.8264 17.8778 13.9832 23.7408 11.8897 20.0441 10.1302 12.0039 10.983 9.40412 8.88032 8.7668 3.95177 2.15878
threshold=1.0000000180025095e-35 1.5000000000000002 1.5000000000000002 14.500000000000002 1.5000000000000002 1.0000000180025095e-35 3487.2650000000003 1.5000000000000002 23.500000000000004 3900.8500000000008 2.5000000000000004 78360.360000000001 5.5000000000000009 -0.54189999999999994 272.50000000000006 3.5000000000000004
decision_type=2 2 2 2 2 2 2 2 2 2 2 2 2 2 2 2
left_child=-1 2 8 4 13 -6 7 -4 10 -10 -2 14 -8 -3 -5 -13
right_child=1 3 6 11 5 -7 12 -9 9 -11 -12 15 -14 -15 -16 -17
leaf_value=-0.052610531243668962 0.016925021630374262 -0.019692873036374601 0.027047273821145537 0.0042057194147762308 -0.026775713859528073 -0.0017547184072713472 0.01813331647412799 -0.030795344277923666 -0.012545751936453959 0.021915062720132966 -0.0088061116556821181 -0.021974570457837541 0.040375404829177119 0.02876609297700073 0.056204305183986052 0.010420559670154142
leaf_weight=25.554135516285896 45.08571794629097 11.112423479557036 31.743649031966925 5.5830526091158417 186.82320958375931 192.83798343315721 119.44529731571674 24.90817529708147 34.909932300448418 78.345266953110695 340.63370042294264 7.1416285187006023 80.095837730914354 31.225150763988495 15.649777039885519 9.5228781104087812
leaf_count=278 232 58 186 36 1000 1000 817 127 161 435 1864 37 586 174 100 57
internal_value=-0.000409245 0.00076504 0.00619183 -0.00811254 -0.0111091 -0.014169 0.0217314 0.00126215 -0.00182172 0.0111727 -0.00570089 0.0238882 0.027423 0.0155069 0.0445011 -0.00379375
internal_weight=1240.62 1215.06 755.168 459.896 421.999 379.661 256.193 56.6518 498.975 113.255 385.719 37.8973 199.541 42.3376 21.2328 16.6645
internal_count=7148 6870 4408 2462 2232 2000 1716 313 2692 596 2096 230 1403 232 136 94
is_linear=0
shrinkage=0.05


Tree=53
num_leaves=17
num_cat=0
split_feature=25 3 0 2 7 8 1 1 2 17 1 2 19 8 19 20
split_gain=29.0413 23.6678 20.309 18.0398 16.3606 24.6649 19.0885 10.3537 12.5954 10.0065 7.34658 7.57926 5.3854 4.51594 4.24536 3.8469
threshold=1.0000000180025095e-35 3.5000000000000004 184177.36000000002 24.500000000000004 4.5000000000000009 0.46565000000000006 3.5000000000000004 10.500000000000002 23.500000000000004 358556.39500000008 4.5000000000000009 14.500000000000002 0.032750000000000008 0.37270000000000009 4.3514000000000008 -0.5220499999999999
decision_type=2 2 2 2 2 2 2 2 2 2 2 2 2 2 2 2
left_child=-1 2 4 9 5 -2 -6 10 13 -4 11 -3 -12 -9 -5 -10
right_child=1 7 3 14 6 -7 -8 8 15 -11 12 -13 -14 -15 -16 -17
leaf_value=-0.052122327587326503 -0.021148750144198376 -0.0039714328524255221 -0.051559499030013001 0.020555604198321822 0.017209245627914923 0.012063139042233259 -0.0028076120811601803 -0.02192743188632245 -0.0091640139252877739 0.009239745400179215 0.0037685778939471636 0.018524824692995 0.042203757712879916 0.01212129097933611 -0.016976565762759167 0.027571891775278735
leaf_weight=24.548048980534077 185.2662785500288 49.622637636959553 46.7540652602911 16.662663429975513 177.43437770009041 77.744367606937885 351.17111423611641 49.94745896756649 7.5543093979358664 6.9031270071864119 12.847545765340326 135.88767180964351 40.967752136290073 10.214967750012873 10.536943174898623 30.981926579028368
leaf_count=278 928 272 317 87 916 403 1894 246 48 36 72 963 343 54 60 231
internal_value=-0.000385644 0.000739537 -0.00360537 -0.0271635 -0.00112412 -0.0112768 0.00393204 0.0119388 -0.0015809 -0.0435069 0.0175227 0.0124757 0.033671 -0.0157814 0.00550652 0.020027
internal_weight=1235.05 1210.5 872.473 80.8568 791.616 263.011 528.605 338.024 98.6987 53.6572 239.326 185.51 53.8153 60.1624 27.1996 38.5362
internal_count=7148 6870 4641 500 4141 1331 2810 2229 579 353 1650 1235 415 300 147 279
is_linear=0
shrinkage=0.05


Tree=54
num_leaves=16
num_cat=0
split_feature=25 3 7 9 3 9 8 3 14 21 17 28 1 4 29
split_gain=27.4662 21.5968 17.9301 28.8604 24.2623 19.4777 18.077 9.97287 7.92259 5.55727 5.0114 4.96436 4.57767 4.32454 2.92545
threshold=1.0000000180025095e-35 3.5000000000000004 4.5000000000000009 0.40020000000000006 1.5000000000000002 0.092250000000000013 0.19560000000000002 4.5000000000000009 0.24410000000000001 392998.00000000006 3446.7350000000006 3.5000000000000004 2.5000000000000004 1.0000000180025095e-35 3.5000000000000004
decision_type=2 2 2 2 2 2 2 2 2 2 2 2 2 2 2
left_child=-1 2 5 4 -4 6 -2 8 9 -3 -5 -10 -9 -7 -14
right_child=1 7 3 10 -6 13 -8 12 11 -11 -12 -13 14 -15 -16
leaf_value=-0.051646938200647398 -0.023653363689733243 0.012556509098482516 0.012082189246085118 0.015264851784539103 -0.0096081911626954616 -0.035887226637396082 0.0076286507729919186 0.02127632873329002 -0.00033224348304329755 -0.020169472455331548 0.055654128641599646 0.0343939190491582 -0.018144432766911748 -0.0014895849298237761 0.0025570463226228311
leaf_weight=23.578293666243553 72.708955943584442 166.58505005389452 204.37519231066108 14.813790928572415 341.16088422387838 83.067607186734676 118.60453426092863 12.658571556210516 11.380447771400211 12.055136188864706 24.167924929410219 67.104535616934299 38.09978836029768 11.120993159711359 27.631916038691998
leaf_count=278 377 1075 1064 82 1720 427 640 79 87 63 278 602 191 53 132
internal_value=-0.000369929 0.000708564 -0.00344044 0.00156742 -0.00144957 -0.0136676 -0.00433011 0.0114535 0.0161917 0.0100939 0.0420435 0.0293512 -0.0039798 -0.0320452 -0.00947588
internal_weight=1229.11 1205.54 870.02 584.518 545.536 285.502 191.313 335.515 257.125 178.64 38.9817 78.485 78.3903 94.1886 65.7317
internal_count=7148 6870 4641 3144 2784 1497 1017 2229 1827 1138 360 689 402 480 323
is_linear=0
shrinkage=0.05


Tree=55
num_leaves=24
num_cat=0
split_feature=24 23 9 10 10 15 0 7 13 8 17 24 9 10 9 11 11 21 1 0 0 22 19
split_gain=24.5643 21.0969 17.1872 16.9506 16.3908 15.4957 13.1166 11.2223 24.9558 17.2174 9.98264 9.14681 10.2597 6.30634 6.99127 4.81449 14.8401 4.72871 4.49527 4.19465 3.41489 2.28538 0.46026
threshold=13.500000000000002 2.5000000000000004 0.37155000000000005 1.0000000180025095e-35 166.50000000000003 3.5000000000000004 18165.580000000005 3.5000000000000004 1.0000000180025095e-35 0.47575000000000006 111970.34500000002 42.500000000000007 0.38740000000000002 1.0000000180025095e-35 0.068750000000000019 708.50000000000011 358.00000000000006 54766.000000000007 8.5000000000000018 13169.410000000002 13826.700000000003 1.5000000000000002 1.8151500000000003
decision_type=2 2 2 2 2 2 2 2 2 2 2 2 2 2 2 2 2 2 2 2 2 2 2
left_child=1 2 3 20 5 13 -5 8 18 -10 22 12 -9 19 -15 16 -4 -13 -6 -2 -1 -3 -7
right_child=4 21 15 6 7 10 -8 11 9 -11 -12 17 -14 14 -16 -17 -18 -19 -20 -21 -22 -23 -24
leaf_value=-0.0054992833088568305 0 -0.019132704244649697 0.04121565862679271 -0.0099517164524259728 -0.012126376049743308 0.048389807169153622 0.0064639888700520499 0.0087882815179646783 -0.00055999942208150618 0.049774567782889183 -0.026372507259453906 0.041368075886224966 0.043358348949063361 0.00093141715226165752 -0.031471883271760724 0.052706799989045643 -0.054438873259759317 0.0088315200462366263 -0.041536380978129506 -0.04662555545939788 -0.047188583838371628 -0.050343018602709823 0.008650155110150274
leaf_weight=7.2607744559645644 5.8882929570972946 13.513220831751822 9.9771730825305003 352.17379477992654 34.865926567465067 14.533610790967947 182.95523979142308 250.33724242076278 43.427104506641626 25.462241135537624 5.0045190602540961 45.819279365241528 21.975804127752781 52.265670374035835 21.978129208087921 13.065541326999663 4.1258603185415259 17.366477057337761 23.154024545103312 21.483532249927521 27.465543739497662 26.476722232997417 2.4750801920890799
leaf_count=52 39 72 110 1836 190 212 1081 1358 242 138 30 272 176 293 126 87 26 91 125 178 240 142 32
internal_value=-0.000352829 -0.0071464 -0.00470137 -0.00661086 0.00701387 -0.00900747 -0.00431756 0.0113392 -0.00124409 0.0187825 0.0272367 0.0161079 0.0119103 -0.0173298 -0.0091036 0.0327139 0.00932508 0.0331242 -0.0250226 -0.0371631 -0.0395184 -0.0414484 0.0446516
internal_weight=1223.05 637.014 597.024 569.855 586.037 123.629 535.129 462.408 126.909 68.8893 22.0132 335.499 272.313 101.616 74.2438 27.1686 14.103 63.1858 58.02 27.3718 34.7263 39.9899 17.0087
internal_count=7148 3646 3432 3209 3502 910 2917 2592 695 380 274 1897 1534 636 419 223 136 363 315 217 292 214 244
is_linear=0
shrinkage=0.05


Tree=56
num_leaves=16
num_cat=0
split_feature=25 24 10 14 9 10 0 7 13 24 10 0 0 18 11
split_gain=25.8886 21.4409 15.248 15.2341 15.2294 14.7546 15.9441 9.78735 22.8312 8.9927 6.66822 4.57164 4.11095 2.26637 0.743375
threshold=1.0000000180025095e-35 13.500000000000002 166.50000000000003 0.6453000000000001 0.37155000000000005 1.0000000180025095e-35 17687.470000000005 3.5000000000000004 1.0000000180025095e-35 41.500000000000007 1.0000000180025095e-35 2608.3850000000007 5185.5400000000009 115557.75500000002 708.50000000000011
decision_type=2 2 2 2 2 2 2 2 2 2 2 2 2 2 2
left_child=-1 4 3 10 5 12 -7 8 -4 -9 -3 -6 -2 -5 -13
right_child=1 2 7 13 11 6 -8 9 -10 -11 -12 14 -14 -15 -16
leaf_value=-0.051157885835524858 0 -0.035461807497816314 -0.023231773084251249 0.045547984768792744 -0.0031568577298065901 -0.011500482787155665 0.0062307318999405212 0.011978879737378408 0.019178534968112573 0.032770917560340743 -0.0069089388936961517 0.021908379291722534 -0.045495726514115042 -0.00017316213527936413 0.051805429239730062
leaf_weight=22.562704425305128 6.002128839492797 26.877619653940201 56.291896238923073 11.529591847211121 7.4374653697013882 366.98606286197901 190.78438692912459 264.66295493766665 67.64758337661624 65.676534213125706 79.532696574926376 10.781739853322508 28.9526087641716 2.830759245902299 10.017856374382971
leaf_count=278 43 209 300 211 37 1860 1087 1480 367 375 447 118 245 17 74
internal_value=-0.000339401 0.000694744 0.00764529 -0.00799823 -0.00572972 -0.00748619 -0.0054171 0.0118429 -6.73775e-05 0.0163151 -0.0147344 0.0288661 -0.0381519 0.0370047 0.0400278
internal_weight=1218.57 1196.01 575.05 120.771 620.962 592.725 557.77 454.279 123.939 330.339 106.41 28.2371 34.9547 14.3604 20.7996
internal_count=7148 6870 3406 884 3464 3235 2947 2522 667 1855 656 229 288 228 192
is_linear=0
shrinkage=0.05


Tree=57
num_leaves=16
num_cat=0
split_feature=25 23 16 24 19 10 25 3 16 20 26 28 17 21 29
split_gain=24.4997 21.5551 32.5565 19.3352 12.7845 12.9868 10.963 10.9103 9.24359 8.01971 7.2994 7.04619 6.20194 2.63671 0.221974
threshold=1.0000000180025095e-35 1.5000000000000002 1.5000000000000002 5.5000000000000009 0.14715000000000003 1.0000000180025095e-35 5.5000000000000009 3.5000000000000004 8.5000000000000018 0.86025000000000007 9.5000000000000018 12.500000000000002 2732.3750000000005 1220.0000000000002 4.5000000000000009
decision_type=2 2 2 2 2 2 2 2 2 2 2 2 2 2 2
left_child=-1 2 7 13 8 -6 11 9 -5 -2 -9 -4 -8 -3 -15
right_child=1 3 6 4 5 -7 12 10 -10 -11 -12 -13 -14 14 -16
leaf_value=-0.050704611029430149 -0.0036117125481649618 -0.015770672474182425 0.0016602343322546374 -0.018377594058677626 -0.036204980205396309 0.0080744476742038267 0.0073889053503620079 0.0062837932602199031 0.0086340530063349821 -0.028598696936020129 0.04475497429228905 0.023246504372900736 0.040019780660965787 -0.053236148164324787 -0.025227053219609264
leaf_weight=21.666772279888391 320.61845714598894 13.036675840616224 82.237965546548367 165.32130640000105 16.090414214879274 190.20276742428541 20.104202173650265 124.93534912914038 37.249456644058228 34.055179473012686 11.999381877481936 70.272668901830912 76.829955227673054 21.029228493571285 8.6024818047881109
leaf_count=278 1646 70 454 827 126 1079 119 726 193 211 109 559 584 119 48
internal_value=-0.000323828 0.000666472 0.00591595 -0.007915 -0.00445187 0.00425827 0.0205533 -0.00154406 -0.0133259 -0.00618587 0.0103227 0.0118435 0.0336394 -0.0391909 -0.0475301
internal_weight=1214.25 1192.59 741.053 451.532 408.864 206.293 249.445 491.608 202.571 354.674 136.935 152.511 96.9342 42.6684 29.6317
internal_count=7148 6870 4408 2462 2225 1205 1716 2692 1020 1857 835 1013 703 237 167
is_linear=0
shrinkage=0.05


Tree=58
num_leaves=16
num_cat=0
split_feature=25 21 25 2 2 25 9 12 19 9 1 18 18 11 19
split_gain=23.1851 19.8148 19.8029 17.3158 22.6841 16.1385 15.995 11.7675 7.77065 7.20804 8.23475 6.60003 8.40902 2.39147 1.82316
threshold=1.0000000180025095e-35 16464.500000000004 1.5000000000000002 24.500000000000004 18.500000000000004 18.500000000000004 0.092250000000000013 1.0000000180025095e-35 0.16575000000000004 0.38235000000000002 3.5000000000000004 257.78500000000003 77933.525000000009 708.50000000000011 0.11455000000000001
decision_type=2 2 2 2 2 2 2 2 2 2 2 2 2 2 2
left_child=-1 3 11 4 6 7 -2 -4 -6 10 -5 13 -13 -3 -11
right_child=1 2 5 9 8 -7 -8 -9 -10 14 -12 12 -14 -15 -16
leaf_value=-0.050260520989427439 0.010577014276245952 0.014539776476933478 -0.01281558992343166 0.030580779724217286 -0.033177577620467469 0.045616359292825467 -0.013112957689620312 -0.04654498916344027 -0.0033676163712177162 0.0087793489413659932 0.004995822725889062 -0.0064259254166574844 0.020146705566995014 0.053944079287054282 0.048978267569553473
leaf_weight=20.804823618382215 377.34330523759127 11.700328439474108 293.74805061891675 50.003911014646292 52.157668586820364 9.0285463109612447 85.601821836084127 27.209031838923693 38.843251124024391 5.0409794859588173 85.082916978746653 76.538404915481806 45.780035994946957 7.509141117334365 22.357977837324142
leaf_count=278 2102 99 1508 313 269 49 489 221 214 38 510 423 250 37 348
internal_value=-0.000316578 0.000632706 -0.00729979 0.00587312 0.00161749 -0.0139965 0.0061375 -0.0159765 -0.0209069 0.0201245 0.0148473 0.00822202 0.00360307 0.034049 0.0430228
internal_weight=1208.75 1187.95 471.514 716.432 553.946 329.986 462.945 320.957 91.0009 162.486 135.087 141.528 122.318 19.2095 27.399
internal_count=7148 6870 2587 4283 3074 1778 2591 1729 483 1209 823 809 673 136 386
is_linear=0
shrinkage=0.05


Tree=59
num_leaves=16
num_cat=0
split_feature=25 23 16 24 17 18 25 24 3 0 2 0 11 21 29
split_gain=21.959 19.6039 29.0287 17.891 12.3518 20.7848 13.9224 10.6881 9.89663 12.5519 7.46864 5.71084 4.91434 2.41719 0.227961
threshold=1.0000000180025095e-35 1.5000000000000002 1.5000000000000002 5.5000000000000009 192349.80500000002 1102884.3200000003 17.500000000000004 6.5000000000000009 3.5000000000000004 134509.42500000002 6.5000000000000009 1743.5550000000003 1813.5000000000002 1220.0000000000002 4.5000000000000009
decision_type=2 2 2 2 2 2 2 2 2 2 2 2 2 2 2
left_child=-1 2 8 13 6 -6 -5 12 9 -2 -9 -10 -4 -3 -15
right_child=1 3 7 4 5 -7 -8 10 11 -11 -12 -13 -14 14 -16
leaf_value=-0.049824597187412882 -0.0023113508534193983 -0.015325376730592115 0.0084465193974625607 -0.0027991062505639533 -0.031081758038256975 0.045243162423872378 0.037104978445816131 0.0032447809996574055 -0.0066324467647707903 -0.031319805015796176 0.030996623874975461 0.016028189472040998 -0.027378063959626161 -0.051642712442207389 -0.024173930127832088
leaf_weight=19.976012986153364 312.6069373190403 12.972573585808275 63.46666718646884 307.47428837418556 69.615161295980215 8.3024685978889448 21.519489828497171 30.700428351759911 36.201581872999668 40.585607785731554 143.06346246227622 100.08837181329727 9.1659102588891965 20.586476359516386 8.5016478747129423
leaf_count=278 1580 70 359 1660 373 49 143 172 174 277 1138 661 47 119 48
internal_value=-0.000295187 0.000613983 0.00564026 -0.00759054 -0.00426344 -0.0218952 0 0.0195649 -0.00139988 -0.00583047 0.0262431 0.00992785 0.0031791 -0.0378967 -0.0460077
internal_weight=1204.83 1184.85 735.879 448.972 406.911 77.9176 328.994 246.396 489.482 353.193 173.764 136.29 72.6326 42.0607 29.0881
internal_count=7148 6870 4408 2462 2225 422 1803 1716 2692 1857 1310 835 406 237 167
is_linear=0
shrinkage=0.05


Tree=60
num_leaves=15
num_cat=0
split_feature=25 24 23 23 16 10 2 0 2 22 25 14 25 17
split_gain=20.789 18.6531 19.5331 14.3763 20.0472 16.0944 11.5854 13.2161 12.5385 6.03265 5.95219 7.91515 3.84319 2.37997
threshold=1.0000000180025095e-35 13.500000000000002 2.5000000000000004 3.5000000000000004 8.5000000000000018 65.500000000000014 24.500000000000004 3123.2650000000008 18.500000000000004 5.5000000000000009 4.5000000000000009 0.68835000000000013 3.5000000000000004 16814.915000000005
decision_type=2 2 2 2 2 2 2 2 2 2 2 2 2 2
left_child=-1 2 6 4 5 -3 8 -8 -2 -6 -5 -12 -4 -14
right_child=1 3 12 10 9 -7 7 -9 -10 -11 11 -13 13 -15
leaf_value=-0.049395891564920587 -0.0028988107461338352 -0.020602394771330593 -0.0082058111205176865 0.0099842900515721804 0.045954209222273022 0.0089201339166018294 -0.014457142951764186 0.020842688907596177 -0.024887831743016436 0.01625141710799818 -0.039667213675768656 0.0091181230133001757 -0.015519902161008309 -0.056119245528154074
leaf_weight=19.179464152082801 374.78894092515111 50.294372119009495 9.6900628954172117 13.194970726966856 40.831858523190022 387.72372759878635 35.757448438555002 87.126606743782759 76.983046136796474 36.262519091367722 28.847773440182209 10.078120887279509 7.4477625340223339 21.57078543305397
leaf_count=278 2100 352 54 71 412 2098 178 556 418 273 147 53 39 119
internal_value=-0.000291546 0.000579914 -0.00544638 0.00711012 0.00966738 0.00542932 -0.00304546 0.0104239 -0.00676101 0.0328737 -0.0174019 -0.0269637 -0.0389433 -0.0476941
internal_weight=1199.78 1180.6 613.365 567.233 515.112 438.018 574.656 122.884 451.772 77.0944 52.1209 38.9259 38.7086 29.0185
internal_count=7148 6870 3464 3406 3135 2450 3252 734 2518 685 271 200 212 158
is_linear=0
shrinkage=0.05


Tree=61
num_leaves=16
num_cat=0
split_feature=25 23 16 24 17 25 17 25 3 0 26 2 7 21 0
split_gain=19.6848 17.4487 25.8633 16.3008 11.0233 12.5557 11.7152 10.0673 8.88953 11.7399 6.84443 6.77673 6.64425 2.34137 0.240777
threshold=1.0000000180025095e-35 1.5000000000000002 1.5000000000000002 5.5000000000000009 192349.80500000002 17.500000000000004 1246198.0950000002 5.5000000000000009 3.5000000000000004 134509.42500000002 9.5000000000000018 6.5000000000000009 3.5000000000000004 1220.0000000000002 20381.320000000003
decision_type=2 2 2 2 2 2 2 2 2 2 2 2 2 2 2
left_child=-1 2 8 13 5 -5 -6 12 9 -2 -10 -9 -4 -3 -15
right_child=1 3 7 4 6 -7 -8 11 10 -11 -12 -13 -14 14 -16
leaf_value=-0.048973525519590506 -0.0021500205326575 -0.01427115816585444 -0.0060997122537150136 -0.0026646253139465293 -0.027820445014292785 0.035524309989544395 0.028759348029569427 0.0034413870247352821 0.0055469467027785451 -0.030381463159962842 0.043266645726388726 0.037941165796265316 0.016774749875535611 -0.051374145917571959 -0.025528927637854627
leaf_weight=18.414277026429772 312.03768540918827 12.813377238810061 42.769675888121128 306.66968682780862 68.648709733039141 21.136440929025412 8.6897221654653531 18.798705115914345 123.8979345113039 39.991867084056139 11.607269451022146 74.757036253809929 107.19698524847627 17.965072795748714 10.528659038245676
leaf_count=278 1580 70 231 1660 372 143 50 112 726 277 109 591 782 101 66
internal_value=-0.000289418 0.000545191 0.00530467 -0.00721498 -0.00404925 0 -0.0207724 0.0185421 -0.0013357 -0.00553898 0.00943303 0.0313307 0.0101909 -0.0364129 -0.0444528
internal_weight=1195.92 1177.51 731.057 446.452 405.145 327.806 77.3384 243.522 487.535 352.03 135.505 93.5557 149.967 41.3071 28.4937
internal_count=7148 6870 4408 2462 2225 1803 422 1716 2692 1857 835 703 1013 237 167
is_linear=0
shrinkage=0.05


Tree=62
num_leaves=24
num_cat=0
split_feature=1 15 1 2 2 2 24 2 2 21 14 19 23 2 11 20 20 19 1 19 2 19 17
split_gain=19.5536 14.0629 12.5506 16.6746 24.3717 19.1158 11.7924 10.9154 22.1447 8.68402 7.92907 6.90111 7.70348 7.66075 6.29099 6.2457 6.00414 5.93382 5.07298 4.39991 4.34245 1.76316 1.2969
threshold=10.500000000000002 5.5000000000000009 4.5000000000000009 24.500000000000004 18.500000000000004 11.500000000000002 35.500000000000007 6.5000000000000009 12.500000000000002 138467.50000000003 0.10575000000000002 0.78825000000000012 1.5000000000000002 22.500000000000004 1285.5000000000002 -0.43559999999999993 -0.51829999999999987 0.028750000000000001 2.5000000000000004 1.1135500000000003 22.500000000000004 0.16275000000000003 66468.255000000019
decision_type=2 2 2 2 2 2 2 2 2 2 2 2 2 2 2 2 2 2 2 2 2 2 2
left_child=2 6 3 4 5 -1 11 16 -9 15 14 12 -2 -13 -5 -8 -4 -10 -12 -6 22 -18 -3
right_child=1 20 7 10 19 -7 9 8 17 -11 18 13 -14 -15 -16 -17 21 -19 -20 -21 -22 -23 -24
leaf_value=-0.011042802379971945 -0.0031549905580521456 0.019372864204117018 0.018946261237605951 -0.011134795145614506 -0.0356826792211117 0.010545011740262402 -0.0073777801330145044 0.055348041281075525 -0.014714186801599964 -0.029017019418795816 -0.010390615743543365 -0.035384017639663735 -0.021999827427039664 -0.0042983217908460917 0.023683118239611244 0.033750842652362938 -0.0050112340497613043 0.016176467919927842 0.028815210072161257 -0.0080852420544534846 0.044711324412081255 -0.040765923155226085 -0.0064228228728923477
leaf_weight=170.16581029817462 148.75609402544796 6.4416522011160859 8.6273690089583415 35.622240290045738 55.676841665059328 251.19809408858418 12.047510985285038 36.487482264637947 18.546346727758646 8.8996293507516366 7.7501825988292685 67.424922794103622 85.538006421178579 29.673847388476133 17.773821387439966 27.308008704334501 6.871780667454007 61.471941158175468 82.020785517990589 22.530584968626499 11.83808821067214 9.351774934679268 9.1141470670700055
leaf_count=941 878 47 43 185 287 1473 61 254 98 51 53 408 464 190 88 155 42 403 575 127 228 50 47
internal_value=-0.000279684 -0.0091531 0.00432556 0.00132075 -0.00298585 0.00179227 -0.0116989 0.0177094 0.0240886 0.0109293 0.0162513 -0.0150697 -0.0102053 -0.0262635 0.000711058 0.0211708 -0.0113916 0.00871061 0.0251688 -0.0282567 0.0241844 -0.0283822 0.00467964
internal_weight=1191.14 407.042 784.095 642.738 499.571 421.364 379.648 141.357 116.506 48.2551 143.167 331.393 234.294 97.0988 53.3961 39.3555 24.8509 80.0183 89.771 78.2074 27.3939 16.2236 15.5558
internal_count=7148 2529 4619 3729 2828 2414 2207 890 755 267 901 1940 1342 598 273 216 135 501 628 414 322 92 94
is_linear=0
shrinkage=0.05


Tree=63
num_leaves=16
num_cat=0
split_feature=25 24 23 23 9 17 21 17 0 21 11 17 11 25 17
split_gain=18.5271 16.3993 17.4185 12.7656 12.1895 11.6432 11.63 11.6288 12.0002 10.8671 8.88549 6.11539 4.95489 3.64275 2.28502
threshold=1.0000000180025095e-35 13.500000000000002 2.5000000000000004 1.5000000000000002 0.37155000000000005 178509.02500000005 138467.50000000003 5025.6228947368427 28501.745000000003 17170.500000000004 1320.5000000000002 1022759.7200000001 708.50000000000011 3.5000000000000004 16814.915000000005
decision_type=2 2 2 2 2 2 2 2 2 2 2 2 2 2 2
left_child=-1 2 4 7 9 6 -5 10 -9 -2 -3 -7 -6 -4 -15
right_child=1 3 13 5 12 11 -8 8 -10 -11 -12 -13 -14 14 -16
leaf_value=-0.048497896709234017 0.0010035708607294711 0.014626078782773883 -0.0072182352949204847 0.0090457616971566842 0.0056186873576923591 -0.025211717918824414 -0.023396878150246596 0.040434023218717252 0.0064034079309022553 -0.013475127474114111 -0.0095809658694236757 0.018946434801763293 0.050472431881083628 -0.014348010830347806 -0.054073322177897759
leaf_weight=17.588732792064548 337.89728960767388 99.899544361978769 9.5840212851762754 201.87636004388332 12.904629778116943 54.713788162916899 29.890382666140795 64.713419673964381 45.04949508048594 206.84380156546831 58.153355795890093 7.3424723073840132 12.143290560692547 7.3506750538945225 20.996204607188702
leaf_count=278 1893 577 54 1132 135 293 166 477 405 1139 312 44 85 39 119
internal_value=-0.000268052 0.00053042 -0.00514459 0.00668525 -0.0028778 -0.00048936 0.00465456 0.0145389 0.026921 -0.00450503 0.00564853 -0.0194024 0.0298578 -0.0370956 -0.0457261
internal_weight=1186.95 1169.36 607.72 561.639 569.789 293.823 231.767 267.816 109.763 544.741 158.053 62.0563 25.0479 37.9309 28.3469
internal_count=7148 6870 3464 3406 3252 1635 1298 1771 882 3032 889 337 220 212 158
is_linear=0
shrinkage=0.05


Tree=64
num_leaves=24
num_cat=0
split_feature=1 3 3 15 10 1 2 21 26 23 1 4 15 28 10 19 2 14 14 27 8 3 17
split_gain=17.6487 13.8844 14.6748 12.6609 14.1306 12.6274 15.3277 7.37778 7.22336 6.68177 6.27205 6.71997 7.06015 5.75819 5.63255 5.28281 4.18993 4.02844 3.16194 1.92729 1.74869 1.60773 1.18722
threshold=10.500000000000002 3.5000000000000004 1.5000000000000002 5.5000000000000009 159.50000000000003 1.5000000000000002 24.500000000000004 138467.50000000003 10.500000000000002 1.5000000000000002 4.5000000000000009 1.0000000180025095e-35 1.0000000180025095e-35 5.5000000000000009 3.5000000000000004 0.032750000000000008 22.500000000000004 0.015600000000000001 0.0031500000000000005 9.5000000000000018 0.22085000000000002 4.5000000000000009 66468.255000000019
decision_type=2 2 2 2 2 2 2 2 2 2 2 2 2 2 2 2 2 2 2 2 2 2 2
left_child=1 2 5 4 18 17 -7 9 14 -6 11 12 -3 -9 -4 -12 22 -1 -2 -20 -13 -17 -5
right_child=3 10 8 16 7 6 -8 13 -10 -11 15 20 -14 -15 -16 21 -18 -19 19 -21 -22 -23 -24
leaf_value=0 -0.00053155122934432641 -0.0024593176059565839 -0.033029540548096516 0.018466605936493876 0.0039995980362786355 -0.0040458975874979224 0.029734191291435976 0.014848900879439218 0.035148737556765931 -0.012685153933356322 0.00082283956430601328 0.0085581228191692008 0.019412710581572658 -0.02845132843912105 -0.0058879458171779159 0.04347585552938299 0.044035509821390768 0.046889175072139251 -0.038412681862470432 -0.010936972371293013 0.041086164542520578 0.0092536250271522662 -0.0063251004789765426
leaf_weight=5.8768206015229252 8.4198502041399461 98.730830043554306 18.71534707583487 6.3210958614945421 152.45619012787938 125.11729840561748 43.556422058492899 7.4279300644993773 8.1539672631770355 95.772309128195047 12.675649277865885 7.9396568983793285 55.96393758431077 49.089320283383131 323.17704603821039 31.281879458576441 11.278380639851093 25.303631231188774 53.177911819890141 10.687403682619331 17.497458275407553 6.1087935566902152 9.064649395644663
leaf_count=33 59 589 170 47 854 651 229 44 60 494 75 60 467 281 1633 316 228 168 399 76 139 29 47
internal_value=-0.000259694 0.00412167 -0.000188745 -0.00872945 -0.0111334 0.0105412 0.00486472 -0.00627901 -0.00636832 -0.00244774 0.0143744 0.00973827 0.00553629 -0.0222766 -0.00758622 0.0298479 0.0233183 0.0388028 -0.0307441 -0.0344384 0.0326616 0.0388923 0.0042378
internal_weight=1183.79 780.099 549.901 403.695 377.031 199.854 168.674 304.746 350.046 248.228 230.198 180.132 154.695 56.5173 341.892 50.0663 26.6641 31.1805 72.2852 63.8653 25.4371 37.3907 15.3857
internal_count=7148 4619 2944 2529 2207 1081 880 1673 1863 1348 1675 1255 1056 325 1803 420 322 201 534 475 199 345 94
is_linear=0
shrinkage=0.05


Tree=65
num_leaves=17
num_cat=0
split_feature=25 24 1 1 2 2 2 9 0 21 10 7 18 19 2 0
split_gain=17.4629 15.308 13.7127 11.8858 11.2749 9.46737 17.2738 14.1685 12.6299 7.01468 7.8746 6.51404 5.07912 5.06657 4.69308 2.08281
threshold=1.0000000180025095e-35 19.500000000000004 10.500000000000002 4.5000000000000009 11.500000000000002 23.500000000000004 19.500000000000004 0.080850000000000019 3900.8500000000008 226952.50000000003 85.500000000000014 4.5000000000000009 79131.775000000009 5.8672000000000013 22.500000000000004 562.33500000000015
decision_type=2 2 2 2 2 2 2 2 2 2 2 2 2 2 2 2
left_child=-1 2 3 4 -2 6 7 -3 15 10 -4 -5 -11 -10 -8 -7
right_child=1 5 9 11 -6 8 14 -9 13 12 -12 -13 -14 -15 -16 -17
leaf_value=-0.048047543620903355 -0.015708471636083049 0.016006450933641326 -0.03284623129466941 -0.0057771552631080735 0.0026119298335579438 -0.025161308987612197 -0.035558493749354811 -0.0094860652063982129 0.035634457714114616 -0.047220999921674389 -0.0059481260393666954 0.024329856820571275 0 -0.004966265769985728 0.0037138443449102696 0.0024680351720087635
leaf_weight=16.794296769425273 114.31855813786387 184.67924542352557 30.212226003408432 22.274109747260809 298.64731505513191 9.4139073118567484 29.606173530220985 74.907480448484421 68.631583973765373 21.157643295824531 197.88998259976506 71.153256513178349 7.233968771994113 7.63618105277419 8.9695430584251863 14.787788826972244
leaf_count=278 613 1036 278 119 1684 47 155 430 604 126 1074 473 45 51 52 83
internal_value=-0.000230061 0.000534135 -0.00360475 0.00115591 -0.00248675 0.00845839 0.00388254 0.00859571 0.0215997 -0.0129786 -0.00980878 0.0170766 -0.0357947 0.0314186 -0.0264476 -0.00899774
internal_weight=1178.31 1161.52 762.887 506.393 412.966 398.632 298.162 259.587 100.469 256.494 228.102 93.4274 28.3916 76.2678 38.5757 24.2017
internal_count=7148 6870 4412 2889 2297 2458 1673 1466 785 1523 1352 592 171 655 207 130
is_linear=0
shrinkage=0.05


Tree=66
num_leaves=16
num_cat=0
split_feature=25 21 25 25 24 1 2 12 18 18 17 11 21 2 10
split_gain=16.5443 14.642 17.7259 13.3388 12.9497 12.6463 13.8074 10.531 5.28702 7.67512 3.91336 2.62381 1.1447 1.00207 0.680605
threshold=1.0000000180025095e-35 16464.500000000004 1.5000000000000002 18.500000000000004 50.500000000000007 1.0000000180025095e-35 22.500000000000004 1.0000000180025095e-35 319.29500000000002 77933.525000000009 103410.63500000002 708.50000000000011 1824.0000000000002 13.500000000000002 244.50000000000003
decision_type=2 2 2 2 2 2 2 2 2 2 2 2 2 2 2
left_child=-1 4 8 7 5 13 -7 -4 11 -10 14 -3 -12 -2 -6
right_child=1 2 3 -5 10 6 -8 -9 9 -11 12 -13 -14 -15 -16
leaf_value=-0.047639981596325279 0.042392907343353325 0.011297587698659628 -0.011666967741121005 0.041882286865540186 0.018251025179053058 -0.0022452495697461001 0.014712915209030642 -0.0445136442191022 -0.005616681113611406 0.019998512936681742 0.021389447388110827 0.050934830324223759 -0.0045370764615081573 0.010955419522027906 0.052044979692063301
leaf_weight=16.125149071216583 19.410631980746988 11.208792291581632 288.39682948961854 8.8242059126496297 6.0244245417416122 478.90388532727957 157.75965204648674 25.433177694678307 74.175597444176674 45.270167399197817 6.3999391570687276 8.015668570995329 6.484989833086729 5.9048003442585459 16.544500812888145
leaf_count=278 130 100 1508 49 91 2679 1154 221 419 250 46 40 40 40 103
internal_value=-0.00023339 0.000498648 -0.00638647 -0.0128009 0.00507242 0.00342637 0.00197409 -0.0146256 0.00843713 0.00417865 0.0337155 0.0315379 0.00881247 0.0367653 0.0456512
internal_weight=1174.88 1158.76 461.324 322.654 697.433 661.979 636.664 313.83 138.67 119.446 35.4539 19.2245 12.8849 25.3154 22.5689
internal_count=7148 6870 2587 1778 4283 4003 3833 1729 809 669 280 140 86 170 194
is_linear=0
shrinkage=0.05


Tree=67
num_leaves=26
num_cat=0
split_feature=1 3 3 1 2 16 10 24 19 22 26 24 28 0 29 0 10 0 19 0 2 27 22 14 29
split_gain=14.8517 12.6042 13.1674 11.4148 13.1856 11.3986 12.2846 7.61497 6.2258 6.22077 6.21342 6.03606 6.00556 7.74266 6.22169 5.80463 5.40912 6.95014 5.7376 4.56641 4.32243 3.82648 2.5582 2.49416 2.05731
threshold=10.500000000000002 3.5000000000000004 1.5000000000000002 1.5000000000000002 24.500000000000004 8.5000000000000018 159.50000000000003 15.500000000000002 1.4565500000000002 5.5000000000000009 10.500000000000002 26.500000000000004 8.5000000000000018 4595.3900000000012 3.5000000000000004 21126.940000000006 385.50000000000006 45008.920000000006 0.20515000000000003 1554.5050000000003 15.500000000000002 10.500000000000002 7.5000000000000009 0.0031500000000000005 1.5000000000000002
decision_type=2 2 2 2 2 2 2 2 2 2 2 2 2 2 2 2 2 2 2 2 2 2 2 2 2
left_child=1 2 3 19 -5 6 21 15 -9 24 11 -4 16 14 -14 -8 17 -3 -18 -1 -15 23 -11 -2 -7
right_child=5 12 10 4 -6 9 7 8 -10 22 -12 -13 13 20 -16 -17 18 -19 -20 -21 -22 -23 -24 -25 -26
leaf_value=0.047885912800298948 -0.0032584877686633144 0.005706514286366822 -0.01092384617412835 -0.0036910665342793423 0.027765047662698113 0.0058699877429269345 -0.018021964852549113 0.0093745389429963754 -0.018927231243143227 -0.021595923215968565 0.032694607652537781 0.0046969536016627598 -0.010629565918665568 0.0087861912421970424 0.022035153158359123 0.0020800715749991344 -0.0048000202266850582 -0.03894842975739516 0.030873358219071008 0.0019740562226529105 0.03379509744180783 0.0059514769886689391 0.013713719057095747 -0.036302619574806454 0.046958436307884627
leaf_weight=22.464462485164407 7.5411199275404206 19.303785178810358 261.31994822062552 124.6207193993032 43.116386882960796 5.3723380751907852 128.99476632475853 95.240987312048674 22.19318213686347 7.9742070473730591 7.9748920425772658 78.547245070338249 30.837637029588223 26.347083274275064 24.073311530053616 47.772931046783924 20.576638426631689 12.849765185266731 20.786742899566889 7.7788107097148886 72.221251998096704 5.9676480777561656 8.4078888408839685 56.408547587692738 12.89661358296871
leaf_count=152 54 125 1393 651 229 34 714 508 127 50 60 410 168 192 133 293 127 96 171 49 663 48 57 437 207
internal_value=-0.000206399 0.00382705 -0.000284608 0.00993148 0.00456761 -0.00802829 -0.0106731 -0.00605524 0.00371485 0.0185568 -0.00615139 -0.00727809 0.0136735 0.0192492 0.00378626 -0.0125708 0.00169936 -0.0130822 0.0134938 0.0372421 0.0275174 -0.0292566 -0.00340937 -0.0327746 0.0371404
internal_weight=1171.59 772.819 545.822 197.98 167.737 398.77 364.119 294.202 117.434 34.651 347.842 339.867 226.996 153.479 54.9109 176.768 73.5169 32.1536 41.3634 30.2433 98.5683 69.9173 16.3821 63.9497 18.269
internal_count=7148 4619 2944 1081 880 2529 2181 1642 635 348 1863 1803 1675 1156 301 1007 519 221 298 201 855 539 107 491 241
is_linear=0
shrinkage=0.05


Tree=68
num_leaves=16
num_cat=0
split_feature=25 23 18 25 24 25 1 0 19 25 0 1 17 28 17
split_gain=15.5886 14.9784 21.784 14.6272 14.0144 12.0685 15.2249 11.9767 9.98777 9.53269 8.25603 5.47649 3.86148 2.01678 1.05778
threshold=1.0000000180025095e-35 1.5000000000000002 4930.1766666666672 8.5000000000000018 5.5000000000000009 1.5000000000000002 1.5000000000000002 184177.36000000002 0.11090000000000001 1.5000000000000002 2283.6500000000005 10.500000000000002 2410.5050000000006 5.5000000000000009 8032.8550000000005
decision_type=2 2 2 2 2 2 2 2 2 2 2 2 2 2 2
left_child=-1 2 5 7 13 10 -7 -4 9 -6 -2 -10 -5 -3 -15
right_child=1 4 3 12 8 6 -8 -9 11 -11 -12 -13 -14 14 -16
leaf_value=-0.047187654397647529 -0.0094900069007859845 -0.0088776785603565337 0.013316238355629274 0.0084096772556581934 0.021228787202701337 0.032555632491936229 -0.017542183797446365 -0.013210632268954026 0.0087486776752899002 -0.016260944935233498 0.014211040060389821 -0.008091668075194125 0.047335997189444069 -0.018202692320207471 -0.047090964974334071
leaf_weight=15.379809426143764 54.785814251750708 8.7213356457650644 286.76271403953433 9.723155524581669 16.95660874247551 14.721748292446135 164.64093281328678 47.883103456348181 148.90308575704694 162.63688636943698 101.40981402993202 68.647115670144558 34.391500856727362 9.4925019741058367 21.576331079006195
leaf_count=278 287 58 1778 55 89 103 879 346 904 835 653 397 307 54 125
internal_value=-0.000181092 0.000518952 0.00498279 0.0131775 -0.0067454 -0.00426058 -0.0130614 0.00943498 -0.00379857 -0.0124714 0.00581978 0.00336392 0.0397101 -0.0343288 -0.0402018
internal_weight=1166.63 1151.25 714.319 378.76 436.934 335.558 179.363 334.646 397.144 179.593 156.196 217.55 44.1147 39.7902 31.0688
internal_count=7148 6870 4408 2486 2462 1922 982 2124 2225 924 940 1301 362 237 179
is_linear=0
shrinkage=0.05


Tree=69
num_leaves=16
num_cat=0
split_feature=25 23 25 24 2 4 1 10 19 14 2 0 19 21 0
split_gain=14.7801 13.6262 15.9052 13.0307 12.7849 12.1561 9.66933 9.42998 11.5907 7.543 3.39278 3.03223 2.39324 2.31638 0.389357
threshold=1.0000000180025095e-35 1.5000000000000002 10.500000000000002 5.5000000000000009 23.500000000000004 1.0000000180025095e-35 3.5000000000000004 192.50000000000003 0.14715000000000003 0.6453000000000001 17.500000000000004 5332.0950000000003 1.0008500000000002 1220.0000000000002 20381.320000000003
decision_type=2 2 2 2 2 2 2 2 2 2 2 2 2 2 2
left_child=-1 2 4 13 5 -2 -6 9 -9 -5 12 -12 -4 -3 -15
right_child=1 3 10 7 6 -7 -8 8 -10 -11 11 -13 -14 14 -16
leaf_value=-0.046785766932559439 -0.0031136664354134923 -0.011467692387276204 0.05457377141591907 -0.021413583608259016 0.031375060426839137 0.027465974805497562 0.0055683837805491293 -0.0086077622569942364 0.010886754999294694 0.025693564364829627 -0.009725147313437604 0.029240186166257665 0.015317525003528346 -0.048413590803826449 -0.022558797475015754
leaf_weight=14.768993331119416 478.90676725283265 12.308758459985254 18.060280047357086 87.824649076908827 56.570199906826019 32.831351947039366 101.65904009714723 156.7431304268539 144.58699985593557 7.5174185223877421 7.0560766085982349 9.3130389936268312 8.3307817690074426 16.887551121413711 10.114486526697872
leaf_count=278 2714 70 128 543 378 207 770 787 838 57 45 98 68 101 66
internal_value=-0.000176715 0.000494123 0.00475689 -0.00644155 0.00280393 -0.00103303 0.0151337 -0.00361073 0.000723415 -0.017145 0.03364 0.0126693 0.0444861 -0.0332066 -0.0412972
internal_weight=1163.48 1148.71 712.728 435.983 669.967 511.738 158.229 396.672 301.33 95.3421 42.7602 16.3691 26.3911 39.3108 27.002
internal_count=7148 6870 4408 2462 4069 2921 1148 2225 1625 600 339 143 196 237 167
is_linear=0
shrinkage=0.05


Tree=70
num_leaves=24
num_cat=0
split_feature=21 23 16 10 29 12 2 8 2 13 1 8 20 28 28 22 14 22 23 1 24 11 17
split_gain=14.0662 13.5532 17.5677 12.5925 10.1472 9.74464 9.69104 7.2626 8.61709 6.38369 5.98102 5.30234 11.2936 5.10555 5.60694 5.05085 6.72206 4.17777 3.58662 2.74858 1.39439 0.833672 0.273987
threshold=16464.500000000004 3.5000000000000004 8.5000000000000018 8.5000000000000018 5.5000000000000009 1.0000000180025095e-35 23.500000000000004 0.46565000000000006 16.500000000000004 1.0000000180025095e-35 10.500000000000002 1.0000000180025095e-35 -0.36169999999999997 7.5000000000000009 17.500000000000004 2.5000000000000004 0.63280000000000014 5.5000000000000009 2.5000000000000004 5.5000000000000009 28.500000000000004 772.50000000000011 2096.3300000000004
decision_type=2 2 2 2 2 2 2 2 2 2 2 2 2 2 2 2 2 2 2 2 2 2 2
left_child=1 2 3 9 5 7 -5 10 -9 -1 -2 13 -13 -6 -15 -3 -17 19 -19 -4 22 -14 -7
right_child=4 15 17 6 11 20 -8 8 -10 -11 -12 12 21 14 -16 16 -18 18 -20 -21 -22 -23 -24
leaf_value=0.0070442887676863547 -0.0049243799870441873 0.0064990593279226506 0.022129728167243956 0.0012760335795993071 -0.0087508917653013676 -0.028880244048786093 0.017335377357518045 -0.022296767133503238 0.029540415432012353 -0.039648925899571197 -0.019284427146304097 0.024825730666620742 -0.051103448368608195 0.035304472458490922 -0.0028427939911549655 -0.047198812927674832 -0.00094844722517771973 0.023003778776596668 -0.0099727559404922984 0.052068869076023733 -0.0050410648638352235 -0.017334283336895458 -0.05526425650839898
leaf_weight=9.1311765089631063 202.30783776193857 10.695096533745525 22.006714159622788 420.72354032099247 13.282041495665906 16.713489077985294 119.7157036550343 9.7672871798276883 23.492692369967699 22.922239720821381 115.28704272024333 11.423332301899793 6.2272138819098464 32.230126980692148 12.362108301371334 20.846331186592579 12.785116713494061 27.071706518530846 9.6963057592511159 20.66276453062892 4.2754086181521407 8.1508342400193197 8.4468461181968433
leaf_count=63 1088 58 192 2348 79 163 795 50 135 212 667 67 38 215 65 111 68 243 55 271 40 49 76
internal_value=-0.000165747 0.00431537 0.00616743 0.00304559 -0.00690151 -0.010376 0.00490266 -0.00789903 0.0136328 -0.0264211 -0.0102564 0.00864615 -0.00946544 0.0169341 0.0248464 -0.0217982 -0.0309374 0.0279159 0.0139836 0.0385338 -0.0372004 -0.037025 -0.0415233
internal_weight=1160.22 696.257 651.93 572.493 463.966 380.291 540.439 350.855 33.26 32.0534 317.595 83.6757 25.8014 57.8743 44.5922 44.3265 33.6314 79.4375 36.768 42.6695 29.4357 14.378 25.1603
internal_count=7148 4416 4179 3418 2732 2219 3143 1940 185 275 1755 513 154 359 280 237 179 761 298 463 279 87 239
is_linear=0
shrinkage=0.05


Tree=71
num_leaves=17
num_cat=0
split_feature=25 3 0 3 7 9 26 3 7 25 0 13 9 24 14 28
split_gain=13.9642 12.9802 17.0897 11.9138 10.8534 10.8107 10.4915 7.30384 6.80764 5.95362 6.15465 4.93666 4.17456 2.93575 2.16394 1.75091
threshold=1.0000000180025095e-35 3.5000000000000004 184177.36000000002 1.5000000000000002 3.5000000000000004 0.010350000000000002 10.500000000000002 4.5000000000000009 4.5000000000000009 8.5000000000000018 3492.2650000000003 1.0000000180025095e-35 0.024350000000000004 3.5000000000000004 0.072550000000000017 14.500000000000002
decision_type=2 2 2 2 2 2 2 2 2 2 2 2 2 2 2 2
left_child=-1 2 3 4 -2 11 -5 9 -7 10 -3 -4 13 -9 -11 -14
right_child=1 7 5 6 -6 8 -8 12 -10 14 -12 -13 15 -15 -16 -17
leaf_value=-0.046364845019075132 -0.0086207153692550338 -0.0030728231013325154 -0.062484848948189092 -0.0064290531662419582 0.013987844431639918 -0.030925371140685394 0.036963802838211844 -0.017151466808867449 0.013182562481771479 0 0.015521355052152734 -0.023489280435776763 -0.033716925761671818 0.0089332123698212321 0.036708247672205929 -0.0021791861109037723
leaf_weight=14.134857472032307 70.462300080806017 62.322260081768036 16.919499844312668 475.50576365739107 195.59607541933656 12.05978738889098 12.320132983848451 12.025988236069677 20.990882162004709 4.5653513409197322 142.31943769007921 23.600326523184776 11.866340324282648 43.623503010720015 30.150323996320367 7.9257623925805083
leaf_count=278 365 307 95 2491 1061 92 224 65 129 31 1152 184 62 235 337 40
internal_value=-0.000167995 0.00047497 -0.00280492 -0.000517694 0.00794329 -0.0254761 -0.00516629 0.00909108 -0.00347284 0.0133504 0.0098353 -0.0421807 -0.0042892 0.00272332 0.0321341 -0.0229056
internal_weight=1156.39 1142.25 827.455 753.884 266.058 73.5705 487.826 314.799 33.0507 239.357 204.642 40.5198 75.4416 55.6495 34.7157 19.7921
internal_count=7148 6870 4641 4141 1426 500 2715 2229 221 1827 1459 279 402 300 368 102
is_linear=0
shrinkage=0.05


Tree=72
num_leaves=15
num_cat=0
split_feature=25 24 3 0 9 0 29 19 10 21 2 17 18 18
split_gain=13.2413 12.9579 11.0119 15.1186 12.6847 10.2148 7.20527 6.45067 4.67691 5.74426 3.94695 2.47801 3.20712 1.62336
threshold=1.0000000180025095e-35 48.500000000000007 3.5000000000000004 184177.36000000002 0.010350000000000002 96.415000000000006 5.5000000000000009 0.064250000000000015 349.50000000000006 58117.000000000007 15.500000000000002 3446.7350000000006 110374.69500000002 200967.41000000003
decision_type=2 2 2 2 2 2 2 2 2 2 2 2 2 2
left_child=-1 2 3 5 -5 -2 7 -4 11 13 -8 -3 -13 -10
right_child=1 8 6 4 -6 -7 10 -9 9 -11 -12 12 -14 -15
leaf_value=-0.045966263930436839 -0.027281171001191873 -0.015763031801585496 -0.0068594710015453773 -0.044806553692187244 -0.0014578059943897211 -0.00038982062460524917 0.0033219939606194955 0.0097932573077015375 0.047905572592869691 0 0.03527394513645319 0.035018945736269194 -0.0042716666217012074 0.012180283300328141
leaf_weight=13.576065635308622 35.327199772000313 8.4788362979888934 88.47163562849164 37.716581091284752 30.439191982150078 673.59530636295676 15.533691707998512 159.46770992688835 24.246532287448648 11.370836824178694 30.015006490051746 7.5924316123127964 9.6640753466635925 6.4470931999385348
leaf_count=278 182 46 497 264 207 3673 93 1225 155 58 261 111 55 43
internal_value=-0.00017137 0.000445666 -0.000904647 -0.00402853 -0.0261825 -0.00181692 0.00730402 0.00380375 0.0213255 0.0312634 0.0251856 0.00363845 0.0143376 0.0419116
internal_weight=1151.94 1138.37 1070.57 777.078 68.1558 708.923 293.488 247.939 67.7998 42.0645 45.5487 25.7353 17.2565 30.6936
internal_count=7148 6870 6402 4326 471 3855 2076 1722 468 256 354 212 166 198
is_linear=0
shrinkage=0.05


Tree=73
num_leaves=17
num_cat=0
split_feature=25 23 25 23 18 25 0 20 15 25 20 2 20 11 29 2
split_gain=12.6644 18.9138 11.6491 13.1237 15.5612 12.5187 12.0686 11.0884 10.7109 9.53632 5.21091 5.20977 6.58599 1.92274 1.84989 0.576781
threshold=11.500000000000002 3.5000000000000004 1.0000000180025095e-35 1.5000000000000002 8437.1100000000024 2.5000000000000004 184177.36000000002 -0.51084999999999992 2.5000000000000004 1.5000000000000002 -0.40534999999999993 6.5000000000000009 -0.33899999999999991 687.50000000000011 1.5000000000000002 16.500000000000004
decision_type=2 2 2 2 2 2 2 2 2 2 2 2 2 2 2 2
left_child=2 10 -1 4 9 7 -6 -5 -7 -4 14 -12 -13 -3 -2 -16
right_child=1 13 3 5 6 8 -8 -9 -10 -11 11 12 -14 -15 15 -17
leaf_value=-0.045568816283767452 0.015232802669119902 -0.0043562104597684222 0.0046456880360205852 -0.018195436596323399 0.014959833774636985 -0.020250922642030295 -0.012024053160080261 0.018593641787955955 0.0022580151972133953 -0.011755527484834754 -0.011566050214983484 -0.014746812911424474 0.032054623132603849 -0.03829646972500661 0.063954057549535079 0.031157700787754823
leaf_weight=13.040771668776868 8.3475714176893252 7.9503555744886425 160.11502984724939 27.93771780282259 271.11906905844808 197.60629006102681 46.884866215288639 62.535052455961704 70.334578350186348 192.62976941093802 11.94225090742111 7.7329416871070853 37.107507551088929 11.382187850773333 9.8081341311335581 12.485613916069267
leaf_count=278 55 41 979 151 1729 1104 355 360 398 1059 72 53 302 61 69 82
internal_value=-0.000164022 0.0160642 -0.0018635 -0.00121269 0.00290329 -0.00891661 0.0108999 0.00697732 -0.0143323 -0.00429841 0.0259766 0.0158004 0.023485 -0.0265246 0.0424045 0.0500753
internal_weight=1148.96 106.757 1042.2 1029.16 670.749 358.414 318.004 90.4728 267.941 352.745 87.424 56.7827 44.8404 19.3325 30.6413 22.2937
internal_count=7148 735 6413 6135 4122 2013 2084 511 1502 2038 633 427 355 102 206 151
is_linear=0
shrinkage=0.05


Tree=74
num_leaves=24
num_cat=0
split_feature=21 23 19 29 12 22 3 9 8 2 10 8 7 20 0 11 9 11 0 22 14 13 19
split_gain=12.7217 11.9988 11.0297 8.68898 9.12621 8.1305 11.6087 9.16425 6.65655 7.81444 6.41949 6.19838 5.97233 7.94126 5.5914 4.94002 3.66059 4.17269 3.95601 3.46976 3.10038 0.561301 2.13017
threshold=16464.500000000004 3.5000000000000004 0.0014500000000000001 5.5000000000000009 1.0000000180025095e-35 1.0000000180025095e-35 3.5000000000000004 0.035200000000000002 0.46565000000000006 16.500000000000004 8.5000000000000018 0.32660000000000006 3.5000000000000004 -0.33614999999999995 6194.7250000000013 1667.5000000000002 0.20635000000000003 719.50000000000011 480.94000000000005 2.5000000000000004 0.63280000000000014 1.0000000180025095e-35 1.9029500000000004
decision_type=2 2 2 2 2 2 2 2 2 2 2 2 2 2 2 2 2 2 2 2 2 2 2
left_child=1 2 10 4 8 7 -7 -4 14 -10 -1 -12 13 -5 -2 19 18 -18 -14 -3 -21 -6 -23
right_child=3 15 5 12 21 6 -8 -9 9 -11 11 -13 16 -15 -16 -17 17 -19 -20 20 -22 22 -24
leaf_value=-0.038886126048910896 -0.016186126592598719 -0.0015860246962478364 0.034939630507867671 0.015895558908110549 -0.015207274370234579 0.0014305270178369051 0.020088758484709455 -0.0040348888448636013 -0.02122710524716389 0.028370488273909186 -0.0060267702966961163 0.024884160485578271 0.031642169732997417 -0.039872543364354675 -0.00275617792734812 0.0061385611876940624 0.0075253902125970874 0.05860407096482511 -0.0010413433428388367 -0.053015282352785159 -0.011421157966182713 -0.057002420192399851 -0.018669209506373605
leaf_weight=11.164363404735921 160.83350880816579 8.8092038705944997 54.680549658834934 10.41600954346359 7.4552301354706314 293.30706091038883 115.42527017183602 19.429316541180015 9.6250545531511289 23.385463012382388 133.79934894293547 16.369193870574236 10.391723506152628 11.255152106285093 153.76242194697261 11.461192931979893 9.0667522326111811 7.3839729577302924 34.055240385234356 14.441950462758543 8.9820072129368764 10.336060805246236 10.733095539733766
leaf_count=126 857 49 324 61 68 1580 1016 259 50 135 777 97 57 70 898 64 93 36 196 78 46 87 124
internal_value=-0.000155969 0.00413187 0.00588395 -0.00659778 -0.00982785 0.00966357 0.00679609 0.0247528 -0.00744128 0.0132369 -0.00534639 -0.00230882 0.00788255 -0.0135674 -0.00971255 -0.0206068 0.0158635 0.0348615 0.00741825 -0.0302118 -0.0396123 -0.0361904 -0.0412196
internal_weight=1146.57 687.869 644.175 458.7 376.131 482.842 408.732 74.1099 347.606 33.0105 161.333 150.169 82.5689 21.6712 314.596 43.6944 60.8977 16.4507 44.447 32.2332 23.424 28.5244 21.0692
internal_count=7148 4416 4179 2732 2219 3179 2596 583 1940 185 1000 874 513 131 1755 237 382 129 253 173 124 279 211
is_linear=0
shrinkage=0.05


Tree=75
num_leaves=22
num_cat=0
split_feature=24 23 23 25 24 9 9 10 21 23 9 11 25 2 20 0 17 0 11 17 0
split_gain=12.3713 11.6309 10.1783 14.8104 8.21975 8.17283 7.70857 12.037 7.76877 7.58138 6.98541 5.23488 5.72924 4.68074 8.86071 4.38655 4.04091 3.05271 1.0403 0.784618 0.575299
threshold=11.500000000000002 2.5000000000000004 3.5000000000000004 9.5000000000000018 38.500000000000007 0.10935000000000002 0.27915000000000006 1.0000000180025095e-35 17170.500000000004 1.5000000000000002 0.20095000000000005 1648.5000000000002 4.5000000000000009 6.5000000000000009 -0.36169999999999997 2608.3850000000007 2410.5050000000006 13826.700000000003 449.50000000000006 16814.915000000005 17687.470000000005
decision_type=2 2 2 2 2 2 2 2 2 2 2 2 2 2 2 2 2 2 2 2 2
left_child=1 6 3 4 9 -6 7 17 -9 -2 11 12 -4 14 -5 -8 -15 -1 -17 -3 -21
right_child=2 19 10 13 5 -7 15 8 -10 -11 -12 -13 -14 16 -16 18 -18 -19 -20 20 -22
leaf_value=-0.0018535236152922203 0.0051686161254531175 -0.01383574289761344 0.016591160671774029 0.032085460516863833 0.025803259746526308 -0.0065530995878464908 -0.0092557447154342047 0.0016408830785397317 -0.011769867515199784 -0.0096519769977638503 -0.047682172689664994 0.023736860682070957 -0.027692613535235378 0.0088486244459712021 -0.023609984842777883 0.04828154408303463 0.034371339833386687 -0.044465323782898483 0.018041255417408999 -0.050518449992375272 -0.018739209323676877
leaf_weight=5.9365077931433943 208.12567222118378 6.8690676018595722 8.4687966443598288 11.566239193081858 61.525812758132815 26.544625574722886 7.3745588734746006 285.70011564716697 170.24752010591328 144.20120287872851 11.221780028194187 9.577984254807232 22.993363674730062 23.940036699175835 13.021189022809265 6.891473842784765 64.914369268342853 21.640780423767865 13.063193596899508 12.584149155765774 6.7915410138666621
leaf_count=48 1356 39 48 69 355 246 40 1642 964 811 63 52 120 146 79 102 518 229 98 78 45
internal_value=-0.00015544 -0.00567817 0.00472468 0.00674142 0.00252498 0.016011 -0.00391314 -0.00541919 -0.00337429 -0.000889212 -0.0159239 -0.00519555 -0.0151945 0.0226963 0.00265648 0.0209444 0.027951 -0.0363761 0.0323873 -0.0369706 -0.0426426
internal_weight=1143.2 537.099 606.101 553.839 440.397 88.0704 510.854 483.525 455.948 352.327 52.2619 41.0401 31.4622 113.442 24.5874 27.3292 88.8544 27.5773 19.9547 26.2448 19.3757
internal_count=7148 3285 3863 3580 2768 601 3123 2883 2606 2167 283 220 168 812 148 240 664 277 200 162 123
is_linear=0
shrinkage=0.05


Tree=76
num_leaves=14
num_cat=0
split_feature=25 1 2 0 2 2 2 10 0 27 2 19 10
split_gain=11.8435 11.3254 13.2953 20.837 22.5825 17.2486 12.4554 12.014 10.9514 6.67544 5.1231 4.28914 2.9133
threshold=1.0000000180025095e-35 1.5000000000000002 24.500000000000004 3900.8500000000008 25.500000000000004 18.500000000000004 16.500000000000004 31.500000000000004 9954.3200000000015 8.5000000000000018 26.500000000000004 0.073800000000000018 65.500000000000014
decision_type=2 2 2 2 2 2 2 2 2 2 2 2 2
left_child=-1 6 5 10 -5 7 8 -3 12 -7 -4 -8 -2
right_child=1 2 3 4 -6 9 11 -9 -10 -11 -12 -13 -14
leaf_value=-0.045131310147422443 0.0043357439233539631 -0.021667045791435489 -0.018293014104509894 0.022948681072809063 -0.051275931401294696 -0.025803953087762989 -0.039450249405045407 0.0015962852219976254 -0.023929799496286493 -0.0011799541968224086 0.019151586248744523 0.0090572330266503066 0.047826024098454309
leaf_weight=12.4548944234848 5.3483378440141669 58.936910267919302 62.353592421859503 166.43253259547055 8.9758572652935964 105.87757876887918 7.4902344942092878 617.80224361270666 5.6819150373339644 38.381059817969799 8.7231189310550672 7.098429262638092 34.861558690667152
leaf_count=278 30 542 331 1311 45 598 36 3385 30 224 45 49 244
internal_value=-0.000153171 0.000413627 -0.000786929 0.00933919 0.0185589 -0.00385452 0.0211104 -0.00047285 0.0336378 -0.0194267 -0.0131623 -0.0169987 0.0427578
internal_weight=1140.42 1127.96 1067.48 246.485 175.408 820.998 60.4805 676.739 45.8918 144.259 71.0767 14.5887 40.2099
internal_count=7148 6870 6481 1732 1356 4749 389 3927 304 822 376 85 274
is_linear=0
shrinkage=0.05


Tree=77
num_leaves=25
num_cat=0
split_feature=1 1 0 1 2 24 2 2 0 21 9 15 10 8 3 29 29 18 23 7 21 20 0 7
split_gain=11.3874 10.3872 11.775 9.45861 14.4411 9.36529 8.94509 21.4744 7.69412 7.49717 7.49214 7.05457 7.88434 6.17397 5.96293 4.82827 5.07851 4.02952 2.7223 2.64306 2.18219 1.52883 0.98748 0.932278
threshold=10.500000000000002 4.5000000000000009 493861.38500000007 1.0000000180025095e-35 14.500000000000002 35.500000000000007 6.5000000000000009 12.500000000000002 651.68000000000018 138467.50000000003 0.0050500000000000015 5.5000000000000009 159.50000000000003 0.50385000000000013 2.5000000000000004 3.5000000000000004 1.5000000000000002 79131.775000000009 2.5000000000000004 4.5000000000000009 303.50000000000006 -0.33614999999999995 3375.9250000000006 4.5000000000000009
decision_type=2 2 2 2 2 2 2 2 2 2 2 2 2 2 2 2 2 2 2 2 2 2 2 2
left_child=1 2 3 10 -5 11 8 22 -3 15 -1 12 17 -14 -9 16 -7 -2 23 -17 -4 -10 -8 -13
right_child=5 6 20 4 -6 9 7 14 21 -11 -12 18 13 -15 -16 19 -18 -19 -20 -21 -22 -23 -24 -25
leaf_value=0.034586499861243944 -0.037035771284043416 0.024628602972495205 -0.0034601579049787371 -0.01068488652593122 0.0061489252869301901 0.02495615820411265 0.074321112343471329 -0.0097484071984707647 -0.0073444682676954368 -0.026528476360053926 -0.018294217000432617 0.0031069802449399599 -0.010578143627918007 0.015206468543396374 0.017911232702060739 0.0027807679243282615 -0.018058748221535609 -0.0073417183857785564 -0.0097258123175375296 0.045915853819064684 -0.043913521830612624 -0.042148103262300896 0.04074654349687265 0.036804943850776477
leaf_weight=32.936675846576691 40.085165348835289 8.0679989345371741 5.2962622456252602 193.89321023225784 362.24126520007849 11.770935930311682 9.1485822796821576 31.270656045526266 6.9684332683682433 8.4726443234831077 6.6799790300428858 3.8210901916027096 233.1248535476625 23.701057147234678 44.678698359057307 5.4065219014883068 11.5786931887269 18.558007143437862 4.6762970089912406 15.833520483225582 14.960043039172886 8.9693687707185727 25.237302269786596 9.364719480276106
leaf_count=224 334 44 53 1066 2238 70 49 167 40 51 39 28 1332 129 334 29 67 145 25 169 109 51 205 150
internal_value=-0.000156698 0.00342396 0.00064096 0.00198434 0.000244736 -0.00711765 0.0159152 0.0219 -0.0107763 0.0119877 0.024979 -0.0102422 -0.0120199 -0.00806087 0.00643671 0.0203456 0.00348942 -0.0283558 0.0187005 0.0365506 -0.0350472 -0.030004 0.0535483 0.0293935
internal_weight=1136.74 750.348 616.007 595.751 556.134 386.394 134.341 110.335 24.0058 53.0623 39.6167 333.331 315.469 256.826 75.9494 44.5897 23.3496 58.6432 17.8621 21.24 20.2563 15.9378 34.3859 13.1858
internal_count=7148 4619 3729 3567 3304 2529 890 755 135 386 263 2143 1940 1461 501 335 137 479 203 198 162 91 254 178
is_linear=0
shrinkage=0.05


Tree=78
num_leaves=23
num_cat=0
split_feature=21 2 2 2 9 12 9 23 20 13 10 3 18 20 18 1 22 18 19 2 18 19
split_gain=10.8691 11.3919 11.4576 14.4031 11.9021 7.61603 8.54621 7.20583 8.76171 8.46226 8.44459 6.59235 7.32088 5.75103 5.51062 5.1622 5.0447 4.37761 2.5624 1.59977 1.18286 2.16731
threshold=16464.500000000004 1.5000000000000002 23.500000000000004 18.500000000000004 0.092250000000000013 1.0000000180025095e-35 0.12375000000000001 1.5000000000000002 -0.54899999999999982 1.0000000180025095e-35 217.50000000000003 1.0000000180025095e-35 8751.7900000000027 -0.20039999999999999 5644.7600000000011 3.5000000000000004 3.5000000000000004 1168.2850000000001 0.045550000000000007 19.500000000000004 12478.085000000001 8.5913000000000022
decision_type=2 2 2 2 2 2 2 2 2 2 2 2 2 2 2 2 2 2 2 2 2 2
left_child=1 13 3 4 -3 7 20 10 19 -10 17 16 -13 18 -5 -12 -4 -2 -1 -9 21 -7
right_child=5 2 11 14 -6 6 -8 8 9 -11 15 12 -14 -15 -16 -17 -18 -19 -20 -21 -22 -23
leaf_value=0.019717619137408823 -0.0019858874263511484 0.0066931800862055331 0.043917815143828663 -0.036972457133977031 -0.014405418084994601 0.0075572797428689886 0.022406524110766865 -0.023295894556507858 -0.016870201193653799 0.010712272318605841 0.0079387074763043013 -0.0078423317823699355 0.017428629198482568 0 -0.0096506163074654289 -0.0089744687659572327 -7.8498396458508946e-05 0.026175400682336702 0.058748492601304429 -0.052199752431725026 -0.044935298324678748 -0.032010154084606883
leaf_weight=11.515978135168554 19.213531602174044 328.63998336065561 24.791179843246937 29.647295728325844 81.650413077324629 4.1505641639232653 5.6680089589208356 24.413173960521817 67.026992470026016 44.387202184647322 61.88914523459971 42.862901970744133 77.008831499144435 10.161114946007727 52.757334679365158 149.61309983953834 8.0030354149639589 40.001709928736091 12.690816964954136 9.985614061355589 20.688284154981375 6.6446510320529342
leaf_count=66 114 1988 144 172 495 38 74 139 380 247 340 309 752 60 294 833 58 235 78 53 200 79
internal_value=-0.000141892 0.00384543 0.00228698 -0.00141604 0.00242066 -0.00612849 -0.0272768 -0.004097 -0.0129796 -0.0057981 0.000710751 0.0141661 0.00832995 0.0310998 -0.020242 -0.00395054 0.0335063 0.0171082 0.0434836 -0.0343683 -0.0373241 -0.0172123
internal_weight=1133.41 679.729 645.361 492.695 410.29 453.682 37.1515 416.53 145.813 111.414 270.717 152.666 119.872 34.3679 82.4046 211.502 32.7942 59.2152 24.2068 34.3988 31.4835 10.7952
internal_count=7148 4416 4212 2949 2483 2732 391 2341 819 627 1522 1263 1061 204 466 1173 202 349 144 192 317 117
is_linear=0
shrinkage=0.05


Tree=79
num_leaves=15
num_cat=0
split_feature=25 23 16 22 25 10 9 2 17 24 17 14 18 25
split_gain=11.1494 11.065 23.9106 15.247 13.3913 8.95047 13.2908 8.98287 8.66842 7.34286 5.09676 4.5624 3.17587 2.08441
threshold=1.0000000180025095e-35 2.5000000000000004 4.5000000000000009 1.5000000000000002 2.5000000000000004 1.0000000180025095e-35 0.49655000000000005 23.500000000000004 7247.295000000001 15.500000000000002 178509.02500000005 0.10025000000000002 24319.785000000003 1.5000000000000002
decision_type=2 2 2 2 2 2 2 2 2 2 2 2 2 2
left_child=-1 2 5 -4 11 6 -2 -7 -5 12 -11 13 -6 -3
right_child=1 4 3 8 9 7 -8 -9 -10 10 -12 -13 -14 -15
leaf_value=-0.044677882811504685 -0.034171809751432268 0.01605120683184234 0.052915205635188013 -0.013768584991017531 -0.004803927115715651 -0.0026038723263114632 0.022389619022174234 0.010253027652937039 0.018752355565233893 -0.002846601073817164 -0.02827557332924692 0.03916696554219104 -0.044295909800278879 -0.016263063340453739
leaf_weight=11.883222760632632 40.205308463424444 8.132639557123186 27.611063927412033 23.57943456619978 7.430109627544879 578.74836994335055 12.008885584771631 175.2654573880136 102.44312934577465 67.974165514111519 26.71802256628871 12.14949296414852 28.872671108692884 7.8319880925118914
leaf_count=278 404 45 357 153 38 3126 107 1019 804 381 144 68 178 46
internal_value=-0.000138947 0.000403995 0.00244315 0.0203892 -0.0117132 -0.00100623 -0.0206326 0.000390619 0.0124694 -0.0184521 -0.0105614 0.0184942 -0.037147 0
internal_weight=1130.85 1118.97 959.862 153.634 159.109 806.228 52.2142 754.014 126.023 130.995 94.6922 28.1141 36.3028 15.9646
internal_count=7148 6870 5970 1314 900 4656 511 4145 957 741 525 159 216 91
is_linear=0
shrinkage=0.05


Tree=80
num_leaves=24
num_cat=0
split_feature=24 9 10 9 0 10 1 8 23 0 16 0 0 10 10 8 6 16 28 28 28 28 0
split_gain=10.7419 13.002 14.6415 12.7282 12.5682 11.9139 10.455 10.7381 9.60355 9.47047 7.95366 7.69394 7.0013 6.69722 6.78474 5.60763 3.73954 2.81611 2.00029 1.33844 0.688784 0.318799 0.18587
threshold=27.500000000000004 0.38740000000000002 1.0000000180025095e-35 0.077650000000000011 4860.6600000000008 31.500000000000004 1.5000000000000002 0.46565000000000006 3.5000000000000004 10346.115000000002 4.5000000000000009 2000.1100000000004 13826.700000000003 743.50000000000011 496.50000000000006 0.20380000000000001 6.5000000000000009 6.5000000000000009 7.5000000000000009 10.500000000000002 10.500000000000002 2.5000000000000004 7289.2800000000016
decision_type=2 2 2 2 2 2 2 2 2 2 2 2 2 2 2 2 2 2 2 2 2 2 2
left_child=1 2 12 5 17 19 9 -8 10 -4 -6 -3 20 14 -7 22 -15 -5 -14 21 -1 -2 -13
right_child=3 11 6 4 8 13 7 -9 -10 -11 -12 15 18 16 -16 -17 -18 -19 -20 -21 -22 -23 -24
leaf_value=0.014191321883664957 -0.01069034675509222 -0.018981195342045339 0.032295372273363127 -0.042569181823423105 -0.00025012321407022275 0.023112877841850205 -0.0059950087556765105 0.013249637825229489 -0.040476645823053978 -0.025056634368355171 0.040025653186379823 0.022868633088587453 -0.048672280079486353 0.04710127701545809 -0.0022627386819239564 -0.014209625257833897 0.0057115365523880655 -0.004501060077204618 -0.0080792966075331294 0 -0.007589015807489218 -0.040901676289893663 0.04657598716830922
leaf_weight=4.8672684542834741 4.3749666605144721 6.9691445268690577 34.012143038213253 19.811197364702824 30.992121573537588 75.113183826208115 674.3639981392771 79.023512018844485 7.1150376461446276 7.2156158760190001 17.741287754848599 10.051851797848942 26.560202944092456 29.614978965371847 38.471862494945526 4.08182687498629 8.0158916227519494 7.7061897311359635 5.087660487741231 5.117793194949626 5.328372860327363 5.4702476896345615 20.034417709335685
leaf_count=38 42 41 227 107 201 437 3903 460 40 40 260 65 310 178 222 48 44 52 46 34 46 47 260
internal_value=-0.000136517 -0.00275065 -0.0041322 0.00896584 -0.00678507 0.0169137 -0.00255978 -0.00393345 0.00679292 0.0213315 0.0152149 0.0239983 -0.0322856 0.0211926 0.0145411 0.033606 0.0392702 -0.0332744 -0.0433119 -0.0231397 0.00261081 -0.0323925 0.0408862
internal_weight=1127.14 877.596 836.459 249.545 83.3658 166.179 794.615 753.388 55.8484 41.2278 48.7334 41.1372 41.8435 151.216 113.585 34.1681 37.6309 27.5174 31.6479 14.963 10.1956 9.84521 30.0863
internal_count=7148 5484 5070 1664 660 1004 4630 4363 501 267 461 414 440 881 659 373 222 159 356 123 84 89 325
is_linear=0
shrinkage=0.05


Tree=81
num_leaves=17
num_cat=0
split_feature=25 23 18 21 24 25 28 17 18 21 16 12 2 22 21 8
split_gain=10.5367 10.6733 16.7865 12.343 11.0062 10.3372 9.81624 7.9109 12.7055 8.89844 7.46752 7.36481 5.81051 3.21041 4.52318 2.99668
threshold=1.0000000180025095e-35 1.5000000000000002 4930.1766666666672 31865.000000000004 7.5000000000000009 1.5000000000000002 4.5000000000000009 187898.33000000005 1102884.3200000003 138467.50000000003 1.5000000000000002 1.0000000180025095e-35 24.500000000000004 1.0000000180025095e-35 106184.50000000001 0.38215000000000005
decision_type=2 2 2 2 2 2 2 2 2 2 2 2 2 2 2 2
left_child=-1 2 5 6 13 12 -4 9 -9 -6 -7 -5 -2 14 -3 -15
right_child=1 4 3 11 7 10 -8 8 -10 -11 -12 -13 -14 15 -16 -17
leaf_value=-0.044250038151116833 0.00012879472058768192 0.023786754838036345 -0.0026281906323471333 0.0041649717146006017 0.0048313813075284264 -0.019787275780224448 0.024619416795104411 -0.024729799771761082 0.037907199021896064 -0.020564159106577849 0.0016286323702534942 -0.033909129611397873 0.023467283591870058 -0.036180305288988655 -0.023939986944947336 -8.0510826888271667e-05
leaf_weight=11.378191410563884 119.17401764914393 6.4077995941042927 39.688478475436568 143.78233647346497 249.27832143008709 112.92988411709666 169.66487143561244 62.773966118693352 7.3318157419562331 37.93384825065732 61.310868434607983 11.900796119123696 32.697586858645082 40.213978081941605 9.9942449592053872 7.3105477280914775
leaf_count=278 730 35 277 767 1443 629 1332 358 47 222 353 110 210 249 64 44
internal_value=-0.000134238 0.000386635 0.00421463 0.0115589 -0.00586068 -0.00399611 0.0194306 -0.00235248 -0.0171707 0.00132365 -0.0122619 0.0007979 0.00545822 -0.0246519 -0.00419235 -0.0310566
internal_weight=1123.77 1112.39 691.149 365.036 421.245 326.112 209.353 357.318 70.1058 287.212 174.241 155.683 151.872 63.9266 16.402 47.5245
internal_count=7148 6870 4408 2486 2462 1922 1609 2070 405 1665 982 877 940 392 99 293
is_linear=0
shrinkage=0.05


Tree=82
num_leaves=22
num_cat=0
split_feature=24 23 18 21 25 21 22 18 9 28 20 6 9 20 14 18 9 6 20 8 21
split_gain=10.0599 10.2395 15.8791 13.4211 9.78909 11.2207 17.0344 9.67047 8.14937 7.6798 7.4275 6.57919 6.49023 4.44941 4.15947 3.54774 2.57649 2.49235 2.63169 2.34193 2.05107
threshold=49.500000000000007 1.5000000000000002 8437.1100000000024 26941.000000000004 1.5000000000000002 1099.0000000000002 1.5000000000000002 153656.69500000004 1.0000000180025095e-35 4.5000000000000009 -0.70219999999999982 3.5000000000000004 0.013350000000000002 -0.54899999999999982 0.12265000000000002 15791.595000000003 0.080850000000000019 8.5000000000000018 -0.51829999999999987 0.19155000000000003 54766.000000000007
decision_type=2 2 2 2 2 2 2 2 2 2 2 2 2 2 2 2 2 2 2 2 2
left_child=1 2 11 9 10 6 -6 -7 -5 -4 -3 13 -13 -1 16 -12 20 18 -16 -20 -2
right_child=14 4 3 8 5 7 -8 -9 -10 -11 15 12 -14 -15 17 -17 -18 -19 19 -21 -22
leaf_value=-0.055540979912270354 0.031951445562643219 -0.03490618637766426 -0.0015205110914363051 -0.010617488554126576 0.031645135049573551 -0.0099651027703416464 -0.0092178700380213599 -0.03305238868253469 0.013545770336063995 0.024604462661682366 -0.0059065633150553846 0.0027930091348091807 -0.01208493798094077 -0.013477252198582089 0.0016519015159906017 0.032235105825883209 -0.016654679023174634 -0.0017723097929463342 0.048226097167747534 0.0079889274892650502 -0.00038273454206539276
leaf_weight=7.103368215262889 6.57845868170262 4.2823640983551732 33.750627910718322 85.573994971811771 31.928281627595425 145.84646572172642 100.55401062965393 67.229468073695898 55.92456051427871 142.87436653114855 6.533240281045436 208.34154173359275 110.12570452783257 31.417399042285979 6.0321016404777756 26.253722914494574 8.7759593408554775 4.8371607065200797 20.214689519256357 6.1549000125378361 9.9655423164367658
leaf_count=39 39 29 242 490 181 834 611 399 351 1083 41 1266 766 189 46 169 52 36 169 61 55
internal_value=-0.000136281 -0.00131223 0.00237994 0.0104804 -0.00783122 -0.0104822 0.000879934 -0.0175357 -0.000942052 0.0195952 0.0158965 -0.00482894 -0.00236388 -0.0238393 0.0190163 0.0244448 0.00256385 0.0292472 0.0340025 0.0404122 0.0139945
internal_weight=1120.3 1057.74 675.112 318.124 382.628 345.558 132.482 213.076 141.499 176.625 37.0693 356.988 318.467 38.5208 62.5588 32.787 25.32 37.2389 32.4017 26.3696 16.544
internal_count=7148 6690 4426 2166 2264 2025 792 1233 841 1325 239 2260 2032 228 458 210 146 312 276 230 94
is_linear=0
shrinkage=0.05


Tree=83
num_leaves=28
num_cat=0
split_feature=1 1 0 4 18 0 24 19 21 7 24 24 19 8 0 9 18 29 17 10 20 19 19 0 21 10 11
split_gain=9.90381 9.59951 10.6238 8.82634 11.453 9.06827 7.67986 6.72795 6.55726 6.0384 5.75129 9.91225 5.5196 6.35918 5.30342 4.61843 5.9981 4.17917 4.10091 3.87626 3.95669 3.68587 2.84523 2.3818 2.02983 1.41165 0.346261
threshold=10.500000000000002 4.5000000000000009 493861.38500000007 1.0000000180025095e-35 299595.64000000007 1886.9800000000002 35.500000000000007 0.92470000000000008 13480.500000000002 4.5000000000000009 15.500000000000002 24.500000000000004 1.1135500000000003 0.16875000000000004 19365.560000000001 0.08950000000000001 94132.750000000015 5.5000000000000009 107460.675 597.50000000000011 -0.13494999999999999 4.801400000000001 0.016550000000000006 4229.8950000000013 303.50000000000006 580.50000000000011 839.50000000000011
decision_type=2 2 2 2 2 2 2 2 2 2 2 2 2 2 2 2 2 2 2 2 2 2 2 2 2 2 2
left_child=1 2 3 4 -1 -5 7 10 18 12 17 -12 13 -3 25 16 -11 -2 22 20 -9 -21 -8 -17 -4 -10 -26
right_child=6 9 24 5 -6 -7 8 19 14 15 11 -13 -14 -15 -16 23 -18 -19 -20 21 -22 -23 -24 -25 26 -27 -28
leaf_value=0.0022043683610585333 -0.014221292276221107 -0.025934750720808405 -0.0029245369673588238 -0.013701530363025639 -0.022938213179630396 0.032747663533071895 0.004368236733226242 -0.047083552391859129 -0.038457512255853366 0.024380200328286958 0.02005301879610524 -0.014473787751192839 -0.034127523003035183 0.02516435019561471 0.019936858764187552 0.0073595699449036326 -0.0042476933541160996 0.0068360595433989623 -0.001599046825040769 -0.018371988978230509 -0.017807404864760994 0.017069851030614834 0.049639450033603733 0.049646459628855187 -0.018999194572404152 -0.006233136510858152 -0.051604510967282941
leaf_weight=487.67838645912707 132.47191508114338 6.946993179619315 5.1194150168448713 12.515689972788094 47.906176907941699 38.973668407648802 5.6525907628238263 18.615404233336449 7.1547353491187122 50.893610687926412 47.400853306986392 33.765897016972303 8.2859657742083055 16.986543651670218 8.9229258950799686 5.7129713892936733 26.348082885146141 26.607700704596937 8.2463924977928382 16.809878913685683 41.471931464970112 9.9198690913617593 13.573675803840159 16.843284774571657 6.0828513745218507 8.2981792446225864 8.4242871366441232
leaf_count=2956 834 37 53 62 278 271 30 114 43 314 297 208 52 95 57 29 166 175 51 101 354 60 164 197 51 41 58
internal_value=-0.00013193 0.00322845 0.000534333 0.0018123 -0.000102918 0.02118 -0.00669205 -0.00954438 0.0108011 0.0153422 -0.0050933 0.00556675 -0.00307686 0.00909039 -0.00752543 0.0213306 0.0146279 -0.010596 0.0268083 -0.0213571 -0.0282629 -0.00459818 0.0384664 0.0408151 -0.0338625 -0.0244233 -0.0424972
internal_weight=1117.63 738.718 606.7 587.074 535.585 51.4894 378.912 327.063 51.8485 132.017 240.246 81.1668 32.2195 23.9335 24.3758 99.7979 77.2417 159.08 27.4727 86.8171 60.0873 26.7297 19.2263 22.5563 19.6266 15.4529 14.5071
internal_count=7148 4619 3729 3567 3234 333 2529 2143 386 890 1514 505 184 132 141 706 480 1009 245 629 468 161 194 226 162 84 109
is_linear=0
shrinkage=0.05


Tree=84
num_leaves=21
num_cat=0
split_feature=2 2 1 1 2 10 20 15 10 20 19 23 18 18 26 11 10 2 19 8
split_gain=9.65346 17.2785 11.0996 11.4766 17.3683 10.2061 9.59577 7.61235 7.52259 6.99537 6.70831 5.70483 5.28905 4.79492 3.66788 3.2796 2.93543 2.61672 1.87231 1.52319
threshold=1.5000000000000002 5.5000000000000009 10.500000000000002 4.5000000000000009 12.500000000000002 1.0000000180025095e-35 -0.51084999999999992 5.5000000000000009 48.500000000000007 -0.20039999999999999 0.029850000000000005 1.5000000000000002 108525.20000000003 25039.065000000002 7.5000000000000009 998.50000000000011 277.50000000000006 22.500000000000004 0.40195000000000008 0.021850000000000005
decision_type=2 2 2 2 2 2 2 2 2 2 2 2 2 2 2 2 2 2 2 2
left_child=9 6 3 5 -5 -3 10 8 -4 13 12 -12 -2 -1 15 -8 -15 -9 -11 -16
right_child=1 2 7 4 -6 -7 14 17 -10 18 11 -13 -14 16 19 -17 -18 -19 -20 -21
leaf_value=0.049504514061519948 0.044525426001107642 -0.027742580924958512 -0.032809193199459984 0.04760364382936523 0.0055008697219901771 0.003730097837320367 -0.03845626491274895 0.0036743464778011162 -0.0056476590704566884 0.011378239166086823 0.0040203047959896021 -0.041976855844665734 -0.0055573995692884404 -0.010838013272016831 0.011353329219234848 -0.016918144911469004 0.025856470502910057 0.040539350171601658 -0.019777353210823554 -0.015969357706391362
leaf_weight=17.814124040305614 10.517445573583247 25.205824535340071 26.693949876353145 35.454746443778276 74.525026295334101 471.197793841362 46.689291125163436 10.992342989891769 264.60582632385194 6.3513100370764723 16.128324639052156 8.8448025891557318 7.8686146736145011 7.1760694198310402 7.8648408614099052 39.877167876809835 11.559323061257599 8.4474943019449693 9.1527736783027631 8.3490194007754308
leaf_count=109 59 252 282 265 501 2853 276 72 1538 40 84 51 45 41 44 235 66 228 58 49
internal_value=-0.000133466 -0.00118807 0.00135825 0.0052997 0.0197709 0.00200704 -0.0170381 -0.0062859 -0.00837752 0.0204702 0.00242843 -0.0138045 0.0241587 0.0319598 -0.0252353 -0.0292537 0.0116297 0.0224476 -0.00660127 -0.00237558
internal_weight=1115.32 1063.26 917.123 606.383 109.98 496.404 146.14 310.74 291.3 52.0536 43.3592 24.9731 18.3861 36.5495 102.78 86.5665 18.7354 19.4398 15.5041 16.2139
internal_count=7148 6834 5991 3871 766 3105 843 2120 1820 314 239 135 104 216 604 511 107 300 98 93
is_linear=0
shrinkage=0.05


Tree=85
num_leaves=22
num_cat=0
split_feature=24 23 23 16 12 9 2 20 2 24 9 20 9 22 18 11 11 18 6 17 17
split_gain=9.53091 9.4408 7.99886 9.88024 6.60847 8.90446 6.27657 14.6147 10.6739 7.28663 6.01467 5.98159 5.50712 4.79785 9.66627 4.78174 4.19239 3.58682 1.93646 1.22369 1.07284
threshold=11.500000000000002 2.5000000000000004 3.5000000000000004 8.5000000000000018 1.0000000180025095e-35 0.084200000000000011 24.500000000000004 -0.40294999999999997 18.500000000000004 7.5000000000000009 0.20095000000000005 -0.62044999999999983 0.060750000000000005 3.5000000000000004 8751.7900000000027 1648.5000000000002 753.50000000000011 275359.47000000003 6.5000000000000009 17314.430000000004 14897.300000000001
decision_type=2 2 2 2 2 2 2 2 2 2 2 2 2 2 2 2 2 2 2 2 2
left_child=1 6 3 4 5 -2 8 9 11 -8 15 -1 -10 19 -15 16 -4 -9 -6 -5 -3
right_child=2 20 10 13 18 -7 7 17 12 -11 -12 -13 -14 14 -16 -17 -18 -19 -20 -21 -22
leaf_value=0.0099407015583724244 0.0091839352314798343 -0.009780450791661531 0.0022381804646767756 0.053149004530345156 -0.01088988944035617 -0.0065687618736787919 -0.031103407245069121 0.024243665897255545 -0.030303668075427795 0.013977483808654979 -0.044173557491758789 -0.0062207848918898719 0.0092928073279314113 -0.038419073435405446 0.021924043121718171 0.023482064299698735 -0.032814657192308604 -0.011023136955638807 -0.04472985093175507 0.01871389597685787 -0.04008254562293747
leaf_weight=71.491108695045114 320.35539397411048 6.382629249244931 17.230312999337915 12.563742911443116 20.748903527855877 121.91564319841564 26.311430567875504 63.066508281044662 56.090542947873473 11.365309758111833 10.856252592056988 254.1080497642979 8.9655344840139133 5.7869345396757117 44.076577780768275 9.4413276240229589 13.600298594683407 6.5397691614925852 4.7979949954897156 8.3762325365096313 18.460215371102095
leaf_count=414 1811 38 91 197 206 780 148 422 333 76 63 1625 65 43 373 52 77 40 44 126 124
internal_value=-0.000123632 -0.00503759 0.00421773 0.00603742 0.00333047 0.00480904 -0.00344352 0.00713329 -0.00639517 -0.0172335 -0.0142696 -0.00260269 -0.0245832 0.0232028 0.0135166 -0.00426315 -0.0139771 0.0205752 -0.0203945 0.0426429 -0.0339786
internal_weight=1112.53 522.781 589.75 538.621 467.818 442.271 497.938 107.283 390.655 37.6767 51.1282 325.599 65.0561 70.8035 49.8635 40.2719 30.8306 69.6063 25.5469 20.94 24.8428
internal_count=7148 3285 3863 3580 2841 2591 3123 686 2437 224 283 2039 398 739 416 220 168 462 250 323 162
is_linear=0
shrinkage=0.05


Tree=86
num_leaves=15
num_cat=0
split_feature=25 25 23 23 25 15 17 22 20 20 10 19 16 29
split_gain=9.90329 8.95487 13.2201 9.30383 10.9251 11.9857 9.64395 13.4635 6.23565 4.94236 5.54882 4.83475 2.57991 1.31968
threshold=1.0000000180025095e-35 11.500000000000002 3.5000000000000004 1.5000000000000002 1.5000000000000002 1.0000000180025095e-35 755.56500000000017 1.0000000180025095e-35 -0.54189999999999994 -0.44464999999999993 678.50000000000011 0.29245000000000004 14.500000000000002 1.5000000000000002
decision_type=2 2 2 2 2 2 2 2 2 2 2 2 2 2
left_child=-1 3 9 6 8 -6 7 -2 -5 13 -11 -8 -4 -3
right_child=1 2 12 4 5 -7 11 -9 -10 10 -12 -13 -14 -15
leaf_value=-0.043790622818509511 -0.00055675325876265659 0.013256907254768894 -0.035282267114747655 -0.01473032127195918 -0.020808876052158795 -0.0010290215866771521 0.015552460454174164 -0.039632468229318152 0.027620454402945228 0.0036782877428217621 0.036950174879064587 0.002865491257800141 9.2849419877326787e-05 0.048923714688606783
leaf_weight=10.841402376070617 323.55108814500272 6.1488354615867165 11.021783918142321 10.201587006449698 151.49846851453185 155.52490976080298 142.94589436985552 21.70912485010922 29.570810824632645 42.355173349380493 16.643286049365997 163.00547320395708 7.5917672738432875 17.523404048755765
leaf_count=278 1894 45 60 58 910 871 835 115 174 336 124 1278 42 128
internal_value=-0.000128984 0.000371279 0.0143939 -0.00106777 -0.00766626 -0.0108931 0.00244359 -0.00325664 0.016333 0.0229738 0.0141319 0.00888805 -0.0217598 0.0418034
internal_weight=1110.13 1099.29 101.284 998.007 346.796 307.023 651.212 345.26 39.7724 82.6707 58.9985 305.951 18.6136 23.6722
internal_count=7148 6870 735 6135 2013 1781 4122 2009 232 633 460 2113 102 173
is_linear=0
shrinkage=0.05


Tree=87
num_leaves=15
num_cat=0
split_feature=25 24 23 18 21 25 21 25 20 10 21 17 13 11
split_gain=9.40536 8.84796 9.51777 12.1258 11.1205 8.94331 10.3131 8.26138 5.76582 3.83963 4.50985 1.80783 3.0874 1.73431
threshold=1.0000000180025095e-35 48.500000000000007 1.5000000000000002 8437.1100000000024 26941.000000000004 1.5000000000000002 131067.50000000001 1.5000000000000002 -0.54189999999999994 349.50000000000006 58117.000000000007 3446.7350000000006 1.0000000180025095e-35 1853.5000000000002
decision_type=2 2 2 2 2 2 2 2 2 2 2 2 2 2
left_child=-1 2 3 7 -5 8 -7 -2 -4 11 13 -3 -13 -11
right_child=1 9 5 4 -6 6 -8 -9 -10 10 -12 12 -14 -15
leaf_value=-0.043390776347138976 0.0050208077367557835 -0.014739903603149815 -0.014215583088414602 0.018351577352211695 -0.00052424890849527917 -0.0069206597873119838 -0.038296842181642171 -0.010402746545955611 0.027831321340020261 0.043008988136519183 0 -0.0021625953867721085 0.040586323890467346 0.0068118644144139822
leaf_weight=10.423281406052409 153.49358354508877 8.2857111096382159 9.7088537476956827 173.08027167245746 138.75397699512541 311.58610292710364 27.033624961972237 193.59923933818936 25.979590903967619 23.101012717932466 11.180906265974043 11.980606024153532 4.0795243978500357 5.5808438882231703
leaf_count=278 966 46 56 1314 795 1847 164 1106 154 161 58 137 29 37
internal_value=-0.000123004 0.000357033 -0.000767666 0.00283714 0.0099709 -0.00712145 -0.00966509 -0.00356371 0.01598 0.018083 0.027288 0.00170428 0.0114346 0.0371949
internal_weight=1107.87 1097.44 1033.24 658.927 311.834 374.308 338.62 347.093 35.6884 64.2086 39.8628 24.3458 16.0601 28.6819
internal_count=7148 6870 6402 4181 2109 2221 2011 2072 210 468 256 212 166 198
is_linear=0
shrinkage=0.05


Tree=88
num_leaves=14
num_cat=0
split_feature=25 2 2 0 0 1 28 7 3 18 28 27 24
split_gain=8.93422 8.7143 15.7229 14.9568 11.7962 10.636 7.20878 5.08247 6.18308 4.34339 4.12674 2.37774 1.90614
threshold=1.0000000180025095e-35 1.5000000000000002 4.5000000000000009 5890.2700000000013 175.97500000000002 10.500000000000002 9.5000000000000018 4.5000000000000009 3.5000000000000004 25039.065000000002 14.500000000000002 7.5000000000000009 19.500000000000004
decision_type=2 2 2 2 2 2 2 2 2 2 2 2 2
left_child=-1 3 7 9 6 -6 -4 10 -9 11 -3 -2 -5
right_child=1 2 4 12 5 -7 -8 8 -10 -11 -12 -13 -14
leaf_value=-0.042990191533111149 0.061313774829869765 -0.034870445729610199 0.0032365357460578635 -0.03265713221971038 0.007110488645857802 -0.0046183758627401554 -0.033127104134803402 -0.015077995768739248 0.020048217918651207 0.010977330791618098 -0.0091899355160330234 0.017717058751277957 0
leaf_weight=10.023176414892076 15.219115536659958 44.070741266012192 20.103233963251114 8.2853535376489145 569.19905298016965 289.43394126370549 35.66010382771492 42.474358402192593 15.362694323062895 12.933677930384873 28.38216120749712 7.3463551960885516 7.1600643023848525
leaf_count=278 95 256 105 49 3624 1937 192 219 82 75 154 43 39
internal_value=-0.000116696 0.000344032 -0.000648418 0.0201401 0.00166906 0.00314368 -0.0201864 -0.0167678 -0.0052224 0.0374753 -0.025462 0.0501256 -0.0188578
internal_weight=1105.65 1095.63 1044.69 50.9446 914.396 858.633 55.7633 130.29 57.8371 35.4991 72.4529 22.5655 15.4454
internal_count=7148 6870 6569 301 5858 5561 297 711 301 213 410 138 88
is_linear=0
shrinkage=0.05


Tree=89
num_leaves=21
num_cat=0
split_feature=4 7 13 8 10 0 1 0 26 10 0 8 10 10 18 18 20 29 0 11
split_gain=8.35275 14.331 20.9938 18.0031 20.5294 11.3099 10.6395 9.42843 8.13527 9.6747 7.56251 7.17085 6.03907 4.92867 4.39522 3.80366 2.37715 2.05365 0.72759 0.194517
threshold=1.0000000180025095e-35 4.5000000000000009 1.0000000180025095e-35 0.25070000000000009 40.500000000000007 699.05000000000007 1.5000000000000002 1303.2200000000003 10.500000000000002 1.0000000180025095e-35 1886.9800000000002 0.15760000000000005 741.50000000000011 689.50000000000011 526.69500000000005 17721.900000000005 -0.69494999999999985 5.5000000000000009 76868.49500000001 595.50000000000011
decision_type=2 2 2 2 2 2 2 2 2 2 2 2 2 2 2 2 2 2 2 2
left_child=1 2 13 5 -5 -4 7 16 9 -8 -2 -12 18 17 -9 -15 -3 -1 -13 -10
right_child=10 6 3 4 -6 -7 8 14 19 -11 11 12 -14 15 -16 -17 -18 -19 -20 -21
leaf_value=-0.040313968214885358 -0.013187594687140423 0.007050001972386262 -0.048510552162248727 -0.037918038506927994 0.020509150687878688 -0.0077651175203873914 -0.026882113010567994 -0.032932844350883637 0.04385742975588821 0.0015259927075878062 -0.0051097780169797455 0.058249906447343569 0 -0.031878367592000363 0.013419450219717834 0.0044181678723672476 0.047958280862185024 -0.0094292490399297511 0.020641763276742702 0.015433896748803612
leaf_weight=58.020881524309516 12.443723347038029 5.691066853702071 19.992432795464993 15.663927925750611 99.601897267624736 84.701659024693072 29.417820377275348 5.9215343818068531 8.2755940612405521 646.21458020620048 10.514006890356539 17.817921914160259 6.7798057347536078 9.7572315037250537 12.275416087359188 16.671654041856527 24.13099591806531 8.4630004763603193 5.6198623925447455 5.4915263205766669
leaf_count=350 62 42 118 180 563 530 312 30 263 3902 69 126 45 57 87 98 184 54 50 26
internal_value=-0.000116179 -0.00111926 -0.0100573 -0.00151436 0.0119727 -0.0164031 0.00267641 0.0249527 0.00104264 0.000198623 0.0188373 0.0290144 0.0407782 -0.0297183 -0.0029366 -0.00993028 0.0413996 -0.0369187 0.0519573 0.0365498
internal_weight=1103.47 1050.29 312.873 219.96 115.266 104.694 737.419 48.019 689.4 675.632 53.1753 40.7316 30.2176 92.9128 18.197 26.4289 29.8221 66.4839 23.4378 13.7671
internal_count=7148 6796 1950 1391 743 648 4846 343 4503 4214 352 290 221 559 117 155 226 404 176 289
is_linear=0
shrinkage=0.05


Tree=90
num_leaves=16
num_cat=0
split_feature=25 23 0 25 23 18 25 20 2 14 0 2 28 16 0
split_gain=8.90132 12.0293 8.31544 7.91282 7.89001 9.90578 9.69621 4.61557 4.76488 5.58901 4.57844 4.49352 2.49144 2.35618 0.653208
threshold=11.500000000000002 3.5000000000000004 96.415000000000006 1.0000000180025095e-35 1.5000000000000002 2737.3750000000005 1.5000000000000002 -0.44464999999999993 6.5000000000000009 0.069450000000000026 22.720000000000002 12.500000000000002 11.500000000000002 14.500000000000002 55.010000000000012
decision_type=2 2 2 2 2 2 2 2 2 2 2 2 2 2 2
left_child=2 7 10 -4 5 -5 -6 12 -9 -10 -1 -12 -2 -3 -13
right_child=1 13 3 4 6 -7 -8 8 9 -11 11 14 -14 -15 -16
leaf_value=0.0058578077191218441 0.014345898394096232 -0.033781949577243085 -0.04224351104258646 -0.0041992110640395848 0.016798939719584585 0.0085703636647677748 -0.0094601351512954863 -0.012759653018607901 -0.013916538469899008 0.02845258119745589 -0.0060583870805730718 -0.024931285746251284 0.053284324573837222 9.8873268992859481e-05 -0.056870486756195597
leaf_weight=9.7704709619283658 9.260404249653222 10.830286718904974 9.2483022660016996 257.46547323279083 37.882464192807674 362.6779145533219 289.81614021025598 11.752941012382506 7.9931567274034014 38.608462417498231 13.260393459349869 10.158389881253244 14.009717272594569 7.5648588649928561 9.9677631342783553
leaf_count=51 68 60 268 1519 223 2462 1703 74 48 338 73 58 105 42 56
internal_value=-0.000112668 0.0139481 -0.00155368 -0.000552537 -4.71288e-05 0.00325628 -0.00631072 0.0221881 0.0136007 0.020706 -0.0225268 -0.0309776 0.0405462 -0.020715 -0.0449123
internal_weight=1100.27 100.02 1000.25 957.09 947.842 620.143 327.699 81.6247 58.3546 46.6016 43.157 33.3865 23.2701 18.3951 20.1262
internal_count=7148 735 6413 6175 5907 3981 1926 633 460 386 238 187 173 102 114
is_linear=0
shrinkage=0.05


Tree=91
num_leaves=24
num_cat=0
split_feature=24 23 0 10 18 5 11 9 18 2 24 6 29 18 1 0 16 1 28 2 28 18 29
split_gain=8.72246 10.454 9.42376 7.32789 7.39297 6.65805 6.1015 5.96398 10.5565 7.89623 6.71613 7.11795 5.43015 5.00917 4.44762 4.23605 3.2414 3.20158 2.76575 2.67437 2.30558 0.855679 0.450874
threshold=13.500000000000002 2.5000000000000004 126.47000000000001 166.50000000000003 140129.81000000003 1.0000000180025095e-35 180.50000000000003 0.081900000000000014 4930.1766666666672 24.500000000000004 27.500000000000004 7.5000000000000009 1.5000000000000002 44173.330000000009 10.500000000000002 34987.380000000012 1.5000000000000002 9.5000000000000018 7.5000000000000009 24.500000000000004 17.500000000000004 466519.27000000008 3.5000000000000004
decision_type=2 2 2 2 2 2 2 2 2 2 2 2 2 2 2 2 2 2 2 2 2 2 2
left_child=1 2 16 4 6 19 13 10 17 -10 15 -12 -7 -2 -8 -5 22 -9 -3 -4 21 -6 -1
right_child=3 18 5 7 20 12 14 8 9 -11 11 -13 -14 -15 -16 -17 -18 -19 -20 -21 -22 -23 -24
leaf_value=-0.053949130062929153 0.0038925808979337253 -0.0053153158239712412 -0.032316562854042816 0.0092195070326884614 -0.041941773647168695 -0.0081485169699751 0.0038528211198311951 -0.012078406204704913 -0.004822525180812518 0.023713828560953998 0.024522773019167374 -0.0084227108034961654 0.0036044899465416378 0.064968394147263672 -0.023146501162628605 -0.0086271631726573088 -0.0053945057444226268 -0.052051971484082665 -0.039218553606594736 0.0017886916654828795 -0.0010604148772969649 -0.010703483611006608 -0.021545547959487505
leaf_weight=8.6985056074336224 8.9966939901933056 9.6771598495542985 20.801226371899251 124.70633007399738 15.593461344949906 133.83377314917743 41.421493710950017 14.00743155553937 65.893607549369335 35.556461529806256 110.84076525270939 17.668648701161146 352.82727523334324 4.0754934139549723 21.35262262634933 42.793262261897326 9.9365936703979951 8.8646394666284323 24.033035352826118 6.6929104253649703 6.9317677626386276 5.5493246316909781 7.5719832051545373
leaf_count=50 221 66 126 715 115 847 292 79 408 308 665 98 2271 28 166 266 54 53 148 41 48 40 43
internal_value=-0.000114843 -0.0043745 -0.00261261 0.00452951 -0.00721191 -0.00104461 0.000954243 0.00747649 -0.00162823 0.0053474 0.0113192 0.0198568 0.000331779 0.0296918 -0.00560774 0.004553 -0.0307653 -0.030913 -0.0306088 -0.0241169 -0.0282025 -0.0358084 -0.0434257
internal_weight=1098.32 574.072 540.362 524.252 103.921 514.155 75.8463 420.331 124.322 101.45 296.009 128.509 486.661 13.0722 62.7741 167.5 26.2071 22.8721 33.7102 27.4941 28.0746 21.1428 16.2705
internal_count=7148 3646 3432 3502 910 3285 707 2592 848 716 1744 763 3118 249 458 981 147 132 214 167 203 155 93
is_linear=0
shrinkage=0.05


Tree=92
num_leaves=17
num_cat=0
split_feature=25 3 0 3 1 9 0 3 20 20 1 21 9 1 10 21
split_gain=8.0165 8.09727 13.1984 9.26222 9.53374 8.51513 7.04875 6.27192 5.70991 5.0611 4.96073 3.74533 3.20641 4.77639 2.14993 1.24824
threshold=1.0000000180025095e-35 3.5000000000000004 184177.36000000002 1.5000000000000002 1.5000000000000002 0.010350000000000002 96.415000000000006 4.5000000000000009 3.1674500000000005 0.86025000000000007 3.5000000000000004 63.500000000000007 0.024350000000000004 2.5000000000000004 126.50000000000001 1274.0000000000002
decision_type=2 2 2 2 2 2 2 2 2 2 2 2 2 2 2 2
left_child=-1 2 3 4 -2 11 -5 9 -7 10 -3 -4 13 -9 -11 -14
right_child=1 7 5 6 -6 8 -8 12 -10 14 -12 -13 15 -15 -16 -17
leaf_value=-0.042152899898165279 0.034944895562698766 -0.0052500363271741242 -0.0013900799548631948 -0.029791258459588962 0.0038425641204700685 0.0083955499691281184 -0.0029899211058402762 0.031093178440726423 -0.038676906925460684 0.0044244612212322176 0.012774491603526278 -0.045719480821602772 -0.0019094270350217036 -0.0058623659057592979 0.036220207443032677 -0.030485453822396976
leaf_weight=9.2366035347804409 25.898994073271751 49.694141395390034 6.289831329137086 24.165172319859266 229.34443595446646 24.28276253677905 443.55176165420562 8.7624183148145658 6.5004545245319596 8.3577987123280746 142.53880158253014 30.34393872320652 6.6932919062674072 44.219642162322998 24.50676672719419 12.162413746118544
leaf_count=278 196 396 55 129 1230 163 2586 68 58 65 1108 224 38 232 258 64
internal_value=-0.00013068 0.000293852 -0.00234252 -0.000327983 0.00728447 -0.0231699 -0.00451689 0.00731348 -0.00299278 0.0114089 0.00805741 -0.0388332 -0.00534504 0.000976343 0.0291387 -0.021977
internal_weight=1096.55 1087.31 790.377 722.96 255.243 67.417 467.717 296.935 30.7832 225.098 192.233 36.6338 71.8378 52.9821 32.8646 18.8557
internal_count=7148 6870 4641 4141 1426 500 2715 2229 221 1827 1504 279 402 300 323 102
is_linear=0
shrinkage=0.05


Tree=93
num_leaves=21
num_cat=0
split_feature=24 23 23 16 22 2 9 18 8 0 2 20 2 16 14 24 16 23 0 0
split_gain=8.05995 7.66496 6.39106 8.10713 8.70406 8.11126 7.30985 10.2374 8.5934 5.90071 5.74911 11.3394 9.72363 5.47293 6.47969 3.9487 2.77756 1.17912 1.05063 0.769706
threshold=11.500000000000002 2.5000000000000004 3.5000000000000004 4.5000000000000009 1.5000000000000002 6.5000000000000009 0.080850000000000019 4721.4500000000016 0.50385000000000013 126.47000000000001 24.500000000000004 -0.40294999999999997 18.500000000000004 5.5000000000000009 0.68835000000000013 29.500000000000004 1.0000000180025095e-35 2.5000000000000004 17687.470000000005 1470.1300000000003
decision_type=2 2 2 2 2 2 2 2 2 2 2 2 2 2 2 2 2 2 2 2
left_child=1 9 3 6 17 -6 8 -8 -2 16 12 -12 -11 15 -15 -4 -1 -5 19 -3
right_child=2 18 13 4 5 -7 7 -9 -10 10 11 -13 -14 14 -16 -17 -18 -19 -20 -21
leaf_value=-0.045396485754940596 0.0029362861547497197 -0.018222362884332235 0.023818221532394934 0.048576243324606638 -0.015128926342441435 0.016336049608884243 -0.035043656193857804 0 0.032009427609623005 -0.0011707135410651028 -0.014165461894402038 0.020112441460885977 -0.022780132667538314 -0.04248826917999133 0.0046782643279724406 -0.015685171731557909 -0.0087141627585953178 0.0095032279217803842 -0.010842138007248776 -0.051073944998844927
leaf_weight=9.6220380393788236 257.16773161198944 8.0332497693598288 11.760290000587704 18.254687286913398 23.895832385867834 95.878065193071961 26.605100471526384 76.224457265809178 26.450458221137524 304.25980386417359 34.799077177420259 67.861907865852118 61.171584656462073 18.681200832128528 10.126248132437466 9.6020864285528642 12.98109192214906 4.1286370791494837 8.0575301572680456 7.7091356143355361
leaf_count=58 1506 55 67 300 142 780 163 493 174 1945 211 456 382 101 56 59 71 22 56 51
internal_value=-0.000132129 -0.00468482 0.00389991 0.00554308 0.0156725 0.00983105 0.00172966 -0.00953731 0.00588784 -0.00325136 -0.00196511 0.00834903 -0.00491956 -0.0127701 -0.0263566 0.00581126 -0.027157 0.0431499 -0.0313086 -0.0388174
internal_weight=1093.27 514.495 578.775 528.605 142.157 119.774 386.448 102.83 283.618 490.696 468.092 102.661 365.431 50.1698 28.8074 21.3624 22.6031 22.3833 23.7999 15.7424
internal_count=7148 3285 3863 3580 1244 922 2336 656 1680 3123 2994 667 2327 283 157 126 129 322 162 106
is_linear=0
shrinkage=0.05


Tree=94
num_leaves=22
num_cat=0
split_feature=25 23 15 2 2 0 10 20 16 11 10 11 18 19 0 0 24 20 29 20 21
split_gain=7.7142 10.874 8.09297 8.45066 11.4069 11.0498 10.2767 7.11842 4.77973 4.60525 4.10144 3.63488 3.16035 2.78841 2.10831 2.05575 1.89056 3.43246 1.8139 1.24324 0.0758688
threshold=11.500000000000002 2.5000000000000004 6.5000000000000009 1.5000000000000002 4.5000000000000009 5548.0850000000009 1.0000000180025095e-35 -0.68969999999999987 2.5000000000000004 254.00000000000003 762.50000000000011 1510.5000000000002 25039.065000000002 0.46155000000000007 795.92000000000007 124603.61500000002 25.500000000000004 -0.39294999999999997 2.5000000000000004 -0.24494999999999997 39.500000000000007
decision_type=2 2 2 2 2 2 2 2 2 2 2 2 2 2 2 2 2 2 2 2 2
left_child=2 8 3 5 7 12 -6 -5 13 -3 14 18 -1 -2 -4 -16 17 -10 -11 -7 -18
right_child=1 9 10 4 6 19 -8 -9 16 11 -12 -13 -14 -15 15 -17 20 -19 -20 -21 -22
leaf_value=0.046299779095527432 0.021029159222025834 0.024771812024486129 -0.0012479097047157239 0.010572120604246154 -0.023090924001087351 0 0.00033434341752217658 -0.022763089484338417 0.041430792504295981 -0.040910939181075953 -0.015142866649757445 0.0087135318473276577 0.0097153752306942259 -0.015006174989524388 0.047385257931998992 -0.00031886826387614363 0.01641670801886707 0.004597286162681651 -0.0094787093050721222 -0.029576106479655914 0.051797013077753078
leaf_weight=19.315364155918363 8.5212836340069789 6.6174110658466807 2.7614491991698804 17.330753963440657 47.835525103844702 5.5663206726312637 761.91189859528095 100.10499044694006 10.626686207950117 10.062817685306078 3.4575915671885005 8.774821035563944 11.032011717557905 8.8372407853603345 14.515654103830459 2.1067508645355693 3.5390850361436632 15.242247216403483 11.684562001377342 6.9704507077112776 14.295050464570521
leaf_count=117 46 41 21 96 525 30 4573 593 96 50 29 59 62 56 296 21 55 131 66 50 135
internal_value=-0.00013842 0.0130751 -0.00147898 -0.00220576 -0.00323424 0.0189609 -0.00109066 -0.0176652 0.0257843 -0.00781453 0.0266773 -0.0162758 0.0347326 0.00251198 0.0353232 0.0414173 0.0342946 0.0219743 -0.0266645 -0.018055 0.0476435
internal_weight=1091.11 98.2012 992.909 970.067 927.183 42.8841 809.747 117.436 61.0616 37.1396 22.8414 30.5222 30.3474 17.3585 19.3839 16.6224 43.7031 25.8689 21.7474 12.5368 17.8341
internal_count=7148 735 6413 6046 5787 259 5098 689 519 216 367 175 179 102 338 317 417 227 116 80 190
is_linear=0
shrinkage=0.05


Tree=95
num_leaves=15
num_cat=0
split_feature=25 24 23 18 21 25 24 25 10 19 16 28 7 18
split_gain=7.55977 7.5425 7.92231 9.75006 9.71689 7.68234 7.61111 7.26584 3.32029 3.98908 2.85932 2.45317 1.82112 1.54068
threshold=1.0000000180025095e-35 48.500000000000007 1.5000000000000002 8437.1100000000024 26941.000000000004 1.5000000000000002 5.5000000000000009 1.5000000000000002 678.50000000000011 0.43015000000000009 3.5000000000000004 5.5000000000000009 3.5000000000000004 97813.710000000006
decision_type=2 2 2 2 2 2 2 2 2 2 2 2 2 2
left_child=-1 2 3 5 -5 -2 11 -8 9 10 -3 -4 -11 -10
right_child=1 8 6 4 -6 -7 7 -9 13 12 -12 -13 -14 -15
leaf_value=-0.041686923759378179 0.0051021984263890183 -0.017912877351777816 -0.0012513788848392739 0.01695637062876575 -0.0008162451989749955 -0.0098592225585393631 0.017500359920752752 -0.0066295393799926539 0.04534309231386386 0 0.013304095085109406 -0.034632887730566136 0.033329197965664477 0.010912614711440624
leaf_weight=8.8319905605167133 151.88803286105394 14.605561103671791 7.7236626837402573 169.3934185039252 137.31706712953746 190.92699333652854 32.691227585077286 299.71858168393373 10.70218598470092 4.9791973009705552 10.980237310752271 27.637752655893564 13.566543226130307 7.7743591498583546
leaf_count=278 966 82 58 1314 795 1106 190 1794 67 36 66 179 160 57
internal_value=-0.000117628 0.000289537 -0.000751699 0.00255639 0.00901328 -0.00321025 -0.00660342 -0.00413608 0.0168625 0.0083855 -0.00416022 -0.0280666 0.0249005 0.0338251
internal_weight=1088.74 1079.9 1017.3 649.526 306.71 342.815 367.771 332.41 62.6081 44.1315 25.5858 35.3614 18.5457 18.4765
internal_count=7148 6870 6402 4181 2109 2072 2221 1984 468 344 148 237 196 124
is_linear=0
shrinkage=0.05


Tree=96
num_leaves=20
num_cat=0
split_feature=4 7 13 8 12 24 0 1 0 27 8 10 27 7 6 0 11 0 28
split_gain=7.37402 12.0241 18.4502 16.4113 17.1684 9.07608 9.00417 8.7638 9.08649 7.40774 7.07571 4.5266 3.69247 3.36715 2.85124 2.60693 2.54123 2.0941 1.39061
threshold=1.0000000180025095e-35 4.5000000000000009 1.0000000180025095e-35 0.15760000000000005 1.0000000180025095e-35 42.500000000000007 910.90000000000009 1.5000000000000002 1303.2200000000003 9.5000000000000018 0.50385000000000013 689.50000000000011 2.5000000000000004 2.5000000000000004 7.5000000000000009 1886.9800000000002 1449.5000000000002 46069.850000000006 16.500000000000004
decision_type=2 2 2 2 2 2 2 2 2 2 2 2 2 2 2 2 2 2 2
left_child=1 2 11 6 -5 7 -4 8 -3 -9 12 18 -2 -13 16 -14 -7 -17 -1
right_child=10 5 3 4 -6 14 -8 9 -10 -11 -12 13 15 -15 -16 17 -18 -19 -20
leaf_value=-0.027556639121796081 0.028908466179684147 0.039514360080400331 -0.056951590989593293 0.013991889587617948 -0.031774481110674047 0.030979454575197508 -0.011423505495988974 -0.0035153251659312576 -0.0061885217966491865 0.010339616847847517 0.044501655696583015 -0.021730053337811417 -0.026100383986774126 0.012730503947725314 -0.0056592901723388003 0.017098623848229341 0.0063869353661145396 -0.01288697965125013 -0.048977760745492427
leaf_weight=46.563379934988916 9.5270875804126245 26.018392557278275 13.227372732013462 134.9610574375838 22.070053202100098 38.745496629737318 46.341984711587429 503.44982307218015 16.437196806073189 117.10760414041579 15.17344146966934 16.698160540312532 7.5731213744729784 9.3715073559433204 8.0027619544416648 12.338560700416567 17.342059286311269 7.6468816548585883 18.145310539752245
leaf_count=290 66 204 82 774 235 336 300 3156 105 874 113 98 38 57 56 81 115 54 114
internal_value=-0.000109289 -0.00105882 -0.00932317 -0.00127139 0.00717803 0.00243715 -0.023217 0.000658237 0.0221126 -0.00085983 0.0178489 -0.0279857 0.00496906 -0.00896152 0.0201119 -0.00436461 0.0240294 0.00504199 -0.0350017
internal_weight=1086.74 1034.48 307.379 216.6 157.031 727.103 59.5694 663.013 42.4556 620.557 52.2591 90.7784 37.0857 26.0697 64.0903 27.5586 56.0876 19.9854 64.7087
internal_count=7148 6796 1950 1391 1009 4846 382 4339 309 4030 352 559 239 155 507 173 451 135 404
is_linear=0
shrinkage=0.05


Tree=97
num_leaves=20
num_cat=0
split_feature=25 17 21 25 2 28 2 0 2 2 0 17 18 10 2 29 17 19 17
split_gain=7.18196 7.61323 7.5831 10.1771 7.03647 9.40141 6.63195 7.29001 10.6958 9.52 7.12945 3.90545 4.32535 3.63831 3.30854 2.96217 2.87468 2.75826 2.49224
threshold=14.500000000000002 78360.360000000001 17170.500000000004 1.5000000000000002 6.5000000000000009 16.500000000000004 1.5000000000000002 3900.8500000000008 22.500000000000004 15.500000000000002 5548.0850000000009 17314.430000000004 48741.520000000011 542.50000000000011 2.5000000000000004 3.5000000000000004 71496.095000000016 0.16275000000000003 6666.7750000000005
decision_type=2 2 2 2 2 2 2 2 2 2 2 2 2 2 2 2 2 2 2
left_child=2 13 6 11 14 -6 10 9 -9 -8 18 12 -4 15 -5 -2 -13 -3 -1
right_child=1 17 3 4 5 -7 7 8 -10 -11 -12 16 -14 -15 -16 -17 -18 -19 -20
leaf_value=0.048712669514798634 -0.004980053159940389 0.011971412064031661 0.0012693819458524556 -0.0058612899946077664 -0.00064356162932926054 -0.022607927962335964 0.0056903831624454003 8.2742253115772484e-05 0.019093789452982814 -0.014097658506336475 -0.012868952484274053 -0.034553433103804869 0.021399926462235028 0.054093480408594345 -0.034645268968938318 0.035055658189825936 0.0021995544950090397 -0.023697070591651295 0.008464676811667491
leaf_weight=15.408011579886084 8.1977133192122 8.8598778061568755 77.676635832991451 15.492981325834988 159.4707598015666 68.868642190471292 106.9066921453923 243.25291971769184 105.00896661635488 134.89846688229591 7.9728588648140422 7.9439928913489011 39.842740459367633 11.992452593520282 40.034512311220169 6.6768314931541672 9.9616650617681426 8.6683954577893001 7.0356727093458167
leaf_count=101 68 58 574 91 965 391 613 1589 988 769 46 48 262 103 236 56 67 79 44
internal_value=-0.00010934 0.0191288 -0.000975496 -0.00616118 -0.0115261 -0.00745035 0.0025212 0.00128917 0.00591985 -0.00533306 0.0245595 0.0050157 0.00842183 0.034998 -0.0272709 0.0144233 -0.0154373 -0.00577632 0.0382297
internal_weight=1084.17 44.3953 1039.78 419.292 283.867 228.339 620.484 590.067 348.262 241.805 30.4165 135.425 117.519 26.867 55.5275 14.8745 17.9057 17.5283 22.4437
internal_count=7148 364 6784 2634 1683 1356 4150 3959 2577 1382 191 951 836 227 327 124 115 137 145
is_linear=0
shrinkage=0.05


Tree=98
num_leaves=26
num_cat=0
split_feature=3 0 2 3 1 17 8 26 10 2 29 19 18 8 10 23 13 14 3 10 0 21 2 18 17
split_gain=7.02901 12.3761 11.4461 8.09847 8.13863 7.90324 6.47724 6.79909 6.7699 6.35485 5.65053 5.78503 6.54561 5.3287 4.88805 4.61284 4.22683 4.00872 3.97381 3.39809 4.61184 2.3895 1.54178 0.39574 0.00435362
threshold=3.5000000000000004 184177.36000000002 22.500000000000004 1.5000000000000002 1.5000000000000002 358556.39500000008 0.46565000000000006 10.500000000000002 80.500000000000014 24.500000000000004 5.5000000000000009 0.064250000000000015 1421.7450000000001 0.28435000000000005 574.50000000000011 1.5000000000000002 1.0000000180025095e-35 0.015600000000000001 1.0000000180025095e-35 861.50000000000011 71499.520000000019 6396.5000000000009 15.500000000000002 51614.535000000011 26476.975000000002
decision_type=2 2 2 2 2 2 2 2 2 2 2 2 2 2 2 2 2 2 2 2 2 2 2 2 2
left_child=1 3 5 4 17 23 7 -5 -8 -6 11 13 14 15 -13 -2 -14 -1 -4 20 22 -20 -12 -3 -22
right_child=10 2 18 6 9 -7 8 -9 -10 -11 19 12 16 -15 -16 -17 -18 -19 21 -21 24 -23 -24 -25 -26
leaf_value=-0.0035949502297304599 -0.0020435799412282731 -0.029450571382697906 0.026987149968471014 -0.0075620331539007603 -0.0011451363238767422 0.011019834603565195 -0.030813202221231142 0.03097796488850595 0.020563298905521634 0.018387036845492109 0.013475861745164795 -0.030891761864068196 0.0043366246095860152 0.020874477745372672 0.014803142918957197 -0.027243622128115843 0.022108089284055835 0.042138054599792009 0.0067018809499404782 -0.012015904369448997 -0.0038568717537577966 -0.028240790182956776 0.043433537630102471 -0.054434967673525458 0
leaf_weight=5.2688500583171871 49.935924698598683 14.393004349432884 9.1797899529337901 411.41921218670905 176.92441834602505 5.8957608155906192 5.6133087305352083 9.737126491032539 39.751570139080286 52.076241916976869 9.5686784535646456 14.440011495724322 71.211389014497399 12.910142581909893 7.2538298442959777 27.789935272186995 66.404635334387422 19.683396713808179 8.0125351138412935 4.8329275958240023 4.5133905876427871 7.6158471368253222 21.484706891700625 21.528275857679546 4.582369290292263
leaf_count=33 324 171 60 2350 995 35 68 217 213 296 61 83 633 79 47 149 573 166 50 36 32 46 214 169 48
internal_value=-9.7494e-05 -0.00257388 -0.0228674 -0.000625301 0.00651282 -0.0382622 -0.00454353 -0.00650515 0.0129623 0.00337406 0.00645058 0.00338339 0.00910614 -0.00654691 -0.0152308 -0.0116364 0.0131775 0.03256 0.00362779 0.0224112 0.0271662 -0.0110309 0.035879 -0.0467691 -0.0027841
internal_weight=1082.03 787.099 66.6252 720.474 253.953 41.817 466.521 421.156 45.3649 229.001 294.928 249.946 159.31 90.636 21.6938 77.7259 137.616 24.9522 24.8082 44.9821 40.1491 15.6284 31.0534 35.9213 9.09576
internal_count=7148 4869 531 4338 1490 375 2848 2567 281 1291 2279 1888 1336 552 130 473 1206 199 156 391 355 96 275 340 80
is_linear=0
shrinkage=0.05


Tree=99
num_leaves=15
num_cat=0
split_feature=25 24 23 0 17 17 21 9 5 25 1 25 16 17
split_gain=7.15535 6.96913 9.17386 8.29832 7.74219 7.11757 6.29756 8.23225 6.29189 6.01837 3.85473 3.33891 2.97889 2.6831
threshold=1.0000000180025095e-35 13.500000000000002 2.5000000000000004 126.47000000000001 187898.33000000005 1246198.0950000002 138467.50000000003 0.046250000000000006 1.0000000180025095e-35 1.5000000000000002 3.5000000000000004 3.5000000000000004 1.5000000000000002 14897.300000000001
decision_type=2 2 2 2 2 2 2 2 2 2 2 2 2 2
left_child=-1 2 3 12 6 10 7 -3 -5 -8 -6 -4 -2 -13
right_child=1 4 11 8 5 -7 9 -9 -10 -11 -12 13 -14 -15
leaf_value=-0.041250626164535641 -0.041141618207052449 0.015440944106717683 -0.0001106129836038692 -0.023074337175693585 -0.03321914418936505 0.027295432646563894 0.010705227435775542 -0.00049742602837929168 0.00096758285219629382 -0.016164758363294871 -0.0069626206434899697 -0.0050476952630435093 -0.0044407417210872322 -0.04654734893016254
leaf_weight=8.4590710126794857 15.566722162067892 232.75592226535082 8.5123600363731367 26.844919804483652 20.593133468180895 8.9474608115851861 33.041384607553482 121.70057797990739 475.06642415747046 48.99918320402503 44.192506389692426 6.211743842810395 9.808430500328539 17.818427987396717
leaf_count=278 88 1477 54 161 120 65 192 981 2949 281 290 38 54 120
internal_value=-8.78851e-05 0.000304537 -0.00353176 -0.00186881 0.00453063 -0.0102113 0.00707886 0.00996846 -0.000384941 -0.0052268 -0.0162033 -0.0285187 -0.0286815 -0.037416
internal_weight=1078.52 1070.06 559.829 527.286 510.23 73.7331 436.497 354.457 501.911 82.0406 64.7856 32.5425 25.3752 24.0302
internal_count=7148 6870 3464 3252 3406 475 2931 2458 3110 473 410 212 142 158
is_linear=0
shrinkage=0.05


Tree=100
num_leaves=17
num_cat=0
split_feature=25 24 23 29 21 25 21 13 12 8 6 0 29 8 2 17
split_gain=6.79653 6.49748 7.08934 6.46356 6.40733 5.96944 7.41805 5.50986 10.7088 7.16387 6.20572 5.24214 4.68283 4.30253 3.39535 1.27576
threshold=1.0000000180025095e-35 21.500000000000004 2.5000000000000004 1.5000000000000002 212794.00000000003 3.5000000000000004 5129.5000000000009 1.0000000180025095e-35 1.0000000180025095e-35 0.023950000000000003 9.5000000000000018 1470.1300000000003 5.5000000000000009 0.30340000000000006 24.500000000000004 7247.295000000001
decision_type=2 2 2 2 2 2 2 2 2 2 2 2 2 2 2 2
left_child=-1 2 3 14 -5 6 -4 9 11 10 -3 -9 -11 -7 -2 -10
right_child=1 7 5 4 -6 13 -8 8 15 12 -12 -13 -14 -15 -16 -17
leaf_value=-0.040842594105025186 -0.012062966489842047 0.0091294815746781298 0.042135323170699242 0.0043158177884287637 -0.013369898918428262 -0.034443862651029271 -0.01879049567969136 0 -0.041124668446651719 -0.021297012310219517 -0.029803196136963708 0.027655090012408529 0.014039592892737983 0.0034917383966148402 0.0036695627196850615 -0.0036457575223836068
leaf_weight=8.144373713526873 149.19778161495924 159.20746477693319 6.4565267600119141 435.45341586600989 55.859496213495731 36.788855690509081 10.13433864712715 22.875369813293219 5.7592930439859611 42.577376686036587 8.8959013447165471 70.526800496503711 10.01476965472102 8.2539308443665487 42.18539872020483 4.7140593938529491
leaf_count=278 910 1016 39 2760 337 225 68 119 58 257 50 465 193 55 274 44
internal_value=-0.0001024 0.000274375 -0.00229025 -0.000784814 0.00223873 -0.0182596 0.00636378 0.0061644 0.015554 0.00160006 0.00668422 0.0210725 -0.0141171 -0.0274268 -0.00854135 -0.0283465
internal_weight=1077.05 1068.9 744.33 682.696 491.313 61.6337 16.5909 324.571 103.876 220.696 168.103 93.4022 52.5921 45.0428 191.383 10.4734
internal_count=7148 6870 4668 4281 3097 387 107 2202 686 1516 1066 584 450 280 1184 102
is_linear=0
shrinkage=0.05


Tree=101
num_leaves=19
num_cat=0
split_feature=25 23 15 2 0 2 5 7 18 11 11 0 1 17 22 19 2 28
split_gain=6.75472 9.50311 7.04914 7.1226 9.53114 9.50528 8.59096 4.40373 3.51207 3.895 4.35517 3.4274 2.87752 2.40844 2.35229 2.13221 1.61346 0.197443
threshold=11.500000000000002 3.5000000000000004 6.5000000000000009 1.5000000000000002 5548.0850000000009 4.5000000000000009 1.0000000180025095e-35 3.5000000000000004 390460.82000000007 724.50000000000011 1016.5000000000001 519.25000000000011 3.5000000000000004 2253.3200000000002 5.5000000000000009 0.030900000000000004 7.5000000000000009 4.5000000000000009
decision_type=2 2 2 2 2 2 2 2 2 2 2 2 2 2 2 2 2 2
left_child=2 8 3 4 12 7 -7 -5 9 14 -11 -4 -1 -6 -2 -3 -13 -18
right_child=1 15 11 5 13 6 -8 -9 -10 10 -12 16 -14 -15 -16 -17 17 -19
leaf_value=0.048830426205916655 0.038258150489200386 0.00058024289171313326 -0.016253831686537063 -0.026506105521857604 -0.03656607871430901 -0.021903542901445042 0.00024289682528957267 -0.0065317866332190531 0.051982270184254581 -0.021314842950408034 0.013978879722787566 0 0.014640464831929484 0.0026039635152159454 0.0041756441983020996 -0.031796763288533904 0.0073297795944202828 0.041312027845731465
leaf_weight=13.322721615433695 19.886391339823607 7.5907593294978168 2.7223108336329487 54.134712708648294 5.5590931763872486 44.433552956208587 755.66427863296121 61.085277004167438 6.3757799267768851 9.4607275202870351 34.13431403785944 3.0932171642780331 16.404533950611949 6.7564364746212959 8.1862282138317806 10.190549045801161 2.2226496879011419 13.865331991575657
leaf_count=90 148 40 19 346 43 275 4823 343 49 69 283 24 89 37 84 62 21 303
internal_value=-0.000108697 0.0124103 -0.00136672 -0.00204192 0.0175752 -0.00299024 -0.00102609 -0.0162939 0.0199403 0.0156202 0.00550134 0.0254281 0.0323906 -0.0170168 0.0295906 -0.0188084 0.0327922 0.0384996
internal_weight=1075.09 95.8247 979.264 957.361 42.0428 915.318 800.098 115.22 78.0434 71.6677 43.595 21.9035 29.7273 12.3155 28.0726 17.7813 19.1812 16.088
internal_count=7148 735 6413 6046 259 5787 5098 689 633 584 352 367 179 80 232 102 348 324
is_linear=0
shrinkage=0.05


Tree=102
num_leaves=21
num_cat=0
split_feature=4 7 9 13 8 12 1 0 22 3 8 0 0 14 0 7 1 29 11 18
split_gain=6.68148 9.5555 19.8589 16.0579 14.8878 14.9261 11.4219 9.4925 8.01604 6.97096 6.56241 7.9764 6.35883 3.43855 2.96122 2.21046 3.38644 1.37103 0.966597 0.855941
threshold=1.0000000180025095e-35 4.5000000000000009 0.38740000000000002 1.0000000180025095e-35 0.25070000000000009 1.0000000180025095e-35 1.5000000000000002 699.05000000000007 2.5000000000000004 1.5000000000000002 0.16005000000000003 2218.4550000000004 2371.0350000000003 0.12495000000000002 46069.850000000006 3.5000000000000004 8.5000000000000018 2.5000000000000004 704.50000000000011 28127.845000000005
decision_type=2 2 2 2 2 2 2 2 2 2 2 2 2 2 2 2 2 2 2 2
left_child=1 3 6 15 7 -6 9 -5 -8 -3 13 -12 -4 -2 19 16 -1 -17 -14 -13
right_child=10 2 12 4 5 -7 8 -9 -10 -11 11 14 18 -15 -16 17 -18 -19 -20 -21
leaf_value=-0.018448664480054815 -0.033930430625829462 0.043520104727303222 -0.012090745781079878 -0.044956796680483607 0.019394295682307536 -0.028788703717887922 0.00080698491448564016 -0.0067312265978506777 -0.013957426390111057 0.0032544147561395739 -0.0095835143731825001 0.064828907506140246 0.025223905235936331 0.0094473804778847457 0.012346496884595347 -0.019223709227452954 -0.041846572169507254 0.0090147605200107585 0.049866541834984041 0.027011647511130402
leaf_weight=43.937326302751899 6.0413436815142623 21.103228304535151 5.3413549680262795 18.858479095622897 94.949218492954969 17.287930473219603 523.25741409044713 82.440637351945043 109.2399891000241 21.841457899659872 9.3617436215281469 9.7671347707510048 17.152247601188719 8.5548922233283502 9.1342380121350271 6.4286573287099582 32.049761729314923 6.5145450755953789 21.30439529940486 8.6519723180681449
leaf_count=265 33 180 37 118 540 203 3187 530 709 151 46 71 366 59 78 38 212 44 216 65
internal_value=-9.48509e-05 -0.00100421 0.00212237 -0.0084369 -0.000886775 0.011511 -2.31817e-05 -0.014677 -0.00176321 0.0243198 0.0171185 0.0279881 0.0339849 -0.00982935 0.0408768 -0.0260378 -0.0292657 -0.00503731 0.040913 0.0519405
internal_weight=1073.22 1021.71 719.24 302.467 213.536 112.237 675.442 101.299 632.497 42.9447 51.5113 36.9151 43.798 14.5962 27.5533 88.9303 75.9871 12.9432 38.4566 18.4191
internal_count=7148 6796 4846 1950 1391 743 4227 648 3896 331 352 260 619 92 214 559 477 82 582 136
is_linear=0
shrinkage=0.05


Tree=103
num_leaves=14
num_cat=0
split_feature=25 24 23 18 0 17 18 25 25 21 20 23 0
split_gain=6.40321 6.25052 6.76359 8.93486 9.19055 8.06072 13.2895 8.03674 6.37628 2.2563 2.33116 1.63179 1.62409
threshold=1.0000000180025095e-35 49.500000000000007 1.5000000000000002 8437.1100000000024 13826.700000000003 192349.80500000002 1102884.3200000003 17.500000000000004 1.5000000000000002 54766.000000000007 -0.59214999999999984 3.5000000000000004 15247.860000000002
decision_type=2 2 2 2 2 2 2 2 2 2 2 2 2
left_child=-1 2 3 8 -5 7 -7 -4 -2 10 -3 -12 -11
right_child=1 9 5 4 -6 6 -8 -9 -10 12 11 -13 -14
leaf_value=-0.040362149873402919 0.0044753707868559461 -0.0066851409914724536 -0.0043128201226417485 0.017790151582485005 0.00032561968378185598 -0.028500727227653011 0.036575973831637014 0.032108223268353761 -0.0092311617121607053 -0.012819618832867778 0.030474924644310571 0 0.014958238515475317
leaf_weight=7.7816481860354534 150.45257454644889 4.8237068466842166 279.14820659346879 142.62216835189611 159.87189412023872 63.48748947493732 7.0502275042235842 13.978847336024044 188.18837932683527 8.9630399942398089 30.869799826294184 5.0022934004664412 8.0941198766231519
leaf_count=278 967 39 1676 875 1241 397 50 113 1106 45 283 29 49
internal_value=-8.56983e-05 0.000275149 -0.00064832 0.00242901 0.00865553 -0.00608456 -0.0210293 -0.00233625 -0.0031217 0.0159932 0.0221378 0.026426 2.35218e-05
internal_weight=1070.33 1062.55 1004.8 641.135 302.494 363.665 70.5377 293.127 338.641 57.753 40.6958 35.8721 17.0572
internal_count=7148 6870 6425 4189 2116 2236 447 1789 2073 445 351 312 94
is_linear=0
shrinkage=0.05


Tree=104
num_leaves=22
num_cat=0
split_feature=3 0 3 2 3 3 0 0 3 20 29 21 2 10 6 2 24 10 19 7 19
split_gain=6.19865 11.5552 8.12129 6.98766 18.3042 12.1799 5.79507 10.2638 5.41688 4.86071 3.82885 4.8589 3.64802 2.95057 2.68716 3.68967 3.62121 1.95641 1.39304 1.23815 0.143049
threshold=3.5000000000000004 844344.15000000014 1.5000000000000002 24.500000000000004 1.0000000180025095e-35 1.0000000180025095e-35 134509.42500000002 76868.49500000001 4.5000000000000009 0.86025000000000007 5.5000000000000009 17170.500000000004 23.500000000000004 800.50000000000011 6.5000000000000009 18.500000000000004 27.500000000000004 126.50000000000001 0.066650000000000015 1.5000000000000002 4.1957000000000013
decision_type=2 2 2 2 2 2 2 2 2 2 2 2 2 2 2 2 2 2 2 2 2
left_child=1 2 3 4 -1 -5 7 -4 9 10 11 -2 -8 -12 15 16 -10 -11 -17 -19 -3
right_child=8 20 6 5 -6 -7 12 -9 14 17 13 -13 -14 -15 -16 18 -18 19 -20 -21 -22
leaf_value=-0.0086113165476485055 0.010187859572814461 -0.016977164212185102 -0.005609194552271689 0.03019539745048927 0.023780555995559585 -0.021847210639520147 -0.031471515111744196 0.024626587452271361 -0.0093662902203097941 0.0040622904660052471 0.029773382426495101 -0.0074984627709104483 -0.00034328321085757624 -0.01002163797013886 0.013699693106717406 -0.044150425934827375 0.024250862324352349 0.0053712084755170586 -0.012446590010317934 0.040074908049861836 -0.053969068218524777
leaf_weight=147.83277824241668 100.91487615928054 3.7822292298078528 421.57642915472388 51.391490845009685 59.492814945988357 12.455380911007522 30.46474311966449 28.001614949665964 31.263222181238234 8.2776051647961157 23.809992564842108 59.990149369463325 14.241923492401837 4.227993953973054 12.304725637659429 6.6850523147732046 8.5194855183362943 4.5083967242389944 11.845013204962013 18.74038178473711 8.3818879304453713
leaf_count=871 875 40 2589 310 400 65 244 173 186 66 238 384 97 37 72 41 55 43 66 216 80
internal_value=-7.75951e-05 -0.00241707 -0.00157133 0.00533891 0.000774276 0.0195357 -0.00538879 -0.00360311 0.0061119 0.00996796 0.00670193 0.00352139 -0.0222086 0.0231719 -0.00573206 -0.0103165 -0.00111162 0.027676 -0.0275582 0.0346998 -0.0471944
internal_weight=1068.71 777.621 765.457 271.172 207.326 63.8469 494.285 449.578 291.087 220.469 188.943 160.905 44.7067 28.038 70.6175 58.3128 39.7827 31.5264 18.5301 23.2488 12.1641
internal_count=7148 4869 4749 1646 1271 375 3103 2762 2279 1859 1534 1259 341 275 420 348 241 325 107 259 120
is_linear=0
shrinkage=0.05


Tree=105
num_leaves=22
num_cat=0
split_feature=24 8 13 7 9 10 22 23 2 1 0 29 11 9 17 11 0 19 0 10 9
split_gain=6.20181 6.1324 18.0368 10.1388 14.9028 7.20197 6.40539 5.95262 5.2671 5.7733 5.02947 4.86087 4.64924 4.38058 2.87469 2.35158 1.6866 1.60697 1.57084 1.1779 0.184618
threshold=11.500000000000002 0.50385000000000013 1.0000000180025095e-35 3.5000000000000004 0.46455000000000007 80.500000000000014 2.5000000000000004 2.5000000000000004 16.500000000000004 6.5000000000000009 126.47000000000001 1.5000000000000002 396.50000000000006 0.27915000000000006 258.50000000000006 1181.5000000000002 3900.8500000000008 0.7027000000000001 1359.9250000000004 632.50000000000011 0.012250000000000002
decision_type=2 2 2 2 2 2 2 2 2 2 2 2 2 2 2 2 2 2 2 2 2
left_child=7 3 15 8 6 20 -5 10 18 -10 14 12 -12 -13 -1 -3 -6 -7 -2 -9 -4
right_child=1 2 5 4 16 17 -8 19 9 -11 11 13 -14 -15 -16 -17 -18 -19 -20 -21 -22
leaf_value=-0.043631911408114663 -0.0089125420796474352 -0.032616576713882052 -0.012869816292490528 0.0064127857265310305 0.0080168709434486098 0.054501036096881075 -0.0086859853424555346 -0.035821345936405145 0.0039819024369003343 -0.022270906332993438 0.0064315591834694791 -2.1470591589211723e-05 -0.015415843444692559 0.022751810149130233 -0.0064530276507047211 0.0010299877962308213 0.047444619044798825 0.019553444072105117 -0.043596691268650886 -0.0072116935971261609 0
leaf_weight=9.4611994372680801 6.7946370802819755 11.156945984810593 3.3889427022077134 285.58093447890133 4.8786075310781625 23.368634536862377 90.640631271526217 15.106604259461166 52.759702235460281 31.728224952705204 30.555469711311162 313.12791667878628 94.595661175902933 20.576858833432198 12.417766185477374 7.462959684431552 20.089118991047144 8.5516470093280059 13.028234423138199 7.3202466294169417 3.1090271379798651
leaf_count=60 43 75 40 1766 43 135 605 115 348 206 203 1977 606 208 69 46 379 59 78 47 40
internal_value=-7.57733e-05 0.0035162 0.0187849 0.0017064 0.00533912 0.037815 0.002722 -0.00410944 -0.0120089 -0.00604836 -0.00285029 -0.00165523 -0.00998592 0.00148016 -0.0252571 -0.019854 0.0412773 0.0471381 -0.0340727 -0.0282475 -0.00712196
internal_weight=1065.7 562.538 57.0382 505.5 401.189 38.4183 376.222 503.162 104.311 84.4879 480.735 458.856 125.151 333.705 21.879 18.6199 24.9677 31.9203 19.8229 22.4269 6.49797
internal_count=7148 3863 395 3468 2793 274 2371 3285 675 554 3123 2994 809 2185 129 121 422 194 121 162 80
is_linear=0
shrinkage=0.05


Tree=106
num_leaves=19
num_cat=0
split_feature=21 25 25 23 12 28 17 1 24 23 0 19 18 13 11 17 24 8
split_gain=6.14196 6.61372 8.017 8.05542 6.82075 5.98619 5.82196 6.095 5.83391 5.83897 4.30615 3.83617 5.47394 7.81244 3.5163 3.10392 2.74287 6.99752
threshold=16464.500000000004 1.5000000000000002 18.500000000000004 1.5000000000000002 1.0000000180025095e-35 16.500000000000004 2117255.1900000004 1.0000000180025095e-35 50.500000000000007 4.5000000000000009 6929.6650000000009 0.060750000000000005 319.29500000000002 1.0000000180025095e-35 708.50000000000011 103410.63500000002 7.5000000000000009 0.021850000000000005
decision_type=2 2 2 2 2 2 2 2 2 2 2 2 2 2 2 2 2 2
left_child=6 11 3 4 -3 -5 7 10 9 -9 -1 16 14 -14 -13 -10 -2 -18
right_child=1 2 -4 5 -6 -7 -8 8 15 -11 -12 12 13 -15 -16 -17 17 -19
leaf_value=0.039568561424961082 -0.0027593293518099302 -0.00086396469811316769 0.035435944733999324 -0.012900589553187855 -0.036131195815194486 -0.039652158911450103 0.041349006575908231 0.0011142456416508737 0.035303930674973859 -0.030694197994649643 -0.0069410794080034116 0.0011127857667035024 -0.02235818361260497 0.0073357958524912937 0.045591600902491092 0.00031789407254525544 0.047339274729190535 -0.0080065590591243442
leaf_weight=15.923187943175437 8.8469982240349072 168.14304569549859 7.8694043345749369 75.413301400840282 13.010087080299853 30.178619645535946 7.7982733696699134 566.17175073828548 16.859849121421579 12.797372017055748 5.6866964120417824 9.4325100472196954 36.968722423538566 49.025636821985245 7.5115661788731805 10.485396929085253 14.01885172724724 7.651963520795106
leaf_count=144 55 926 49 482 139 182 61 3830 187 75 39 105 256 361 45 80 82 50
internal_value=-7.88405e-05 -0.00470551 -0.00888098 -0.0103689 -0.00381828 -0.0212342 0.00302588 0.0024043 0.00141158 0.000290703 0.0273547 0.00443335 -0.000196179 -0.00553395 0.0240904 0.0231655 0.0194082 0.0283489
internal_weight=1063.79 428.071 294.614 286.745 181.153 105.592 635.723 627.924 606.314 578.969 21.6099 133.456 102.938 85.9944 16.9441 27.3452 30.5178 21.6708
internal_count=7148 2732 1778 1729 1065 664 4416 4355 4172 3905 183 954 767 617 150 267 187 132
is_linear=0
shrinkage=0.05


Tree=107
num_leaves=21
num_cat=0
split_feature=4 7 9 13 8 1 2 0 0 24 8 0 27 9 28 2 29 0 27 20
split_gain=6.10123 7.97412 16.6108 14.1869 13.3605 9.66599 9.92554 9.26017 8.18398 7.20081 6.10814 5.91641 3.30983 2.35277 2.1137 2.32107 1.72649 1.13821 1.09583 0.173319
threshold=1.0000000180025095e-35 4.5000000000000009 0.38740000000000002 1.0000000180025095e-35 0.15760000000000005 1.5000000000000002 19.500000000000004 300677.21000000002 910.90000000000009 42.500000000000007 0.50385000000000013 2371.0350000000003 2.5000000000000004 0.0087500000000000026 16.500000000000004 21.500000000000004 4.5000000000000009 7289.2800000000016 4.5000000000000009 -0.35104999999999992
decision_type=2 2 2 2 2 2 2 2 2 2 2 2 2 2 2 2 2 2 2 2
left_child=1 3 5 14 8 6 -3 -6 -5 -7 12 -4 -2 -14 15 -1 -15 -13 -16 -12
right_child=10 2 11 4 7 9 -8 -9 -10 -11 19 17 13 16 18 -17 -18 -19 -20 -21
leaf_value=-0.013654092446497039 0.027411486810923053 0.033342243048398536 -0.012519442728766648 -0.053847207058036611 0.010329220925364655 -0.003234984108043007 -0.026912319834792781 -0.036779765012710193 -0.009589880708121017 0.015804686317732287 0.017932339893597098 0.01896726278248588 0.012291328378682548 -0.026624342701231984 -0.017508187854665153 -0.043644071807777601 0.0034377325169160154 0.045648724269836502 -0.046953584077708416 0.049084322541585623
leaf_weight=55.96531570609659 9.2816181909292919 35.005116295069456 5.2795677315443745 12.476787487044929 144.45624365983531 576.85915092239156 6.6128088217228642 9.2096382072195393 45.195444537326694 52.230904467403889 5.320544119924306 11.671228131279348 10.482207618653776 10.382370924577119 10.086760353296997 6.6987341791391364 6.2389365546405307 24.756338074803352 14.463722148910163 9.1856302805244905
leaf_count=354 66 287 37 82 905 3565 44 104 300 331 39 125 66 69 65 42 38 457 98 74
internal_value=-6.548e-05 -0.000939116 0.0019262 -0.00777701 -0.000663933 -5.13567e-06 0.0227439 0.00700533 -0.0208159 -0.00159327 0.0164797 0.0317926 0.00446318 -0.00439556 -0.0245 -0.0182654 -0.015646 0.0387924 -0.0374625 0.0418215
internal_weight=1061.86 1010.97 712.415 298.553 211.338 670.708 41.6179 153.666 57.6722 629.09 50.8913 41.7071 36.3851 27.1035 87.2145 62.664 16.6213 36.4276 24.5505 14.5062
internal_count=7148 6796 4846 1950 1391 4227 331 1009 382 3896 352 619 239 173 559 396 107 582 163 113
is_linear=0
shrinkage=0.05


Tree=108
num_leaves=25
num_cat=0
split_feature=10 11 24 0 2 2 9 18 7 9 29 18 19 27 28 20 11 0 3 10 19 0 9 25
split_gain=6.21891 13.1415 5.9982 7.87244 10.7808 9.72841 6.43107 8.66608 7.30104 6.05676 5.98799 5.96719 7.1549 7.05711 4.679 5.23497 6.85583 4.24871 3.89567 3.00727 2.02473 2.01075 1.92131 0.554186
threshold=31.500000000000004 3.5000000000000004 13.500000000000002 17687.470000000005 5.5000000000000009 1.5000000000000002 0.084200000000000011 4721.4500000000016 3.5000000000000004 0.012250000000000002 4.5000000000000009 156529.45000000004 0.19425000000000001 5.5000000000000009 4.5000000000000009 -0.33614999999999995 652.50000000000011 56049.605000000003 3.5000000000000004 1.0000000180025095e-35 0.032750000000000008 3003.4500000000003 0.058350000000000006 1.5000000000000002
decision_type=2 2 2 2 2 2 2 2 2 2 2 2 2 2 2 2 2 2 2 2 2 2 2 2
left_child=1 23 3 5 17 20 11 21 -9 -7 -6 13 -13 -4 19 18 -17 -5 -16 22 -2 -8 -3 -1
right_child=2 14 6 4 10 9 7 8 -10 -11 -12 12 -14 -15 15 16 -18 -19 -20 -21 -22 -23 -24 -25
leaf_value=0.045073810512176751 0.0059435193297271635 -0.042490937602775732 0.0041278362912668216 0 0.0038303879273790574 -0.0043854079568610383 -0.042255839088243236 -0.012974190461864108 0.012895906664584296 -0.019304694365610844 0.025177927204857089 0.0064388447185032673 -0.026253313220402516 0.020948983991167208 -0.041321157097811007 -0.024004709193512219 0.022460601069155154 -0.041828591297023723 0.0036598789818302092 0.0032749231156928267 0.03999050349478013 -0.010148000946586765 0 0.00080825970520439615
leaf_weight=7.1495906691998226 9.6032008249312657 26.036665836814795 127.45905350148678 11.181686202064158 103.53404352255166 210.45537014305592 13.116015908308329 44.471777722239494 63.719246921129525 101.61075830925256 47.794848999008536 54.751141602173448 21.654861647635698 125.970075475052 12.838610634207727 10.759256301447751 18.850330515764654 12.584826649166642 6.1028979793190947 4.2063282104209057 9.5957770943641645 11.085814140737055 3.2395294262096277 1.3543548639863727
leaf_count=261 57 333 784 62 703 1214 78 282 519 601 324 300 143 796 123 93 144 79 38 31 56 69 44 14
internal_value=-6.7083e-05 -0.0124607 0.00110438 -0.00263742 0.00586368 -0.00716905 0.00521869 -0.00399544 0.00212881 -0.00936706 0.0108784 0.00894909 -0.0031325 0.0126267 -0.0188996 -0.00813957 0.00480958 -0.0240443 -0.0273855 -0.0328821 0.0255996 -0.0298275 -0.038274 0.0404722
internal_weight=1059.13 90.5376 968.588 506.361 175.095 331.265 462.228 132.393 108.191 312.066 151.329 329.835 76.406 253.429 82.0336 48.5511 29.6096 23.7665 18.9415 33.4825 19.199 24.2018 29.2762 8.50395
internal_count=7148 1081 6067 3096 1168 1928 2971 948 801 1815 1027 2023 443 1580 806 398 237 141 161 408 113 147 377 275
is_linear=0
shrinkage=0.05


Tree=109
num_leaves=24
num_cat=0
split_feature=10 11 8 13 7 2 0 1 24 20 2 1 28 2 0 0 2 24 20 3 28 19 17
split_gain=5.70664 12.3171 9.49487 21.3607 9.33763 8.7042 8.2571 7.48717 5.42166 4.86536 4.80476 5.24278 4.3842 4.93832 4.15902 2.91447 2.84411 2.52934 2.17672 1.98966 1.36514 0.534919 0.43012
threshold=31.500000000000004 3.5000000000000004 0.46565000000000006 1.0000000180025095e-35 4.5000000000000009 16.500000000000004 1470.1300000000003 1.0000000180025095e-35 41.500000000000007 -0.63154999999999994 16.500000000000004 4.5000000000000009 4.5000000000000009 24.500000000000004 2058.5500000000006 22095.900000000005 20.500000000000004 26.500000000000004 -0.26984999999999992 3.5000000000000004 1.5000000000000002 1.4807500000000002 9542.2485294117669
decision_type=2 2 2 2 2 2 2 2 2 2 2 2 2 2 2 2 2 2 2 2 2 2 2
left_child=1 21 4 17 5 9 -7 16 -9 -2 11 -5 15 18 -12 -3 -6 22 -14 -15 -17 -1 -4
right_child=2 12 3 10 7 6 -8 8 -10 -11 14 -13 13 19 -16 20 -18 -19 -20 -21 -22 -23 -24
leaf_value=0.044346569870345749 0.0063406521070501686 0.0013291311092247791 -0.018127438736457929 -0.017585554877881941 0.035432714207942154 -0.021645469672476905 0.0019179988655285728 -0.00024354116574520782 0.0155220562669839 -0.037104841596368433 0.012986021733881742 0.032187708607126712 -0.02899757514699999 -0.0016000371812589791 0.044358438082066715 -0.016526190340327464 -0.0039265968896502624 -0.0010048614195739504 -0.0042267851892206594 0.035875929110026086 -0.046627781206089944 0.00069725222525010924 -0.047734834996771905
leaf_weight=6.9489266546443087 6.7414762154221526 4.8983637914061537 8.0558125190436858 10.019841454923155 20.714369695633653 49.03535502590239 133.72418279014528 561.46209829300642 58.265460139140487 34.094051461666822 18.512777648866177 7.3877155371010295 16.824178460054096 5.5143013475462777 39.22060783021152 10.12234717840329 4.7334093339741221 8.4427541866898519 20.414977305568758 5.4699193313717842 17.76687702909112 1.3461998887360094 6.5366524681448928
leaf_count=223 39 41 53 52 178 289 864 3450 400 214 101 42 147 44 258 140 36 51 168 39 227 52 40
internal_value=-7.04093e-05 -0.0120287 0.00104628 0.0156263 -0.00062197 -0.0093894 -0.00451595 0.00242069 0.00126779 -0.0297379 0.0284629 0.00416299 -0.0182805 -0.00785753 0.0352376 -0.0319899 0.0279947 -0.0247761 -0.0165803 0.0189435 -0.0378739 0.0397457 -0.0361478
internal_weight=1056.25 89.3061 966.947 98.1762 868.77 223.595 182.76 645.175 619.728 40.8355 75.1409 17.4076 81.011 48.2234 57.7334 32.7876 25.4478 23.0352 37.2392 10.9842 27.8892 8.29513 14.5925
internal_count=7148 1081 6067 597 5470 1406 1153 4064 3850 253 453 94 806 398 359 408 214 144 315 83 367 275 93
is_linear=0
shrinkage=0.05


Tree=110
num_leaves=15
num_cat=0
split_feature=25 21 25 2 28 22 16 9 18 2 20 18 0 0
split_gain=6.03233 5.44437 7.38827 7.56984 8.15992 6.17482 22.4154 10.6326 7.60166 7.87621 4.30611 4.51906 4.09311 2.01213
threshold=1.0000000180025095e-35 16464.500000000004 1.5000000000000002 6.5000000000000009 16.500000000000004 1.5000000000000002 3.5000000000000004 0.084200000000000011 1262602.5250000001 16.500000000000004 -0.86634999999999984 51614.535000000011 393.14500000000004 105757.33500000001
decision_type=2 2 2 2 2 2 2 2 2 2 2 2 2 2
left_child=-1 5 10 12 -5 6 7 -2 9 -7 -3 -12 -4 -8
right_child=1 2 3 4 -6 8 13 -9 -10 -11 11 -13 -14 -15
leaf_value=-0.0398983437575662 0.0071405569742282616 -0.027639612691414423 0.0027909025235639054 0.0016950200082472906 -0.018380257550364307 -0.014705172706836118 0.046869415192711247 -0.017817760392195944 0.040376333827023214 0.0027438731994836514 0.00036525977287177222 0.020122685888258961 -0.030692807915102528 0.0026776905428795932
leaf_weight=7.4254458420909932 262.45052609220147 6.946615830063819 10.195905845612286 164.3877111915499 70.49691797606647 102.12004911340773 33.762373527511954 48.785370949655771 8.0402467958629114 167.61078029870987 74.909054771065712 46.365739170461893 46.515108371153474 3.5694551151245824
leaf_count=278 1545 39 62 1016 415 635 427 299 68 1280 496 274 285 29
internal_value=-6.94559e-05 0.000279294 -0.00410474 -0.00849982 -0.00439236 0.00323741 0.00765763 0.0031077 -0.00228874 -0.00388514 0.00579059 0.00820395 -0.0246125 0.0432493
internal_weight=1053.58 1046.16 419.817 291.596 234.885 626.339 348.568 311.236 277.771 269.731 128.221 121.275 56.711 37.3318
internal_count=7148 6870 2587 1778 1431 4283 2300 1844 1983 1915 809 770 347 456
is_linear=0
shrinkage=0.05


Tree=111
num_leaves=14
num_cat=0
split_feature=25 4 23 16 22 25 21 8 0 2 10 25 14
split_gain=5.73801 5.42492 6.30461 12.78 12.5267 9.96758 6.27457 5.7244 7.03641 5.28699 5.05639 4.69386 3.14226
threshold=1.0000000180025095e-35 1.0000000180025095e-35 2.5000000000000004 4.5000000000000009 1.5000000000000002 3.5000000000000004 1824.0000000000002 0.16005000000000003 2218.4550000000004 24.500000000000004 758.50000000000011 15.500000000000002 0.12495000000000002
decision_type=2 2 2 2 2 2 2 2 2 2 2 2 2
left_child=-1 2 3 9 -5 6 -4 12 -9 -2 -10 -7 -3
right_child=1 7 5 4 -6 11 -8 8 10 -11 -12 -13 -14
leaf_value=-0.039483735724895996 -0.0039254262879246981 -0.032359880439355969 0.04213848475391422 0.048435765034887057 0.007894508224474614 -0.022570134770823584 -0.0014097568055012782 -0.0090283080070407504 0.048948780071660883 0.0060487775366504723 -0.0019699961371096937 0.0065146685592564549 0.009267180352270598
leaf_weight=7.1560921398922792 553.03396361321211 5.9939737617969504 9.7073557600378972 21.713539468124509 108.40042849257588 88.06880678422749 26.391292810440063 9.2603230103850347 21.174812156707052 172.21839880011976 5.5137757621705523 14.884095095098017 8.4187896735966188
leaf_count=278 3354 33 52 354 897 538 167 46 177 1065 37 92 58
internal_value=-6.65073e-05 0.000268846 -0.000546318 0.0010558 0.0153666 -0.0103477 0.0116357 0.0159617 0.0262963 -0.00153308 0.0386766 -0.018226 -0.00926908
internal_weight=1051.94 1044.78 994.418 855.366 130.114 139.052 36.0986 50.3617 35.9489 725.252 26.6886 102.953 14.4128
internal_count=7148 6870 6519 5670 1251 849 219 351 260 4419 214 630 91
is_linear=0
shrinkage=0.05


Tree=112
num_leaves=20
num_cat=0
split_feature=25 23 15 5 24 10 0 8 20 10 10 28 2 28 0 0 19 11 20
split_gain=5.56229 7.77681 5.68583 5.97267 7.85131 5.46869 11.6737 7.75807 4.28615 4.64451 3.6798 2.80447 2.6575 2.59958 2.44181 2.15358 2.02988 1.61035 1.19573
threshold=11.500000000000002 3.5000000000000004 6.5000000000000009 1.0000000180025095e-35 29.500000000000004 1.0000000180025095e-35 21377.410000000003 0.50385000000000013 -0.44464999999999993 678.50000000000011 762.50000000000011 13.500000000000002 8.5000000000000018 13.500000000000002 624.30000000000007 134509.42500000002 0.030900000000000004 848.50000000000011 -0.26694999999999997
decision_type=2 2 2 2 2 2 2 2 2 2 2 2 2 2 2 2 2 2 2
left_child=2 8 3 4 12 6 -5 -7 13 11 14 -10 -1 17 -4 -16 -3 -2 -11
right_child=1 16 10 5 -6 7 -8 -9 9 18 -12 -13 -14 -15 15 -17 -18 -19 -20
leaf_value=0 0.029594099225435294 0.0017618347334595675 -0.0081585494187718984 0.010993609124523906 0.023924966270811282 -0.0014061941786015089 -0.03667418731560057 0.015017040382413308 0.013058955865592928 0.0096913508885149852 -0.015681979242472239 -0.012528658212724123 -0.032178989533088793 0.052171561264891343 0.046041321593618387 -0.0027370511744188902 -0.030077337745358004 -0.0042916699765815245 0.043533629738849111
leaf_weight=7.8583914116024962 4.8848102185875195 7.3586548827588585 2.0861895978450837 20.59829112328589 7.4649472497403613 760.44176057912409 28.269888219889253 77.383716389536858 19.642701148986816 6.6822750940918914 3.332589389756321 19.161623266525567 34.932493593543768 11.173009147867559 12.917765640653668 1.9665410257875908 9.8046595565974695 5.3864549417048693 8.1983504481613618
leaf_count=56 39 40 14 202 49 4677 382 467 172 53 29 164 213 92 304 20 62 42 71
internal_value=-5.66665e-05 0.0115212 -0.00120505 -0.00180517 -0.0182418 -0.000823365 -0.016743 0.000130941 0.0184745 0.00997789 0.0237193 0.00018391 -0.026561 0.0366531 0.0328215 0.0394436 -0.0171455 0.0132056 0.0318776
internal_weight=1049.55 92.2925 957.253 936.949 50.2558 886.694 48.8682 837.825 75.1292 53.6849 20.3031 38.8043 42.7909 21.4443 16.9705 14.8843 17.1633 10.2713 14.8806
internal_count=7148 735 6413 6046 318 5728 584 5144 633 460 367 336 269 173 338 324 102 81 124
is_linear=0
shrinkage=0.05


Tree=113
num_leaves=13
num_cat=0
split_feature=25 3 0 3 10 0 3 20 21 6 10 10
split_gain=5.4478 5.19258 10.605 7.04106 6.03482 5.14516 4.78142 4.67325 3.64222 2.61358 2.76607 1.56558
threshold=1.0000000180025095e-35 3.5000000000000004 844344.15000000014 1.5000000000000002 1.0000000180025095e-35 96.415000000000006 4.5000000000000009 0.86025000000000007 461755.00000000006 6.5000000000000009 803.50000000000011 126.50000000000001
decision_type=2 2 2 2 2 2 2 2 2 2 2 2
left_child=-1 2 3 4 -2 -5 7 8 -3 10 -8 -9
right_child=1 6 -4 5 -6 -7 9 11 -10 -11 -12 -13
leaf_value=-0.039042977743008141 -0.027379550677680484 0.0079802885638972521 -0.045966747884306942 -0.026850274244272589 0.0071514787651723311 -0.0034213236339841607 -0.014944317425061622 0.0052968973050413785 -0.025446579296511913 0.014116071393028926 0.011789289132424392 0.033931801259240862
leaf_weight=6.8824552083387962 11.266442174091933 177.36600727401674 11.405796783044932 22.963519115000963 253.32334330305457 458.98979655187577 46.821529859676957 8.08796000108123 6.492254562675952 12.027530921623109 10.05593817681074 22.259865985251963
leaf_count=278 124 1469 114 129 1450 2824 275 65 35 70 57 258
internal_value=-4.31749e-05 0.000279434 -0.00186984 -0.00106175 0.00544923 -0.00466465 0.00604133 0.00972179 0.00648502 -0.00521063 -0.00980806 0.0274088
internal_weight=1047.94 1041.06 757.949 746.543 264.59 481.953 283.111 214.206 183.858 68.905 56.8775 30.3478
internal_count=7148 6870 4641 4527 1574 2953 2229 1827 1504 402 332 323
is_linear=0
shrinkage=0.05


Tree=114
num_leaves=14
num_cat=0
split_feature=25 10 11 28 3 0 9 13 7 0 0 20 25
split_gain=5.18125 4.87248 10.5722 5.18756 6.43613 4.99801 4.58966 4.9463 4.66031 4.04515 2.70957 2.68334 0.577046
threshold=1.0000000180025095e-35 40.500000000000007 3.5000000000000004 4.5000000000000009 3.5000000000000004 96.415000000000006 0.74660000000000004 1.0000000180025095e-35 1.5000000000000002 22.720000000000002 22095.900000000005 -0.47064999999999996 2.5000000000000004
decision_type=2 2 2 2 2 2 2 2 2 2 2 2 2
left_child=-1 2 12 10 -5 9 7 -7 -8 -3 -4 -11 -2
right_child=1 5 3 4 -6 6 8 -9 -10 11 -12 -13 -14
leaf_value=-0.038626279268598927 0.043661538372417874 0.010767074139911442 0 -0.01793816578082141 0.016882562551230034 -0.0015985198011711551 -0.013446667812083982 0.005909506259767737 0.041414418656632611 -0.0073140791918243804 -0.037449332931778719 -0.037612580258535415 0
leaf_weight=6.6366889369674018 6.5604328820481888 9.715099932625888 5.3025856390595463 35.817411886528134 18.349522558972239 504.95750837959349 3.9153186008334133 383.18195076659322 11.925525244325399 16.452319756150246 26.473402518779039 15.31659963168204 1.1572399716824291
leaf_count=278 261 53 42 284 143 3038 22 2322 163 91 347 92 12
internal_value=-5.1168e-05 0.000259326 -0.0104839 -0.015841 -0.00578317 0.00135402 0.00215571 0.00163553 0.0273068 -0.0151814 -0.0313325 -0.0235804 0.0391262
internal_weight=1045.76 1039.12 93.6606 85.9429 54.1669 945.464 903.98 888.139 15.8408 41.484 31.776 31.7689 7.71767
internal_count=7148 6870 1089 816 427 5781 5545 5360 185 236 389 183 273
is_linear=0
shrinkage=0.05


Tree=115
num_leaves=25
num_cat=0
split_feature=25 23 21 25 18 18 22 16 0 9 23 27 17 20 19 11 11 0 21 11 20 17 8 11
split_gain=5.02491 7.28654 5.26017 7.94858 6.35548 8.31883 6.32951 15.3173 9.46479 9.11301 7.27152 5.27898 4.85005 3.80721 4.83073 3.68292 3.63465 3.33365 3.32584 2.92685 2.72936 2.41468 1.4046 1.14976
threshold=11.500000000000002 2.5000000000000004 17170.500000000004 1.5000000000000002 130544.03500000002 3742.7300000000005 1.5000000000000002 3.5000000000000004 297.07000000000005 0.14175000000000001 1.5000000000000002 9.5000000000000018 3916.7550000000006 -0.86634999999999984 0.060750000000000005 387.50000000000006 1510.5000000000002 651.68000000000018 24.500000000000004 1773.0000000000002 -0.29934999999999995 34932.364782608704 0.25415000000000004 943.50000000000011
decision_type=2 2 2 2 2 2 2 2 2 2 2 2 2 2 2 2 2 2 2 2 2 2 2 2
left_child=2 12 6 13 5 -5 7 9 21 -1 -10 -6 17 -4 -15 -3 23 -2 -14 -9 -19 -8 -20 -17
right_child=1 15 3 4 11 -7 8 19 10 -11 -12 -13 18 14 -16 16 -18 20 22 -21 -22 -23 -24 -25
leaf_value=0.0057149202112727572 0.028791069745995469 0.019379327361335713 -0.026933862867607756 -0.02111885085470748 -0.0297992234851523 0.0012501979520140871 -0.048762951345426513 0.044356689241946481 0.010562650093867665 -0.021278831862952704 -0.0087391187007311057 0.0045887858595470054 -0.0036986121347424177 0.024430332501731079 0.001072335772288522 -0.011871112045896482 0.0098865601179576323 -0.029314389871237648 0.043731352647212604 0 0.0078195612999795265 -0.011115729123439297 0.007392251269243544 -0.040987248622934201
leaf_weight=278.52846253477037 6.493747008964422 8.1707751601934415 7.0179604133591047 58.26328450255096 56.730396244674921 130.93059523962438 11.801698684692385 26.713072390295569 78.840088004246354 33.119505940936506 120.76993230730295 12.577806454151867 4.4440197804942718 27.239699640311301 96.185617230366915 11.109673965722328 8.1389808394014818 6.8932810947299012 24.80284885130823 4.3023689351975909 9.0840471945702994 9.5233402885496599 4.7400141060352317 7.5675214640796176
leaf_count=1762 55 52 47 360 354 796 59 380 630 204 752 79 65 165 739 63 59 38 257 31 64 55 40 42
internal_value=-5.24076e-05 0.0110033 -0.00114507 -0.00560946 -0.0106707 -0.00573503 0.00192712 0.00618021 -0.00462071 0.00269696 -0.00103673 -0.0234647 0.0218726 0.00435458 0.00661448 -0.00650041 -0.0155306 0.00288158 0.0332931 0.038594 -0.0091242 -0.0347739 0.0390563 -0.0269753
internal_weight=1043.99 91.4449 952.544 388.945 258.502 189.194 563.598 342.663 220.935 311.648 199.61 69.3082 56.458 130.443 123.425 34.987 26.8162 22.4711 33.9869 31.0154 15.9773 21.325 29.5429 18.6772
internal_count=7148 735 6413 2540 1589 1156 3873 2377 1496 1966 1382 433 519 951 904 216 164 157 362 411 102 114 297 105
is_linear=0
shrinkage=0.05


Tree=116
num_leaves=22
num_cat=0
split_feature=4 23 25 16 25 21 29 21 0 20 3 25 21 9 18 14 18 11 10 11 10
split_gain=4.98507 5.10804 11.0493 10.9967 8.8797 5.85888 5.43381 5.9278 4.94181 4.59705 4.34246 4.33002 3.92098 3.76959 3.99677 3.63313 3.31765 2.93353 2.85255 0.985032 0.430607
threshold=1.0000000180025095e-35 2.5000000000000004 8.5000000000000018 2.5000000000000004 3.5000000000000004 1824.0000000000002 5.5000000000000009 17170.500000000004 1886.9800000000002 -0.51084999999999992 1.0000000180025095e-35 16.500000000000004 12.500000000000002 0.0026500000000000004 28127.845000000005 0.27715000000000006 123940.07500000001 1249.5000000000002 861.50000000000011 1061.5000000000002 620.50000000000011
decision_type=2 2 2 2 2 2 2 2 2 2 2 2 2 2 2 2 2 2 2 2 2
left_child=1 2 6 10 5 -3 7 -1 -2 -7 -4 12 -6 20 19 -5 -13 -16 -8 -15 -10
right_child=8 4 3 15 11 9 18 -9 13 -11 -12 16 -14 14 17 -17 -18 -19 -20 -21 -22
leaf_value=0.00074318408488671737 -0.01086569502227528 0.040542831902063162 0.020587864832549301 0.043785901339321476 0.011691729578717863 -0.032586713723211223 0.0098497565533370909 -0.0090355014017824038 0.050757208661517686 0.010448544578020271 -0.018751703766268016 0.029290545276779052 -0.024353532076270088 0.040583596300173906 -0.028807280201436428 0.01725878045183676 -0.013813423695866266 0.014837704548289836 -0.018014180696957389 0.0069515901400905413 0.017122170803731806
leaf_weight=367.33428459661081 12.081819830462335 9.6710339933633787 7.784549348056319 23.216366071254015 6.7354306243360034 6.6487861806526771 121.34467639354989 263.64921132940799 9.1189291682094318 19.777881399728361 22.489318955689669 6.6513635143637639 81.197059253230691 5.7746453713625687 6.6981915067881328 40.708667199127376 7.1330564059317112 4.9013186991214752 7.8727556597441426 5.5858152732253075 5.4236191660165778
leaf_count=2386 62 52 42 153 40 45 995 1696 71 132 150 43 505 43 56 463 42 38 52 44 38
internal_value=-5.2313e-05 -0.000848061 0.000589354 0.0165641 -0.00971198 0.0109951 -0.00141528 -0.00334257 0.0150928 -0.00155799 -0.00767722 -0.0172273 -0.0212827 0.0238354 0.00921816 0.0280807 0.00742785 -0.01016 0.0078272 0.0283116 0.0424042
internal_weight=1041.8 992.214 854.4 94.1989 137.815 36.0977 760.201 630.983 49.5843 26.4267 30.2739 101.717 87.9325 37.5025 22.96 63.925 13.7844 11.5995 129.217 11.3605 14.5425
internal_count=7148 6796 5937 808 859 229 5129 4082 352 177 192 630 545 290 181 616 85 94 1047 87 109
is_linear=0
shrinkage=0.05


Tree=117
num_leaves=19
num_cat=0
split_feature=2 0 2 20 0 2 2 2 2 8 1 10 1 20 18 27 28 21
split_gain=5.19668 10.6187 7.94985 8.29598 7.45449 21.0974 14.1001 14.1665 12.8536 8.99016 4.6503 4.25819 3.79234 3.65379 3.53939 2.83775 2.71403 1.68622
threshold=1.5000000000000002 5548.0850000000009 4.5000000000000009 -0.59639999999999993 4860.6600000000008 15.500000000000002 25.500000000000004 22.500000000000004 9.5000000000000018 0.17225000000000004 4.5000000000000009 483.50000000000006 3.5000000000000004 -0.20039999999999999 25039.065000000002 7.5000000000000009 19.500000000000004 19316.500000000004
decision_type=2 2 2 2 2 2 2 2 2 2 2 2 2 2 2 2 2 2
left_child=1 14 3 10 5 8 7 -6 -4 -7 17 12 -5 -3 15 -1 -13 -2
right_child=2 13 4 11 6 9 -8 -9 -10 -11 -12 16 -14 -15 -16 -17 -18 -19
leaf_value=0.055236947397949133 0.01115116167976149 0.0071130531793688464 -0.016172802406683232 0.012311743994546626 8.9201072920006142e-06 -0.018983095742059204 -0.053096796403399128 0.018116559478451862 0.020386814793176077 0.001533062921491515 0.03781880248696419 -0.034450135685387018 -0.016561732912679341 -0.037645032461478406 0.0070856696250972337 0.010417078710385439 0 -0.018333720635113047
leaf_weight=13.749831784516575 7.2079761922359484 7.002766216173768 29.522822165861726 13.978623301256446 320.825437115971 175.39747707732022 8.2410028288140875 161.69024889497086 99.8644806034863 74.742292119655758 8.8348746849223954 40.37011397164315 37.03247435297817 7.716382719576357 12.107198935002087 6.7547784950584164 6.8117247633635989 7.997135603800416
leaf_count=96 42 42 173 85 2314 1034 45 1441 609 454 54 232 264 56 76 44 41 46
internal_value=-3.09541e-05 0.0157993 -0.000826174 -0.0126636 0.000850178 -0.00438507 0.00492052 0.00614714 0.0118495 -0.0128496 0.0126404 -0.0190871 -0.00829488 -0.0174492 0.0312359 0.0431544 -0.0297402 -0.00410373
internal_weight=1039.85 47.331 992.517 122.233 870.284 379.527 490.757 482.516 129.387 250.14 24.04 98.1929 51.0111 14.7191 32.6118 20.5046 47.1818 15.2051
internal_count=7148 314 6834 764 6070 2270 3800 3755 782 1488 142 622 349 98 216 140 273 88
is_linear=0
shrinkage=0.05


Tree=118
num_leaves=14
num_cat=0
split_feature=25 2 0 2 20 0 2 2 3 1 20 18 27
split_gain=4.92515 4.82668 9.66585 7.16725 7.60308 6.80641 19.0235 13.1038 5.61982 4.18699 3.34801 3.27275 2.60757
threshold=1.0000000180025095e-35 1.5000000000000002 5890.2700000000013 4.5000000000000009 -0.59639999999999993 4860.6600000000008 15.500000000000002 25.500000000000004 1.5000000000000002 4.5000000000000009 -0.20039999999999999 25039.065000000002 7.5000000000000009
decision_type=2 2 2 2 2 2 2 2 2 2 2 2 2
left_child=-1 2 11 4 9 6 -5 -7 -6 -3 -4 12 -2
right_child=1 3 10 5 8 7 -8 -9 -10 -11 -12 -13 -14
leaf_value=-0.038192937334825698 0.053685634567476104 -0.0036054537590385809 0.0069143382294559463 0.011539579039139873 -0.039850567152163605 0.0062078883049898441 -0.011988286986795528 -0.051058233132475428 -0.010865162520352564 0.036195894294141093 -0.036173103764922269 0.0070288020485135124 0.010274062794910575
leaf_weight=6.3893820913508526 13.524768112227322 15.034916128963234 6.9872432127594948 128.70344437845051 21.272433567792177 478.73457740666345 247.98275511246175 8.1855572834610921 75.519603837281466 8.8842198550701124 7.4503165613859874 12.037658147513865 6.7100605256855479
leaf_count=278 95 86 41 758 130 3638 1419 43 443 52 47 75 43
internal_value=-2.88224e-05 0.00027149 0.0156417 -0.00047799 -0.011793 0.00111562 -0.00390456 0.00501982 -0.0180144 0.0124443 -0.0164079 0.0303921 0.0419587
internal_weight=1037.42 1031.03 46.71 984.318 120.711 863.606 376.686 486.92 96.792 23.9191 14.4376 32.2725 20.2348
internal_count=7148 6870 301 6569 711 5858 2177 3681 573 138 88 213 138
is_linear=0
shrinkage=0.05


Tree=119
num_leaves=23
num_cat=0
split_feature=24 23 10 16 0 2 20 2 9 18 2 24 10 23 24 1 16 20 11 1 14 10
split_gain=4.92815 4.83969 4.34864 5.6042 4.09136 4.09128 9.76866 8.46895 3.75899 9.10218 4.97825 4.70626 6.03132 3.59866 3.29491 3.10427 2.48135 2.38162 1.99791 2.60375 1.32404 2.11169
threshold=11.500000000000002 2.5000000000000004 65.500000000000014 6.5000000000000009 126.47000000000001 24.500000000000004 -0.40294999999999997 18.500000000000004 0.084200000000000011 4930.1766666666672 24.500000000000004 27.500000000000004 786.50000000000011 2.5000000000000004 18.500000000000004 9.5000000000000018 1.0000000180025095e-35 1.0013500000000002 129.50000000000003 3.5000000000000004 0.12025000000000001 610.50000000000011
decision_type=2 2 2 2 2 2 2 2 2 2 2 2 2 2 2 2 2 2 2 2 2 2
left_child=1 4 3 18 16 7 -7 -6 11 15 -11 14 -13 17 -4 -10 -1 -5 -2 -20 -3 -22
right_child=2 20 8 13 5 6 -8 -9 9 10 -12 12 -14 -15 -16 -17 -18 -19 19 -21 21 -23
leaf_value=-0.041054852355148982 0.0081730789166935981 -0.041895429951501896 0.0081266339284176061 0.051240057139969181 -0.00042477651160178955 -0.01371261575211092 0.018580580421427278 -0.021016729652957894 -0.011805858793123136 -0.003778266927890152 0.018211711681200678 0.009016752531557393 0.035308923207476105 -0.011079134420745701 -0.0040873650408033658 -0.049884355348339918 -0.0058860147350630922 -0.0084434188775379289 -0.0011738737895417974 -0.029288646667424024 -0.025844959009601293 0.0094713848735849225
leaf_weight=8.6881438950076717 5.1253749048337331 7.3814190737903145 124.56493240315467 5.23709355201572 290.86997585278004 33.848680924624205 65.228147708810866 58.575744763948023 15.912285508587956 70.505152678117156 37.663759846240282 109.36438669636846 26.74192457832396 4.3389230743050575 95.098107532598078 8.853312517516315 12.467462057247756 1.1704630199819801 12.699207351543008 27.611073895357549 8.7750274576246721 5.0915343910455695
leaf_count=58 52 59 763 164 1945 211 456 382 94 470 350 682 176 38 593 60 71 54 98 269 72 31
internal_value=-3.32729e-05 -0.00366841 0.00322503 -0.00966718 -0.00253119 -0.00144266 0.00739595 -0.00400491 0.00476088 -0.00233061 0.00397935 0.00743681 0.0146915 0.0199137 0.00280458 -0.0285023 -0.0230595 0.0397332 -0.0174191 -0.021142 -0.0259959 -0.0126879
internal_weight=1035.81 490.926 544.886 56.1821 469.678 448.523 99.0768 349.446 488.704 132.935 108.169 355.769 136.106 10.7465 219.663 24.7656 21.1556 6.40756 45.4357 40.3103 21.248 13.8666
internal_count=7148 3285 3863 675 3123 2994 667 2327 3188 974 820 2214 858 256 1356 154 129 218 419 367 162 103
is_linear=0
shrinkage=0.05


Tree=120
num_leaves=23
num_cat=0
split_feature=4 7 9 13 8 19 1 24 8 14 18 2 23 1 14 9 8 19 8 27 1 27
split_gain=4.80707 5.17937 14.3017 12.7034 11.9138 8.29737 6.37307 5.694 5.1758 4.72494 4.68483 4.35831 3.94893 3.41158 2.86389 2.2249 2.15829 3.91512 2.4515 1.92858 1.53087 0.172476
threshold=1.0000000180025095e-35 3.5000000000000004 0.38740000000000002 1.0000000180025095e-35 0.25070000000000009 3.6558000000000006 1.0000000180025095e-35 41.500000000000007 0.16005000000000003 0.16835000000000003 2961.1050000000005 13.500000000000002 3.5000000000000004 8.5000000000000018 0.12495000000000002 0.34475000000000006 0.57655000000000001 0.26490000000000008 0.25415000000000004 5.5000000000000009 5.5000000000000009 5.5000000000000009
decision_type=2 2 2 2 2 2 2 2 2 2 2 2 2 2 2 2 2 2 2 2 2 2
left_child=1 3 6 13 9 -6 11 -8 14 -5 20 -3 -12 15 -2 -1 17 18 -10 -15 -4 -19
right_child=8 2 10 4 5 -7 7 -9 16 -11 12 -13 -14 19 -16 -17 -18 21 -20 -21 -22 -23
leaf_value=-0.0045594693528591785 -0.03126433185717991 0.03299768864357399 -0.012693167472301474 -0.023436519932039612 0.018623110765951759 -0.023775333470992813 -0.0029519616531886467 0.013045715981902465 0.016431869041331631 0.00017777254259012862 0.044874575757890139 -0.0098457827111624145 -0.0098575663262679795 -0.018547877456780628 0.0086250291166676089 -0.028816510595487108 0.043038930250339502 0.042856172855375199 -0.020651688627261432 -0.049850389551796853 0.017269510642498681 0.014328536823072197
leaf_weight=27.830480254255235 5.9295860119163981 20.65134037099779 6.2910685464739782 46.619000813458115 78.745930285193026 11.513618662022052 611.53747737826779 59.046385500580072 6.2594216912984866 36.010807068087161 26.699501764029268 6.5664958581328383 2.6694052740931502 13.903700597584249 8.3378321770578605 14.288369182497261 10.38387989066541 5.5827185716479999 7.5283918641507626 15.515072042122481 6.6038727313280106 5.3096965868026018
leaf_count=172 33 184 33 307 513 106 3892 384 38 243 500 45 18 100 59 93 91 45 43 112 94 43
internal_value=-4.56846e-05 -0.000831436 0.00124456 -0.00711672 0.000227268 0.0127082 -0.000488206 -0.00149386 0.0148619 -0.013266 0.0288089 0.0223527 0.0392697 -0.0245248 -0.00914399 -0.0139483 0.0248659 0.0141919 -0.00323412 -0.0374971 0.00223866 0.0341056
internal_weight=1033.82 984.493 740.066 244.427 172.889 90.2595 697.802 670.584 49.3315 82.6298 42.2638 27.2178 29.3689 71.5376 14.2674 42.1188 35.0641 24.6802 13.7878 29.4188 12.8949 10.8924
internal_count=7148 6796 5150 1646 1169 619 4505 4276 352 550 645 229 518 477 92 265 260 169 81 212 127 88
is_linear=0
shrinkage=0.05


Tree=121
num_leaves=12
num_cat=0
split_feature=25 5 24 0 2 0 11 0 2 2 0
split_gain=4.66344 4.61003 6.15561 4.44779 6.706 4.22954 4.03125 3.35012 2.91715 2.69888 2.43109
threshold=1.0000000180025095e-35 1.0000000180025095e-35 28.500000000000004 844344.15000000014 8.5000000000000018 96.415000000000006 2102.5000000000005 22.720000000000002 8.5000000000000018 24.500000000000004 3449196.7500000005
decision_type=2 2 2 2 2 2 2 2 2 2 2
left_child=-1 2 8 5 10 7 -7 -3 -2 -10 -5
right_child=1 3 -4 4 -6 6 -8 -9 9 -11 -12
leaf_value=-0.037739375310887981 0.0035528667864067106 0.0093776793618118737 0.0206140653299604 -0.01067878837294815 -0.045341149934333552 0.0018229416428575365 0.026383059875601342 -0.021629275926395016 -0.035714379779619498 -0.0041663596809803256 0.032685336534552273
leaf_weight=6.1427811081521204 8.3674101047217828 10.024781838059424 8.8215896030887944 5.4106537196785229 10.535211673006414 896.14775583613664 15.121391827240585 30.964200589805841 25.426108179613948 10.78478825651109 3.6877440381795168
leaf_count=278 58 55 64 55 99 5984 101 185 156 69 44
internal_value=-4.16073e-05 0.000247549 -0.0137701 0.0010547 -0.0213368 0.0015706 0.00229832 -0.0137297 -0.021382 -0.0272899 0.00871919
internal_weight=1031.43 1025.29 53.3999 971.892 19.6336 952.258 911.269 40.989 44.5783 36.2109 9.0984
internal_count=7148 6870 347 6523 198 6325 6085 240 283 225 99
is_linear=0
shrinkage=0.05


Tree=122
num_leaves=27
num_cat=0
split_feature=10 28 2 18 24 0 2 2 29 2 17 20 9 20 25 10 0 0 24 20 3 0 19 6 28 0
split_gain=4.5069 7.3762 5.25751 5.08237 4.89225 5.96509 8.00821 7.68067 5.84986 5.10609 4.87009 5.04238 5.5243 4.72195 4.4004 4.34181 4.16913 3.84507 3.36336 2.72565 2.27581 2.19602 1.93877 1.13488 0.23513 0.185867
threshold=40.500000000000007 4.5000000000000009 24.500000000000004 12478.085000000001 13.500000000000002 17687.470000000005 5.5000000000000009 1.5000000000000002 4.5000000000000009 18.500000000000004 187898.33000000005 -0.51829999999999987 0.051850000000000007 -0.42974999999999997 8.5000000000000018 692.50000000000011 134509.42500000002 22095.900000000005 48.500000000000007 -0.45754999999999996 2.5000000000000004 2371.0350000000003 0.032750000000000008 2.5000000000000004 1.0000000180025095e-35 6929.6650000000009
decision_type=2 2 2 2 2 2 2 2 2 2 2 2 2 2 2 2 2 2 2 2 2 2 2 2 2 2
left_child=1 17 3 21 5 7 16 22 -8 -9 11 12 -6 14 -12 -13 -7 -1 -15 -4 -5 -3 -2 -19 -25 -21
right_child=4 2 19 20 10 6 8 9 -10 -11 13 15 -14 18 -16 -17 -18 23 -20 25 -22 -23 -24 24 -26 -27
leaf_value=0.0053719974641728372 0.0040814478342855662 -0.01214830150381644 -0.0079226417902237018 -0.042638637285079453 0.0036614934822072781 -0.0048384677068998997 0.0024858474716046349 -0.0036927028451656735 0.02391037510370192 -0.017493888477403342 -0.0056460624183983831 0.0058446837358235894 -0.024747687453816794 -0.022823675342695766 0.038719801332329537 0.01911657489969697 -0.04935135611494873 -0.0014757775788695098 0.011604042233894479 0.0060073294013976864 -0.0069394720552683467 0.016072797674440469 0.037241701660374542 -0.01515011353754548 -0.043835753746266609 0.039349237157512235
leaf_weight=5.6914873784407964 9.394827516749503 8.6991257830522972 3.6335547482594839 9.0695830462500471 63.48017836175859 16.207630312070254 101.063202124089 202.68674649391323 45.793717665597796 101.25157132558525 13.138742364943029 208.7065808000043 21.059929337352514 36.730972085148096 6.8888167645782223 89.643587023019791 6.6708013601601115 2.8366912528872517 6.9635078255087128 2.0658577233552924 10.390846230555324 16.906485458835959 9.2738185524940473 4.9337824825197485 18.820212440099567 8.7356818281114084
leaf_count=49 57 68 76 94 376 92 699 1205 316 596 75 1397 135 244 50 611 48 42 54 34 86 171 56 77 261 179
internal_value=-4.5463e-05 -0.010507 0 -0.00837279 0.000986685 -0.00243314 0.00508313 -0.00642548 0.00946523 -0.00840731 0.00477301 0.00691756 -0.00370839 -0.0077793 0.0112904 0.00996645 -0.0211433 -0.0289811 -0.0168504 0.024474 -0.0264663 0.00593734 0.0230476 -0.0365453 -0.0399052 0.0356884
internal_weight=1030.74 91.7833 59.5011 45.066 938.955 492.342 169.735 322.607 146.857 303.938 446.612 382.89 84.5401 63.722 20.0276 298.35 22.8784 32.2822 43.6945 14.4351 19.4604 25.6056 18.6686 26.5907 23.754 10.8015
internal_count=7148 1137 708 419 6011 3069 1155 1914 1015 1801 2942 2519 511 423 125 2008 140 429 298 289 180 239 113 380 338 213
is_linear=0
shrinkage=0.05


Tree=123
num_leaves=17
num_cat=0
split_feature=25 23 18 25 9 0 21 3 25 20 21 17 0 13 21 20
split_gain=4.43926 4.49006 8.47179 8.7297 11.6598 7.10618 7.86659 7.55446 5.85782 7.65022 7.16313 7.49994 5.75283 3.41926 2.81295 1.58895
threshold=1.0000000180025095e-35 1.5000000000000002 2737.3750000000005 1.5000000000000002 0.036450000000000003 184177.36000000002 46882.500000000007 3.5000000000000004 2.5000000000000004 -0.54189999999999994 138467.50000000003 107460.675 2371.0350000000003 1.0000000180025095e-35 8897.0000000000018 -0.40104999999999996
decision_type=2 2 2 2 2 2 2 2 2 2 2 2 2 2 2 2
left_child=-1 2 3 12 -5 6 -4 -7 9 14 11 -10 -2 -11 -3 -12
right_child=1 8 5 4 -6 7 -8 -9 10 13 15 -13 -14 -15 -16 -17
leaf_value=-0.037326171115082844 -0.0088433183925471694 0.0081117569382174858 0.016410813528160054 -0.0042228459896145225 -0.038584442566822197 -0.026270194090819893 0.00063209142875822683 0.013353047253329859 0.0010064959123718914 0.0045106993122715055 -0.048168532973814009 -0.016044911728667212 0.012374649768426969 0.028422091770359589 -0.027503428704626659 -0.015436450224113189
leaf_weight=5.9284173492342225 47.622540231794119 6.4932361692190197 198.67288534995168 96.24650542717427 31.90293649956584 27.658938776701689 132.77823653072119 18.248741945251822 180.48822715971619 32.844889171421528 9.9945953823626059 97.319955108687282 86.81127423979342 29.056365894153714 15.371833026409147 11.223095532506703
leaf_count=278 265 37 1611 583 187 208 747 212 1165 188 61 643 595 192 94 82
internal_value=-4.84573e-05 0.000230298 0.00279902 -0.00405477 -0.0133155 0.00759079 0.0101616 -0.0104109 -0.00403026 0.00747347 -0.00731427 -0.00500309 0.00476554 0.0164294 -0.0167144 -0.0341067
internal_weight=1028.66 1022.73 639.942 262.583 128.149 377.359 331.451 45.9077 382.792 83.7663 299.026 277.808 134.434 61.9013 21.8651 21.2177
internal_count=7148 6870 4408 1630 770 2778 2358 420 2462 511 1951 1808 860 380 131 143
is_linear=0
shrinkage=0.05


Tree=124
num_leaves=20
num_cat=0
split_feature=25 17 23 18 22 21 28 25 20 21 22 16 17 28 21 6 13 16 15
split_gain=4.28271 5.3468 4.78616 8.46003 7.69196 7.25248 8.31476 6.32323 7.15992 6.65577 8.59929 6.20922 5.46313 5.27339 4.76609 4.35019 3.89459 2.1873 1.94118
threshold=18.500000000000004 77063.795000000013 1.5000000000000002 2737.3750000000005 1.0000000180025095e-35 43127.500000000007 4.5000000000000009 2.5000000000000004 -0.47364999999999996 18551.500000000004 1.5000000000000002 1.5000000000000002 16814.915000000005 16.500000000000004 104.50000000000001 5.5000000000000009 1.0000000180025095e-35 2.5000000000000004 4.5000000000000009
decision_type=2 2 2 2 2 2 2 2 2 2 2 2 2 2 2 2 2 2 2
left_child=2 17 3 4 11 6 -5 8 15 10 -9 -1 -7 -11 -6 -4 -10 -2 -3
right_child=1 18 7 5 14 12 -8 9 16 13 -12 -13 -14 -15 -16 -17 -18 -19 -20
leaf_value=-0.002709654614206876 0.0031861529083844933 0.013707740176331744 0.019093611455150594 -0.0071810716186576102 0.010227385230456486 0.0029083805980476551 0.017350786883617499 0.013782709776006687 0.0039981036227969263 -0.011734708929239102 -0.009756916479589756 0.032812441530728528 -0.021282002176137491 -0.040528648416623125 -0.028603827074494353 -0.021437269859068811 0.031400982103428836 0.050396436420119664 -0.021936812195804321
leaf_weight=203.10968150664121 4.0950398445129421 5.1961013032123429 6.8641580995172289 40.945427916944027 8.1261136047542077 128.18936992995441 177.43143578479066 49.900160405784845 28.250152051448822 57.126876879483461 150.35669431649148 11.077563736587761 26.376957272412255 22.679675661027431 42.168242346029729 24.472193161491305 24.837624954991043 9.338530723936854 5.9638077290728688
leaf_count=1420 27 40 42 305 55 823 1499 304 171 382 964 76 162 144 237 159 171 107 60
internal_value=-6.02316e-05 0.0197335 -0.000594406 0.00200667 -0.00479015 0.00685332 0.0126823 -0.00515665 0.00665819 -0.00877561 -0.00376356 -0.000539669 -0.001375 -0.0208305 -0.0219874 -0.0116462 0.0176749 0.0389308 -0.00501966
internal_weight=1026.51 24.5935 1001.91 637.425 264.482 372.943 218.377 364.488 84.4241 280.063 200.257 214.187 154.566 79.8066 50.2944 31.3364 53.0878 13.4336 11.1599
internal_count=7148 234 6914 4577 1788 2789 1804 2337 543 1794 1268 1496 985 526 292 201 342 134 100
is_linear=0
shrinkage=0.05


Tree=125
num_leaves=21
num_cat=0
split_feature=4 8 0 10 7 9 13 8 10 10 0 3 0 0 1 14 28 0 0 0
split_gain=4.40446 4.88376 5.88273 4.69219 4.68124 13.1526 11.5124 10.8982 7.83428 6.72627 7.42012 6.33614 5.52893 4.69895 3.21052 2.63861 2.2007 1.55251 1.11311 0.616867
threshold=1.0000000180025095e-35 0.16005000000000003 2218.4550000000004 758.50000000000011 3.5000000000000004 0.38740000000000002 1.0000000180025095e-35 0.25070000000000009 40.500000000000007 1.0000000180025095e-35 3123.2650000000008 1.5000000000000002 740.53000000000009 2371.0350000000003 8.5000000000000018 0.12495000000000002 18.500000000000004 624.30000000000007 7289.2800000000016 76868.49500000001
decision_type=2 2 2 2 2 2 2 2 2 2 2 2 2 2 2 2 2 2 2 2
left_child=4 15 -3 19 6 9 14 12 -9 10 -6 -11 -8 -7 16 -2 -1 -16 -15 -4
right_child=1 2 3 -5 5 13 7 8 -10 11 -12 -13 -14 18 17 -17 -18 -19 -20 -21
leaf_value=-0.0062310305392056778 -0.030303914119376503 -0.0080962897055431495 0.052283520937270581 -0.0031268941691270724 0.02348537890751989 -0.008402348672794371 -0.037989207771502075 -0.024766837643462845 0.017688766943258157 0.0085577310046586596 -0.035492295926135793 -0.0024015859397369006 -0.0058321665950552756 0.016167811275440289 -0.0076583298618786311 0.0080628162357149757 -0.033814613094559409 -0.04202939607920373 0.041652203056133846 0.016697721201640189
leaf_weight=33.352030783891678 5.8959777653217307 9.193652503192423 15.003219708800321 5.4041849281638852 5.0649241581559208 6.3220456624403587 15.483798465691505 10.582986679393796 79.139343870803714 178.56650431733578 22.953696753829718 485.9965431606397 66.229729844257236 11.557643510866908 5.8354721181094673 8.2868319377303106 8.3481461461633426 22.824067868292332 23.434998418670148 5.0150945838540784
leaf_count=208 33 46 125 37 42 44 104 155 464 1063 303 3097 446 128 48 59 57 164 473 52
internal_value=-5.24294e-05 0.0142918 0.0240972 0.0358455 -0.000807847 0.00117167 -0.00681741 0.000181573 0.0121411 -0.000484418 -0.0236434 0.000544996 -0.012807 0.027905 -0.0235427 -0.00904282 -0.0132768 -0.0363132 0.0348345 0.0461491
internal_weight=1024.49 48.799 34.6162 25.4225 975.692 733.896 241.796 171.436 89.7223 692.582 28.0186 664.563 81.7135 41.3147 70.3597 14.1828 41.7002 28.6595 34.9926 20.0183
internal_count=7148 352 260 214 6796 5150 1646 1169 619 4505 345 4160 550 645 477 92 265 212 601 177
is_linear=0
shrinkage=0.05


Tree=126
num_leaves=23
num_cat=0
split_feature=24 23 0 17 27 21 21 17 10 29 10 9 10 20 17 0 11 24 25 1 17 19
split_gain=4.24727 5.70474 5.58524 5.15205 4.86577 4.84007 7.82744 4.81401 4.55285 4.60753 4.20523 4.19543 4.26508 4.05999 3.89289 2.98461 2.73144 2.72636 2.60195 2.31411 2.2908 0.200654
threshold=13.500000000000002 2.5000000000000004 126.47000000000001 187898.33000000005 6.5000000000000009 133710.50000000003 223379.00000000003 1246198.0950000002 856.50000000000011 4.5000000000000009 689.50000000000011 0.16810000000000003 1.0000000180025095e-35 -0.43214999999999992 103410.63500000002 6061.2100000000009 1235.5000000000002 48.500000000000007 3.5000000000000004 3.5000000000000004 16814.915000000005 0.16275000000000003
decision_type=2 2 2 2 2 2 2 2 2 2 2 2 2 2 2 2 2 2 2 2 2 2
left_child=1 2 16 4 5 10 -7 13 9 -4 -2 12 -6 19 -10 -13 -1 -15 -3 -5 -20 -22
right_child=3 18 8 7 11 6 -8 -9 14 -11 -12 15 -14 17 -16 -17 -18 -19 20 -21 21 -23
leaf_value=-0.034998584201110246 -2.4292030866849137e-05 0 -0.0025387159895118275 -0.016310839473826558 -0.022027245850643286 -0.038355170536754621 0.0019331347342307276 0.02305605645584682 -0.023348675680992369 0.0083453591939263005 0.015695381449084261 -0.019999203147972357 0.018141590668147894 -0.02767787559239723 0.014373893659281784 0.0086396794518264451 0 0.005437005249066971 -0.0024164104929141864 0.016359059709587769 -0.047874611459327102 -0.017148325655309864
leaf_weight=16.204002639278773 145.61225271644071 8.1116859074682015 305.82360511505976 6.5007855296134975 5.1081252922303966 16.827755874022841 31.83571368502453 8.0947878425940853 33.099041222594678 139.84149747900665 57.377376904711127 13.626620372291653 124.38035116624087 35.690799107775092 6.70875041745603 19.462956591509283 7.603155674878507 6.1591372136026612 5.8757147938013103 12.613297875039278 10.394366152584551 5.2059632781893006
leaf_count=99 1007 56 2057 39 71 113 206 65 208 979 387 125 804 243 41 310 48 49 39 83 82 37
internal_value=-5.81726e-05 -0.00311463 -0.00180711 0.00332796 0.00545541 0.00103146 -0.0127653 -0.00908669 -0.000578691 0.000876194 0.00448005 0.0121467 0.01617 -0.0141102 -0.0163687 -0.0033368 -0.0244832 -0.0225505 -0.0237644 0.00428173 -0.032202 -0.041303
internal_weight=1022.16 538.868 509.28 483.29 414.231 251.653 48.6635 69.0588 485.473 445.665 202.99 162.578 129.488 60.964 39.8078 33.0896 23.8072 41.8499 29.5877 19.1141 21.476 15.6003
internal_count=7148 3646 3432 3502 3023 1713 319 479 3285 3036 1394 1310 875 414 249 435 147 292 214 122 158 119
is_linear=0
shrinkage=0.05


Tree=127
num_leaves=23
num_cat=0
split_feature=1 1 0 18 2 2 0 0 2 10 11 19 0 24 19 24 11 28 21 19 0 11
split_gain=4.1182 7.88094 7.17967 6.05978 5.91582 16.862 5.90506 5.73965 4.95661 5.21094 4.94551 4.57664 4.42681 4.06689 4.04165 6.64728 5.34581 2.84507 1.69099 1.54381 0.934523 0.532462
threshold=10.500000000000002 4.5000000000000009 493861.38500000007 299595.64000000007 6.5000000000000009 12.500000000000002 461.49500000000006 651.68000000000018 25.500000000000004 171.50000000000003 180.50000000000003 0.0025500000000000006 213727.13000000003 12.500000000000002 0.19425000000000001 27.500000000000004 8.5000000000000018 8.5000000000000018 303.50000000000006 0.15770000000000003 3375.9250000000006 839.50000000000011
decision_type=2 2 2 2 2 2 2 2 2 2 2 2 2 2 2 2 2 2 2 2 2 2
left_child=1 2 3 6 7 20 -1 -3 9 10 13 -5 -7 -2 16 -16 -11 -12 -4 -9 -6 -20
right_child=8 4 18 11 5 12 -8 19 -10 14 17 -13 -14 -15 15 -17 -18 -19 21 -21 -22 -23
leaf_value=-0.010309494065884973 -0.01520902973682074 0.022444408551434706 -0.00062925022860947383 0.011357044764620834 0.067974009735096555 0.0089206642772267745 0.0047235975762884418 -0.0043964717233670346 -0.03823053931779339 -0.031296417482914222 -0.036680106762268683 -0.024165229408045455 -0.029977936438189908 0.041063398727672756 -0.012664048839086901 0.014233929342732149 0.007806160545115114 -0.011637121205249313 -0.014367121416819499 -0.039792463593347857 0.035491713061493478 -0.048520302966140044
leaf_weight=75.136814429424703 4.3689936930313689 7.250062006525698 4.3219511122442809 10.112920578569172 8.6056516226381081 62.761844350025058 417.7662219828926 6.3531614271923882 8.645500601269303 7.291850881651043 19.548323484603316 36.528792236931622 6.2037488911300889 4.6318107726983726 101.57157838251442 27.414221135899425 136.61001492943615 34.103662255220115 5.1080281054601056 7.7145046228542924 21.580482232384384 7.2705676951445639
leaf_count=461 61 44 53 64 49 450 2803 43 46 47 239 239 51 182 662 188 845 259 51 48 205 58
internal_value=-7.01064e-05 0.00218368 -0.000325727 0.000709221 0.0136682 0.0187798 0.00237939 -0.00924946 -0.00451725 -0.00339759 -0.0161645 -0.0161074 0.00453441 0.0150406 -0.000333755 -0.00674085 0.00535436 -0.0219316 -0.0307965 -0.0269665 0.0487111 -0.0390812
internal_weight=1020.9 676.715 556.245 539.545 120.469 99.1517 492.903 21.3177 344.186 335.54 62.6528 46.6417 68.9656 9.0008 272.888 128.986 143.902 53.652 16.7005 14.0677 30.1861 12.3786
internal_count=7148 4619 3729 3567 890 755 3264 135 2529 2483 741 303 501 243 1742 850 892 498 162 91 254 109
is_linear=0
shrinkage=0.05


Tree=128
num_leaves=17
num_cat=0
split_feature=25 3 0 9 8 6 9 20 29 19 25 18 21 0 10 21
split_gain=4.20605 4.05929 8.81262 6.81408 5.27307 10.2788 8.47685 4.48453 4.21236 4.71511 5.63712 4.36634 3.42654 3.14829 3.80709 2.35322
threshold=1.0000000180025095e-35 3.5000000000000004 184177.36000000002 0.010350000000000002 0.50385000000000013 9.5000000000000018 0.13055000000000003 3.1674500000000005 5.5000000000000009 0.064250000000000015 2.5000000000000004 1421.7450000000001 63.500000000000007 71499.520000000019 853.50000000000011 21675.000000000004
decision_type=2 2 2 2 2 2 2 2 2 2 2 2 2 2 2 2
left_child=-1 2 4 12 5 -2 -6 -5 9 10 -3 -11 -4 14 -10 -15
right_child=1 8 3 7 6 -7 -8 -9 13 11 -12 -13 -14 15 -16 -17
leaf_value=-0.036884739368397389 -1.6036129548918407e-05 0.0049159268049199355 0 0.0094783641896648146 0.022304102898105069 -0.029799804657608498 -0.022651485412413755 -0.034816990145177751 0.033624350178436027 -0.012279721982099815 -0.02027019860934122 0.011506578490079482 -0.041832806956288882 0.017080264639794639 -0.01174460825040826 -0.02546459415865078
leaf_weight=5.7066283042076966 589.49817641917616 46.844968035817146 5.6502958443015805 21.885710150003437 50.738227428868413 28.50259492918849 11.16004767641425 5.4953166414052239 27.30227634403855 20.568280298262835 38.511729281395674 128.32062350586057 26.47070818580687 4.3005252787843329 4.0953526794910422 4.5970848724246025
leaf_count=278 3607 287 55 163 298 160 76 58 265 125 240 1196 224 59 29 28
internal_value=-7.92039e-05 0.000190305 -0.00172824 -0.0198537 -7.37242e-05 -0.00149751 0.013587 -0.000836149 0.00536866 0.00267243 -0.00653713 0.00803513 -0.0347726 0.0199385 0.0270583 -0.0046228
internal_weight=1019.65 1013.94 739.401 59.502 679.899 618.001 61.8983 27.381 274.541 234.246 85.3567 148.889 32.121 40.2952 31.3976 8.89761
internal_count=7148 6870 4641 500 4141 3767 374 221 2229 1848 527 1321 279 381 294 87
is_linear=0
shrinkage=0.05


Tree=129
num_leaves=20
num_cat=0
split_feature=2 0 2 5 1 1 2 10 24 11 11 20 10 0 18 20 11 27 0
split_gain=4.02598 8.77436 6.18869 6.30535 5.91129 8.01789 7.01421 5.67388 5.19714 4.61117 5.61497 3.69511 3.53618 3.36955 2.96507 2.93483 2.68794 2.57972 2.44849
threshold=1.5000000000000002 5548.0850000000009 6.5000000000000009 1.0000000180025095e-35 10.500000000000002 4.5000000000000009 25.500000000000004 483.50000000000006 28.500000000000004 1469.5000000000002 1894.5000000000002 -0.57124999999999992 290.50000000000006 5890.2700000000013 25039.065000000002 -0.20039999999999999 1147.5000000000002 7.5000000000000009 2608.3850000000007
decision_type=2 2 2 2 2 2 2 2 2 2 2 2 2 2 2 2 2 2 2
left_child=1 14 7 8 5 -5 -6 9 13 12 -11 16 -2 -4 17 -3 -9 -1 -13
right_child=2 15 3 4 6 -7 -8 11 -10 10 -12 18 -14 -15 -16 -17 -18 -19 -20
leaf_value=0.051153780672903451 -0.019150768917289014 0.0056421896044726071 -0.037520578243536086 0.0020478345709856786 -0.0025133456001634768 0.018030084108768423 -0.047346684816782003 0.016789359413637208 0.017454077509978169 0.036086126923177392 -0.013152927928726972 -0.010461729494747132 0.0055529592703942483 -0.0063182304231796374 0.005989104404181691 -0.034954035099286289 -0.019242340362746559 0.0084992492134061803 -0.034220112592795074
leaf_weight=13.167219433933502 30.17695714905858 6.8645765222609043 20.174639178439975 422.55063547194004 255.0297304445412 95.163374985568225 7.0917707895860067 9.4172669462859648 7.3016196722164741 13.478205542080106 7.5471203033812335 20.960178937762976 24.182880450040102 17.224159368313849 11.840864695608614 7.4126630658283812 7.4567132964730254 6.6365337111055842 34.257778516039252
leaf_count=96 226 42 125 2878 1947 726 39 53 55 89 53 125 146 126 76 56 43 44 203
internal_value=-9.04208e-05 0.0140471 -0.000796075 0.000887665 0.00196308 0.00506293 -0.00411352 -0.0101626 -0.0169403 -0.000359825 0.01837 -0.0199918 -0.00817641 -0.0244542 0.0283005 -0.0165258 0 0.039409 -0.0260574
internal_weight=1017.93 45.9219 972.013 824.536 779.836 517.714 262.122 147.477 44.7004 75.3852 21.0253 72.0919 54.3598 37.3988 31.6446 14.2772 16.874 19.8038 55.218
internal_count=7148 314 6834 5896 5590 3604 1986 938 306 514 142 424 372 251 216 98 96 140 328
is_linear=0
shrinkage=0.05


Tree=130
num_leaves=18
num_cat=0
split_feature=4 8 10 11 1 9 8 28 2 0 2 0 9 8 8 0 0
split_gain=3.91503 4.74886 4.2318 9.06353 5.62634 3.99287 4.61231 3.43933 5.86164 3.26199 4.2437 2.88192 3.6198 2.78131 2.32451 1.94326 0.551647
threshold=1.0000000180025095e-35 0.57655000000000001 40.500000000000007 3.5000000000000004 1.0000000180025095e-35 0.74660000000000004 0.46565000000000006 4.5000000000000009 24.500000000000004 6929.6650000000009 16.500000000000004 1886.9800000000002 0.0010500000000000004 0.023950000000000003 0.15760000000000005 18165.580000000005 29519.125000000004
decision_type=2 2 2 2 2 2 2 2 2 2 2 2 2 2 2 2 2
left_child=2 11 3 16 9 6 -6 15 -9 10 -4 -2 -13 -7 -14 -5 -1
right_child=1 -3 4 7 5 13 -8 8 -10 -11 -12 12 14 -15 -16 -17 -18
leaf_value=0.041717184360545237 -0.016401247987674238 0.04122524411547044 0.042490528346608984 0 -0.0021892838857426942 0.040672826441125381 0.01039975985642797 -0.017445684074236214 0.020034692500191801 -0.0065324849875470457 -0.005347452929186973 0.034063031405934148 -0.021339793600788151 -0.00074727572094126734 0.011623941160269952 -0.035202324266043777 0
leaf_weight=5.7370011834427705 9.8718562554568035 9.9211863912641984 15.768320411443716 4.7875643656589117 763.7618541335687 7.8731921659782511 78.257864917628467 37.455228886101395 12.133101126644759 6.5332979802042237 5.2418101690709582 9.9186314195394534 6.6745213903486755 5.972320631146431 11.8458902426064 23.959604502655566 1.0219003069214521
leaf_count=202 51 91 158 42 4806 144 467 331 95 45 34 73 47 35 90 364 73
internal_value=-9.15908e-05 0.0135084 -0.000805627 -0.0113232 0.000219472 -0.000508465 -0.000985531 -0.0164503 -0.00766009 0.0216805 0.0306934 0.00439342 0.0125436 0.0243358 -0.000690468 -0.0298035 0.037146
internal_weight=1016.74 48.2321 968.503 85.0944 883.409 855.865 842.02 78.3355 49.5883 27.5434 21.0101 38.3109 28.439 13.8455 18.5204 28.7472 6.7589
internal_count=7148 352 6796 1107 5689 5452 5273 832 426 237 192 261 210 179 137 406 275
is_linear=0
shrinkage=0.05


Tree=131
num_leaves=28
num_cat=0
split_feature=24 23 11 11 18 29 21 23 25 16 22 25 25 18 21 19 28 9 11 14 20 11 17 29 11 28 0
split_gain=3.85971 4.75646 6.79299 7.87742 8.88597 5.7646 4.56355 4.38518 7.91596 7.79294 11.2572 9.67019 5.80114 15.8612 4.91335 4.62742 4.25666 3.59429 3.52429 3.50425 3.08514 2.87811 3.05353 2.86559 1.32117 0.622576 0.116981
threshold=6.5000000000000009 1.5000000000000002 1458.5000000000002 1764.5000000000002 57625.855000000003 1.5000000000000002 421017.50000000006 2.5000000000000004 3.5000000000000004 1.5000000000000002 1.0000000180025095e-35 5.5000000000000009 1.5000000000000002 1844.0900000000001 1824.0000000000002 0.31035000000000007 19.500000000000004 0.27240000000000003 1486.5000000000002 0.72365000000000002 -0.51084999999999992 528.50000000000011 29036.595000000005 3.5000000000000004 1577.0000000000002 9.5000000000000018 1359.9250000000004
decision_type=2 2 2 2 2 2 2 2 2 2 2 2 2 2 2 2 2 2 2 2 2 2 2 2 2 2 2
left_child=1 2 6 5 -5 -4 17 9 14 12 18 -12 15 -14 -9 -2 19 -1 -11 -10 -16 22 -3 25 -25 -23 -18
right_child=7 21 3 4 -6 -7 -8 8 16 10 11 -13 13 -15 20 -17 26 -19 -20 -21 -22 23 -24 24 -26 -27 -28
leaf_value=-0.0073532962543336397 0.015865688173175203 0.021345494387397336 -0.0056706805617049334 -0.017069860642326466 0.034250939498899804 0.037621694567020615 -0.041866859584035354 0.040407554211257954 -0.012335732093233669 0.051661969876693151 -0.0037576253127853325 0.01644519543219819 -0.030268126674198675 0.001539306628405964 -0.025237230142496639 -0.0056655125252828061 -0.015809526788421995 0.018763783621828508 0.0061840862164186062 0.016170706428653307 0.010869774906663203 -0.015289047966120793 -0.020812026177408377 0.0040436655312281302 -0.023183620721720359 -0.047234198665238078 -0.042650862458745907
leaf_weight=168.306827835273 66.762819778174162 6.6109646782278997 9.3024650984443706 32.475862071849406 9.1333332965150458 27.012356716673821 7.1785859405063084 9.6881686225533468 72.808753572404385 18.161260318942372 113.06003214791417 119.60822845902294 49.729246899485588 158.95148570369929 6.0708933314308515 37.005233384901658 5.5867294147610655 12.192351873964069 6.8280040062963954 10.548121578991411 19.960600845981393 5.9193003941327396 6.5663080923259258 8.4694720366969687 5.6065972708165637 11.803627897985278 9.616164740175007
leaf_count=1118 446 44 64 200 60 179 49 53 462 318 726 1053 303 982 40 292 32 135 46 69 134 48 46 63 37 88 61
internal_value=-7.27088e-05 -0.00470806 -0.00205553 0.0101375 -0.00452132 0.0265537 -0.00722432 0.0019645 -0.00607561 0.00389031 0.010297 0.00663711 -0.00139294 -0.00620842 0.0134495 0.00813086 -0.013378 -0.00534805 0.0409853 -0.00831695 0.00089256 -0.019405 0 -0.0271338 -0.00771416 -0.0397041 -0.0363533
internal_weight=1014.96 310.578 265.602 77.924 41.6092 36.3148 187.678 704.386 134.279 570.106 257.658 232.668 312.449 208.681 35.7197 103.768 98.5598 180.499 24.9893 83.3569 26.0315 44.9763 13.1773 31.799 14.0761 17.7229 15.2029
internal_count=7148 2131 1805 503 260 243 1302 5017 851 4166 2143 1779 2023 1285 227 738 624 1253 364 531 174 326 90 236 100 136 93
is_linear=0
shrinkage=0.05


Tree=132
num_leaves=19
num_cat=0
split_feature=25 17 23 18 25 9 21 28 24 0 2 17 0 21 21 16 15 0
split_gain=3.68784 5.11101 4.10455 7.28925 6.65566 9.61767 6.33448 7.14706 5.91114 5.26617 8.26749 5.00456 4.93184 4.75149 2.30781 2.07389 1.88426 1.16038
threshold=18.500000000000004 77063.795000000013 1.5000000000000002 2737.3750000000005 1.5000000000000002 0.036450000000000003 43127.500000000007 4.5000000000000009 4.5000000000000009 3900.8500000000008 15.500000000000002 16814.915000000005 2371.0350000000003 9834.0000000000018 1220.0000000000002 2.5000000000000004 4.5000000000000009 1886.9800000000002
decision_type=2 2 2 2 2 2 2 2 2 2 2 2 2 2 2 2 2 2
left_child=2 15 3 4 12 -6 7 -5 14 10 -10 -8 -1 -11 -4 -2 -3 -16
right_child=1 16 8 6 5 -7 11 -9 9 13 -12 -13 -14 -15 17 -17 -18 -19
leaf_value=-0.0093892405870340031 0.0028502598180202691 0.012994222498110278 -0.0028877736908011491 -0.0066385966972892958 -0.0043605984940267954 -0.035989954713307473 0.0027799420569689644 0.016248705042281649 0.0025762827696186471 0.00907250254061788 -0.021548166503516538 -0.020491891562137193 0.010120307084495119 -0.0063484839090518002 -0.0084693188354183126 0.049240291812004122 -0.022325936107351476 -0.04659933459614278
leaf_weight=48.382506942842156 4.0362310614436891 5.1169463638216239 7.4985348433256176 40.402184865437448 93.939256300218403 31.090265246108174 127.13100587460212 174.62423307914287 64.25350087787956 109.72193229943514 74.609943096525967 26.071127402596176 87.848045391496271 87.875954119022936 4.4126636069267979 8.8899720860645157 5.8665784234181046 10.991703288629649
leaf_count=331 27 40 48 305 575 187 823 1499 396 732 436 162 695 602 37 107 60 86
internal_value=-7.37338e-05 0.0185367 -0.00057032 0.0018514 -0.00449378 -0.0127472 0.0063803 0.0118807 -0.00482682 -0.0030346 -0.0104365 -0.00132894 0.00308352 0.00216947 -0.0283961 0.0377477 -0.00563403 -0.0384797
internal_weight=1012.76 23.9097 988.853 629.489 261.26 125.03 368.229 215.026 359.364 336.461 138.863 153.202 136.231 197.598 22.9029 12.9262 10.9835 15.4044
internal_count=7148 234 6914 4577 1788 762 2789 1804 2337 2166 832 985 1026 1334 171 134 100 123
is_linear=0
shrinkage=0.05


Tree=133
num_leaves=22
num_cat=0
split_feature=2 0 2 5 8 13 10 1 11 11 20 3 7 10 11 18 20 11 0 10 10
split_gain=3.59832 8.08979 5.80198 5.64302 5.39019 15.0888 5.25484 5.23434 4.21865 5.04479 3.40425 4.70603 3.21499 3.20504 3.1757 2.80496 2.69154 2.46229 0.74581 0.47905 0.0452565
threshold=1.5000000000000002 5548.0850000000009 6.5000000000000009 1.0000000180025095e-35 0.21265000000000003 1.0000000180025095e-35 483.50000000000006 10.500000000000002 1469.5000000000002 1894.5000000000002 -0.57124999999999992 2.5000000000000004 3.5000000000000004 290.50000000000006 1355.5000000000002 25039.065000000002 -0.20039999999999999 1147.5000000000002 281.96500000000009 584.50000000000011 470.50000000000006
decision_type=2 2 2 2 2 2 2 2 2 2 2 2 2 2 2 2 2 2 2 2 2
left_child=1 15 6 12 7 -6 8 -5 13 -10 17 -12 20 -2 -14 18 -3 -8 -1 -20 -4
right_child=2 16 3 4 5 -7 10 -9 9 -11 11 -13 14 -15 -16 -17 -18 -19 19 -21 -22
leaf_value=0.013359986177921246 -0.018428106892243827 0.0051746437989960131 -0.045867322159878758 0.0031354869476535562 -0.016298864964797599 0.019692723717275939 0.015962325655603984 -0.0064833038720329347 0.034229916257698272 -0.012524711837869882 -0.038794619322755429 -0.0085013765333426441 0.0047605702556128716 0.005151205057796278 -0.025382844336043178 0.0054596010384289169 -0.033874697280765372 -0.01860445772673407 0.054656111018042457 0.018738669521489507 -0.017227283910453379
leaf_weight=5.839624207466847 29.839803992537782 6.8079580310732126 5.6967010889202339 414.93508910853416 37.319763895589858 110.35309241595678 9.4068682081997412 211.98906448460184 13.526545379310848 7.4608052307739845 28.395480564795434 26.408986291848123 20.814501993358135 24.126761675812304 12.035176588222383 11.758299982175229 7.3014291008003038 7.3876190930604926 8.0825410131365043 5.5509678274393073 5.6377771161496639
leaf_count=41 226 42 41 2900 333 781 53 1576 89 53 174 154 144 146 82 76 56 43 61 38 39
internal_value=-7.9173e-05 0.0133693 -0.000747509 0.000888619 0.00190782 0.0104339 -0.00984466 -0.000111399 -0.000379247 0.0175304 -0.0193382 -0.0251863 -0.0160715 -0.00790048 -0.00681908 0.0271556 -0.0161089 0 0.0380617 0.0449399 -0.0370922
internal_weight=1010.67 45.3408 965.334 818.781 774.597 147.673 146.553 626.924 74.9539 20.9874 71.599 54.8045 44.1842 53.9666 32.8497 31.2314 14.1094 16.7945 19.4731 13.6335 11.3345
internal_count=7148 314 6834 5896 5590 1114 938 4476 514 142 424 328 306 372 226 216 98 96 140 99 80
is_linear=0
shrinkage=0.05


Tree=134
num_leaves=28
num_cat=0
split_feature=24 8 13 7 9 11 21 17 29 23 11 18 9 10 19 11 11 9 11 11 11 21 23 7 18 18 27
split_gain=3.72298 4.94615 12.2325 5.35564 8.22897 6.03786 4.06985 5.20169 3.91127 4.65352 7.84447 6.16398 5.77253 3.94184 3.88187 3.73481 6.10637 5.64506 5.5276 9.07429 8.83356 5.04416 3.28484 2.92602 2.2943 0.517887 0.38876
threshold=11.500000000000002 0.50385000000000013 1.0000000180025095e-35 2.5000000000000004 0.46455000000000007 1218.5000000000002 133710.50000000003 107460.675 1.5000000000000002 1.5000000000000002 302.50000000000006 4721.4500000000016 0.00055000000000000003 671.50000000000011 0.7027000000000001 680.50000000000011 522.50000000000011 0.26490000000000008 1786.5000000000002 1449.5000000000002 1943.5000000000002 1099.0000000000002 3.5000000000000004 2.5000000000000004 75581.930000000008 103379.71000000001 8.5000000000000018
decision_type=2 2 2 2 2 2 2 2 2 2 2 2 2 2 2 2 2 2 2 2 2 2 2 2 2 2 2
left_child=8 3 24 6 5 -5 7 -2 9 11 -11 13 -13 -1 26 16 17 -10 19 -17 -20 -18 -6 -16 -3 -12 -4
right_child=1 2 14 4 22 -7 -8 -9 15 10 25 12 -14 -15 23 18 21 -19 20 -21 -22 -23 -24 -25 -26 -27 -28
leaf_value=-0.0072021938499888727 0.0034717306177273555 0 0.049547601341299485 0.0065208937096266906 0.036413921309714728 -0.006195408558492925 -0.037375207256456829 -0.029082098969107458 -0.0049284029463413613 0.016144629339794252 -0.048957599678671221 -0.0056896986158415557 0.02874156062936822 -0.037912160563390418 0.024732155644092244 0.00026224605682630494 0.0030968338417303636 0.037350436434871757 -0.032692565817760186 0.026002515841328084 0.0069521937537533789 -0.043871601544355411 -0.012376888692044567 -0.0190995139033933 -0.034603665630417356 -0.021840417845238123 0.01905232055342462
leaf_weight=38.075287956278771 42.356641655787826 10.321374330669643 17.812544210813943 231.2795645268634 21.996123757679019 153.19680171087384 10.769962737802414 14.874910824000834 107.64456071401946 6.654608994722369 13.317495312541725 29.342466820497066 17.823622055817395 13.848830913193522 7.1336426669731718 111.10290034580976 7.5202320958487716 6.4881104966625562 22.286232269834727 48.043230446521193 31.328712678514421 15.659306195797397 2.6920013949275008 4.4618218375835568 6.8873904235661021 10.330058112740515 6.217520907521247
leaf_count=274 299 72 119 1515 434 1019 84 97 706 46 85 185 133 83 73 746 60 112 149 330 198 99 20 43 49 79 39
internal_value=-8.14824e-05 0.0027915 0.017028 0.0011298 0.00332082 0.0014223 -0.0116289 -0.00551671 -0.00327644 -0.0106364 -0.0272265 -0.00502582 0.00775804 -0.0166807 0.0332408 -0.000482736 -0.00688093 -0.00183702 0.00362561 0.00832109 -0.00993027 -0.0292007 0.0301902 0.00680205 -0.0159816 -0.0401286 0.0441116
internal_weight=1009.47 530 52.8343 477.166 409.164 384.476 68.0015 57.2316 479.466 129.392 30.3022 99.0902 47.1661 51.9241 35.6255 350.073 137.312 114.133 212.761 159.146 53.6149 23.1795 24.6881 11.5955 17.2088 23.6476 24.0301
internal_count=7148 3863 395 3468 2988 2534 480 396 3285 885 210 675 318 357 274 2400 977 818 1423 1076 347 159 454 116 121 164 158
is_linear=0
shrinkage=0.05


Tree=135
num_leaves=25
num_cat=0
split_feature=10 11 8 13 7 2 17 1 25 28 19 27 0 28 2 17 28 18 20 1 24 3 13 17
split_gain=3.592 7.73608 5.56787 14.848 5.70385 6.21284 5.48033 5.47688 4.89873 4.3928 5.38493 4.18691 4.01209 2.76485 3.89384 2.57085 2.31319 2.57633 2.51611 2.21938 2.18633 1.65793 1.32405 0.658598
threshold=31.500000000000004 3.5000000000000004 0.46565000000000006 1.0000000180025095e-35 4.5000000000000009 16.500000000000004 495.07000000000011 1.0000000180025095e-35 2.5000000000000004 8.5000000000000018 1.4176500000000003 3.5000000000000004 8388.5550000000021 4.5000000000000009 24.500000000000004 135.30000000000004 1.5000000000000002 614.32000000000005 -0.1515 4.5000000000000009 26.500000000000004 3.5000000000000004 1.0000000180025095e-35 9542.2485294117669
decision_type=2 2 2 2 2 2 2 2 2 2 2 2 2 2 2 2 2 2 2 2 2 2 2 2
left_child=1 22 4 20 5 11 -7 15 -9 12 -11 -2 -5 16 19 -6 17 -3 -18 -15 23 -16 -1 -4
right_child=2 13 3 9 7 6 -8 8 -10 10 -12 -13 -14 14 21 -17 18 -19 -20 -21 -22 -23 -24 -25
leaf_value=0.043218054708697412 0 -0.034038669330864843 -0.014645363317524925 -0.010942146726969238 0.0013228786353514752 -0.015203179428865874 0.0030633123582333066 0.0063164642054885011 -0.0028400546844976841 0.038775392714056695 -0.0015395695819157725 -0.035936770482798197 0.029255942709630191 -0.025095171407391738 -0.0012962817422624169 0.036491574024832774 -0.0024962550081841072 0.0091665052859506973 -0.04809484351513843 0 0 0.033637125455005017 -0.0044839666996984483 -0.04552668016197392
leaf_weight=5.4191014799289396 11.736086214892564 3.2953320438973623 7.4922685930505413 14.792601134628059 8.7252311520278472 61.364181773737073 113.58282983023673 245.89861389342695 352.42612593341619 40.253904753364623 9.5319824963808042 26.037605280056596 7.7740192338824263 19.38460208941251 5.2631854969076795 14.399839300662277 4.7140614846721336 7.6976810281630605 12.493884159252044 15.372534142807124 8.00175568833947 5.0727194240316749 0.92663572635501612 6.2078841347247362
leaf_count=261 77 57 53 89 57 413 740 1493 2357 244 65 176 55 150 44 157 59 100 192 165 51 39 14 40
internal_value=-8.6109e-05 -0.0101507 0.000786629 0.0121907 -0.000513327 -0.00754993 -0.00338672 0.00189574 0.000914927 0.023037 0.0311022 -0.0254403 0.0037531 -0.0150904 -0.00660443 0.0247818 -0.0269923 -0.00626123 -0.0376845 -0.0146778 -0.0224407 0.0177118 0.0356489 -0.0332924
internal_weight=1007.86 79.6397 928.225 94.0544 834.171 212.721 174.947 621.45 598.325 72.3525 49.7859 37.7737 22.5666 73.294 45.093 23.1251 28.201 10.993 17.2079 34.7571 21.7019 10.3359 6.34574 13.7002
internal_count=7148 1081 6067 597 5470 1406 1153 4064 3850 453 309 253 144 806 398 214 408 157 251 315 144 83 275 93
is_linear=0
shrinkage=0.05


Tree=136
num_leaves=23
num_cat=0
split_feature=25 18 2 2 3 3 0 13 0 14 0 24 17 10 19 0 9 17 14 17 14 19
split_gain=3.53947 3.70728 3.66014 12.7846 12.617 7.55176 6.22328 8.90693 6.16553 5.6753 5.49671 4.42852 3.2872 5.40582 4.58502 3.39623 3.2667 3.21421 2.92945 2.8486 1.69966 1.65028
threshold=11.500000000000002 466519.27000000008 23.500000000000004 18.500000000000004 1.0000000180025095e-35 3.5000000000000004 129526.86000000002 1.0000000180025095e-35 3223.9550000000004 0.0060500000000000007 607.80500000000006 51.500000000000007 77063.795000000013 593.50000000000011 0.030900000000000004 129526.86000000002 0.17870000000000003 186.22000000000003 0.68835000000000013 88225.98000000001 0.088750000000000009 0.67330000000000012
decision_type=2 2 2 2 2 2 2 2 2 2 2 2 2 2 2 2 2 2 2 2 2 2
left_child=2 12 3 6 10 8 11 -8 -6 21 -4 -1 13 18 -14 -16 -7 -11 -2 -12 -15 -5
right_child=1 -3 4 9 5 16 7 -9 -10 17 19 -13 14 20 15 -17 -18 -19 -20 -21 -22 -23
leaf_value=0.0011147623108518506 -0.0070126530667546337 0.042235170767485578 -0.011209713306163287 -0.0038146341143347525 -0.02816412037130115 0.0046391186321773003 -0.031969751987540582 0.0037541123517536995 -0.0016428741704818156 -0.035257383765754997 0.041974097924359084 0.024979657157903297 0.01912411506919335 0.0039293822486470911 -0.033146869418218462 0.0063661054926709357 0.0309532888251602 -0.014946636836542002 0.026911699543344332 0.0074568187650074225 0.042159827657349963 0.024895206302641984
leaf_weight=508.22498445538804 25.869042197242379 6.0158497514203182 6.4838684871792784 10.577315797097983 31.09175771009177 54.382752809673548 32.35667840577662 33.802110229618847 68.359070134349167 33.005692285485566 29.189715906977654 18.30251313559711 9.3790648728609103 4.8778231516480473 13.361988775432112 6.9709239061921826 13.945612126030026 64.619233271107078 6.2302443617954841 9.5537914577871543 13.357366704382001 6.1941971816122523
leaf_count=3260 187 53 40 71 188 456 253 380 564 232 178 122 54 33 113 75 168 387 84 60 136 54
internal_value=-8.88659e-05 0.00947757 -0.00101314 -0.0027528 0.0046871 -0.00166367 0.000205083 -0.0139963 -0.0104247 -0.0179037 0.0275309 0.00205463 0.00592428 0.013577 -0.00676329 -0.0197955 0.0108795 -0.0224838 0.0004708 0.0344917 0.0338267 0.00777872
internal_weight=1006.15 86.0623 920.089 707.083 213.007 167.779 592.686 66.1588 99.4508 114.396 45.2274 526.527 80.0465 50.3345 29.712 20.3329 68.3284 97.6249 32.0993 38.7435 18.2352 16.7715
internal_count=7148 735 6413 4759 1654 1376 4015 633 752 744 278 3382 682 440 242 188 624 619 271 238 169 125
is_linear=0
shrinkage=0.05


Tree=137
num_leaves=19
num_cat=0
split_feature=4 8 7 0 8 27 6 24 11 27 14 3 21 0 8 10 23 14
split_gain=3.4441 4.21381 4.17905 6.59885 6.39032 6.53155 3.91986 4.96617 4.50581 3.52068 3.32549 3.32183 3.05915 2.54307 2.5787 3.65196 2.22793 0.476166
threshold=1.0000000180025095e-35 0.57655000000000001 3.5000000000000004 287943.00500000006 0.15885000000000002 2.5000000000000004 8.5000000000000018 42.500000000000007 457.50000000000006 9.5000000000000018 0.15800000000000003 3.5000000000000004 437.50000000000006 1886.9800000000002 0.15760000000000005 689.50000000000011 2.5000000000000004 0.24785000000000004
decision_type=2 2 2 2 2 2 2 2 2 2 2 2 2 2 2 2 2 2
left_child=2 13 3 4 10 -6 7 9 12 -4 -1 -10 -8 -2 -15 -16 -9 -5
right_child=1 -3 6 17 5 -7 8 16 11 -11 -12 -13 -14 14 15 -17 -18 -19
leaf_value=-0.026915470930381231 -0.015403473180191926 0.039407625692842091 -0.00084872511523751088 -0.047458471176120003 0.018228313623349538 -0.0046906774382402799 0.032285569715851413 0.023092242709283249 -0.025915778990934907 0.0088712063552409317 -0.004351641681293943 0.0039829017598468465 -0.0052874429187187051 -0.0069252867404172597 0.03665891674033589 -0.0066814183832173239 0.00052978188619207253 -0.014723175953847409
leaf_weight=35.793401937466115 9.7622148152440769 9.5361661035567504 488.82027915259823 7.8141500146593881 40.300710329320282 114.60910474834964 6.6096449652686742 37.294638366438448 34.949985170736909 112.70175493508577 32.507064215838909 11.033896419219671 12.508489368483422 10.005115238949658 12.072645395994188 6.0690861847251645 16.573748638853431 5.3183593200519681
leaf_count=259 51 91 3315 95 269 756 46 368 222 921 217 99 76 69 97 44 103 50
internal_value=-7.03047e-05 0.0127873 -0.000743628 -0.00648985 -0.00423291 0.00136445 0.00114021 0.00232467 -0.0103487 0.000979204 -0.016748 -0.0186662 0.00905641 0.00420098 0.0119029 0.0224397 0.0165969 -0.0385603
internal_weight=1004.28 47.4452 956.835 236.343 223.21 154.91 720.492 655.39 65.102 601.522 68.3005 45.9839 19.1181 37.9091 28.1468 18.1417 53.8684 13.1325
internal_count=7148 352 6796 1646 1501 1025 5150 4707 443 4236 476 321 122 261 210 141 471 145
is_linear=0
shrinkage=0.05


Tree=138
num_leaves=15
num_cat=0
split_feature=9 7 2 2 20 10 13 13 3 19 20 27 16 14
split_gain=3.48769 5.36659 3.50636 4.33177 6.37449 5.21984 9.58415 5.83402 5.05266 3.99486 3.40451 3.55913 1.57466 1.40977
threshold=0.69425000000000014 3.5000000000000004 1.5000000000000002 4.5000000000000009 -0.59639999999999993 1.0000000180025095e-35 1.0000000180025095e-35 1.0000000180025095e-35 1.5000000000000002 0.029850000000000005 -0.20039999999999999 2.5000000000000004 2.5000000000000004 0.17275000000000004
decision_type=2 2 2 2 2 2 2 2 2 2 2 2 2 2
left_child=2 -2 10 4 9 6 -5 -7 -6 -4 11 -1 -13 -12
right_child=1 -3 3 5 8 7 -8 -9 -10 -11 13 12 -14 -15
leaf_value=-0.0015782383489976147 -0.0071081913380415772 0.04307219912007193 0.035430573000509509 0.012574335039062716 -0.037137050393008408 -0.0028884142017829343 -0.034513911891272418 0.0057536419969753793 -0.0091274283770256086 -0.0037059444902183027 0.00730351462308823 0.042564849608751121 0.0097866960409347375 -0.021019054870722878
leaf_weight=10.428072519600393 8.4678377909585834 9.5179913192987442 8.7839673981070536 15.861385668627916 20.244635032955557 424.39321818063036 25.974249759921804 357.44463251065463 72.637931196251884 14.684550085105 6.7041075313463789 13.073899308219554 8.0256783496588451 6.658517456613481
leaf_count=66 54 169 56 356 148 2775 379 2344 467 86 49 85 65 49
internal_value=-6.77639e-05 0.0205995 -0.000496288 -0.00116928 -0.0101148 0.000103685 -0.0166738 0.00105445 -0.0159919 0.0121817 0.0128321 0.0214785 0.0324567 -0.0070576
internal_weight=1002.9 17.9858 984.915 940.025 116.351 823.673 41.8356 781.838 92.8826 23.4685 44.8903 31.5277 21.0996 13.3626
internal_count=7148 223 6925 6611 757 5854 735 5119 615 142 314 216 150 98
is_linear=0
shrinkage=0.05


Tree=139
num_leaves=12
num_cat=0
split_feature=17 0 3 17 25 24 0 27 28 17 11
split_gain=3.38356 4.062 5.79242 3.99975 5.69567 4.34257 5.3197 4.98773 3.91567 1.64769 0.257516
threshold=2652869.0400000005 844344.15000000014 3.5000000000000004 267746.60500000004 9.5000000000000018 13.500000000000002 17661.000000000004 6.5000000000000009 6.5000000000000009 396701.97000000003 924.50000000000011
decision_type=2 2 2 2 2 2 2 2 2 2 2
left_child=1 3 -3 5 8 6 -1 -7 -5 -6 -4
right_child=-2 2 10 4 9 7 -8 -9 -10 -11 -12
leaf_value=-0.0058621730926237377 0.030769328369236987 -0.045468383020751769 0.01337122775362172 0.0041054025425507068 -0.0026110435613163046 0.00033025714252413597 0.0052720139630203595 0.011508754450262081 -0.023112189343372544 0.029949879037662414 -0.00063047435484499649
leaf_weight=320.80178215494379 6.8143715839833012 9.7329677466768771 4.3110807426273823 16.158547611907125 5.1028563268482667 253.49968126462772 158.062499855645 164.79265826800838 50.471938604488969 7.7402363177388906 3.9378335839137435
leaf_count=1997 54 119 44 124 37 1746 1254 1342 333 58 40
internal_value=-6.09467e-05 -0.000343532 -0.0226623 0.000102662 -0.0104944 0.00107377 -0.00215959 0.0047918 -0.0164387 0.0177303 0.00689275
internal_weight=1001.43 994.612 17.9819 976.63 79.4736 897.157 478.864 418.292 66.6305 12.8431 8.24891
internal_count=7148 7094 203 6891 552 6339 3251 3088 457 95 84
is_linear=0
shrinkage=0.05


Tree=140
num_leaves=20
num_cat=0
split_feature=25 23 18 22 25 20 24 21 28 16 21 9 21 26 13 18 16 18 10
split_gain=3.19445 3.71058 6.28926 6.55251 5.73427 6.50816 5.66026 5.56575 6.3903 5.22422 4.97914 4.67509 4.2653 3.9252 3.45949 3.15599 1.08646 1.52896 0.602265
threshold=18.500000000000004 1.5000000000000002 2737.3750000000005 1.0000000180025095e-35 2.5000000000000004 -0.47364999999999996 4.5000000000000009 43127.500000000007 4.5000000000000009 1.5000000000000002 138467.50000000003 0.00055000000000000003 104.50000000000001 5.5000000000000009 1.0000000180025095e-35 151516.49500000002 2.5000000000000004 64057.635000000009 624.50000000000011
decision_type=2 2 2 2 2 2 2 2 2 2 2 2 2 2 2 2 2 2 2
left_child=1 2 3 9 5 13 18 8 -4 -1 -8 -9 -5 -3 -7 16 -2 -18 -6
right_child=15 4 7 12 6 14 10 11 -10 -11 -12 -13 -14 -15 -16 -17 17 -19 -20
leaf_value=-0.002170178508957126 0.00045987784481613889 0.018310857525259409 -0.0063543734320310255 0.010359244722814276 -0.039652658618900508 0.0042429887098889901 -0.0038376437056449244 -0.0081272430722873542 0.01538562112057359 0.030892381944535648 -0.029870237475650843 0.0096496189078094877 -0.026530740912055862 -0.020404663498252727 0.030390184918038545 -0.0078959503977286318 0.04817251942823457 0.0083412667925222249 -0.010473588201341298
leaf_weight=198.44246457051486 3.5069216508418384 6.7905306145548847 40.020426218397915 8.0059383623301965 13.104910919442775 27.752577852457762 235.49207202345133 93.726409122347832 172.31279981369153 10.701534632593392 18.235030271112919 58.087043817853555 41.195159588940442 23.81278559518978 24.38397931586951 7.0569847933948031 7.0757776377722603 5.5957583533599973 5.2588301673531523
leaf_count=1420 22 42 305 55 102 171 1529 586 1499 76 127 399 237 159 171 57 94 61 36
internal_value=-5.50135e-05 -0.000517434 0.00179628 -0.00412898 -0.0045918 0.00675378 -0.00810246 0.00602688 0.0112204 -0.000154469 -0.00596665 -0.0012234 -0.0201626 -0.0109111 0.0173275 0.0174984 0.0287755 0.0347994 -0.033637
internal_weight=1000.56 977.322 622.492 258.345 354.831 82.7399 272.091 364.147 212.333 209.144 253.727 151.813 49.2011 30.6033 52.1366 23.2354 16.1785 12.6715 18.3637
internal_count=7148 6914 4577 1788 2337 543 1794 2789 1804 1496 1656 985 292 201 342 234 177 155 138
is_linear=0
shrinkage=0.05


Tree=141
num_leaves=17
num_cat=0
split_feature=9 8 8 9 10 22 16 17 23 2 0 2 24 18 9 14
split_gain=3.16756 4.53138 3.64129 6.4198 8.07457 4.54027 23.1121 7.76036 10.7967 5.91069 4.60237 3.62224 3.27293 3.17072 2.58079 1.34512
threshold=0.69425000000000014 0.023950000000000003 0.50385000000000013 0.10125000000000002 80.500000000000014 1.5000000000000002 3.5000000000000004 3592.3150000000005 2.5000000000000004 1.5000000000000002 879.91500000000008 16.500000000000004 21.500000000000004 26667.075000000004 0.024350000000000004 0.18155000000000002
decision_type=2 2 2 2 2 2 2 2 2 2 2 2 2 2 2 2
left_child=2 -2 5 4 14 6 9 10 -9 -1 -7 -6 15 -8 -4 -5
right_child=1 -3 3 12 11 7 13 8 -10 -11 -12 -13 -14 -15 -16 -17
leaf_value=0.020184744482867414 0.042096370184102658 -0.0043866826616778638 -0.033590281391925846 -0.043263734125309344 0 -0.0056432629525737755 0.051459939839565538 0.0036627287929248986 -0.019593573197493858 -0.0027497055831313798 -0.042671415243128528 0.028721202368211587 0.0080841577111482495 0.017665788518555939 0.01007169665367743 -0.0055574213361379932
leaf_weight=27.529457081574947 8.6275542527437228 8.9971532933413965 8.0908995603676868 6.515565777197482 14.735171547159551 15.707572817802427 20.289922650437802 162.35374701581895 69.497053187340498 554.85813038120978 20.223589915782213 48.873840015381575 7.4154106853529802 16.241399484686553 3.5162111427634946 5.1466526538133621
leaf_count=183 164 59 121 47 80 96 270 1238 446 3655 119 319 54 198 52 47
internal_value=-4.98159e-05 0.0198291 -0.000456754 0.00876503 0.0153599 -0.00146619 0.000876339 -0.00688386 -0.00337352 -0.00158311 -0.027899 0.0223968 -0.0157521 0.0383918 -0.0200923 -0.030605
internal_weight=998.619 17.6247 980.995 94.2938 75.2161 886.701 618.919 267.782 231.851 582.388 35.9312 63.609 19.0776 36.5313 11.6071 11.6622
internal_count=7148 223 6925 720 572 6205 4306 1899 1684 3838 215 399 148 468 173 94
is_linear=0
shrinkage=0.05


Tree=142
num_leaves=28
num_cat=0
split_feature=24 27 7 9 0 9 8 9 25 10 10 7 23 11 11 18 28 0 28 10 11 11 11 8 17 28 17
split_gain=3.12449 3.66479 6.42124 6.07914 5.66626 4.72526 6.27713 6.03043 5.84763 3.75335 6.35062 3.64003 3.58509 5.83984 6.50846 7.76961 4.90535 3.34192 3.30092 3.19682 5.28381 3.25802 2.63084 3.69509 2.92939 2.16969 0.342929
threshold=6.5000000000000009 5.5000000000000009 3.5000000000000004 0.08950000000000001 1407.1200000000001 0.54885000000000017 0.50385000000000013 0.083100000000000021 11.500000000000002 835.50000000000011 873.50000000000011 1.5000000000000002 1.5000000000000002 1458.5000000000002 1764.5000000000002 57625.855000000003 10.500000000000002 126.47000000000001 16.500000000000004 707.50000000000011 943.50000000000011 980.50000000000011 528.50000000000011 0.24095000000000003 29036.595000000005 6.5000000000000009 98512.775000000009
decision_type=2 2 2 2 2 2 2 2 2 2 2 2 2 2 2 2 2 2 2 2 2 2 2 2 2 2 2
left_child=12 5 3 4 -3 6 8 -8 -2 17 -11 -7 13 19 16 -16 -15 -4 -5 20 -1 -21 24 25 -14 -24 -13
right_child=1 2 9 18 -6 11 7 -9 -10 10 -12 26 22 14 15 -17 -18 -19 -20 21 -22 -23 23 -25 -26 -27 -28
leaf_value=0.0028238808784912237 -0.0079309214248367912 -0.017839854843864734 -0.016840753284578024 -0.0097133108627747659 0.014624857315355615 -0.010517935792736278 0.02973424774043365 -0.012942153746907768 0.012972387786775503 0.056345991948669044 0.005855746923631523 0.047937755261231937 0.022092973277438921 0.0043917431925199965 -0.015846776457631741 0.032342163882446366 0.041639330278841133 0.0089058240056459834 -0.043677338544901412 -0.027286004500849864 -0.018278291175364808 0.0019848065901684818 -0.0011505020186364167 0.0049768004431785251 -0.019509588790219658 -0.040811821838175583 0.013176195694442561
leaf_weight=104.07482760166749 267.72703096736223 17.639285821001977 11.334625255316494 24.933772992808372 40.119176365202293 3.9227901585400096 24.031695743091404 10.380007641389964 36.046595338732004 9.2954087248072046 16.231007542461157 5.862039871979503 6.5144200529903156 18.066386148799211 32.028532847762108 9.0544940615072829 17.882327134720981 210.00307458406314 9.9247414050623757 29.336078790016472 38.997395534534007 12.398130905814467 4.9106258591637078 6.9602482207119456 6.3617203533649445 18.720710151828825 4.0753109939396381
leaf_count=774 1740 109 67 175 297 23 189 72 279 70 115 70 44 122 200 60 121 1678 74 185 266 77 43 45 46 148 59
internal_value=-4.33697e-05 0.00180627 0.00550505 -0.00556805 0.00427764 -0.00174321 -0.00300371 0.0165828 -0.00534915 0.00971094 0.0273631 0.0248827 -0.00424988 -0.00194051 0.0094177 -0.00398571 0.0244017 0.00740357 -0.0215 -0.00677856 -0.00303173 -0.0186687 -0.0172437 -0.0248226 0.00100665 -0.0336932 0.0391157
internal_weight=996.832 691.527 339.481 92.617 57.7585 352.045 338.185 34.4117 303.774 246.864 25.5264 13.8601 305.306 261.838 77.0317 41.083 35.9487 221.338 34.8585 184.806 143.072 41.7342 43.4677 30.5916 12.8761 23.6313 9.93735
internal_count=7148 5017 2585 655 406 2432 2280 261 2019 1930 185 152 2131 1805 503 260 243 1745 249 1302 1040 262 326 236 90 191 129
is_linear=0
shrinkage=0.05


Tree=143
num_leaves=21
num_cat=0
split_feature=10 11 1 18 9 0 6 21 18 16 28 11 20 28 0 14 20 28 13 27
split_gain=3.09884 6.72932 4.4101 3.81596 6.50891 14.9263 7.96437 4.41462 6.34542 5.77842 3.34579 5.38516 8.20677 8.01208 3.07972 3.92419 2.01298 2.72919 1.20017 0.449711
threshold=40.500000000000007 3.5000000000000004 1.0000000180025095e-35 8437.1100000000024 0.013350000000000002 2058.5500000000006 3.5000000000000004 1099.0000000000002 156529.45000000004 2.5000000000000004 4.5000000000000009 603.50000000000011 -1.0000000180025095e-35 16.500000000000004 6929.6650000000009 0.02145 -0.33314999999999995 1.0000000180025095e-35 1.0000000180025095e-35 7.5000000000000009
decision_type=2 2 2 2 2 2 2 2 2 2 2 2 2 2 2 2 2 2 2 2
left_child=1 18 14 4 6 -6 -4 9 -9 -5 16 13 -13 -12 15 -2 -3 -18 -1 -17
right_child=2 10 3 7 5 -7 -8 8 -10 -11 11 12 -14 -15 -16 19 17 -19 -20 -21
leaf_value=0.042137407210181284 -0.0079790838168670129 0 -0.024970860891597259 0.02339440584914387 -0.035531288962538952 0.0023320257678973787 0.004134567419598 0.0042300972501295745 -0.0092431566484442573 0.00322183752012959 0.0048824032033346759 -0.014057350970314126 0.032333608238117643 -0.059531982870266759 -0.0071219125964706829 0.046983908993221697 0 -0.041662687307825352 -0.0039444381967682195 0.014425937179454569
leaf_weight=5.102578528225421 4.3913791514933171 5.4779975814744857 24.619087193161249 49.598657295107841 44.47287530824542 57.619023651815951 197.74760686699301 259.86030877800658 129.09870220534503 121.29659989569336 8.8228732747957128 20.146821998991072 14.66949183680117 7.3998249545693389 6.4190136855468145 10.669414508156477 5.1556546664796796 17.107148866634816 0.89391289744526137 4.8905088268220416
leaf_count=261 29 61 144 326 274 390 1193 1638 801 1008 78 181 122 66 45 112 84 270 14 51
internal_value=-3.4461e-05 -0.00907308 0.000814033 0.000179678 -0.00410784 -0.0144316 0.000673756 0.00268805 -0.000240617 0.00933722 -0.0133102 -0.00507342 0.00591203 -0.0272599 0.020222 0.0293223 -0.0267682 -0.0329504 0.0347489 0.0401289
internal_weight=995.459 84.7763 910.683 884.313 324.459 102.092 222.367 559.854 388.959 170.895 78.7798 51.039 34.8163 16.2227 26.3703 19.9513 27.7408 22.2628 5.99649 15.5599
internal_count=7148 1137 6011 5774 2001 664 1337 3773 2439 1334 862 447 303 144 237 192 415 354 275 163
is_linear=0
shrinkage=0.05


Tree=144
num_leaves=20
num_cat=0
split_feature=4 8 11 2 2 0 2 2 0 9 10 20 14 0 0 11 10 0 16
split_gain=3.09282 3.84482 4.31706 3.57172 13.0379 10.7445 15.0119 7.00715 5.7428 11.9077 5.7011 4.94572 4.70898 3.80284 3.74291 1.88618 1.75542 3.01392 1.2378
threshold=1.0000000180025095e-35 0.15760000000000005 1764.5000000000002 23.500000000000004 18.500000000000004 3123.2650000000008 25.500000000000004 25.500000000000004 651.68000000000018 0.012250000000000002 40.500000000000007 -0.50534999999999985 0.0060500000000000007 461.49500000000006 21126.940000000006 611.50000000000011 741.50000000000011 2133.3400000000006 1.5000000000000002
decision_type=2 2 2 2 2 2 2 2 2 2 2 2 2 2 2 2 2 2 2
left_child=3 18 16 4 8 7 11 13 9 -1 -10 -7 15 -5 -14 -6 17 -3 -2
right_child=1 2 -4 5 12 6 -8 -9 10 -11 -12 -13 14 -15 -16 -17 -18 -19 -20
leaf_value=0.017832864425565677 -0.021930987231511975 0.0024649809489766996 -0.014890693917165862 -0.037919967361697671 -0.010945497617771359 -0.0033181368938707528 -0.042935373252865568 0.018366553000245631 -0.019236156154189776 -0.017984388835855084 -0.00011615960141469247 0.019799947140339596 -0.027474611480077224 -0.0090741187660104295 -0.0072065452303121547 0.019266579868930753 0.00098948016152240205 0.044878376208324827 0.0048181692438478505
leaf_weight=101.93935837876052 6.6707055475562793 6.4236510843038621 5.3612243365496388 18.082865606062114 6.9149279352277544 26.742559337057173 9.7622136957943422 12.969603419303892 41.070891577750444 27.871572801843286 423.29932557139546 125.74869268620387 70.524460012093186 33.728295229375362 38.092386089265347 10.005714928731321 5.5581554220989338 16.203722992911935 6.5211119595915079
leaf_count=661 40 32 43 100 63 225 54 77 548 193 2709 1191 436 210 264 65 42 147 48
internal_value=-3.4834e-05 0.0122384 0.0209747 -0.000675791 -0.00241006 0.00475137 0.0116225 -0.0121413 0.000685016 0.00991052 -0.0019039 0.0156905 -0.0169188 -0.0203628 -0.0207157 0.00653946 0.0286626 0.0344218 -0.00915631
internal_weight=993.491 46.7386 33.5468 946.753 719.719 227.034 162.253 64.7808 594.181 129.811 464.37 152.491 125.537 51.8112 108.617 16.9206 28.1855 22.6274 13.1918
internal_count=7148 352 264 6796 4939 1857 1470 387 4111 854 3257 1416 828 310 700 128 221 179 88
is_linear=0
shrinkage=0.05


Tree=145
num_leaves=12
num_cat=0
split_feature=17 0 3 17 21 25 21 2 25 11 21
split_gain=3.09474 3.74754 5.42671 3.58156 5.43624 5.89488 3.68654 4.80686 4.67277 3.47523 0.536673
threshold=2652869.0400000005 844344.15000000014 3.5000000000000004 267746.60500000004 1169.5000000000002 10.500000000000002 131067.50000000001 1.5000000000000002 1.5000000000000002 1730.5000000000002 5431.0000000000009
decision_type=2 2 2 2 2 2 2 2 2 2 2
left_child=1 3 -3 6 9 -6 7 -1 -8 -5 -4
right_child=-2 2 10 4 5 -7 8 -9 -10 -11 -12
leaf_value=0.020036001681786389 0.029610578726727288 -0.044499762791906955 -0.0037298392088704435 0.017252142632472395 -0.025869762620837452 0.019088442319512896 0.003784864591199557 0.0015996321209478732 -0.013108126332039879 -0.02143656254833394 0.01694411399867336
leaf_weight=35.464461095631123 6.7143372986465684 9.3988928922917694 4.1999593013897538 21.003334611654285 44.920914537273347 6.8698331899940959 70.439114903798327 691.31277502095327 91.225160302594304 5.7199372407048932 3.9370158752426505
leaf_count=253 54 119 47 157 309 46 523 4984 579 40 37
internal_value=-4.33386e-05 -0.00031534 -0.0219993 0.000112177 -0.00997533 -0.0192323 0.00103527 0.00256551 -0.00573024 0.00770692 0.00665609
internal_weight=991.206 984.491 17.5359 966.956 78.514 51.7907 888.442 726.777 161.664 26.7233 8.13698
internal_count=7148 7094 203 6891 552 355 6339 5237 1102 197 84
is_linear=0
shrinkage=0.05


Tree=146
num_leaves=22
num_cat=0
split_feature=23 25 11 20 10 11 11 3 11 14 18 11 28 28 29 14 11 20 18 9 15
split_gain=2.97888 5.77525 4.33224 3.98167 3.87716 3.54179 6.5609 4.55024 3.82979 4.22872 3.48291 3.1767 2.88968 2.56344 2.08173 1.79575 1.63193 1.23909 1.2118 1.16077 0.563377
threshold=3.5000000000000004 11.500000000000002 1648.5000000000002 -0.44464999999999993 678.50000000000011 1813.5000000000002 2102.5000000000005 1.5000000000000002 1499.5000000000002 0.088750000000000009 2737.3750000000005 753.50000000000011 13.500000000000002 13.500000000000002 4.5000000000000009 0.12745000000000004 867.50000000000011 -0.26694999999999997 112070.36500000001 0.025950000000000004 2.5000000000000004
decision_type=2 2 2 2 2 2 2 2 2 2 2 2 2 2 2 2 2 2 2 2 2
left_child=1 5 11 13 12 8 7 -7 10 -10 -1 14 -5 16 18 -8 -3 -6 -2 -4 -13
right_child=2 3 19 4 17 6 15 -9 9 -11 -12 20 -14 -15 -16 -17 -18 -19 -20 -21 -22
leaf_value=-0.0061518029217240535 -0.029531062990320447 0.026630660947571817 0.024167618328496107 0.010655028466758728 0.0052429451369573514 0.0053757082924582068 0 -0.018070117336542402 -0.0041993356345451363 0.015851434114249507 0.0017689783690019061 -0.042983047191338851 -0.016374949334819137 0.048684396529487819 0.014370003158388035 0.034957608667740107 -0.0080925080372701366 0.039091303618566192 0 -0.0025179424216428461 -0.013791377331607048
leaf_weight=200.74250675365329 6.0330678205937165 4.5822028331458586 6.3292515706270915 17.736330985091627 5.9155496014282107 25.446743997279555 6.0958746187388879 83.986892615910619 37.611062032170594 75.876775930635631 435.79156901338138 10.52666403539479 17.596797967329621 9.8366972357034665 6.6466834768652907 7.8372228434309363 4.9103315891698003 7.2305333865806443 6.9429045282304287 6.1480925716459751 6.3603084087371817
leaf_count=1410 37 41 40 172 53 172 40 554 237 533 3186 74 164 92 39 64 40 71 47 42 40
internal_value=-4.01676e-05 0.000586159 -0.011821 0.0144303 0.00597729 -0.000507768 -0.00829426 -0.0125299 0.000778342 0.00916216 -0.000724767 -0.0203455 -0.0026948 0.0326139 -0.00507638 0.0217424 0.00951631 0.0272238 -0.0162939 0.0117965 -0.0351424
internal_weight=990.184 941.197 48.987 67.8084 48.4792 873.389 123.367 109.434 750.022 113.488 636.534 36.5096 35.3331 19.3292 19.6227 13.9331 9.49253 13.1461 12.976 12.4773 16.887
internal_count=7148 6829 319 633 460 6196 830 726 5366 770 4596 237 336 173 123 104 81 124 84 82 114
is_linear=0
shrinkage=0.05


Tree=147
num_leaves=21
num_cat=0
split_feature=3 0 2 6 8 18 28 20 24 10 2 2 2 27 3 18 3 1 8 29
split_gain=2.99485 7.41976 7.6086 4.39669 7.21854 4.30429 3.96147 4.17704 3.92145 7.24494 3.49285 14.6787 6.71135 3.4237 3.0159 2.95715 2.51486 1.99322 1.8913 1.23689
threshold=3.5000000000000004 184177.36000000002 22.500000000000004 8.5000000000000018 0.5081500000000001 307651.18000000011 22.500000000000004 0.86025000000000007 21.500000000000004 733.50000000000011 18.500000000000004 22.500000000000004 17.500000000000004 9.5000000000000018 1.0000000180025095e-35 20307.415000000005 4.5000000000000009 3.5000000000000004 0.061850000000000009 4.5000000000000009
decision_type=2 2 2 2 2 2 2 2 2 2 2 2 2 2 2 2 2 2 2 2
left_child=1 3 5 8 15 19 7 10 13 -10 12 -12 -2 -1 -4 -5 18 -16 -9 -3
right_child=6 2 14 4 -6 -7 -8 16 9 -11 11 -13 -14 -15 17 -17 -18 -19 -20 -21
leaf_value=-0.0037674610064708349 0.0047025736212948539 -0.049578954997123004 0.024843702397155869 -0.032806819600682706 0.028795051824887646 0.00084711028226703081 -0.024993089374315752 0.036229330062876035 0.0015465730805853594 0.025063210071622571 -0.040476633652855393 0.0068662063393185565 0.045343915396422435 0.0073603392249721265 0.0075835578919253039 -0.0079840518219723676 -0.008708718162093251 -0.025493416181263762 0.004665497690109357 -0.018022556291514696
leaf_weight=342.25584594486281 133.80036832438782 18.203641948290173 8.1588370781391877 22.389403166249394 7.0137233212590209 6.8984707491472355 8.8959915898740274 18.459788593463607 138.77029015426524 41.438443447928876 19.634632170200348 64.94267806597054 9.1790554560720903 84.160103905014694 6.91922838706523 29.862591832876205 4.1480918019078663 7.273292301222682 8.0471872594207507 8.9727919488213939
leaf_count=2159 1044 222 60 142 43 60 74 230 994 247 114 635 70 568 46 185 28 50 84 93
internal_value=-2.81757e-05 -0.00171147 -0.0187977 -0.000196687 -0.0129759 -0.0330395 0.00446554 0.00570319 0.00107392 0.00722478 0.00322125 -0.00469008 0.00797019 -0.00152376 0.00343368 -0.019622 0.0224951 -0.00980505 0.0279973 -0.0414524
internal_weight=989.424 722.317 56.4263 665.89 59.2657 34.0749 267.108 258.212 606.625 180.209 227.557 84.5773 142.979 426.416 22.3514 52.252 30.6551 14.1925 26.507 27.1764
internal_count=7148 4869 531 4338 370 375 2279 2205 3968 1241 1863 749 1114 2727 156 327 342 96 314 315
is_linear=0
shrinkage=0.05


Tree=148
num_leaves=26
num_cat=0
split_feature=29 24 21 27 9 9 2 8 14 17 18 18 21 17 28 18 27 21 2 9 14 24 20 24 14
split_gain=2.84902 3.87224 4.96996 4.9083 5.59379 5.02588 4.58142 4.43892 3.95814 3.80021 3.6 3.76192 3.59407 3.47619 3.79642 4.92402 3.68658 6.38299 3.4927 5.09758 2.53873 4.41267 3.07593 0.854936 0.611121
threshold=5.5000000000000009 6.5000000000000009 17170.500000000004 6.5000000000000009 0.18155000000000002 0.69425000000000014 1.5000000000000002 0.023950000000000003 0.088750000000000009 13861.495000000001 322286.88000000006 192039.58500000005 131067.50000000001 52457.285000000011 19.500000000000004 9515.2450000000008 7.5000000000000009 281.00000000000006 15.500000000000002 0.051850000000000007 0.1973 18.500000000000004 -0.45754999999999996 36.500000000000007 0.13910000000000003
decision_type=2 2 2 2 2 2 2 2 2 2 2 2 2 2 2 2 2 2 2 2 2 2 2 2 2
left_child=1 2 6 5 9 12 -1 -6 -8 -5 11 -4 -3 14 20 -16 18 -18 -15 -20 21 -2 -22 -7 -19
right_child=13 3 10 4 7 23 8 -9 -10 -11 -12 -13 -14 16 15 -17 17 24 19 -21 22 -23 -24 -25 -26
leaf_value=0.031567355902291448 0.00063364214428899537 -0.0014146794947162576 -0.015160380818021554 0.01580695421128658 0.0063056775873427187 0.043433242989475963 0.016946238203563665 -0.026140389321539212 -0.0064200242328666529 0.0014445778985522654 -0.042120237223246648 0.020687179185181787 -0.015041893389838582 -0.036263078070789406 -0.03157202063339995 0.015943973747124487 -0.026785919531218207 0.010255910588690185 0.022422079994441096 -0.027529431142753837 0 0.027259451785656821 0.037064337717835551 0.0069751098226255824 0.040006000134103527
leaf_weight=7.9370629424229255 51.967063135933131 278.92386456299573 66.5619491210673 114.83957760641351 18.823899300768971 4.383066055364905 18.706214882433414 19.367889639921486 138.20402135117911 79.443989678286016 10.190255666151641 6.2244837917387477 57.283440633676946 10.852556095458569 9.5444752257317322 8.3128441208973509 5.5395317301154163 5.8777460306882841 8.8063429724425095 7.6601670365780583 7.2011619750410345 20.785756967030466 19.062254962977022 4.3983984095975757 6.5580252278596163
leaf_count=49 391 1918 472 759 183 70 116 146 962 566 72 40 390 72 55 54 49 33 60 61 102 141 297 41 49
internal_value=-2.69136e-05 -0.00123087 -0.00643763 0.0010009 0.00659888 -0.00275884 -0.0012918 -0.0103816 -0.00339324 0.0100596 -0.016272 -0.0114898 -0.00384129 0.00597959 0.0105167 -0.00957101 -0.00546574 0.0110743 -0.0167028 -0.000738538 0.0143562 0.00890031 0.0274166 0.0307812 0.0300064
internal_weight=987.456 825.288 247.824 577.464 232.475 344.989 164.847 38.1918 156.91 194.284 82.9767 72.7864 336.207 162.168 116.874 17.8573 45.2944 17.9753 27.3191 16.4665 99.0162 72.7528 26.2634 8.78146 12.4358
internal_count=7148 5784 1711 4073 1654 2419 1127 329 1078 1325 584 512 2308 1364 1040 109 324 131 193 121 931 532 399 111 82
is_linear=0
shrinkage=0.05


Tree=149
num_leaves=17
num_cat=0
split_feature=25 23 25 20 21 22 18 0 2 10 29 10 6 19 20 19
split_gain=3.87811 3.08892 4.71777 5.84302 5.25391 8.21426 4.63318 6.39 9.04488 5.948 5.60995 6.43854 4.15906 2.96085 2.29702 1.92921
threshold=1.0000000180025095e-35 1.5000000000000002 2.5000000000000004 -0.51084999999999992 138467.50000000003 1.0000000180025095e-35 4930.1766666666672 13826.700000000003 22.500000000000004 217.50000000000003 1.5000000000000002 671.50000000000011 3.5000000000000004 0.011250000000000001 0.76785000000000003 0.5949500000000002
decision_type=2 2 2 2 2 2 2 2 2 2 2 2 2 2 2 2
left_child=-1 6 3 13 5 -4 10 9 -9 -8 11 -2 -12 -3 -5 -6
right_child=1 2 4 14 15 -7 7 8 -10 -11 12 -13 -14 -15 -16 -17
leaf_value=-0.036181427276995082 -0.0036150225638717608 0.011288952439650446 0.017804488272609376 0.019836619249196094 -0.039791650386507116 -0.0078366550934414435 0.034185420800681592 -0.0086762078728371949 0.016517640855272193 0.0088004695366876006 -0.016601691269014531 -0.034297041284154527 0.0047224765401998152 -0.023293624559571551 -0.0065385390153487157 -0.0034030615825949443
leaf_weight=5.3614320335909715 57.798886413685977 7.2631042078137424 33.966461879201233 48.711387697607279 13.463636033236982 231.13804233726114 27.166410194942728 108.68664199486375 50.497558385599405 134.95080943219364 23.881453955546021 23.198168871924281 188.89835147093982 17.077003464102745 8.219429908320306 6.1168779246509066
leaf_count=278 384 46 215 293 92 1593 250 807 591 838 146 135 1257 105 67 51
internal_value=-1.62863e-05 0.000244396 -0.00337074 0.00707715 -0.00641681 -0.00440523 0.00241547 0.00655454 -0.000516208 0.01348 -0.00209131 -0.0131378 0.00215028 -0.0125209 0.0157663 -0.0302563
internal_weight=986.396 981.034 365.956 81.2709 284.685 265.105 615.078 321.301 159.184 162.117 293.777 80.9971 212.78 24.3401 56.9308 19.5805
internal_count=7148 6870 2462 511 1951 1808 4408 2486 1398 1088 1922 519 1403 151 360 143
is_linear=0
shrinkage=0.05


Tree=150
num_leaves=19
num_cat=0
split_feature=4 8 23 25 11 20 14 2 20 2 11 16 28 17 17 8 14 15
split_gain=2.87738 3.68935 3.51766 5.00891 4.66185 3.7275 3.36356 3.24592 10.0439 7.99491 2.87188 2.49894 2.42246 2.14322 3.21751 2.99015 0.85566 0.3867
threshold=1.0000000180025095e-35 0.57655000000000001 3.5000000000000004 11.500000000000002 1667.5000000000002 -0.44464999999999993 0.069450000000000026 23.500000000000004 -0.51829999999999987 18.500000000000004 687.50000000000011 5.5000000000000009 13.500000000000002 119982.3 5194.6900000000014 0.15760000000000005 0.15800000000000003 2.5000000000000004
decision_type=2 2 2 2 2 2 2 2 2 2 2 2 2 2 2 2 2 2
left_child=2 13 3 7 10 12 -7 9 -9 -1 11 -4 -5 14 15 -2 -16 -12
right_child=1 -3 4 5 -6 6 -8 8 -10 -11 17 -13 -14 -15 16 -17 -18 -19
leaf_value=-0.00016723164785463411 -0.014996180620044975 0.037411745850390483 0.011083571845661902 0.008463071757601609 0.011684933427155292 -0.021574793778509585 0.011162039214733351 -0.015903843148323726 0.010490195945280882 -0.015055603800996645 -0.043339255835774221 -0.02319106089502998 0.0469450291448981 0.027244878299334332 -0.035899959417509099 0.021525301275371979 -0.005181291034625589 -0.015704440861911285
leaf_weight=519.54430399043486 6.5178130958229366 9.0415974548086506 8.5256144385784882 9.2175461398437637 11.591276427730916 7.6599900405853978 38.501939291600138 44.545848180539906 156.3629290307872 107.48262810148299 10.906946701928975 8.5855301655828935 9.4090050570666772 5.8690177500247946 4.2567266300320608 14.287299007177351 6.2673972463235259 6.6997782103717318
leaf_count=3564 40 91 54 78 75 54 379 323 1287 717 79 54 91 40 29 89 63 41
internal_value=-2.37848e-05 0.0118756 -0.000644356 5.55003e-05 -0.0137866 0.0132389 0.0048518 -0.000993505 0.0044897 -0.00277499 -0.0227364 -0.00621775 0.0310537 0.00382141 -0.00163813 0.00933362 -0.0221534 -0.0360082
internal_weight=985.273 46.2399 939.033 892.724 46.3091 64.7885 46.1619 827.936 200.909 627.027 34.7179 17.1111 18.6266 37.1983 31.3292 20.8051 10.5241 17.6067
internal_count=7148 352 6796 6493 303 602 433 5891 1610 4281 228 108 169 261 221 129 92 120
is_linear=0
shrinkage=0.05


Tree=151
num_leaves=12
num_cat=0
split_feature=17 0 3 17 21 25 24 22 27 11 21
split_gain=2.85652 3.40803 4.84742 3.2948 4.93675 5.23632 3.24232 4.6245 3.76825 3.19234 0.525652
threshold=2652869.0400000005 844344.15000000014 3.5000000000000004 267746.60500000004 1169.5000000000002 10.500000000000002 13.500000000000002 1.5000000000000002 6.5000000000000009 1730.5000000000002 681.00000000000011
decision_type=2 2 2 2 2 2 2 2 2 2 2
left_child=1 3 -3 6 9 -6 7 -1 -8 -5 -4
right_child=-2 2 10 4 5 -7 8 -9 -10 -11 -12
leaf_value=0.00083709466618371348 0.028625877526828894 -0.042998991375687801 -0.0048765668852973039 0.016508377418284089 -0.02477815478355087 0.017787774450870399 0.00033601064063390181 -0.010950438393888096 0.010146075560408158 -0.02064550008523321 0.015639834228052416
leaf_weight=366.37730394792743 6.6182364709675303 9.0105951356235892 3.81367970071733 20.814664450474087 44.403597756288946 6.7912126015871754 249.37385234236717 105.1286405660212 161.70153833553195 5.6917486134916535 4.2255750587210059
leaf_count=2528 54 119 42 157 309 46 1746 723 1342 40 42
internal_value=-2.29793e-05 -0.000285257 -0.02123 0.000119577 -0.0096057 -0.0184871 0.00100686 -0.00180513 0.00424957 0.00729075 0.00587854
internal_weight=983.951 977.332 17.0498 960.283 77.7012 51.1948 882.581 471.506 411.075 26.5064 8.03925
internal_count=7148 7094 203 6891 552 355 6339 3251 3088 197 84
is_linear=0
shrinkage=0.05


Tree=152
num_leaves=21
num_cat=0
split_feature=10 11 1 8 13 9 19 23 9 11 0 9 0 2 0 21 16 20 13 20
split_gain=2.69596 6.38858 4.219 4.17108 13.0912 5.7942 3.95119 3.57029 3.00905 6.97112 6.39948 4.07032 2.69631 3.58429 2.68586 2.32176 1.76758 1.235 1.09071 0.583358
threshold=31.500000000000004 3.5000000000000004 1.0000000180025095e-35 0.46565000000000006 1.0000000180025095e-35 0.76240000000000008 1.0514000000000003 2.5000000000000004 0.016750000000000004 652.50000000000011 6194.7250000000013 0.058350000000000006 6929.6650000000009 16.500000000000004 607.80500000000006 20107.000000000004 13.500000000000002 -0.35594999999999993 1.0000000180025095e-35 -0.61294999999999988
decision_type=2 2 2 2 2 2 2 2 2 2 2 2 2 2 2 2 2 2 2 2
left_child=1 18 12 5 15 7 -6 -4 14 10 -10 -11 13 19 -3 -5 -7 -16 -1 -2
right_child=2 8 3 4 6 16 -8 -9 9 11 -12 -13 -14 -15 17 -17 -18 -19 -20 -21
leaf_value=0.041237068008736812 0.011233908058536189 0.0073832945890182208 -0.0002606359965948597 -0.033714739212461521 0.026809404629502966 0.041875376712001949 -0.0007458627325173388 -0.010197518422995679 -0.069120024262711674 -0.015232805372690878 0.0015428218735563312 0.031305593312056783 -0.0055141738754309298 -0.0048715999122536111 -0.042002480775305953 0 0 -0.017783969756625637 -0.0034217375942460285 0.046563846238913277
leaf_weight=4.9173935765866181 3.947889935225251 5.4599139168858519 677.66590745700523 13.708812633529307 53.810818578116596 8.127937794197349 15.915474119596182 102.7603670861572 3.7166804224252719 5.0866836141794947 6.4955594795756042 12.929051382001488 6.5487127713859072 5.0317185409367076 9.9947992041707021 6.9553923038765779 2.7676835237070909 26.164748942712322 0.85398373100906599 10.455001475289466
leaf_count=261 47 46 4441 87 336 113 110 630 29 76 98 116 46 34 104 54 57 337 14 112
internal_value=-2.20922e-05 -0.00897648 0.000730987 0.000112706 0.0101771 -0.00104707 0.0205349 -0.00160455 -0.0135319 -0.000417402 -0.0304637 0.0174569 0.0198467 0.028576 -0.0217704 -0.0230596 0.0321641 -0.0265908 0.0341622 0.0400399
internal_weight=983.315 75.6188 907.696 881.712 90.3905 791.322 69.7263 780.426 69.8474 28.228 10.2122 18.0157 25.9833 19.4346 41.6195 20.6642 10.8956 36.1595 5.77138 14.4029
internal_count=7148 1081 6067 5828 587 5241 446 5071 806 319 127 192 239 193 487 141 170 441 275 159
is_linear=0
shrinkage=0.05


Tree=153
num_leaves=15
num_cat=0
split_feature=5 24 11 11 11 21 24 3 18 18 2 24 0 0
split_gain=2.8383 5.15475 3.11876 3.86947 5.39088 9.13064 4.15 3.82067 4.18362 3.80857 2.44061 2.49873 2.8508 1.27208
threshold=1.0000000180025095e-35 28.500000000000004 2102.5000000000005 1845.5000000000002 1499.5000000000002 39086.500000000007 7.5000000000000009 1.5000000000000002 2132.5100000000007 2843.7550000000006 8.5000000000000018 3.5000000000000004 7809.3700000000008 33023.985000000008
decision_type=2 2 2 2 2 2 2 2 2 2 2 2 2 2
left_child=1 10 3 4 6 -6 -2 8 -5 -9 -1 -12 -13 -4
right_child=2 -3 13 7 5 -7 -8 9 -10 -11 11 12 -14 -15
leaf_value=0.004529117728870124 -0.0058897647641225834 0.02068833098946268 0.0067860081716679399 0.03556787870577853 0.019660051668132644 -0.0080752718537251689 0.0023642546887827015 -0.031474707140761164 -0.004984604730245085 -0.0068484690790064128 0 -0.04441373792780022 -0.008077288863511901 0.037359178902570726
leaf_weight=7.9334005378186694 227.1599899395369 8.3514733370393497 10.013571551069615 7.0405219458043602 88.247960055945441 42.245780409313738 450.94658157764934 21.019908978138119 19.175283507909626 59.864242081530392 8.629123183898626 15.065165662206711 10.569023621268569 5.6891464730724683
leaf_count=61 1639 64 68 46 638 279 3380 138 134 418 55 100 80 48
internal_value=-2.13783e-05 -0.0113375 0.000605024 0.000191726 0.00139177 0.0106192 -0.000395258 -0.00863629 0.00730094 -0.013974 -0.0185516 -0.0241266 -0.0314629 0.021397
internal_weight=981.951 50.5482 931.403 915.7 808.6 130.494 678.107 107.1 26.2158 80.8842 42.1967 34.2633 25.6342 15.7027
internal_count=7148 360 6788 6672 5936 917 5019 736 180 556 296 235 180 116
is_linear=0
shrinkage=0.05


Tree=154
num_leaves=24
num_cat=0
split_feature=3 0 9 13 3 0 0 11 3 9 20 20 20 1 29 11 21 0 6 3 27 1 8
split_gain=2.74576 6.66543 5.71907 4.76213 4.06588 4.35987 5.327 4.54372 4.22789 8.72426 5.25654 3.69439 3.57506 3.39849 2.88094 2.71675 3.05393 3.55586 3.37498 2.22416 2.09357 1.24743 1.21314
threshold=3.5000000000000004 184177.36000000002 0.010350000000000002 1.0000000180025095e-35 1.5000000000000002 43142.975000000013 134509.42500000002 1813.5000000000002 1.0000000180025095e-35 0.036950000000000004 -0.57669999999999988 3.1674500000000005 0.82020000000000015 10.500000000000002 3.5000000000000004 2036.5000000000002 17170.500000000004 52247.94000000001 1.5000000000000002 4.5000000000000009 4.5000000000000009 10.500000000000002 0.15000000000000002
decision_type=2 2 2 2 2 2 2 2 2 2 2 2 2 2 2 2 2 2 2 2 2 2 2
left_child=1 4 3 -3 8 7 -7 -6 10 -10 -1 14 15 -5 -4 16 17 -2 -18 21 -17 22 -14
right_child=12 2 11 13 5 6 -8 -9 9 -11 -12 -13 19 -15 -16 20 18 -19 -20 -21 -22 -23 -24
leaf_value=-0.01390196812768172 0.012520388857392293 -0.053293534106533882 -0.0074628914901077731 0.004010140421685137 -0.0031057496014754511 0.013670862538760943 -0.02144451503427295 -0.019648140804715351 0.025898748954666335 -0.017294515059452117 0.0060078936654791261 -0.032138291970027461 0.037315367506629608 -0.038522016120783112 0.026747445675850908 -0.03698192127380389 -0.03423792667912931 -0.0067750129216496832 -0.00047634416754471467 -0.0092973803507666406 6.2445900011759471e-05 0.0037064610024801718 0.0055489113948290515
leaf_weight=42.369879535399377 103.00768065825105 12.887129022739829 10.701583310961729 11.450015329755844 309.36045526363887 62.00121157313697 10.952278757467864 46.700886705424637 48.206106668803841 13.411231676116584 128.4542550179176 4.9918362109456202 15.043597502633935 5.2517193276435128 9.8940564771182817 5.6188887506723386 6.2160369437187901 28.769508228637278 82.39069184474647 4.2518339511007062 6.5656879222951829 7.2862707497552028 5.5684678275138131
leaf_count=255 848 107 89 120 2039 434 86 289 353 86 796 60 203 76 79 40 39 336 594 29 57 70 63
internal_value=-1.86681e-05 -0.0016367 -0.0180173 -0.0322519 -0.000205019 -0.00310127 0.00783414 -0.005401 0.00507876 0.0160922 0.000908013 -4.93188e-05 0.00430351 -0.0115184 0.00944187 0.0020188 0.00339401 0.00819477 -0.00365866 0.0194517 -0.0191212 0.0244965 0.0304256
internal_weight=981.351 716.633 55.1763 29.5889 661.456 429.015 72.9535 356.061 232.441 61.6173 170.824 25.5875 264.719 16.7017 20.5956 232.568 220.384 131.777 88.6067 32.1502 12.1846 27.8983 20.6121
internal_count=7148 4869 531 303 4338 2848 520 2328 1490 439 1051 228 2279 196 168 1914 1817 1184 633 365 97 336 266
is_linear=0
shrinkage=0.05


Tree=155
num_leaves=16
num_cat=0
split_feature=25 23 24 19 11 18 0 2 10 29 10 25 11 19 27
split_gain=3.68257 2.73847 4.75044 4.54131 5.14833 4.31644 5.76442 8.00729 5.46015 5.13445 5.86995 3.81348 3.81156 2.1823 1.2983
threshold=1.0000000180025095e-35 1.5000000000000002 4.5000000000000009 0.4512500000000001 1200.5000000000002 4930.1766666666672 13826.700000000003 22.500000000000004 217.50000000000003 1.5000000000000002 671.50000000000011 17.500000000000004 680.50000000000011 0.021400000000000002 4.5000000000000009
decision_type=2 2 2 2 2 2 2 2 2 2 2 2 2 2 2
left_child=-1 5 13 11 -5 9 8 -8 -7 10 -2 -4 -11 -3 -15
right_child=1 2 3 4 -6 6 7 -9 -10 12 -12 -13 -14 14 -16
leaf_value=-0.035742238462670405 -0.0035700775059868562 4.7234013081199361e-06 -0.0072994940783680552 0.015415790737064767 -0.0058765872491908788 0.032789963575553908 -0.0081515847392580384 0.015681052002840763 0.0083745190557822525 -0.0058516118530603884 -0.032990346730108547 0.019706774392583618 0.0076025029578583002 -0.0097712417937916435 -0.044961926853494677
leaf_weight=5.1717634084634474 57.483575958758593 5.7095758114010122 217.88554059155285 65.110501307062805 46.901652945205569 26.940652128076181 108.07965856883675 49.805566883413121 134.33592748548836 87.924206423573196 23.00172265060246 11.82197907194495 123.95461098756641 6.3418119531124821 9.1599055966362339
leaf_count=278 384 47 1339 507 352 250 807 591 838 644 135 95 759 52 70
internal_value=-3.57712e-05 0.000216314 -0.00320259 -0.00167427 0.00646586 0.0022655 0.00627644 -0.000468823 0.012866 -0.00209199 -0.0126953 -0.00570835 0.00197013 -0.0251276 -0.0338984
internal_weight=979.629 974.457 362.931 341.72 112.012 611.526 319.162 157.885 161.277 292.364 80.4853 229.708 211.879 21.2113 15.5017
internal_count=7148 6870 2462 2293 859 4408 2486 1398 1088 1922 519 1434 1403 169 122
is_linear=0
shrinkage=0.05


Tree=156
num_leaves=14
num_cat=0
split_feature=25 0 0 2 23 25 22 2 8 21 2 11 20
split_gain=3.50846 2.71285 3.01993 3.01429 2.92449 7.86051 5.76857 5.00051 4.21468 3.87441 3.22418 2.2178 1.93498
threshold=1.0000000180025095e-35 96.415000000000006 55.010000000000012 12.500000000000002 2.5000000000000004 3.5000000000000004 4.5000000000000009 6.5000000000000009 0.29500000000000004 3472.5000000000005 1.5000000000000002 483.00000000000006 -0.51829999999999987
decision_type=2 2 2 2 2 2 2 2 2 2 2 2 2
left_child=-1 2 11 -4 6 9 10 -8 -7 -6 -3 -2 -13
right_child=1 4 3 -5 5 8 7 -9 -10 -11 -12 12 -14
leaf_value=-0.035319824926396667 -0.020024285232417893 0.016208760596653951 -0.0021389134744552768 -0.043576997589077224 0.035822970865769521 -0.018114390076641715 -0.014889675197712263 0.028771129204035184 0.0094380724889942934 0.001082306175968898 0.00023036835913787425 -0.0065328654659409825 0.024722111701050382
leaf_weight=5.0002174589317283 7.0192549042403725 31.069993712939322 8.4458785112947243 9.2164558544754964 10.824033688753842 79.732466120272875 6.5239388719201079 30.980568122584373 14.898733546957372 23.495222486555576 735.31086617708206 7.4537056982517251 8.4093631673604214
leaf_count=278 45 226 54 56 66 527 42 381 113 157 5106 45 52
internal_value=-4.03912e-05 0.000202637 -0.0121318 -0.0265036 0.000774246 -0.00614014 0.00190827 0.0205538 -0.0135675 0.0136839 0.000931669 0 0.0103891
internal_weight=978.381 973.38 40.5447 17.6623 932.836 128.95 803.885 37.5045 94.6312 34.3193 766.381 22.8823 15.8631
internal_count=7148 6870 252 110 6618 863 5755 423 640 223 5332 142 97
is_linear=0
shrinkage=0.05


Tree=157
num_leaves=14
num_cat=0
split_feature=17 17 1 20 2 21 25 11 11 17 2 17 14
split_gain=2.63077 2.93697 5.93419 6.81678 4.80042 4.61888 3.8832 3.96906 4.99002 2.20326 1.59243 1.41575 0.701839
threshold=2652869.0400000005 192349.80500000002 3.5000000000000004 -0.76974999999999993 17.500000000000004 721.50000000000011 17.500000000000004 2096.5000000000005 1853.5000000000002 77063.795000000013 22.500000000000004 17314.430000000004 0.15565000000000004
decision_type=2 2 2 2 2 2 2 2 2 2 2 2 2
left_child=1 6 5 -4 -5 -3 7 8 -1 12 -7 -9 -8
right_child=-2 2 3 4 -6 10 9 11 -10 -11 -12 -13 -14
leaf_value=0.00096768668817399841 0.027535555369302814 0.0014444177737247589 0.042833097528745465 0.0047548795244953639 -0.021328708108745636 -0.047081734371248754 0.011866694909258214 0.03203188170342143 -0.01136593228831914 -0.0010788175754740087 -0.01288211189374971 0.0015358446995667836 0.041978435583482937
leaf_weight=732.60882811946794 6.5659190304577342 10.449836267158387 6.2634049188345662 44.574948047287762 26.202729504555464 14.10468631796539 6.7296049073338526 10.985472202766688 90.250265256036073 6.7645475659519425 8.0110755749046785 6.6979380063712588 7.1489007500931621
leaf_count=5324 54 75 47 345 196 96 44 80 608 72 51 48 108
internal_value=-4.0446e-05 -0.000293463 -0.00793268 -7.74571e-05 -0.00508493 -0.0251469 0.000683354 0.000120669 -0.000397206 0.0211187 -0.0372039 0.0223187 0.031341
internal_weight=977.358 970.792 109.607 77.0411 70.7777 32.5656 861.186 840.543 822.859 20.6431 22.1158 17.6834 13.8785
internal_count=7148 7094 810 588 541 222 6284 6060 5932 224 147 128 152
is_linear=0
shrinkage=0.05


Tree=158
num_leaves=18
num_cat=0
split_feature=5 24 4 22 16 17 23 10 20 0 9 0 9 10 7 23 10
split_gain=2.58593 4.70287 3.09149 2.92364 20.7867 7.31876 7.49987 3.90869 3.85324 2.83156 3.12423 4.09692 2.66362 1.75192 2.70545 1.60275 0.588381
threshold=1.0000000180025095e-35 28.500000000000004 1.0000000180025095e-35 1.5000000000000002 3.5000000000000004 2862.6600000000003 1.5000000000000002 613.50000000000011 -0.9473499999999998 1886.9800000000002 0.0010500000000000004 85002.545000000013 0.015300000000000003 721.50000000000011 3.5000000000000004 1.5000000000000002 601.50000000000011
decision_type=2 2 2 2 2 2 2 2 2 2 2 2 2 2 2 2 2
left_child=1 13 3 4 8 7 -7 -5 -2 -4 16 -12 -6 14 -1 -16 -11
right_child=2 -3 9 5 12 6 -8 -9 -10 10 11 -13 -14 -15 15 -17 -18
leaf_value=-0.03180192575329565 -0.019967964024236843 0.01971181998789838 -0.007136100585493077 -0.036761909288625577 0.044682794251749591 0.010903101110054419 -0.0076121550879490575 0.00015192220784648262 0.00033444854665351547 0.050007508173027196 0.019593852601620484 -0.025700698759402448 0.00763721943802934 -0.037461411206375847 0.0077997263789492182 -0.016185891976068487 0.013460285993133522
leaf_weight=9.0808204198256117 22.367979700677097 8.3286583246663195 10.782534884288905 22.374887118116025 28.038930952548981 80.983590925112367 157.87614560965449 9.378498448058961 555.35278511117212 6.5399753795936721 15.948447874747218 4.8778454866260281 7.7271730101201674 7.8232944430783382 15.40696882363409 9.4799195947125536 4.5532912723720074
leaf_count=66 137 64 58 137 235 756 1096 63 3792 62 137 39 241 54 109 67 35
internal_value=-2.86922e-05 -0.0108756 0.000569276 -6.79646e-05 0.00183 -0.00438923 -0.00125477 -0.0262 -0.000500539 0.0133991 0.0206425 0.00722473 0.0377723 -0.0178217 -0.0111888 -0.00148932 0.0401177
internal_weight=976.922 50.1197 926.802 884.1 613.487 270.613 238.86 31.7534 577.721 42.7021 31.9196 20.8263 35.7661 41.791 33.9677 24.8869 11.0933
internal_count=7148 360 6788 6457 4405 2052 1852 200 3929 331 273 176 476 296 242 176 97
is_linear=0
shrinkage=0.05


Tree=159
num_leaves=23
num_cat=0
split_feature=10 28 3 1 0 13 2 2 2 18 2 18 0 0 14 9 15 0 28 9 27 18
split_gain=2.58649 4.39891 4.28029 3.57872 3.31592 13.0941 6.73077 6.68001 6.11612 5.60876 5.01639 3.15475 2.81881 2.65947 3.51753 2.53744 2.53275 2.35936 1.09552 1.32543 0.593839 0.574429
threshold=40.500000000000007 4.5000000000000009 3.5000000000000004 1.0000000180025095e-35 18994.340000000004 1.0000000180025095e-35 22.500000000000004 18.500000000000004 6.5000000000000009 9044.6100000000024 9.5000000000000018 1926.1250000000002 22095.900000000005 6929.6650000000009 0.02145 0.024350000000000004 4.5000000000000009 2371.0350000000003 1.0000000180025095e-35 0.0082500000000000021 7.5000000000000009 17055.685000000001
decision_type=2 2 2 2 2 2 2 2 2 2 2 2 2 2 2 2 2 2 2 2 2 2
left_child=1 12 11 13 7 6 -6 10 -7 -9 -5 17 -1 14 -2 -4 -13 -3 21 -20 -16 -14
right_child=3 2 15 4 5 8 -8 9 -10 -11 -12 16 18 -15 20 -17 -18 -19 19 -21 -22 -23
leaf_value=0.0057682213709231659 -0.0079128514431861807 -0.016683623369374134 0.00019956509656425945 -0.0058657798380453855 -0.011225462993507978 -0.015421011083090172 0.011112818726569062 -0.019473430977965847 0.018724919115813022 -0.0017872204482936044 0.0060108953900208711 -0.029071283575653969 -0.017280160994755989 -0.0066190204528961934 0.04554527313177225 0.036589655474308723 0.016307092503200109 0.018238662241381383 -0.047806202110272755 -0.013309760762568358 0.011955344264906265 0.0083890574227149517
leaf_weight=5.2493110485374954 4.2562785036861959 5.6002420959994224 10.369380515068771 137.4793757032603 121.34549043001607 12.746274194680153 44.219686154741794 81.854308290872723 129.03987203724682 100.26326211821288 241.7148083075881 17.325557737145576 2.1448324820958105 6.3564025377854696 9.8841168740764243 7.9486102582886806 2.0248909825459114 10.996295305900274 10.261492399964483 7.5589782036840907 4.5709988363087168 2.2809498033020645
leaf_count=49 29 48 77 844 820 78 439 498 970 637 1488 184 50 45 112 122 199 78 172 123 51 35
internal_value=-2.59176e-05 -0.00843789 0 0.000749587 0.000179656 0.00434887 -0.00513818 -0.00209282 0.0154139 -0.00991594 0.00167051 -0.00990722 -0.0239798 0.0186571 0.0275365 0.0185296 -0.0227716 0.00539001 -0.0313085 -0.0364978 0.0382753 -0.00400111
internal_weight=975.491 81.7605 54.265 893.731 868.663 307.351 165.565 561.312 141.786 182.118 379.194 35.947 27.4956 25.0678 18.7114 18.318 19.3504 16.5965 22.2463 17.8205 14.4551 4.42578
internal_count=7148 1137 708 6011 5774 2307 1259 3467 1048 1135 2332 509 429 237 192 199 383 126 380 295 163 85
is_linear=0
shrinkage=0.05


Tree=160
num_leaves=15
num_cat=0
split_feature=17 17 1 1 21 3 25 11 11 25 17 16 17 25
split_gain=2.40767 2.71671 5.46957 5.5259 4.33938 4.14959 3.65123 3.67546 4.53215 3.61144 2.06976 2.54305 1.27421 1.24655
threshold=2652869.0400000005 192349.80500000002 3.5000000000000004 10.500000000000002 721.50000000000011 1.5000000000000002 17.500000000000004 2096.5000000000005 1853.5000000000002 4.5000000000000009 77063.795000000013 2.5000000000000004 17314.430000000004 2.5000000000000004
decision_type=2 2 2 2 2 2 2 2 2 2 2 2 2 2
left_child=1 6 4 9 -3 -5 7 8 -1 -4 11 -8 -9 -6
right_child=-2 2 3 5 13 -7 10 12 -10 -11 -12 -13 -14 -15
leaf_value=0.00092877963895063743 0.026423279358588542 0.0014829904042948784 -0.0018106510349733349 0.010480816564859982 -0.012370906793642094 -0.024048054176110011 0 0.030717412221549657 -0.010849268631082678 0.027025873737801128 -0.00090509021903369092 0.043908008273217052 0.0015858125425966697 -0.044556900323306864
leaf_weight=729.91633900930174 6.5215788707137099 10.404730226844547 20.670432267710567 10.739431933499871 7.3567437510937479 26.263827097602189 4.7463383302092579 10.983854323159905 89.869380048243329 19.083156141452491 6.7395442570559672 8.9064745279028994 6.6664537228643885 14.447584327310322
leaf_count=5324 54 75 155 69 47 191 31 80 608 173 72 121 48 100
internal_value=-2.61986e-05 -0.000269118 -0.00763871 -9.43146e-05 -0.0242687 -0.0137468 0.000670967 0.000125855 -0.000373487 0.0124239 0.0205994 0.030613 0.0215047 -0.0360693
internal_weight=973.316 966.794 108.966 76.7568 32.2091 37.0033 857.828 837.436 819.786 39.7536 20.3924 13.6528 17.6503 21.8043
internal_count=7148 7094 810 588 222 260 6284 6060 5932 328 224 152 128 147
is_linear=0
shrinkage=0.05


Tree=161
num_leaves=19
num_cat=0
split_feature=0 0 2 28 9 10 9 8 27 2 17 21 10 13 8 20 29 19
split_gain=2.46617 2.85774 2.80807 2.68624 4.06168 4.52548 4.41508 4.13678 3.86982 3.39898 6.15739 8.47376 4.64044 8.5523 5.08306 3.3571 1.96529 1.38539
threshold=96.415000000000006 55.010000000000012 12.500000000000002 19.500000000000004 0.05705000000000001 72.500000000000014 0.18605000000000002 0.17800000000000002 3.5000000000000004 6.5000000000000009 56142.115000000005 25075.000000000004 1.0000000180025095e-35 1.0000000180025095e-35 0.46565000000000006 -0.43214999999999992 3.5000000000000004 0.17930000000000004
decision_type=2 2 2 2 2 2 2 2 2 2 2 2 2 2 2 2 2 2
left_child=1 16 -3 9 5 -5 17 -7 -8 10 11 -2 13 -11 -14 -12 -1 -6
right_child=3 2 -4 4 6 7 8 -9 -10 12 15 -13 14 -15 -16 -17 -18 -19
leaf_value=-0.012537496441164843 0.012690706826966866 -0.0022252099109590731 -0.04239340063270787 -0.033616033503747506 -0.013703763104618153 -0.0027807963170875818 0.026991735067982858 0.023017052427308372 -0.01838883607736418 0.015655257419395423 -0.0044625020253413724 -0.014574220960357463 0.0026987371001074715 -0.031676621099719721 0.018031006792794967 -0.035518691872597645 0.014578061217280067 -0.052628991937966177
leaf_weight=12.256221847608687 63.178423038683832 8.431348832324149 9.1499529341235739 7.6459213648922733 6.4843469541519907 75.808758277446032 5.2385000661015537 17.333653154782951 11.248715229332445 13.698610931867732 17.004722025245428 48.579240663675591 557.32109062653035 22.613844340434298 58.464729522354901 19.670568362809718 10.574342735111712 8.026623835321514
leaf_count=79 429 55 62 65 44 481 48 108 105 341 106 349 3845 363 407 132 66 63
internal_value=-1.83481e-05 -0.0118204 -0.0258357 0.000506722 -0.00603821 -0.000930302 -0.0212802 0.00229796 -0.00206893 0.001609 -0.00514855 0.000703313 0.0031735 -0.0136749 0.00422428 -0.0223533 0 -0.0396075
internal_weight=972.73 40.4119 17.5813 932.318 131.787 100.788 30.9982 93.1424 16.4872 800.531 148.433 111.758 652.098 36.3125 615.786 36.6753 22.8306 14.511
internal_count=7148 262 117 6886 914 654 260 589 153 5972 1016 778 4956 704 4252 238 145 107
is_linear=0
shrinkage=0.05


Tree=162
num_leaves=22
num_cat=0
split_feature=24 14 0 25 18 21 2 20 18 29 0 17 3 27 27 2 0 0 24 10 20
split_gain=2.60487 2.69845 2.56009 2.68228 6.79825 6.58141 5.37093 8.08991 3.48251 2.90492 2.54525 2.32182 2.89409 2.24595 2.27639 1.77289 1.7248 3.60041 1.31094 1.17911 0.173702
threshold=49.500000000000007 0.12265000000000002 96.415000000000006 1.5000000000000002 62.39500000000001 212794.00000000003 24.500000000000004 -0.53914999999999991 69405.555000000008 4.5000000000000009 55.010000000000012 258.50000000000006 2.5000000000000004 9.5000000000000018 5.5000000000000009 12.500000000000002 24555.770000000004 1554.5050000000003 72.500000000000014 326.50000000000006 -0.40294999999999997
decision_type=2 2 2 2 2 2 2 2 2 2 2 2 2 2 2 2 2 2 2 2 2
left_child=2 16 10 6 9 -6 8 -8 -4 -5 11 -1 -13 14 19 -12 17 -2 20 -3 -15
right_child=1 13 3 4 5 -7 7 -9 -10 -11 15 12 -14 18 -16 -17 -18 -19 -20 -21 -22
leaf_value=-0.022940548597923442 0.014635630949973747 -0.0034809968391664283 -0.0031303428097965887 -0.035366945585233199 0.00089509696189938584 -0.018039957146492688 -0.021142849428982324 0.02811538517016432 0.014850366229027901 -0.00077693158995468495 -0.0055383619580601524 -0.010587278742774514 0.028051476136147432 -0.025742993544141432 0.046156998461024078 -0.040080364129544327 0.013985652019360126 -0.030448509130678914 0.017174421221706992 0.021969830726985037 -0.00043841550324453865
leaf_weight=6.2062729774042991 5.6926302444189814 6.1331497179344359 136.56686094705947 18.732252383604649 588.82405650336295 47.720343671739101 8.5622779880650324 40.690171340480447 31.393775737378746 9.5635829521343094 7.975095501169565 7.6106758117675763 7.7297131009399891 2.020389230921865 8.1674199714325351 8.7563555710948986 8.0880296379327756 8.5549076125025731 2.0733631153125316 8.556013396009801 1.930638781748711
leaf_count=43 33 44 1089 119 4185 308 80 365 239 56 51 49 45 20 77 61 61 52 36 75 60
internal_value=-3.56993e-05 0.0107096 -0.000666447 -9.19024e-05 -0.00168006 -0.000560819 0.00469444 0.0188661 0.000306824 -0.0248292 -0.0129956 -0.000725134 0.00929517 0.0203244 0.0270713 -0.026499 -0.00196038 -0.0122354 -0.00439441 0.0116005 -0.0193614
internal_weight=971.548 51.2165 920.331 882.053 664.84 636.544 217.213 49.2524 167.961 28.2958 38.2781 21.5467 15.3404 28.881 22.8566 16.7315 22.3356 14.2475 6.02439 14.6892 3.95103
internal_count=7148 458 6690 6441 4668 4493 1773 445 1328 175 249 137 94 312 196 112 146 85 116 119 80
is_linear=0
shrinkage=0.05


Tree=163
num_leaves=21
num_cat=0
split_feature=24 22 16 25 18 2 17 27 18 27 25 14 27 27 27 2 14 14 10 24
split_gain=2.41246 2.73483 19.7952 6.8503 5.876 6.62843 7.22107 4.99815 4.00161 3.59457 2.76824 2.49085 2.10729 2.14847 1.67017 1.50281 1.49338 1.48172 1.09895 0.125849
threshold=49.500000000000007 1.5000000000000002 3.5000000000000004 5.5000000000000009 1262602.5250000001 16.500000000000004 2862.6600000000003 5.5000000000000009 322286.88000000006 8.5000000000000018 3.5000000000000004 0.12265000000000002 9.5000000000000018 5.5000000000000009 4.5000000000000009 24.500000000000004 0.49800000000000005 0.38380000000000009 326.50000000000006 74.500000000000014
decision_type=2 2 2 2 2 2 2 2 2 2 2 2 2 2 2 2 2 2 2 2
left_child=1 2 3 8 5 9 -7 -5 -1 -3 15 14 13 18 -2 -4 -12 -14 -13 -19
right_child=11 4 10 7 -6 6 -8 -9 -10 -11 16 12 17 -15 -16 -17 -18 19 -20 -21
leaf_value=0.0021885874268240406 0.01133696439294808 -0.010057324393136509 -0.024125783311533113 -0.028100558980973696 0.035099418360911704 -0.027651353842698009 0.0039621032761294993 -0.0008140554082801516 -0.013773560378543241 -0.032196050548973752 0.046582466635944224 -0.0033494778914533647 -0.020219749300863857 0.044874224303725486 -0.01382837598555316 0.021593951522909712 0.0086901440422393218 0 0.021216902128485218 0.023450894743899792
leaf_weight=498.46303746080957 10.278258794918658 81.159911833703518 1.916060432791709 35.611697559244931 6.9230291200801721 18.523343125358224 148.50566945411265 31.930802164599299 40.528497812338173 24.26004945859313 25.590685781091455 6.1337866582907798 3.9506644513458005 8.0412639123387617 12.009762094356118 1.2529871761798859 4.7802389785647383 0.90971234347671304 8.4893593415617925 1.1525102080777285
leaf_count=3418 70 537 12 238 69 105 1258 220 281 163 199 44 26 77 76 128 62 64 75 26
internal_value=-3.89887e-05 -0.000645599 0.00114463 -0.000961315 -0.00476175 -0.00605947 0.000111346 -0.015739 0.000923375 -0.0157497 0.0374207 0.010327 0.0196075 0.0261876 -0.00183358 -0.00275354 0.0418327 -0.00429256 0.0111476 0.0186905
internal_weight=970.411 919.446 640.074 606.534 279.372 272.449 167.029 67.5425 538.992 105.42 33.54 50.9653 28.6773 22.6644 22.288 3.16905 30.3709 6.01289 14.6231 2.06222
internal_count=7148 6690 4558 4157 2132 2063 1363 458 3699 700 401 458 312 196 146 140 261 116 119 90
is_linear=0
shrinkage=0.05


Tree=164
num_leaves=19
num_cat=0
split_feature=5 24 4 8 0 10 23 25 25 16 21 0 21 28 7 23 25 27
split_gain=2.34839 4.33633 2.56024 3.6635 3.58166 3.25321 2.63465 6.89473 4.28764 7.68115 3.95329 3.51392 3.34804 1.73105 2.31105 2.51712 2.22142 0.989259
threshold=1.0000000180025095e-35 28.500000000000004 1.0000000180025095e-35 0.16005000000000003 2414.5650000000005 758.50000000000011 2.5000000000000004 3.5000000000000004 8.5000000000000018 2.5000000000000004 4770.5000000000009 126.47000000000001 12.500000000000002 9.5000000000000018 3.5000000000000004 1.5000000000000002 2.5000000000000004 6.5000000000000009
decision_type=2 2 2 2 2 2 2 2 2 2 2 2 2 2 2 2 2 2
left_child=1 13 6 17 -5 -6 8 10 11 -10 -8 -2 -9 16 -15 -16 -1 -4
right_child=2 -3 3 4 5 -7 7 12 9 -11 -12 -13 -14 14 15 -17 -18 -19
leaf_value=0.017018414664931196 -0.015089707476090295 0.01902075734211138 0.0037694388927093318 -0.0048349929759889665 0.041388893273075072 -0.0027759376330542479 0.033432681984781713 0.015603720233465086 -0.0093189608584972917 0.02271898248929051 -0.00095153458103364489 0.00061580284620151536 -0.016886421579394194 -0.045014164848602684 0.0013522237309638349 -0.03212617223609434 -0.018340252877802533 -0.020076882327230747
leaf_weight=6.27689989376813 35.678256349638104 8.2620842061005515 6.8253128584474307 7.9847222790122059 16.451292744837705 4.5443664621561757 11.50689850561321 6.8796214945614329 26.527145569212735 52.710628972854465 20.257744211237878 641.84399768989533 82.04565729573369 7.6838575620204237 12.770756292156877 7.152891017496585 7.4841771274805069 6.3598888032138348
leaf_count=50 225 64 47 41 168 32 71 43 182 584 142 4651 559 50 89 50 57 43
internal_value=-3.1343e-05 -0.0104177 0.00053974 0.012287 0.0218601 0.0319848 -4.00578e-05 -0.00684883 0.00104783 0.0119049 0.0124507 -0.00023851 -0.0139749 -0.0171338 -0.0239799 -0.0120452 -0.00146453 -0.00820365
internal_weight=969.246 49.6307 919.616 42.1656 28.9804 20.9957 877.45 120.69 756.76 79.2378 31.7646 677.522 88.9253 41.3686 27.6075 19.9236 13.7611 13.1852
internal_count=7148 360 6788 331 241 200 6457 815 5642 766 213 4876 602 296 189 139 107 90
is_linear=0
shrinkage=0.05


Tree=165
num_leaves=20
num_cat=0
split_feature=24 22 16 25 18 2 0 27 18 22 9 14 14 6 20 8 0 0 13
split_gain=2.23329 2.52116 18.2548 6.02336 5.45698 6.03902 4.67412 4.57895 3.62744 3.40872 2.95257 2.3097 2.1335 1.99448 1.82467 1.91819 1.5664 3.35204 1.23618
threshold=49.500000000000007 1.5000000000000002 3.5000000000000004 5.5000000000000009 1262602.5250000001 14.500000000000002 5185.5400000000009 5.5000000000000009 322286.88000000006 2.5000000000000004 0.028850000000000004 0.12265000000000002 0.29260000000000003 8.5000000000000018 -0.51829999999999987 0.19155000000000003 24555.770000000004 1554.5050000000003 1.0000000180025095e-35
decision_type=2 2 2 2 2 2 2 2 2 2 2 2 2 2 2 2 2 2 2
left_child=1 2 3 8 5 9 -7 -5 -1 -3 18 16 -12 14 -13 -16 17 -2 -4
right_child=11 4 10 7 -6 6 -8 -9 -10 -11 12 13 -14 -15 15 -17 -18 -19 -20
leaf_value=0.0020628961803411477 0.014317540649988801 -0.0039381552807110807 0.049485338332678222 -0.02669584990126957 0.034031323747763027 -0.0097863093200842022 0.0066921929818004868 -0.00052905792310117199 -0.013155047855210267 -0.023260882548433018 -0.017613853615455696 -0.00079585678575750459 0.027935993517864563 -0.0092906598970103234 0.038365629646230026 7.8068816415579942e-05 0.01345397857632364 -0.029222344924259753 0.014810313240257573
leaf_weight=498.32508415915072 5.6736721545457867 40.825005992781371 20.249617703258995 35.317390059120953 6.8330462542362502 71.668147442862391 101.42618121858686 31.88307979889214 40.403379896888509 57.575192544609308 3.62217261083424 5.0563599441666218 2.6705043807160109 3.8011690583080044 14.833648201311009 4.7256898991763583 8.070489224046467 8.5062557253986579 6.4474190082401028
leaf_count=3418 33 265 186 238 69 465 940 220 281 393 24 46 141 36 169 61 61 52 50
internal_value=-3.06097e-05 -0.000614497 0.00110426 -0.000904457 -0.00457541 -0.0058254 -0.000107321 -0.0147997 0.000858657 -0.0155819 0.0362274 0.00997175 0.00258626 0.0189647 0.0240739 0.0304443 -0.00171796 -0.0115668 0.0430755
internal_weight=967.914 917.246 638.919 605.929 278.328 271.495 173.094 67.2005 538.728 98.4002 32.9897 50.6673 6.29268 28.4169 24.6157 19.5593 22.2504 14.1799 26.697
internal_count=7148 6690 4558 4157 2132 2063 1405 458 3699 658 401 458 165 312 276 230 146 85 236
is_linear=0
shrinkage=0.05


Tree=166
num_leaves=21
num_cat=0
split_feature=10 28 28 1 18 6 0 23 8 10 20 0 20 0 0 14 0 14 19 27
split_gain=2.25406 3.94523 3.54129 3.30897 3.30656 5.63988 5.13116 3.92651 5.15051 4.29199 2.96582 2.91727 2.58705 2.5468 2.48189 3.15864 1.19894 1.12948 1.35671 0.621864
threshold=40.500000000000007 8.5000000000000018 19.500000000000004 1.0000000180025095e-35 9044.6100000000024 3.5000000000000004 14238.655000000002 1.5000000000000002 0.37270000000000009 217.50000000000003 -0.41374999999999995 2058.5500000000006 -0.18174999999999999 1207.5800000000002 6929.6650000000009 0.02145 674.60000000000002 1.0000000180025095e-35 1.7022500000000003 7.5000000000000009
decision_type=2 2 2 2 2 2 2 2 2 2 2 2 2 2 2 2 2 2 2 2
left_child=1 13 11 14 5 10 -7 9 -9 -6 -5 16 -13 -1 15 -2 -3 -15 -19 -17
right_child=3 2 -4 4 7 6 -8 8 -10 -11 -12 12 -14 17 -16 19 -18 18 -20 -21
leaf_value=0.01332545455600679 -0.0067756897069659932 0.0031167511980177264 -0.02442520612561357 -0.041478142925786048 0.020590863738079713 -0.004991084640719479 0.010832767173897515 -0.0042213866750138362 0.015623611456354429 0.0038438702683828299 -0.010198995992313905 -0.003210343526819804 0.026553381282987079 0.0026574443094046474 -0.0063435914687481878 0.044612827131121593 -0.027676644113577911 -0.037291540713601044 -0.011596786946836741 0.011004543752573195
leaf_weight=3.3953880420885971 4.258392218500382 4.4517874363809806 8.2551607950590533 11.313127996399997 45.662851732689887 222.58398400433362 64.212062321137637 242.24471068102866 35.659715291112661 215.32988730398938 25.0898467162624 9.8788357875309867 18.462916433811191 2.4155120046343681 6.3009756794199339 9.5259966943413001 4.5225412412546575 15.645849504042419 12.876845812425016 4.4602117408066979
leaf_count=35 29 40 75 62 348 1372 447 1591 224 1572 158 154 317 28 45 112 43 223 222 51
internal_value=-2.10482e-05 -0.00796788 0.00156243 0.000700194 0.000152744 -0.00381966 -0.0013631 0.00255896 -0.00154578 0.00694623 -0.0218341 0.00851588 0.0163216 -0.0202825 0.018091 0.0268167 -0.0137059 -0.0248596 -0.027539 0.0372383
internal_weight=966.547 79.9048 45.5712 886.642 862.096 323.199 286.796 538.897 277.904 260.993 36.403 37.3161 28.3418 34.3336 24.5456 18.2446 8.97433 30.9382 28.5227 13.9862
internal_count=7148 1137 629 6011 5774 2039 1819 3735 1815 1920 220 554 471 508 237 192 83 473 445 163
is_linear=0
shrinkage=0.05


Tree=167
num_leaves=22
num_cat=0
split_feature=24 11 21 2 29 27 7 9 9 14 2 24 7 19 19 11 1 1 1 17 17
split_gain=2.30346 3.20396 3.3027 4.51129 3.40098 2.51721 5.47764 5.07101 3.8674 3.7107 4.52412 3.66099 3.17923 2.92378 3.98681 3.10999 2.55742 2.45299 1.70913 0.823036 0.475226
threshold=6.5000000000000009 2073.5000000000005 421017.50000000006 1.5000000000000002 5.5000000000000009 5.5000000000000009 3.5000000000000004 0.18155000000000002 0.54885000000000017 0.0082000000000000007 18.500000000000004 19.500000000000004 1.5000000000000002 0.0021500000000000004 0.33490000000000003 971.50000000000011 8.5000000000000018 6.5000000000000009 5.5000000000000009 93.950000000000017 98512.775000000009
decision_type=2 2 2 2 2 2 2 2 2 2 2 2 2 2 2 2 2 2 2 2 2
left_child=1 2 3 19 -5 8 7 17 9 11 -11 -2 -10 15 -15 -8 -9 -7 -4 -1 -14
right_child=5 -3 18 4 -6 6 13 16 12 10 -12 -13 20 14 -16 -17 -18 -19 -20 -21 -22
leaf_value=0.0050811978879027097 -0.0035142609163721786 0.021622309513077233 -0.0055402393364683174 -0.0076495489534151211 0.0067804104659069013 0.0096054488887595615 -0.021138612603178206 -0.008448688767273338 -0.0098916440223740226 0 -0.013113464864533684 0.02574789647136845 0.046202826236541032 0.017195545648469167 0.0033121055112359508 0.010998256249761898 -0.043753805086395814 -0.0090455082133425145 -0.045174516219926103 0.034526798083266023 0.010589817052489882
leaf_weight=5.7129537709988636 19.323194697499275 9.9315139786340279 6.2826599562540633 214.81054866011254 47.944157529622316 37.860745269339532 14.299170995596798 13.804224953986704 3.8237562999129286 189.66598483128473 98.673024959396571 19.57671849662438 5.5477347429841739 109.74764979607426 102.35903809778392 11.837073792703448 8.8447964806109667 29.395587139297277 5.559001287445426 6.3831656072288752 3.7733757463283837
leaf_count=40 123 66 40 1521 380 279 92 96 23 1341 692 124 70 764 996 78 75 205 44 40 59
internal_value=-2.28067e-05 -0.00368558 -0.00474064 -0.003472 -0.00494745 0.00159358 0.00471218 -0.00564858 -0.00139368 -0.00254961 -0.00454659 0.0115066 0.0232593 0.0086781 0.0106359 -0.00648126 -0.025073 0.00128351 -0.0287077 0.0240233 0.037087
internal_weight=965.156 296.624 286.692 274.851 262.755 668.532 328.148 89.9054 340.384 327.239 288.339 38.8999 13.1449 238.243 212.107 26.1362 22.649 67.2563 11.8417 12.0961 9.32111
internal_count=7148 2131 2065 1981 1901 5017 2585 655 2432 2280 2033 247 152 1930 1760 170 171 484 84 80 129
is_linear=0
shrinkage=0.05


Tree=168
num_leaves=16
num_cat=0
split_feature=0 2 5 24 4 17 2 16 0 2 2 10 0 28 11
split_gain=2.17904 4.92027 2.35661 4.13664 2.61613 2.68987 4.84244 3.20409 2.6689 2.3026 2.32475 2.0978 1.91393 1.45914 0.195873
threshold=844344.15000000014 10.500000000000002 1.0000000180025095e-35 28.500000000000004 1.0000000180025095e-35 192349.80500000002 11.500000000000002 1.5000000000000002 1886.9800000000002 8.5000000000000018 24.500000000000004 689.50000000000011 3449196.7500000005 11.500000000000002 887.50000000000011
decision_type=2 2 2 2 2 2 2 2 2 2 2 2 2 2 2
left_child=2 12 3 9 5 7 -7 -4 -6 -1 -11 -10 13 -2 -3
right_child=1 14 4 -5 8 6 -8 -9 11 10 -12 -13 -14 -15 -16
leaf_value=0.0059012084223111615 -0.026639393731652375 -0.014942263418182345 -0.0013744413730216029 0.018734982728525047 -0.0069603464812167497 0.0094029085646392362 -0.014454742924392883 0.0052010929742399995 0.027755368472117632 -0.030477365330785256 -0.00080115392102710612 -5.5961772155566485e-05 0.030499047051165393 0.011365484538794286 -0.051895636185272855
leaf_weight=7.5587275922298423 3.0169194845948386 3.8296653721481553 448.63443706394173 8.1474124733358604 10.703103057108818 28.147868090774864 69.445309503935277 311.07165778800845 22.029673226177696 23.026513962075114 10.070436355657874 8.4432005956768972 3.1735749386716634 2.99645871296525 4.0380981722846627
leaf_count=57 54 48 3065 62 58 223 494 2477 202 159 71 64 47 28 39
internal_value=-1.83946e-05 -0.0167691 0.000307344 -0.0101548 0.000908019 0.000290584 -0.00742266 0.00131146 0.0129227 -0.0167857 -0.0222929 0.0202128 0.00723419 -0.00834361 -0.041596
internal_weight=964.333 17.0547 947.278 48.8031 898.475 857.299 97.5932 759.706 41.176 40.6557 33.097 30.4729 9.18695 6.01338 7.86776
internal_count=7148 216 6932 349 6583 6259 717 5542 324 287 230 266 129 82 87
is_linear=0
shrinkage=0.05


Tree=169
num_leaves=21
num_cat=0
split_feature=10 11 1 18 9 0 6 12 23 3 28 0 14 9 11 27 28 27 0 27
split_gain=2.12931 5.45146 3.00687 2.89261 5.86613 13.2181 6.47072 3.79365 4.35339 2.79226 4.1841 2.33898 2.98729 2.26079 2.17057 6.71839 3.39498 0.630844 0.386446 0.0430563
threshold=40.500000000000007 3.5000000000000004 1.0000000180025095e-35 9044.6100000000024 0.012250000000000002 2058.5500000000006 3.5000000000000004 1.0000000180025095e-35 1.5000000000000002 3.5000000000000004 4.5000000000000009 6929.6650000000009 0.02145 0.024350000000000004 633.00000000000011 11.500000000000002 14.500000000000002 7.5000000000000009 18994.340000000004 11.500000000000002
decision_type=2 2 2 2 2 2 2 2 2 2 2 2 2 2 2 2 2 2 2 2
left_child=1 18 11 4 6 -6 -4 8 -5 14 -11 12 -2 -12 16 -16 -3 -14 -1 -20
right_child=2 9 3 7 5 -7 -8 -9 -10 10 13 -13 17 -15 15 -17 -18 -19 19 -21
leaf_value=0.038212956861059584 -0.0065675771757285938 -0.011167396142396093 -0.022339179466111816 0.0076121386479859436 -0.03323453233859229 0.0023298083343258383 0.0041456959432703685 -0.032125891333840424 -0.0013906136406414205 -0.02466463292492381 0 -0.0062409249698460179 0.043752988228140201 0.035001423051106262 -0.018021192278234968 0.041896220366822751 -0.057235087822964652 0.010318588830956961 -0.0032577536627395858 0.005687002146642064
leaf_weight=4.2631331137381485 4.2551313973963323 11.792843748349698 24.073511836118996 255.36079395376146 44.416082073934376 58.124558814801276 195.69011577032506 5.8022530879825345 276.56014408636838 7.6025550095364478 10.048197869211437 6.301943094469606 9.2426128648221475 6.456465231254696 28.294893361162398 3.5251621901988974 6.153577623423188 4.3907960830256334 0.59653678582981207 0.47615385474637151
leaf_count=181 29 185 146 1888 283 406 1204 42 1805 63 75 45 112 70 399 20 50 51 12 82
internal_value=-2.21022e-05 -0.00778103 0.000677661 0.000157311 -0.00356281 -0.0133205 0.00102407 0.00241057 0.00292496 -0.0116885 0.00185076 0.0173708 0.0259828 0.0159507 -0.0182583 -0.00900255 -0.0316198 0.0363223 0.0333917 0
internal_weight=963.427 79.2095 884.218 860.027 322.304 102.541 219.764 537.723 531.921 73.8737 24.1072 24.1905 17.8885 16.5047 49.7665 31.8201 17.9464 13.6334 5.33582 1.07269
internal_count=7148 1137 6011 5774 2039 689 1350 3735 3693 862 208 237 192 145 654 419 235 163 275 94
is_linear=0
shrinkage=0.05


Tree=170
num_leaves=16
num_cat=0
split_feature=9 7 8 9 28 19 24 24 7 17 23 25 16 0 1
split_gain=2.08479 4.26322 2.42284 5.01763 6.29433 5.94633 5.87797 3.85978 3.74334 4.9237 4.95995 4.75781 6.45943 4.16657 3.25236
threshold=0.69425000000000014 3.5000000000000004 0.46565000000000006 0.13755000000000003 8.5000000000000018 1.4176500000000003 18.500000000000004 11.500000000000002 4.5000000000000009 495.07000000000011 1.5000000000000002 2.5000000000000004 1.5000000000000002 1743.5550000000003 3.5000000000000004
decision_type=2 2 2 2 2 2 2 2 2 2 2 2 2 2 2
left_child=2 -2 8 4 7 -6 -5 -4 9 13 -11 14 -13 -1 -10
right_child=1 -3 3 6 5 -7 -8 -9 11 10 -12 12 -14 -15 -16
leaf_value=-0.033194548636791672 -0.0072481540864420312 0.039199898939000902 -0.021995007873206567 -0.043673573633085078 0.030886149796292475 -0.0085305958203448391 0.010275420335383523 0.011279870123365463 0.013290081233264896 0.0075582379752192931 -0.011707108836725346 -0.01319859641126723 0.00124063425065884 -0.0079452347193581848 0.0017115285516586195
leaf_weight=24.938171850051731 8.2353068636730331 7.8999090166762462 15.397293184651064 7.7955001192167428 40.980083775240928 10.884029758162795 8.7078935219906253 15.283930481644346 89.659794537350535 72.005303228273988 58.728692254051566 108.75413245381787 253.3461455674842 50.086279735667631 188.87260834279004
leaf_count=196 54 169 160 66 263 79 66 151 602 466 430 675 1898 373 1500
internal_value=-2.47039e-05 0.0167568 -0.000356426 0.00694825 0.0120632 0.022419 -0.0166335 -0.00543716 -0.00123741 -0.00707382 -0.00106685 0.000637755 -0.00311729 -0.0171119 0.0055425
internal_weight=961.575 16.1352 945.44 99.0487 82.5453 51.8641 16.5034 30.6812 846.391 205.758 130.734 640.633 362.1 75.0245 278.532
internal_count=7148 223 6925 785 653 342 132 311 6140 1465 896 4675 2573 569 2102
is_linear=0
shrinkage=0.05


Tree=171
num_leaves=21
num_cat=0
split_feature=24 11 11 11 11 16 29 8 8 13 7 9 22 2 18 1 19 7 28 25
split_gain=2.12984 2.92503 2.95101 6.95856 3.91111 3.76074 3.62462 3.0445 2.72176 8.96722 3.91205 7.92826 6.46032 5.87869 3.60492 3.39655 2.82121 2.85195 2.47913 1.7248
threshold=6.5000000000000009 2073.5000000000005 1863.0000000000002 1458.5000000000002 522.50000000000011 1.5000000000000002 1.5000000000000002 0.10160000000000001 0.54130000000000011 1.0000000180025095e-35 3.5000000000000004 0.46455000000000007 2.5000000000000004 16.500000000000004 2961.1050000000005 8.5000000000000018 3.7950500000000003 1.5000000000000002 16.500000000000004 6.5000000000000009
decision_type=2 2 2 2 2 2 2 2 2 2 2 2 2 2 2 2 2 2 2 2
left_child=1 2 3 4 -1 7 -5 -4 10 19 13 12 -12 18 -13 -15 17 -11 -2 -10
right_child=8 -3 5 6 -6 -7 -8 -9 9 16 11 14 -14 15 -16 -17 -18 -19 -20 -21
leaf_value=0.00062971146505588966 -0.03666036940174372 0.020615462770148949 0.0089682965504886587 -0.0073025186031631514 -0.012975542683533648 -0.042268546163717613 0.021998110701678449 -0.028076004362584152 -0.029912529205305811 0.04488262520302682 0.0044162418150032598 -0.018363696051340493 -0.009913490286898077 0.0047476477911114444 0.039156572714229669 -0.013281057152741091 -0.0042802800737377208 0.013841807553347629 -0.00086660559164078498 0.001377616382426713
leaf_weight=95.082591525744647 18.194404559442777 9.9280826519243401 12.791469524614518 12.965455683879552 112.73377083684318 9.386723477393387 35.243147399276495 6.781114798039197 9.6472319839522225 15.014234294649212 354.5344927078113 1.7106672348454619 98.740680533461273 71.282566838897765 17.74999994575046 38.394824018701911 6.4790604324080041 20.195935095660388 7.2568021519109598 5.8714891821146002
leaf_count=725 138 66 86 96 804 59 250 45 73 118 2390 15 735 505 448 272 76 152 49 46
internal_value=-2.67466e-05 -0.00355959 -0.00457443 -0.00274239 -0.00675638 -0.0192247 0.0139417 -0.00481557 0.0015308 0.0117725 0.00051508 0.00267739 0.00124288 -0.00690536 0.0323942 -0.00159895 0.0236805 0.0290478 -0.0276256 -0.0186974
internal_weight=959.985 294.912 284.984 256.025 207.816 28.9593 48.2086 19.5726 665.072 57.208 607.864 472.736 453.275 135.129 19.4607 109.677 41.6892 35.2102 25.4512 15.5187
internal_count=7148 2131 2065 1875 1529 190 346 131 5017 465 4552 3588 3125 964 463 777 346 270 187 119
is_linear=0
shrinkage=0.05


Tree=172
num_leaves=20
num_cat=0
split_feature=3 6 3 20 28 28 19 6 14 3 8 27 8 11 26 27 17 21 23
split_gain=2.05875 4.1086 3.99754 3.82723 4.43983 3.54608 3.98879 3.67583 3.49735 3.75155 3.30518 3.07558 4.04558 3.59388 2.7356 2.47493 2.18017 0.626482 0.224348
threshold=3.5000000000000004 9.5000000000000018 1.5000000000000002 2.9401500000000005 6.5000000000000009 22.500000000000004 0.20515000000000003 9.5000000000000018 0.19595000000000004 4.5000000000000009 0.28270000000000001 1.5000000000000002 0.18810000000000002 2102.5000000000005 6.5000000000000009 2.5000000000000004 1109.9300000000001 2491.5000000000005 1.5000000000000002
decision_type=2 2 2 2 2 2 2 2 2 2 2 2 2 2 2 2 2 2 2
left_child=1 2 3 4 -1 6 7 15 14 -10 16 12 -4 -13 -8 -2 -3 -5 -18
right_child=5 10 11 17 -6 -7 8 -9 9 -11 -12 13 -14 -15 -16 -17 18 -19 -20
leaf_value=0.01894767635573268 -0.015376318866609976 -0.0047746062443161834 0 -0.03659910288010091 0.0021721048622683477 -0.024211212382453575 -1.8058272962485252e-05 0.029625566555520351 0.027719107263929583 -0.0039403315112743883 0.010007717499803127 -0.0059751676376885304 0.029862682967922105 0.027179805059575381 0.025276993554507417 0.0006315019473467782 -0.018706157463693342 -0.0057091107637226995 -0.044534546241212718
leaf_weight=49.440834526554681 31.238277611322701 10.36995464935899 51.925712998490781 3.8221377457957697 180.09960097679868 8.797589519992469 65.377697344869375 6.8114639278501263 40.493864905554801 10.736629961989818 6.8565538935363284 358.05649511446245 12.424055997747926 6.3157889600843182 10.598535059019921 83.849794972222298 8.3766296487301606 4.810063733253628 8.5992810390889627
leaf_count=368 214 75 354 31 1176 74 528 52 594 70 42 2526 93 41 144 603 53 62 48
internal_value=-3.00757e-05 -0.00144589 -0.000538246 0.00461443 0.00596105 0.00376176 0.00497446 -0.00141908 0.0111058 0.0209975 -0.0178598 -0.00343212 0.00643691 -0.00522795 0.00394013 -0.00381651 -0.0253938 -0.0246388 -0.0356315
internal_weight=959.001 701.097 666.895 238.173 229.54 257.904 249.106 121.9 127.207 51.2305 34.2024 428.722 64.3498 364.372 75.9762 115.088 27.3459 8.6322 16.9759
internal_count=7148 4869 4651 1637 1544 2279 2205 869 1336 664 218 3014 447 2567 672 817 176 93 101
is_linear=0
shrinkage=0.05


Tree=173
num_leaves=15
num_cat=0
split_feature=0 0 25 17 28 9 22 9 15 29 19 16 15 11
split_gain=2.06065 3.37038 2.25831 3.56479 2.6516 4.90647 4.07071 3.13554 2.65012 2.53833 1.71162 1.56984 1.38439 0.608513
threshold=933275.04500000004 3449196.7500000005 18.500000000000004 77063.795000000013 19.500000000000004 0.051850000000000007 2.5000000000000004 0.20635000000000003 11.500000000000002 5.5000000000000009 4.1957000000000013 2.5000000000000004 4.5000000000000009 1602.0000000000002
decision_type=2 2 2 2 2 2 2 2 2 2 2 2 2 2
left_child=2 10 4 11 8 6 -6 -7 9 -1 -2 -4 -5 -10
right_child=1 -3 3 12 5 7 -8 -9 13 -11 -12 -13 -14 -15
leaf_value=-0.00058798655803667045 -0.00013847942901636036 0.016847866117648484 0.0021097759301145521 0.011185935073894957 0.0043284470704768241 -0.035739021164891832 -0.01895566862132593 -0.0022804641067994645 0.034198360343854484 0.0070462403970422459 -0.042584866271360926 0.044512067695415519 -0.020219525412693493 0
leaf_weight=657.35848531709053 3.904897549422456 3.5282021493185303 3.8113091159611958 4.6791574507951719 77.734032564796507 18.197871424257759 22.489006759598851 12.187378274276851 5.3195294842589638 128.11345022544265 6.9445226468378678 7.1891267243772745 5.1717434963211417 1.2555765090510247
leaf_count=4618 52 54 27 39 497 130 147 114 239 969 83 107 55 17
internal_value=-2.71645e-05 -0.0176204 0.000267059 0.0157974 -0.00010651 -0.00666087 -0.00106709 -0.0235973 0.000975763 0.000659219 -0.0304853 0.0331749 -0.00508794 0.028651
internal_weight=957.884 14.3776 943.507 20.8513 922.655 130.608 100.223 30.3852 792.047 785.472 10.8494 11.0004 9.8509 6.57511
internal_count=7148 189 6959 228 6731 888 644 244 5843 5587 135 134 94 256
is_linear=0
shrinkage=0.05


Tree=174
num_leaves=21
num_cat=0
split_feature=10 11 1 24 23 0 13 18 0 3 28 0 2 0 9 11 28 29 20 13
split_gain=2.0399 5.0238 2.69447 2.63769 4.73938 4.31096 4.07867 4.69086 3.50407 2.49291 3.85805 2.44914 2.29998 2.48197 2.16937 2.07726 6.3547 3.32948 0.980291 0.903315
threshold=40.500000000000007 3.5000000000000004 1.0000000180025095e-35 13.500000000000002 2.5000000000000004 96.415000000000006 1.0000000180025095e-35 7144.2600000000011 28501.745000000003 3.5000000000000004 4.5000000000000009 23660.385000000002 13.500000000000002 6929.6650000000009 0.016750000000000004 633.00000000000011 16.500000000000004 4.5000000000000009 -0.63154999999999994 1.0000000180025095e-35
decision_type=2 2 2 2 2 2 2 2 2 2 2 2 2 2 2 2 2 2 2 2
left_child=1 19 12 4 5 -4 8 -8 -5 15 -11 -6 13 18 -12 17 -17 -3 -2 -1
right_child=2 9 3 6 11 -7 7 -9 -10 10 14 -13 -14 -15 -16 16 -18 -19 -20 -21
leaf_value=0.039140049138368126 0.0049430721474433186 -0.0090988583647633372 -0.024246252456575457 0.0033375158981048788 -0.034115198752235433 -5.5489037800968007e-05 -0.0053645992295335001 0.015273652237506831 -0.0089072796046190308 -0.024054922168206767 -0.00049891053165647447 0 -0.0039912436625289737 -0.00585513547321612 0.032863505382655873 -0.023213045956753428 0.021847165052171907 -0.053966122365263929 0.043522086234341471 -0.0025562488868220872
leaf_weight=4.3535802625119677 3.3235181141644707 10.844377715373414 17.326432140544057 182.14484918722883 15.266835313290359 410.16128554288298 35.207592905499041 103.84184315055609 83.43685468332842 7.537963408976796 9.3952256422489899 8.1967011038213951 7.8519509783945969 3.5164450462907544 6.8884952999651423 21.672889429377395 9.6583595280535501 6.9218035761732599 9.0993728050962108 0.79979855241253961
leaf_count=261 44 161 109 1179 121 2679 223 740 667 63 70 56 60 21 75 336 83 74 112 14
internal_value=-2.53111e-05 -0.0076762 0.000658481 0.000166289 -0.00244609 -0.00116759 0.00310002 0.00997514 -0.000509839 -0.011428 0.0014324 -0.0234254 0.0165855 0.0265942 0.0151185 -0.0176753 -0.00854507 -0.030777 0.036011 0.0323655
internal_weight=957.446 78.0725 879.374 855.582 450.951 427.488 404.631 139.049 265.582 72.9191 23.8217 23.4635 23.7913 15.9393 16.2837 49.0974 31.3312 17.7662 12.4229 5.15338
internal_count=7148 1137 6011 5774 2965 2788 2809 963 1846 862 208 177 237 177 145 654 419 235 156 275
is_linear=0
shrinkage=0.05


Tree=175
num_leaves=12
num_cat=0
split_feature=17 0 0 17 21 21 11 24 10 27 19
split_gain=2.04782 2.71899 3.32867 2.07284 4.46619 3.49708 2.9056 2.42905 4.03171 2.97093 0.525891
threshold=2652869.0400000005 933275.04500000004 3449196.7500000005 267746.60500000004 1169.5000000000002 4918.0000000000009 1730.5000000000002 13.500000000000002 856.50000000000011 6.5000000000000009 4.1957000000000013
decision_type=2 2 2 2 2 2 2 2 2 2 2
left_child=1 3 10 7 6 -6 -5 8 -1 -9 -3
right_child=-2 2 -4 4 5 -7 -8 9 -10 -11 -12
leaf_value=-0.0002088071410521992 0.024653842223538721 -0.0073678899413741521 0.014868639661673601 0.017129050539726218 -0.038402745464285043 -0.0077238621523718883 -0.018938158751900074 0.00011587367165995309 -0.016837245208583894 0.0089484326550995225 -0.041244655379787748
leaf_weight=423.16658144374378 6.3209186238236716 3.4187020962126535 3.2632103846408418 20.382952907122675 11.736627977341412 37.305626953020692 5.4014036189764729 242.99028696678579 38.037686613854021 157.1222955766134 6.8374628631863743
leaf_count=3014 54 45 49 158 86 269 40 1753 250 1347 83
internal_value=-3.0823e-05 -0.000257098 -0.0210167 7.62092e-05 -0.00778227 -0.0164788 0.00839428 0.000786943 -0.0016686 0.0036365 -0.0338134
internal_weight=955.984 949.663 13.5194 936.143 74.8266 49.0423 25.7844 861.317 461.204 400.113 10.2562
internal_count=7148 7094 177 6917 553 355 198 6364 3264 3100 128
is_linear=0
shrinkage=0.05


Tree=176
num_leaves=20
num_cat=0
split_feature=23 25 16 22 20 11 25 2 16 15 18 3 3 18 11 16 22 18 0
split_gain=1.9382 4.0323 5.30837 4.08993 3.93601 3.76245 3.26433 4.65577 4.70322 3.60323 4.45118 2.8957 2.90249 2.88698 2.6844 2.51158 1.97341 1.1305 0.563141
threshold=3.5000000000000004 8.5000000000000018 2.5000000000000004 1.5000000000000002 -0.41919999999999996 1648.5000000000002 6.5000000000000009 14.500000000000002 1.5000000000000002 2.5000000000000004 15791.595000000003 1.0000000180025095e-35 3.5000000000000004 403009.82000000007 753.50000000000011 5.5000000000000009 1.5000000000000002 169115.75500000003 6194.7250000000013
decision_type=2 2 2 2 2 2 2 2 2 2 2 2 2 2 2 2 2 2 2
left_child=1 6 11 -4 -5 14 9 16 -9 13 -11 -3 -13 -1 15 -2 -8 -7 -16
right_child=5 2 3 4 -6 17 7 8 -10 10 -12 12 -14 -15 18 -17 -18 -19 -20
leaf_value=0.00013668885052470624 0.012695745110737594 0.016056341586770745 0.042851994803153527 0.025961342502748803 0.0010016743703887543 0.024717389207173299 -0.0064521959627371235 -0.022493841377352369 0.0098810674905234347 -0.0059804623477968874 0.022432184015859544 -0.025156607652121611 0.011151824268397788 -0.012596554668926455 -0.011426196935090583 -0.02035080036335583 -0.036497502566927603 -0.0021330756271952149 -0.039783918113479866
leaf_weight=624.88240756560117 9.358515217900278 7.7414455302059677 10.81666607223451 24.418891882523894 41.919064516667277 6.1321707982569915 10.496375102549793 14.720228141173719 31.973737238906324 19.85582667356357 35.803161059506238 18.212685242295269 5.8055498404428354 45.817351480014622 5.9902188405394545 9.4667321909219009 16.467637086287141 5.8220270480960608 9.7815726809203607
leaf_count=4325 62 47 104 233 458 41 83 93 265 250 369 118 58 322 46 61 104 41 68
internal_value=-3.67549e-05 0.000471665 0.00941319 0.016412 0.0108265 -0.00978031 -0.000753605 -0.0106407 -0.000624418 0.000261758 0.0122669 -0.0072579 -0.0158134 -0.000753153 -0.0180115 -0.00380079 -0.0264001 0.0124924 -0.0320741
internal_weight=955.482 908.931 108.914 77.1546 66.338 46.5512 800.017 73.658 46.694 726.359 55.659 31.7597 24.0182 670.7 34.597 18.8252 26.964 11.9542 15.7718
internal_count=7148 6829 1018 795 691 319 5811 545 358 5266 619 223 176 4647 237 123 187 82 114
is_linear=0
shrinkage=0.05


Tree=177
num_leaves=25
num_cat=0
split_feature=24 22 16 25 17 23 0 17 25 0 18 14 14 25 13 27 16 27 0 0 24 14 24 18
split_gain=1.96078 2.4432 15.8797 5.4608 5.10467 6.92295 5.63162 4.58781 4.23857 4.12969 3.08418 2.32293 2.22269 2.14942 2.53167 2.01393 1.98132 1.89738 1.52065 2.23676 1.41527 1.29878 0.752493 0.126836
threshold=49.500000000000007 1.5000000000000002 3.5000000000000004 5.5000000000000009 2973.9621052631583 1.5000000000000002 3900.8500000000008 1232.3800000000003 11.500000000000002 297.07000000000005 322286.88000000006 0.18605000000000002 0.12265000000000002 4.5000000000000009 1.0000000180025095e-35 9.5000000000000018 4.5000000000000009 5.5000000000000009 24555.770000000004 1928.9350000000002 33.500000000000007 0.38380000000000009 72.500000000000014 77933.525000000009
decision_type=2 2 2 2 2 2 2 2 2 2 2 2 2 2 2 2 2 2 2 2 2 2 2 2
left_child=1 2 3 10 7 9 -7 16 -5 -6 -1 -9 18 20 -15 17 -3 22 19 -2 -4 -17 -14 -23
right_child=12 4 13 8 5 6 -8 11 -10 -11 -12 -13 15 14 -16 21 -18 -19 -20 -21 -22 23 -24 -25
leaf_value=0.0020493194190354023 0.0085733430990757274 -0.016778207690716765 0.017758685842248146 -0.02076733639449789 -0.022595894903434791 -0.021000267809484281 -0.00094191918757040153 -0.0064193629799166084 0.0082421121100311606 0.012887055201569936 -0.012076552862094615 -0.046525260215527733 0.017845865723256651 0.048876489951903412 0.0099431345849640643 -0.019840259156761617 0.015772433385205804 0.042929603074522676 0.012975026137868703 -0.026920296477398676 -0.023255462189408677 0 -0.003146917237457492 0.021739846740648525
leaf_weight=493.43423899903428 6.090313611552121 7.1212361156940442 3.3853259861934957 51.281805169768631 7.1140251271426669 53.116594023071229 99.500267054419965 6.4002038426697281 14.714737935923038 78.80870586913079 39.809199234703556 13.969640495255588 9.3796858657151514 19.306374364532534 7.5781775042414656 3.8832136383280149 7.5896025756374002 7.6647646799683562 7.9966416498646131 7.9567319834604859 1.4125982362311331 0.85910839471034695 4.8606846407055846 1.0725286975502966
leaf_count=3418 36 40 102 354 43 341 760 38 104 767 281 86 81 192 56 26 57 77 61 49 51 76 38 14
internal_value=-3.58598e-05 -0.000586619 0.00111314 -0.000745733 -0.00452189 -0.00177776 -0.00816902 -0.0218093 -0.0141001 0.00938832 0.000934887 -0.0360716 0.00941785 0.0345252 0.0396966 0.0183874 0 0.0249484 -0.00203673 -0.0117577 0.000923041 -0.00510844 0.0105595 0.0169911
internal_weight=954.306 904.543 630.922 599.24 273.62 238.54 152.617 35.0807 65.9965 85.9227 533.243 20.3698 49.7637 31.6825 26.8846 27.72 14.7108 21.9051 22.0437 14.047 4.79792 5.81485 14.2404 1.93164
internal_count=7148 6690 4558 4157 2132 1911 1101 221 458 810 3699 124 458 401 248 312 97 196 146 85 153 116 119 90
is_linear=0
shrinkage=0.05


Tree=178
num_leaves=12
num_cat=0
split_feature=17 0 3 5 11 24 0 4 8 17 21
split_gain=1.96749 2.51855 4.00824 2.06728 3.45486 4.06184 2.42881 2.25433 3.18521 3.1225 0.476462
threshold=2652869.0400000005 844344.15000000014 3.5000000000000004 1.0000000180025095e-35 1355.5000000000002 22.500000000000004 18165.580000000005 1.0000000180025095e-35 0.15760000000000005 192349.80500000002 681.00000000000011
decision_type=2 2 2 2 2 2 2 2 2 2 2
left_child=1 3 -3 4 5 -1 -6 9 -9 -5 -4
right_child=-2 2 10 7 6 -7 -8 8 -10 -11 -12
leaf_value=-0.010141553171604039 0.024215648830852476 -0.039955783807873027 -0.0044782038990404732 0.0011594630010223401 -0.037372808881699526 0.028248730332006505 0 -0.0083538607357245952 0.020693353935718754 -0.0085283039643310275 0.01534636303688091
leaf_weight=22.022594635374848 6.2842823485843828 8.0483046639710647 3.6592420013621441 751.55796874011867 11.956548062153162 7.6429609525948754 5.8820451665669671 11.794838481582699 28.384372585453093 91.472711008042097 3.9759753393009305
leaf_count=156 54 119 42 5542 85 58 46 83 239 682 42
internal_value=-3.31742e-05 -0.000255463 -0.0189511 8.88178e-05 -0.00984224 0.000592915 -0.0260102 0.000655295 0.0119375 7.87651e-05 0.00585002
internal_weight=952.682 946.398 15.6835 930.714 47.5041 29.6656 17.8386 883.21 40.1792 843.031 7.63522
internal_count=7148 7094 203 6891 345 214 131 6546 322 6224 84
is_linear=0
shrinkage=0.05


Tree=179
num_leaves=25
num_cat=0
split_feature=10 28 3 8 13 28 19 9 7 2 3 0 0 9 24 7 21 22 14 28 9 2 19 14
split_gain=1.9027 3.08628 3.38712 2.48125 9.5395 3.91709 4.25682 3.90771 3.67407 4.16223 3.96707 3.56061 2.35103 2.15273 1.95391 1.89901 1.80971 1.75302 1.61395 1.1918 1.37161 0.790823 0.542143 0.520843
threshold=40.500000000000007 4.5000000000000009 3.5000000000000004 0.46565000000000006 1.0000000180025095e-35 8.5000000000000018 1.4176500000000003 0.76240000000000008 4.5000000000000009 16.500000000000004 1.5000000000000002 8388.5550000000021 22095.900000000005 0.024350000000000004 3.5000000000000004 1.5000000000000002 20107.000000000004 2.5000000000000004 0.34485000000000005 1.0000000180025095e-35 0.0082500000000000021 14.500000000000002 1.9029500000000004 0.69705000000000006
decision_type=2 2 2 2 2 2 2 2 2 2 2 2 2 2 2 2 2 2 2 2 2 2 2 2
left_child=1 12 14 7 16 11 -7 8 9 -2 -10 -6 -1 -4 21 -9 17 -5 -16 22 -21 -3 -14 -17
right_child=3 2 13 4 5 6 -8 15 10 -11 -12 -13 19 -15 18 23 -18 -19 -20 20 -22 -23 -24 -25
leaf_value=0.0061107287829219974 -0.021892111621603157 -0.0053868959828207684 0 -0.043108249375545846 -0.014521976941026582 0.032222308446784288 -0.0041184751873789968 -0.0038453919405545649 0.0080341449979326827 -0.00303855334455682 -0.0012231546455584426 0.024406880124210991 -0.014379014367366673 0.034022463373843702 -0.023955178348927731 0.045179703624326162 0.00013003357007265764 -0.00473840956586006 0.0070777872547925702 -0.045387126277442708 -0.010521723420416016 0.016104319682077674 0.01136168457687993 0.0038564068171262436
leaf_weight=5.0489204456098404 34.613892193883657 6.474629018455742 10.156834201887252 7.5390333309769648 14.16344878356904 38.054232855327427 8.9739757264032942 2.6174556240439397 156.29869921132922 160.62079321499914 424.77544263517484 7.2208961322903624 2.1036515224259373 7.2632189784198991 17.79322054004297 5.5203704424202442 6.7214350178837767 6.0677475109696388 3.7576078700367352 9.2392430482432264 7.0077430880628517 6.2191095007583499 1.9487553662620483 1.9171738992445169
leaf_count=49 250 45 77 46 89 241 65 17 991 1115 2890 55 47 122 198 97 54 44 218 172 123 48 38 57
internal_value=-3.34567e-05 -0.00747475 -8.64592e-05 0.000625558 0.00845779 0.0174084 0.0251986 -0.000264835 -0.000714247 -0.00661997 0.00126876 0 -0.0210602 0.0165833 -0.00928933 0.027965 -0.020078 -0.0294384 -0.0179781 -0.0282087 -0.0336984 0.00522067 -0.000684348 0.038662
internal_weight=952.118 77.0129 51.6646 875.105 88.7408 68.4126 47.0282 786.364 776.309 195.235 581.074 21.3843 25.3483 17.4201 34.2446 10.055 20.3282 13.6068 21.5508 20.2994 16.247 12.6937 4.05241 7.43754
internal_count=7148 1137 708 6011 594 450 306 5417 5246 1365 3881 144 429 199 509 171 144 90 416 380 295 93 85 154
is_linear=0
shrinkage=0.05


Tree=180
num_leaves=26
num_cat=0
split_feature=24 25 11 14 11 2 11 24 2 21 29 11 23 11 25 20 27 9 7 11 24 20 29 21 18
split_gain=1.87964 2.77158 5.25647 4.1879 3.6267 3.20582 3.09507 2.46289 2.27286 3.91796 6.85906 5.15312 2.24766 3.71825 2.70472 3.48556 3.42934 5.71278 4.15564 2.58689 3.1018 2.36888 2.31815 1.49577 1.131
threshold=6.5000000000000009 2.5000000000000004 1441.5000000000002 0.033550000000000003 129.50000000000003 24.500000000000004 1680.5000000000002 4.5000000000000009 2.5000000000000004 30542.500000000004 2.5000000000000004 1813.5000000000002 3.5000000000000004 1648.5000000000002 11.500000000000002 -0.40534999999999993 5.5000000000000009 0.54885000000000017 3.5000000000000004 753.50000000000011 21.500000000000004 -0.31624999999999998 1.5000000000000002 721.50000000000011 169115.75500000003
decision_type=2 2 2 2 2 2 2 2 2 2 2 2 2 2 2 2 2 2 2 2 2 2 2 2 2
left_child=1 2 4 -4 7 -6 -5 -1 -3 11 -11 -10 14 19 16 22 17 -2 -18 20 -14 -17 -16 -21 -15
right_child=12 8 3 6 5 -7 -8 -9 9 10 -12 -13 13 24 15 21 18 -19 -20 23 -22 -23 -24 -25 -26
leaf_value=0.0011136741636181603 -0.0041641810387337483 0.01535323272305484 -0.014352284123996356 0.036886373753809598 -0.014715739148104624 0.0064894820066369796 0.0087198718371927619 0.033754753857698577 -0.010145379720762111 -0.019769711779328757 0.028714570292072434 -0.043176214467676374 -0.028681961674695888 0.025658036597874981 0 -0.015314581381028192 -0.0048945923366578471 0.034350881995969744 0.0088274507624812575 -0.0079425160031269815 0.010046547821831564 0.010014556726413671 0.036685621124388647 -0.043637227325327668 -0.0015241043772977513
leaf_weight=25.812585847219456 269.39538989355788 6.5114224068820468 9.4677439788356406 15.027202978264539 75.387107636313885 21.148167006671429 30.192857120884582 5.7831648662686339 64.791352923493832 12.184561067260804 12.92784817330539 13.562133453786371 5.9086363054811981 5.9445952977985126 6.2280019149184254 10.79457794735208 73.579095161054283 7.9527248013764611 198.77538727386855 6.6401618346571913 12.681881200522183 30.347207057289779 15.401603231206535 8.5848716199398023 5.7448511905968189
leaf_count=236 1858 39 59 110 559 146 210 40 464 86 95 87 41 40 55 93 545 79 1592 44 79 334 151 66 40
internal_value=-3.32308e-05 -0.00336277 0.00037499 0.0131281 -0.00510943 -0.00993136 0.0194576 0.00903962 -0.0095612 -0.0114854 0.00509811 -0.0169195 0.00143894 -0.00900565 0.002258 0.0119394 0.00109507 -0.00278597 0.00507521 -0.0173068 -0.00336723 0.00273515 0.0273104 -0.0313799 0.0132977
internal_weight=950.775 292.796 182.819 54.6878 128.131 96.5353 45.2201 31.5958 109.977 103.466 25.1124 78.3535 657.979 45.505 612.474 62.7714 549.703 277.348 272.354 33.8156 18.5905 41.1418 21.6296 15.225 11.6894
internal_count=7148 2131 1360 379 981 705 320 276 771 732 181 551 5017 310 4707 633 4074 1937 2137 230 120 427 206 110 80
is_linear=0
shrinkage=0.05


Tree=181
num_leaves=25
num_cat=0
split_feature=28 9 9 2 0 29 24 17 2 10 22 18 10 13 8 9 2 25 1 2 7 19 7 17
split_gain=1.83874 4.68029 3.921 3.85509 4.76725 4.70108 3.57298 2.60022 2.49149 5.27064 5.83308 4.34901 3.35751 6.91197 4.44513 9.81633 4.9049 2.51328 2.28257 2.17137 1.78664 1.20526 1.19775 0.279175
threshold=19.500000000000004 0.03425000000000001 0.0057500000000000008 13.500000000000002 2058.5500000000006 1.0000000180025095e-35 26.500000000000004 39988.125000000007 6.5000000000000009 853.50000000000011 2.5000000000000004 35089.785000000011 1.0000000180025095e-35 1.0000000180025095e-35 0.46565000000000006 0.13755000000000003 10.500000000000002 9.5000000000000018 1.0000000180025095e-35 24.500000000000004 3.5000000000000004 0.091450000000000017 1.5000000000000002 580.67500000000007
decision_type=2 2 2 2 2 2 2 2 2 2 2 2 2 2 2 2 2 2 2 2 2 2 2 2
left_child=8 2 3 4 -2 -5 7 23 9 10 11 -1 13 18 16 -16 -14 -12 -10 -9 -8 -11 -15 -3
right_child=1 6 -4 5 -6 -7 20 19 12 21 17 -13 14 22 15 -17 -18 -19 -20 -21 -22 -23 -24 -25
leaf_value=0.011117523679150866 0.027669084617106959 -0.020604395096447098 0.028453886196474255 0.018207412364256256 -0.0069871723646052876 -0.018187263252824583 -0.014574728602675566 -0.024894798609221735 -0.020878716543551359 -0.0079780649420806791 -0.038309053116274083 -0.0081567692121572305 0.01683352672397764 -0.0032497329970081349 0.025864259303935697 -0.021831377868806338 0.00021513870524964156 -0.003388277491042042 0.022963722635256659 0.014519998551883295 0.021007099037044979 -0.039626658301205833 -0.035444035550306327 -0.049573541008268815
leaf_weight=69.004148026695475 16.387435966171324 7.8100205603987041 9.0865235337987524 9.0017643896862847 19.491584064438939 44.467074377462268 4.6312358379363996 5.1113702105358225 1.9049835931509722 6.8602937925606993 11.469074084423484 47.451218828326091 46.702816987410188 4.7929576039314297 47.94438565056771 11.886747911572455 519.08849749527872 10.139619085937737 11.291759714949874 4.7493578931316733 5.3664962956681848 10.08819275908172 16.228843959281221 9.0078689102083427
leaf_count=505 116 59 63 58 122 286 36 48 12 49 80 319 355 75 339 87 3620 71 332 49 53 62 292 60
internal_value=-2.54509e-05 -0.0053935 0.00029131 -0.00302358 0.00920293 -0.0114442 -0.0201354 -0.0291808 0.000863408 -0.00478175 -0.00129292 0.00317443 0.00221514 -0.0125483 0.00307598 0.0158271 0.00165897 -0.0240217 0.014062 -0.00582051 0.00400911 -0.0295381 -0.0294581 -0.0402717
internal_weight=949.964 135.111 98.4344 89.3479 35.879 53.4688 36.6763 26.6786 814.854 155.013 138.064 116.455 659.841 34.2185 625.622 59.8311 565.791 21.6087 13.1967 9.86073 9.99773 16.9485 21.0218 16.8179
internal_count=7148 950 645 582 238 344 305 216 6198 1086 975 824 5112 711 4401 426 3975 151 344 97 89 111 367 119
is_linear=0
shrinkage=0.05


Tree=182
num_leaves=23
num_cat=0
split_feature=3 6 8 14 10 11 20 20 28 20 26 15 19 28 17 11 3 3 16 14 10 28
split_gain=1.78726 3.81797 4.16879 3.90751 3.31007 4.63171 3.93622 3.81598 4.24195 3.22494 3.5211 2.82681 3.23355 2.98424 2.5745 1.98197 1.96495 1.83383 1.46408 1.21173 1.09314 0.25624
threshold=3.5000000000000004 8.5000000000000018 0.51920000000000022 0.0082000000000000007 85.500000000000014 22.500000000000004 -0.33899999999999991 2.9401500000000005 8.5000000000000018 0.82020000000000015 9.5000000000000018 1.0000000180025095e-35 0.19940000000000005 8.5000000000000018 94854.10000000002 457.50000000000006 4.5000000000000009 1.0000000180025095e-35 1.5000000000000002 0.093650000000000025 126.50000000000001 16.500000000000004
decision_type=2 2 2 2 2 2 2 2 2 2 2 2 2 2 2 2 2 2 2 2 2 2
left_child=1 4 3 -3 5 17 -7 8 -6 10 11 13 -13 -2 21 -5 19 -1 -9 -11 -21 -12
right_child=9 2 -4 15 7 6 -8 18 -10 16 14 12 -14 -15 -16 -17 -18 -19 -20 20 -22 -23
leaf_value=-0.0093391857188915781 -0.014660380343026051 0.015660024587527646 0.019021106313311661 -0.0047074532323631083 0.0084103898973914657 -0.030147768826025368 -0.0042090565412119512 -0.032073815732036298 -0.0010629873917814608 -0.0027767384496456046 0.016596690976975269 -0.0028493507837987113 0.018021545656498768 0.00056143751593432936 -0.0083108788647767266 -0.028563854889912012 -0.0088571565900298597 0.03755049355732535 -0.0017304078979311047 0.0054162201980082272 0.033292104401331617 0.04756856925943765
leaf_weight=1.6320550786331285 45.6430170154199 5.9855414861813179 6.9883800335228434 13.943089893087743 168.93312975624576 23.49504968803376 38.735046315938234 9.5952759510837513 377.25697124097496 2.8912312742322746 6.3941312413662654 34.758788686711341 35.148786456789821 95.329445945098996 3.3530460353940716 35.268919697031379 4.1256536194123319 4.6776437421794981 7.5359803512692443 6.5658261980861452 16.71065237885341 3.9994746372103691
leaf_count=18 320 45 49 87 1039 237 480 63 2341 26 52 298 453 675 28 240 29 225 45 64 246 88
internal_value=-4.01172e-05 -0.00136594 -0.0129868 -0.0177375 -0.000169096 -0.0103948 -0.0147917 0.00108976 0.00186882 0.00351318 0.00132876 -0.000324504 0.00771462 -0.00443316 0.0241456 -0.0224478 0.0183156 0.02489 -0.0208249 0.0232795 0.0268752 0.0350746
internal_weight=948.967 694.047 62.1859 55.1976 631.861 68.5398 62.2301 563.321 546.19 254.92 224.627 210.88 69.9076 140.972 13.7467 49.212 30.2934 6.3097 17.1313 26.1677 23.2765 10.3936
internal_count=7148 4869 421 372 4448 960 717 3488 3380 2279 1914 1746 751 995 168 327 365 243 108 336 310 140
is_linear=0
shrinkage=0.05


Tree=183
num_leaves=23
num_cat=0
split_feature=2 2 3 0 2 2 14 0 0 9 2 3 0 10 10 11 18 11 0 18 22 21
split_gain=1.82775 13.0539 10.5066 7.0354 11.1567 8.53444 4.99693 4.25741 4.17832 11.0485 5.61393 5.80288 4.31492 3.97496 3.42911 3.4173 2.82697 2.7373 2.48369 1.90772 1.85113 1.48758
threshold=22.500000000000004 18.500000000000004 1.0000000180025095e-35 3223.9550000000004 25.500000000000004 26.500000000000004 0.0060500000000000007 607.80500000000006 699.05000000000007 0.012250000000000002 14.500000000000002 3.5000000000000004 175.97500000000002 441.50000000000006 533.50000000000011 1181.5000000000002 69405.555000000008 22.500000000000004 461.49500000000006 9515.2450000000008 3.5000000000000004 75116.000000000015
decision_type=2 2 2 2 2 2 2 2 2 2 2 2 2 2 2 2 2 2 2 2 2 2
left_child=1 8 7 5 15 18 13 -2 9 12 14 -12 -1 -3 -10 -5 -11 -8 -4 -19 21 -9
right_child=2 6 3 4 -6 -7 17 20 10 16 11 -13 -14 -15 -16 -17 -18 19 -20 -21 -22 -23
leaf_value=0.0017437306952666713 -0.0097625884046475039 -0.012103494007158882 -0.040047670534665306 0.016101949129378925 -0.046959463039198984 0.030707538635946593 0.0068571209690310338 0.039801246977918044 -0.00062721786006552207 -0.023977305836438024 -0.00033605483064380625 0.017347376530251535 0.024050111835296675 0.035740796623304663 -0.012037236770310142 -0.00046324956240775426 0.0090184477591124905 -0.034766138974792048 -0.014219128126480558 -0.016988527464287393 0.0014242286438050497 0.012585612860142157
leaf_weight=33.05624326877296 6.8124894574284545 8.0868383757770044 15.419983745552598 66.379507500911132 7.7171238530427209 6.4326735474169245 6.2430282495915881 26.522035459987819 160.60554221842904 23.87368186283857 138.79847407550551 66.839307121001184 69.368205869570374 5.5899992519989601 112.29577539581805 54.864607370458543 6.9681668765842906 30.818003400228918 33.077476655133069 51.191008420195431 6.0989601984620085 10.578546400181947
leaf_count=212 45 58 89 811 43 37 42 176 1252 167 898 653 486 37 743 467 52 210 216 333 57 64
internal_value=-3.34995e-05 -0.00130184 0.00377256 -0.0017702 0.00456921 -0.0164667 -0.0176937 0.0236296 0.00146156 0.00922654 -0.000709472 0.00547523 0.017118 0.00887849 -0.0054121 0.00863896 -0.0161228 -0.022028 -0.0238903 -0.0244568 0.0293157 0.0333376
internal_weight=947.638 713.734 233.903 183.891 128.961 54.9301 101.929 50.012 611.805 133.266 478.539 205.638 102.424 13.6768 272.901 121.244 30.8418 88.252 48.4975 82.009 43.1995 37.1006
internal_count=7148 5143 2005 1663 1321 342 680 342 4463 917 3546 1551 698 95 1995 1278 219 585 305 543 297 240
is_linear=0
shrinkage=0.05


Tree=184
num_leaves=16
num_cat=0
split_feature=17 0 13 7 10 17 18 6 1 0 17 14 21 17 19
split_gain=1.78001 2.28785 3.93088 6.03973 4.22919 2.8505 3.99866 4.91225 3.14352 3.03006 2.70421 2.6376 1.72907 1.30655 0.435641
threshold=2652869.0400000005 300677.21000000002 1.0000000180025095e-35 4.5000000000000009 8.5000000000000018 267746.60500000004 9044.6100000000024 3.5000000000000004 3.5000000000000004 98399.340000000011 267746.60500000004 0.13660000000000003 9192.0000000000018 88225.98000000001 11.566400000000002
decision_type=2 2 2 2 2 2 2 2 2 2 2 2 2 2 2
left_child=1 5 10 13 -5 6 7 -1 12 -10 14 -8 -7 -4 -3
right_child=-2 2 3 4 -6 8 11 -9 9 -11 -12 -13 -14 -15 -16
leaf_value=-0.018867454903619501 0.023176829972996266 -0.038710290536290583 -0.038028555939698068 -0.017948751656306668 0.027269829001125581 -0.0087350519255502326 0.0008832545784293246 -0.00059258967423152166 0.0042146547870851687 -0.026099483583092192 0.0027482918024043057 0.0085396396683358657 -0.041099486586212097 -0.0004629177523527789 -0.0087556341503291831
leaf_weight=39.840121682966128 6.1800842117518178 13.203663736116146 6.5402178652584535 5.2228570166043964 17.228799233213067 11.061108367517592 260.2354778139852 316.37638643244281 38.044347968883812 8.3262205338105542 5.7166675971820942 201.40358260343783 8.1180767565965635 4.000604460015893 3.8747863708995274
leaf_count=264 54 138 101 101 142 77 1668 2269 278 75 54 1783 55 50 39
internal_value=-3.39329e-05 -0.000246215 -0.00989128 0.00106237 0.0157341 0.00037255 0.00119598 -0.00275834 -0.00948446 -0.00187585 -0.0249552 0.00426757 -0.0254938 -0.0269161 -0.0340686
internal_weight=945.373 939.193 55.7876 32.9925 22.4517 883.405 817.856 356.217 65.5498 46.3706 22.7951 461.639 19.1792 10.5408 17.0785
internal_count=7148 7094 625 394 243 6469 5984 2533 485 353 231 3451 132 151 177
is_linear=0
shrinkage=0.05


Tree=185
num_leaves=18
num_cat=0
split_feature=11 11 11 21 8 11 24 23 21 24 17 11 17 17 28 10 0
split_gain=1.81902 3.54032 3.89539 8.17786 4.37791 3.9102 3.79472 4.84465 4.77955 2.32476 5.04555 3.34526 3.09887 3.08995 2.57643 2.45616 2.24878
threshold=2102.5000000000005 1845.5000000000002 1499.5000000000002 39086.500000000007 0.045250000000000005 1577.0000000000002 7.5000000000000009 3.5000000000000004 421017.50000000006 16.500000000000004 78360.360000000001 1935.5000000000002 75875.955000000016 7638.6250000000009 13.500000000000002 382.50000000000006 34987.380000000012
decision_type=2 2 2 2 2 2 2 2 2 2 2 2 2 2 2 2 2
left_child=1 2 6 5 -5 -4 8 -8 -1 11 13 15 -13 -11 -12 -3 -2
right_child=16 9 3 4 -6 -7 7 -9 -10 10 14 12 -14 -15 -16 -17 -18
leaf_value=-0.0043555697442744182 0 -0.0047584829432554335 0.037055571722593168 -0.017370099586248067 0.017599394207664727 0.011032031619694287 0.003312424465774524 -0.016693969521357013 -0.040233323182794954 -0.0012663409511270126 0 -0.011743305201916437 0.019729794932799808 0.030037439365015087 -0.044888505705603238 -0.041455840581967711 0.03597735579543019
leaf_weight=223.68619120516814 10.865864207968118 8.1934342216700333 18.14624852174893 33.693100002128631 9.912478238809852 70.781050019431859 424.27242455456872 30.48318362981081 7.8396110431058323 17.519123976584527 5.7142911963164789 39.900537625420839 7.5423255898058406 11.334091594442723 5.3129283767193556 13.611746931914238 5.7609740854240945
leaf_count=1665 76 64 140 221 80 529 3342 204 59 122 45 265 57 99 43 87 50
internal_value=-4.79424e-05 -0.000368229 0.000755302 0.00854151 -0.00877832 0.0171506 -0.00075427 0.00188224 -0.0059474 -0.00875018 0.000646876 -0.0141686 -0.00594186 0.0118563 -0.0252328 -0.0296449 0.0154106
internal_weight=944.57 927.943 818.814 132.533 43.6056 88.9273 686.281 454.756 231.526 109.128 39.8804 69.248 47.4429 28.8532 11.0272 21.8052 16.6268
internal_count=7148 7022 6240 970 301 669 5270 3546 1724 782 309 473 322 221 88 151 126
is_linear=0
shrinkage=0.05


Tree=186
num_leaves=21
num_cat=0
split_feature=2 0 2 10 11 24 16 1 1 2 10 2 0 14 3 14 1 24 18 18
split_gain=1.76743 5.8312 2.91747 4.23226 3.55505 4.04596 3.93889 2.7842 7.42659 11.0329 4.0679 4.07597 3.7377 3.6343 2.2888 2.44688 2.25486 1.40873 0.932084 0.853616
threshold=1.5000000000000002 5548.0850000000009 4.5000000000000009 483.50000000000006 708.50000000000011 32.500000000000007 1.5000000000000002 10.500000000000002 4.5000000000000009 12.500000000000002 593.50000000000011 25.500000000000004 461.49500000000006 0.13065000000000002 1.0000000180025095e-35 0.17170000000000005 3.5000000000000004 20.500000000000004 25039.065000000002 15791.595000000003
decision_type=2 2 2 2 2 2 2 2 2 2 2 2 2 2 2 2 2 2 2 2
left_child=1 16 3 4 6 -6 -2 8 12 -10 11 -9 -4 -12 -5 -16 19 -3 -18 -1
right_child=2 17 7 14 5 -7 -8 10 9 -11 13 -13 -14 -15 15 -17 18 -19 -20 -21
leaf_value=0.04863065495328605 -0.030745250757417034 -0.027562694590585135 -0.011632994079733094 -0.037740243067886176 0.018557714319085195 -0.02192177735583015 0.0097043262157681456 -0.0064232233354236711 0.039067975153586516 0.0029085551143006143 -0.0056149895696001187 -0.044590325413415954 0.0017212409689372624 0.013317547887462254 -0.020938501462465096 0.0019369696303856755 0.017204335127801097 0.0016734711440304952 -0.0035351140775867402 0.010063178531822972
leaf_weight=6.7203245954588073 12.089768441859635 7.5579401925206167 58.973802316002548 10.252826198935507 29.799692161614075 5.6768790776841334 8.6931455265730602 165.55738921568263 30.289282034151256 63.884505909401923 45.350170122459531 5.5208015199750653 369.6665050284937 51.916051913052797 25.626692491117865 18.440506127662957 10.555305652320387 5.804961490444839 7.3491239994764319 4.1504604127258062
leaf_count=70 96 59 378 69 218 43 63 1460 272 501 296 32 2764 367 163 112 66 39 43 37
internal_value=-4.89126e-05 0.00970913 -0.000536447 -0.00807321 0.00141462 0.0109892 -0.0140203 0.000522053 0.00265527 0.0152131 -0.003586 -0.00821371 -0.000138353 0.00445427 -0.0177786 -0.0114804 0.0220607 -0.0156469 0.0086893 0.0385344
internal_weight=943.876 42.1381 901.738 110.58 56.2595 35.4766 20.7829 791.159 522.814 94.1738 268.344 171.078 428.64 97.2662 54.32 44.0672 28.7752 13.3629 17.9044 10.8708
internal_count=7148 314 6834 764 420 261 159 6070 3915 773 2155 1492 3142 663 344 275 216 98 109 107
is_linear=0
shrinkage=0.05


Tree=187
num_leaves=22
num_cat=0
split_feature=24 22 16 25 18 2 28 25 19 20 9 10 19 16 19 0 10 24 11 28 18
split_gain=1.75283 2.46372 14.2478 5.12114 4.48888 4.72362 3.97359 3.74813 3.22357 2.95764 2.72457 2.22379 2.38406 2.19671 1.737 1.40276 1.31449 1.0013 0.764819 0.287172 0.181019
threshold=49.500000000000007 1.5000000000000002 3.5000000000000004 5.5000000000000009 1262602.5250000001 16.500000000000004 20.500000000000004 11.500000000000002 0.029850000000000005 -1.0495999999999999 0.028850000000000004 678.50000000000011 0.34860000000000008 3.5000000000000004 1.23655 61112.250000000007 882.50000000000011 57.500000000000007 603.50000000000011 11.500000000000002 67990.065000000017
decision_type=2 2 2 2 2 2 2 2 2 2 2 2 2 2 2 2 2 2 2 2 2
left_child=1 2 3 9 5 8 -7 -5 -3 -1 15 12 13 -2 19 -4 20 -16 -12 -14 -13
right_child=11 4 10 7 -6 6 -8 -9 -10 -11 18 16 14 -15 17 -17 -18 -19 -20 -21 -22
leaf_value=-0.017989360893633451 -0.021585087890896915 0 0.045274477511515754 -0.019960589840686868 0.031461172472799351 0.0028619034679040092 -0.019253982285711659 0.0074523336081797334 -0.019448968039283202 0.0017598684083861623 -0.012908054737791042 0.043269534172935657 0.0080262135188991814 0.0088391414838887208 0.012879949660535127 0.0072325604839880491 0 -0.016979601547892121 0.014802098051229871 0.038930740890319018 0.014071539047149327
leaf_weight=17.635080710053444 11.980646457057448 29.02206804137677 20.533747985027738 50.534737220034003 6.3477299460209897 139.28593237698078 21.704475417733192 14.567958231084047 73.231821419205517 510.50558053539135 2.7873268518596879 4.3365365108475071 3.4871255354955775 8.2425230070948583 3.6807366192806512 4.4077762393280855 4.5602601310238233 3.4468899732455611 3.0937004946172237 3.8788202607538551 5.320441528223455
leaf_count=112 78 196 197 354 69 1191 172 104 504 3587 142 38 29 58 38 39 39 46 23 85 47
internal_value=-5.04051e-05 -0.000573886 0.00114 -0.000615605 -0.00455728 -0.00569419 -0.000258045 -0.0136381 -0.0139879 0.00101618 0.0332135 0.00896049 0.0014258 -0.00905534 0.0159813 0.0399587 0.0242977 -0.0010209 0.000457095 0.030206 0.0332152
internal_weight=942.592 893.658 624.066 593.243 269.592 263.244 160.99 65.1027 102.254 528.141 30.8226 48.934 34.7167 20.2232 14.4936 24.9415 14.2172 7.12763 5.88103 7.36595 9.65698
internal_count=7148 6690 4558 4157 2132 2063 1363 458 700 3699 401 458 334 136 198 236 124 84 165 114 85
is_linear=0
shrinkage=0.05


Tree=188
num_leaves=26
num_cat=0
split_feature=29 17 10 10 3 17 24 27 0 21 17 29 17 1 21 23 10 10 2 1 9 10 2 0 24
split_gain=1.68364 2.88737 3.64573 3.66921 3.61047 3.32089 3.62189 3.18295 2.56597 2.50669 4.8703 6.15698 5.77563 4.82496 4.75848 7.40443 4.44378 3.3341 4.12315 2.94407 2.18911 1.91052 1.29517 1.19903 0.808192
threshold=5.5000000000000009 52457.285000000011 267.50000000000006 800.50000000000011 3.5000000000000004 114109.08000000002 26.500000000000004 7.5000000000000009 2371.0350000000003 17170.500000000004 14897.300000000001 4.5000000000000009 6666.7750000000005 3.5000000000000004 14049.000000000002 1.5000000000000002 217.50000000000003 85.500000000000014 13.500000000000002 10.500000000000002 0.00055000000000000003 445.50000000000006 15.500000000000002 31217.555000000004 20.500000000000004
decision_type=2 2 2 2 2 2 2 2 2 2 2 2 2 2 2 2 2 2 2 2 2 2 2 2 2
left_child=9 2 4 7 8 21 22 -4 -2 14 12 16 13 -11 17 -16 -12 19 -19 -1 -5 -3 -7 -6 -13
right_child=1 5 3 20 23 6 -8 -9 -10 10 11 24 -14 -15 15 -17 -18 18 -20 -21 -22 -23 -24 -25 -26
leaf_value=-0.0027377348069592125 -0.031152675188308988 -0.0037079004992760442 0.029441564633896324 -0.018713812910378123 0.033734281883095706 0 -0.021850406456562232 0.0039010137612993227 -0.00066636025885750808 0.008896553086571956 0.0018798298818115914 0.022637056290397667 0.030236702142259216 -0.0073482617021130674 0.061248413472130669 -0.0054962591359480582 -0.028774460012025768 0.0090621453298611165 -0.0015502870315518074 -0.029414504705671331 0.015073139820600488 -0.038681860546166603 0.025125136061215581 0 0
leaf_weight=32.195133365923539 9.1519540017470735 8.7627494707703608 37.311580368783325 9.7392350053414685 5.0725181936286372 7.971068340353674 7.0455603012815109 20.090283268131316 20.208079158328474 61.206894502509385 14.345388570800422 7.514507210813461 12.049756492488084 161.13827882194892 6.2252316232770664 7.2964666783809662 48.542041603475809 131.64454838819802 285.77414897130802 14.337739919777958 5.9791045282036057 7.3131401566788545 11.593284817412494 3.3564725071191788 5.7703646793961525
leaf_count=310 70 71 264 65 96 61 52 134 339 408 132 56 76 1172 38 55 315 920 2099 163 45 55 85 27 40
internal_value=-3.15427e-05 0.00471154 0.00895812 0.0153641 -0.00333505 -0.00600556 0.00460656 0.0211032 -0.011869 -0.000978249 -0.0044673 -0.0152828 -0.000810681 -0.00279239 0.00127948 0.0285205 -0.0217853 0.000345079 0.00180005 -0.0120369 -0.00504651 -0.0226908 0.0157409 0.0220073 0.0136672
internal_weight=941.636 153.595 110.909 73.1202 37.789 42.6858 26.6099 57.4019 29.36 788.041 310.567 76.1723 234.395 222.345 477.473 13.5217 62.8874 463.952 417.419 46.5329 15.7183 16.0759 19.5644 8.42899 13.2849
internal_count=7148 1364 1040 508 532 324 198 398 409 5784 2199 543 1656 1580 3585 93 447 3492 3019 473 110 126 146 123 96
is_linear=0
shrinkage=0.05


Tree=189
num_leaves=23
num_cat=0
split_feature=2 2 3 0 2 2 14 0 8 0 13 0 0 17 0 11 17 17 0 24 22 21
split_gain=1.72466 11.7537 9.51777 6.26768 10.0156 7.90286 4.73578 3.84695 8.89579 5.86672 5.63708 7.51578 5.76955 4.4646 3.79312 3.10718 2.64205 4.66904 2.26749 2.18964 1.66981 1.37383
threshold=22.500000000000004 18.500000000000004 1.0000000180025095e-35 3223.9550000000004 25.500000000000004 26.500000000000004 0.0060500000000000007 699.05000000000007 0.021850000000000005 540.94000000000017 1.0000000180025095e-35 1512.9000000000003 124603.61500000002 34932.364782608704 607.80500000000006 1181.5000000000002 215420.02000000002 6082.8550000000005 461.49500000000006 13.500000000000002 3.5000000000000004 75116.000000000015
decision_type=2 2 2 2 2 2 2 2 2 2 2 2 2 2 2 2 2 2 2 2 2 2
left_child=1 7 14 5 15 18 19 8 9 -1 12 -12 -9 -10 -2 -5 17 -8 -4 -3 21 -16
right_child=2 6 3 4 -6 -7 16 10 13 -11 11 -13 -14 -15 20 -17 -18 -19 -20 -21 -22 -23
leaf_value=0.011625033905650277 -0.0089366211320743259 -0.007547310786629343 -0.038327635728229198 0.015403218800951322 -0.044593245641804169 0.02995392522711739 -0.027161465638708117 -0.002467960897287911 -0.017814337996068578 0.047158126707555037 -0.018414612422025807 0.0094265764536461422 -0.02378363758437136 0.019278212833739095 0.038177803798732229 -0.0004261115448722399 -0.044836424247360458 -0.0020735057572490072 -0.013483094530486978 0.027744680314995752 0.0014257986811069883 0.01193909373452225
leaf_weight=77.308338857255876 6.7651726305484763 7.6244833730161172 15.167125429958103 65.87432628730312 7.6531405746936789 6.3731686882674685 44.881418717093766 240.34470780100673 33.798666136804968 12.658902498893438 26.026072670705616 174.02675236098003 35.007860313169658 8.4782016854733211 26.188806225545704 54.67290634708479 9.69337609130889 32.783882615156472 32.853213206864893 6.0281994324177504 6.0859703030437222 10.541131271980701
leaf_count=526 45 55 89 811 43 37 313 1608 239 92 162 1472 304 60 176 467 70 202 216 40 57 64
internal_value=-2.5785e-05 -0.00126249 0.0036848 -0.00160474 0.00438454 -0.0155531 -0.0168882 0.00136551 0.00884597 0.0176503 -0.000722737 0.00560863 -0.00536602 -0.00961515 0.0226656 0.00825261 -0.0211483 -0.0170148 -0.0227488 0.0089506 0.028058 0.0319111
internal_weight=940.836 708.661 232.175 182.594 128.2 54.3935 101.011 607.65 132.244 89.9672 475.405 200.053 275.353 42.2769 49.5811 120.547 87.3587 77.6653 48.0203 13.6527 42.8159 36.7299
internal_count=7148 5143 2005 1663 1321 342 680 4463 917 618 3546 1634 1912 299 342 1278 585 515 305 95 297 240
is_linear=0
shrinkage=0.05


Tree=190
num_leaves=18
num_cat=0
split_feature=11 11 11 14 10 24 23 9 24 3 17 17 23 29 11 24 14
split_gain=1.71115 3.20307 3.59063 4.26189 4.06436 3.57112 4.45147 2.92869 2.6488 2.6252 4.26046 3.70431 3.99177 2.13454 1.96345 1.8377 1.65883
threshold=2102.5000000000005 1845.5000000000002 1499.5000000000002 0.10025000000000002 132.50000000000003 7.5000000000000009 3.5000000000000004 0.073550000000000018 1.5000000000000002 1.5000000000000002 2343.3350000000005 8032.8550000000005 1.5000000000000002 3.5000000000000004 1925.5000000000002 15.500000000000002 0.15800000000000003
decision_type=2 2 2 2 2 2 2 2 2 2 2 2 2 2 2 2 2
left_child=1 2 5 4 -4 7 -7 -1 -5 10 13 15 -13 -3 -12 -11 -2
right_child=16 9 3 8 -6 6 -8 -9 -10 11 14 12 -14 -15 -16 -17 -18
leaf_value=-0.008231396738389983 -0.00018410869530060756 0.0018434227573049741 -0.035580121896766639 0.036488045884712536 0.0025725166434126243 0.0032142229799274214 -0.016039025053679542 0.00684466932219657 0.010655420670480004 -0.029225389917955581 -0.031165966104114907 0.017558867799212986 -0.013809538505236944 0.042337891282371982 0.0026407702101990437 -0.0058241617617877869 0.028700750819358346
leaf_weight=193.99992576777004 8.4171687830239552 6.8879620297811943 6.2800362436100832 10.885290337726472 41.230075817089528 421.8063957617851 30.216440876945853 36.242125891614705 73.429049242986366 29.425083534326404 5.7984692025929672 15.098338292911647 22.825945608317852 5.7489705234766006 7.8670492358505726 14.679877672344444 8.0969863808713836
leaf_count=1390 55 52 62 74 260 3342 204 334 574 199 39 118 172 38 61 103 71
internal_value=-3.02247e-05 -0.000342174 0.00072833 0.00822341 -0.00350221 -0.000725027 0.00184019 -0.00577672 0.0148746 -0.00834479 0.00485715 -0.0127118 -0.000816731 0.0242168 -0.0132131 -0.022244 0.0150087
internal_weight=938.935 922.421 814.089 131.824 47.5101 682.265 452.023 230.242 84.3143 108.332 26.3025 82.0292 37.9243 12.6369 13.6655 44.105 16.5142
internal_count=7148 7022 6240 970 322 5270 3546 1724 648 782 190 592 290 90 100 302 126
is_linear=0
shrinkage=0.05


Tree=191
num_leaves=23
num_cat=0
split_feature=24 10 19 17 16 25 19 21 2 20 11 18 10 17 20 27 10 29 14 8 18 10
split_gain=1.68169 2.05384 2.17274 3.02179 2.00968 2.00043 5.92466 5.27442 4.94012 5.96081 4.89591 4.21617 6.05361 5.45692 3.47372 3.12997 3.5671 2.09447 1.42389 0.663675 0.570991 0.0928824
threshold=49.500000000000007 678.50000000000011 0.34860000000000008 1146.9100000000003 3.5000000000000004 1.5000000000000002 0.00015000000000000004 212794.00000000003 24.500000000000004 -0.53914999999999991 457.50000000000006 69405.555000000008 678.50000000000011 2732.3750000000005 -0.80459999999999987 2.5000000000000004 366.50000000000006 4.5000000000000009 0.088750000000000009 0.15000000000000002 88825.675000000003 424.50000000000006
decision_type=2 2 2 2 2 2 2 2 2 2 2 2 2 2 2 2 2 2 2 2 2 2
left_child=5 2 4 -4 -2 8 15 14 11 21 -9 13 -13 -1 -8 -7 -17 -11 -3 -5 -20 -10
right_child=1 18 3 19 -6 6 7 10 9 17 -12 12 -14 -15 -16 16 -18 -19 20 -21 -22 -23
leaf_value=-0.0011972616699943324 -0.02053322845104194 0 -0.0080775899803249319 0.041029793735390042 0.0086039913736552561 -0.04948399709020504 0.01419456302827914 -0.040912610382439048 -0.0042566772072616969 0.0152290324026051 -0.0056365805440472018 1.6369171815690973e-05 0.044786963264060418 -0.036443551833185817 -0.0005652795716452251 0.0065058046843611758 -0.028604139499278397 0.042066196419242322 0.045612930158198783 0.0034505969013978888 0.011292690011770036 -0.021674370446978123
leaf_weight=129.7640678754542 11.89069535629824 4.8335999827831975 6.3646046584472051 5.4518242718186212 8.2115424061194044 6.5256575085222748 40.926129188388586 12.654952871613203 4.2116049930918944 27.297345478786156 35.117682434618473 23.25236733071506 9.5131926005706173 10.09515070542693 548.2945408388041 12.273784700781109 12.792469169944523 12.41505434620194 4.2940025296993536 2.600163058610633 4.9318570727482438 4.5611132625490427
leaf_count=1062 78 32 42 100 58 42 274 88 58 192 236 186 64 73 4052 87 76 176 46 56 46 24
internal_value=-2.61381e-05 0.00883177 0.00155245 0.0154755 -0.00847701 -0.000539728 -0.00191279 -0.000814628 0.0035472 0.0173102 -0.0164506 -0.00041513 0.0151315 -0.00428979 0.000487546 -0.0223907 -0.0118326 0.0254734 0.0236622 0.0329905 0.0334377 -0.0165834
internal_weight=938.273 48.5783 34.5188 14.4166 20.1022 889.695 668.585 636.993 221.11 48.4851 47.7726 172.625 32.7656 139.859 589.221 31.5919 25.0663 39.7124 14.0595 8.05199 9.22586 8.77272
internal_count=7148 458 334 198 136 6690 4855 4650 1835 450 324 1385 250 1135 4326 205 163 368 124 156 92 82
is_linear=0
shrinkage=0.05


Tree=192
num_leaves=15
num_cat=0
split_feature=5 24 2 24 0 11 17 11 11 21 3 17 18 24
split_gain=1.67262 3.42 2.09832 2.19478 2.28056 2.02208 2.29554 2.13945 4.25114 8.06991 2.75007 4.27912 3.47489 2.66977
threshold=1.0000000180025095e-35 28.500000000000004 8.5000000000000018 3.5000000000000004 7809.3700000000008 2102.5000000000005 1943.9200000000003 1824.5000000000002 1499.5000000000002 39086.500000000007 1.5000000000000002 47536.100000000013 15791.595000000003 7.5000000000000009
decision_type=2 2 2 2 2 2 2 2 2 2 2 2 2 2
left_child=1 2 -1 -4 -5 7 -7 8 13 -10 11 -9 -12 -2
right_child=5 -3 3 4 -6 6 -8 10 9 -11 12 -13 -14 -15
leaf_value=0.0065966825719511821 -0.0050164330949651094 0.01747779164002633 0.00062467990081715324 -0.039800780394914775 -0.0064531281306262293 0.035122529095602789 -0.00032218847672953573 0.019099702740527649 0.018635626150411821 -0.0086566788394854249 -0.022692066066933646 -0.021842236107712128 -0.0017867201252315141 0.0017452261870685142
leaf_weight=7.3745376374572507 217.98312237823848 7.9527681334875515 8.2905370034277421 13.792542907409372 10.133830128703265 6.8945343492086968 8.1977727375924569 19.352491419995207 79.967501361388713 38.43185830488801 33.894439560361207 7.0515854544937602 47.988328137435019 430.0524324500002
leaf_count=61 1639 64 55 100 80 53 63 134 609 265 230 54 361 3380
internal_value=-2.25987e-05 -0.00897451 -0.0151134 -0.0204702 -0.0276497 0.000463557 0.0174999 0.000118959 0.00106451 0.00969698 -0.00638077 0.00704545 -0.0108942 -0.000522281
internal_weight=937.358 47.5442 39.5914 32.2169 23.9264 889.814 15.0923 874.722 766.435 118.399 108.287 26.4041 81.8828 648.036
internal_count=7148 360 296 235 180 6788 116 6672 5893 874 779 188 591 5019
is_linear=0
shrinkage=0.05


Tree=193
num_leaves=20
num_cat=0
split_feature=2 22 21 2 20 3 19 20 20 25 19 10 28 10 10 10 10 21 14
split_gain=1.59502 3.07703 3.42338 2.69671 5.57382 4.77121 3.52624 3.25973 4.54523 7.12054 6.15504 3.80454 5.57636 3.74495 3.07415 2.20712 1.90192 1.87282 1.21331
threshold=1.5000000000000002 2.5000000000000004 165207.50000000003 4.5000000000000009 -0.59639999999999993 1.5000000000000002 0.029850000000000005 -0.54514999999999991 -0.61689999999999989 8.5000000000000018 0.19425000000000001 775.50000000000011 7.5000000000000009 675.50000000000011 493.50000000000006 132.50000000000003 786.50000000000011 14049.000000000002 0.082450000000000009
decision_type=2 2 2 2 2 2 2 2 2 2 2 2 2 2 2 2 2 2 2
left_child=1 2 15 4 6 18 -2 8 9 -5 -10 13 -13 -9 -7 -1 -17 -8 -6
right_child=3 -3 -4 7 5 14 17 11 10 -11 -12 12 -14 -15 -16 16 -18 -19 -20
leaf_value=-0.0040644775264918097 0.036143501954698884 -0.017400171207396117 -0.015799474647600863 -0.0042345468239445303 -0.010543388108994462 0.0030009914179839527 0.014272309025185424 0.0020401702150490857 -0.0040259358316864042 0.032839472035997186 -0.040081345462998352 0.029057711270324998 0.0035126773026234997 -0.011377430394098895 -0.017512117738385593 0.035986879122631564 0.0017909626111124845 -0.018164202064302252 -0.043491979553289067
leaf_weight=5.3540184437297311 8.1565641742199677 6.809328230097889 5.4566319179721168 119.8756955889985 6.6236736308783319 36.713079390116036 6.6896685250103456 438.63176608516369 33.368531511398032 12.486618177965282 17.47412515222095 28.344164732377976 78.503354473039508 56.901581623591483 32.199336245190352 17.785042412113402 6.1875557582825413 6.9918488278053701 12.278817527461795
leaf_count=47 56 49 40 839 49 273 39 3592 216 120 121 207 567 408 200 137 41 47 100
internal_value=-2.25411e-05 0.00930619 0.015468 -0.000486875 -0.00776402 -0.0134127 0.0137505 0.000533318 -0.00525524 -0.000225922 -0.0176551 0.00232193 0.0107905 0.0004398 -0.00666632 0.0222423 0.0283632 -0.00186896 -0.0345383
internal_weight=936.831 41.5926 34.7832 895.239 109.653 87.8149 21.8381 785.586 183.205 132.362 50.8427 602.381 106.848 495.533 68.9124 29.3266 23.9726 13.6815 18.9025
internal_count=7148 314 265 6834 764 622 142 6070 1296 959 337 4774 774 4000 473 225 178 86 149
is_linear=0
shrinkage=0.05


Tree=194
num_leaves=15
num_cat=0
split_feature=0 2 4 8 22 16 8 18 23 8 2 11 27 0
split_gain=1.61597 4.68649 1.73445 2.99921 2.19784 13.1352 5.41241 4.9036 5.08674 3.75788 3.07739 1.92371 3.37804 1.11751
threshold=933275.04500000004 7.5000000000000009 1.0000000180025095e-35 0.57655000000000001 1.5000000000000002 2.5000000000000004 0.13585000000000003 8751.7900000000027 2.5000000000000004 0.18440000000000004 1.5000000000000002 1725.5000000000002 7.5000000000000009 3449196.7500000005
decision_type=2 2 2 2 2 2 2 2 2 2 2 2 2 2
left_child=2 13 4 11 5 10 -7 9 -9 -6 -1 12 -4 -2
right_child=1 -3 3 -5 7 6 -8 8 -10 -11 -12 -13 -14 -15
leaf_value=0.015479654275170838 -0.0043761589395466703 -0.040244543105103406 0.021575676585358 0.034548824145877496 -0.02652238978916055 0.030962842701701583 -0.0063699009688956039 0.0042000542970568903 -0.011802496282089596 0.0055777704891690916 -0.0018261149789704754 -0.01812758997058039 -0.011243698718694838 0.028648604446417671
leaf_weight=24.930642074905336 3.6632162695750576 6.9370635409140959 17.376030375249687 7.7073938623070708 34.149391272105277 46.527226839913055 10.852082480210809 153.34488864429295 70.856306398287416 10.738378786481915 528.44801815133542 6.5883830673992625 11.10092882812023 2.7734264964237809
leaf_count=178 55 88 138 88 227 476 179 1311 507 67 3667 49 72 46
internal_value=-2.50665e-05 -0.0161119 0.000231649 0.00983725 -0.000245228 0.00140168 0.023757 -0.00400291 -0.000872804 -0.0187195 -0.000975518 0.0025647 0.00855558 0.0120864
internal_weight=935.993 13.3737 922.62 42.7727 879.847 610.758 57.3793 269.089 224.201 44.8878 553.379 35.0653 28.477 6.43664
internal_count=7148 189 6959 347 6612 4500 655 2112 1818 294 3845 259 210 101
is_linear=0
shrinkage=0.05


Tree=195
num_leaves=18
num_cat=0
split_feature=25 17 23 25 20 24 19 3 11 18 22 0 20 15 29 16 14
split_gain=1.63939 3.38225 2.08305 4.47671 4.74984 4.11512 5.12729 3.66256 3.20692 3.52021 5.58445 4.41412 2.83946 1.59925 1.55138 1.46475 0.0372979
threshold=18.500000000000004 77063.795000000013 1.5000000000000002 2.5000000000000004 -0.47364999999999996 4.5000000000000009 0.088550000000000004 2.5000000000000004 2096.5000000000005 2737.3750000000005 1.0000000180025095e-35 15624.950000000003 -0.37064999999999992 4.5000000000000009 4.5000000000000009 2.5000000000000004 0.15800000000000003
decision_type=2 2 2 2 2 2 2 2 2 2 2 2 2 2 2 2 2
left_child=2 15 8 4 7 14 -7 -4 9 10 -1 -11 -6 -3 -5 -2 -10
right_child=1 13 3 5 12 6 -8 -9 16 11 -12 -13 -14 -15 -16 -17 -18
leaf_value=0 0.0013265018492740832 0.011693888816689755 -0.024116580082870924 -0.039910489526272817 0.034464384566676151 -0.013339012873491081 0.0014422130201798672 0.009346830358923662 0.010356852449364923 0.0092458604451172068 -0.01906407799309923 -0.0021965682814988649 0.007532598690988105 -0.022080960852636913 -0.004477585286202449 0.042580523023321264 0.032753065097193258
leaf_weight=193.45721934793983 3.7354899216443318 4.5350982877425832 15.629472883418204 10.548392084892841 13.123032743576912 100.75376817397773 133.50936156790704 13.182159311603753 4.6437924541532976 187.10727066011168 45.681195528712124 148.85092778003309 36.711845647078007 5.3712512110359967 5.7473629917949429 6.6039472450502217 5.6020208336412907
leaf_count=1465 27 40 110 92 81 658 998 91 33 1346 286 1398 261 60 46 107 49
internal_value=-2.11717e-05 0.0133789 -0.000357274 -0.00353603 0.0066903 -0.00681307 -0.00493179 -0.00886865 0.00141944 0.000859295 -0.00373731 0.00416355 0.0158736 -0.00641201 -0.0298158 0.0311172 0.0267682
internal_weight=934.794 20.2458 914.548 329.205 78.6465 250.559 234.263 28.8116 585.342 575.097 239.138 335.958 49.8349 9.90635 16.2958 10.3394 10.2458
internal_count=7148 234 6914 2337 543 1794 1656 201 4577 4495 1751 2744 342 100 138 134 82
is_linear=0
shrinkage=0.05


Tree=196
num_leaves=15
num_cat=0
split_feature=17 0 9 8 20 3 0 0 20 21 18 14 17 14
split_gain=1.58568 2.1929 4.67572 4.79283 4.42043 3.55213 2.76426 3.13059 2.7129 2.55644 2.35587 1.71162 1.13487 0.667169
threshold=2652869.0400000005 300677.21000000002 0.0026500000000000004 0.021850000000000005 3.8432500000000003 3.5000000000000004 246221.38500000004 184177.36000000002 1.1842500000000002 104.50000000000001 9044.6100000000024 0.14355000000000004 794.21500000000003 0.28355000000000002
decision_type=2 2 2 2 2 2 2 2 2 2 2 2 2 2
left_child=1 6 5 4 -4 11 7 10 -7 -9 -1 -3 -8 -5
right_child=-2 2 3 13 -6 8 12 9 -10 -11 -12 -13 -14 -15
leaf_value=-0.0026021157125531535 0.022120508837527371 -0.0066637871118769565 0.031331639674973037 -0.033290104255150318 -0.017127007572218085 -0.022982527115510496 0.00015199912374379109 0.010061272511704526 0.019183893426657932 -0.027638188676869499 0.0027529982278444521 -0.046888458911085486 0.035820258804809706 -0.0016256577739719954
leaf_weight=345.39296266715974 6.0135876713320604 5.0132861570455161 14.288157270522793 4.5967608485370857 4.8437165857758364 5.3220161413773912 3.9730881409486738 4.4361739577725556 5.9280068227089942 15.430770151782779 498.21463451907039 11.329049543594008 5.699785515666008 3.456045251339674
leaf_count=2460 54 57 162 61 61 45 43 42 63 145 3716 141 63 35
internal_value=-1.40404e-05 -0.000215507 -0.00974437 0.00461358 0.0181301 -0.0235839 0.000391763 5.33054e-05 -0.000467048 -0.0186125 0.000547693 -0.0371661 0.0245626 -0.0237224
internal_weight=933.938 927.924 54.777 27.1847 19.1319 27.5924 873.147 863.475 11.25 19.8669 843.608 16.3423 9.67287 8.05281
internal_count=7148 7094 625 319 223 306 6469 6363 108 187 6176 198 106 96
is_linear=0
shrinkage=0.05


Tree=197
num_leaves=25
num_cat=0
split_feature=28 2 15 25 19 23 13 20 24 0 2 2 2 8 19 0 0 8 11 18 6 10 28 25
split_gain=1.53662 4.12159 4.43959 5.09753 3.82426 3.4832 2.99323 4.46999 2.75199 2.21165 3.614 5.43115 8.52029 6.27933 3.30783 4.4985 4.28178 3.36042 3.03069 3.01766 2.89782 2.80579 2.05067 1.56984
threshold=19.500000000000004 13.500000000000002 1.5000000000000002 1.5000000000000002 0.78825000000000012 2.5000000000000004 1.0000000180025095e-35 -0.63154999999999994 2.5000000000000004 184177.36000000002 22.500000000000004 10.500000000000002 6.5000000000000009 0.22085000000000002 2.1166000000000005 13169.410000000002 8863.715000000002 0.50385000000000013 522.50000000000011 18320.690000000002 8.5000000000000018 346.50000000000006 8.5000000000000018 6.5000000000000009
decision_type=2 2 2 2 2 2 2 2 2 2 2 2 2 2 2 2 2 2 2 2 2 2 2 2
left_child=9 2 3 -2 -5 6 7 -3 -8 14 11 12 -11 -13 17 16 -16 20 -12 -20 -1 -17 -19 -4
right_child=1 5 23 4 -6 -7 8 -9 -10 10 18 13 -14 -15 15 21 -18 22 19 -21 -22 -23 -24 -25
leaf_value=0.00031302849830332994 0.026131185489141336 0.014896275940484231 0.047541693116083611 0 -0.040154056253830228 -0.03346046306237991 -0.021265625930630694 -0.024523580808905172 0.0097201732587257478 -0.03280804352822398 0.030769942235150116 -0.048996178868640085 0.025529712667910511 0.00026711060537175667 0.0056822206570183321 0.0048680340581559699 -0.035394027010746724 0 0.02271118962593419 -0.015148444373794721 -0.012042859174936211 0.030638972828808626 0.018475367203859599 0.0043826249349128016
leaf_weight=529.79320244351402 9.3471628041006607 7.4542660294100598 5.6276178695261461 17.016773181036118 7.0868331799283615 12.898317968472837 7.0215302361175409 30.245756173040721 31.798181316815317 8.3492992788087594 7.0784038547426489 15.062083164229991 13.768990106531417 9.739537109853698 32.024739920161664 19.389645396964625 5.7710592385847113 24.451283521251753 5.5631450195796814 14.973879658617077 49.988509811460972 27.611563239712268 36.919838907197118 4.2928705019876361
leaf_count=3889 66 55 43 105 48 89 51 230 219 105 72 125 198 127 211 191 42 194 52 156 366 211 259 44
internal_value=-1.74517e-05 -0.0049676 0.00732175 -0.00163641 -0.0139646 -0.0110676 -0.0064095 -0.0161196 0.0031033 0.000801582 -0.00726229 -0.0155316 0.00219906 -0.0307012 0.00166094 0.0108262 -0.00180202 0.000403324 0.00655004 -0.00334382 -0.000772839 0.0208442 0.0113462 0.0335732
internal_weight=933.274 132.789 43.3713 33.4508 24.1036 89.4181 76.5197 37.7 38.8197 800.485 74.5353 46.9199 22.1183 24.8016 725.95 84.797 37.7958 641.153 27.6154 20.537 579.782 47.0012 61.3711 9.92049
internal_count=7148 950 306 219 153 644 555 285 270 6198 835 555 303 252 5363 655 253 4708 280 208 4255 402 453 87
is_linear=0
shrinkage=0.05


Tree=198
num_leaves=20
num_cat=0
split_feature=24 22 16 25 27 18 21 17 20 9 24 24 13 17 20 14 13 24 14
split_gain=1.56831 2.05284 12.1513 4.61736 4.12422 4.00849 3.37067 3.36065 2.7269 2.47134 1.83427 3.08312 2.65032 2.5991 1.9228 1.77641 1.05688 0.829352 0.505406
threshold=49.500000000000007 1.5000000000000002 3.5000000000000004 5.5000000000000009 5.5000000000000009 1262602.5250000001 4.5000000000000009 2973.9621052631583 -0.92889999999999995 0.028850000000000004 56.500000000000007 60.500000000000007 1.0000000180025095e-35 1497.4100000000001 -0.28744999999999993 0.29260000000000003 1.0000000180025095e-35 18.500000000000004 0.12495000000000002
decision_type=2 2 2 2 2 2 2 2 2 2 2 2 2 2 2 2 2 2 2
left_child=1 2 3 8 -5 6 17 -8 -1 16 13 -12 14 -2 -13 -11 -4 -3 -15
right_child=10 5 9 4 -6 -7 7 -9 -10 15 11 12 -14 18 -16 -17 -18 -19 -20
leaf_value=-0.014322610655368235 -0.0016737312826191832 0.033511582173642189 0.044101116770440471 -0.024551798032975785 0.0001402200087385025 0.030289089561463447 -0.020789519681333218 -0.0039846589245538964 0.0018581632086102679 -0.017883997862024895 -0.028924240402795783 0.011929323496474466 0.032130618323410284 0.0089052368039518083 -0.017581965787119805 0.024998176267178571 0.011763547544769333 0.001394556845256251 0.041057034910368405
leaf_weight=25.390497472137213 7.6513586640357998 4.5186112448573095 17.845924000255771 33.670913982205093 30.597616187762469 6.1431070067919782 33.377632423304021 218.49211083492264 498.30537129275035 3.4832834396511307 5.0457269139587906 9.6527234497480148 6.1214882284402838 4.0376712009310705 8.3641735177952778 2.3002370591275394 6.0660301260650149 4.1658586477860808 7.2119175724219531
leaf_count=165 50 46 186 238 220 69 210 1762 3534 24 51 82 59 28 106 141 50 45 82
internal_value=-1.59733e-05 -0.000512994 0.00105813 -0.000548963 -0.0129958 -0.00416965 -0.00524472 -0.00639726 0.00100314 0.0312205 0.0085808 0.000126433 0.00833009 0.0198951 -0.00165927 0 0.0378247 0.0221862 0.0333581
internal_weight=932.442 884.357 617.66 587.964 64.2685 266.697 260.554 251.87 523.696 29.6955 48.0851 29.1841 24.1384 18.9009 18.0169 5.78352 23.912 8.68447 11.2496
internal_count=7148 6690 4558 4157 458 2132 2063 1972 3699 401 458 298 247 160 188 165 236 91 110
is_linear=0
shrinkage=0.05


Tree=199
num_leaves=23
num_cat=0
split_feature=10 11 1 9 11 0 9 13 0 8 7 9 28 1 0 0 2 28 20 13 1 1
split_gain=1.58112 4.24525 2.46421 2.13041 6.10731 5.20003 3.33996 2.08394 11.9013 10.8295 6.27315 7.22467 3.90556 3.65181 2.03468 1.92383 2.68648 1.25442 1.15554 0.758255 0.101693 0.00706043
threshold=31.500000000000004 3.5000000000000004 1.0000000180025095e-35 0.016750000000000004 652.50000000000011 6194.7250000000013 0.058350000000000006 1.0000000180025095e-35 4860.6600000000008 0.16005000000000003 3.5000000000000004 0.54030000000000011 12.500000000000002 8.5000000000000018 607.80500000000006 6929.6650000000009 16.500000000000004 1.0000000180025095e-35 -0.63154999999999994 1.0000000180025095e-35 10.500000000000002 11.500000000000002
decision_type=2 2 2 2 2 2 2 2 2 2 2 2 2 2 2 2 2 2 2 2 2 2
left_child=1 19 15 14 5 -5 -6 10 9 -9 13 -12 -10 -4 -3 16 18 -16 -2 20 -1 -22
right_child=2 3 7 4 6 -7 -8 8 12 -11 11 -13 -14 -15 17 -17 -18 -19 -20 -21 21 -23
leaf_value=0.040752102541888879 0.0029765291344082566 0.007509587814592527 -0.0068543719614503062 -0.063137591833856602 -0.013290965864888718 0.0019900582708134388 0.030961359279820851 -0.018823402499717281 0.017986804811869001 0.0074406101098081854 -0.00091138068752230671 0.03517530041622751 0.0039828114352635008 -0.031400922431772282 0.00036409818790781689 -0.0051821744915102226 -0.0048376508780862918 -0.026591293012079138 0.043334949505684381 -0.0018532529565048546 0 0.0031552807753734823
leaf_weight=3.0620716060511763 3.1540728816762593 4.961538227275013 46.747489480301738 3.5921195703558642 4.4681039925199029 5.9012790904380381 11.720152878202496 87.612683710642159 98.389068826567382 67.656580100767314 399.3197548170574 12.360941660124807 106.21548453345895 22.834832094609737 4.1331653916276982 6.2986784428358069 4.6935125254094592 27.934376023709774 8.8760864185169357 0.76369512267410744 0.54360304819419969 0.34586655395105481
leaf_count=94 44 46 314 29 76 98 116 541 740 417 2604 230 792 190 64 46 34 377 115 14 73 94
internal_value=0 -0.00727071 0.000571312 -0.0111265 0 -0.0284815 0.0180791 9.9127e-05 0.00297936 -0.00736653 -0.00203735 0.00031279 0.0108743 -0.0157018 -0.0184858 0.0160365 0.0242621 -0.0230061 0.0353992 0.0305615 0.037024 0.001405
internal_weight=931.585 67.426 864.159 62.7107 25.6817 9.4934 16.1883 841.137 359.874 155.269 481.263 411.681 204.605 69.5823 37.0291 23.0224 16.7237 32.0675 12.0302 4.71524 3.95154 0.88947
internal_count=7148 1081 6067 806 319 127 192 5828 2490 958 3338 2834 1532 504 487 239 193 441 159 275 261 167
is_linear=0
shrinkage=0.05


Tree=200
num_leaves=18
num_cat=0
split_feature=25 17 23 25 20 24 19 6 11 2 2 1 13 15 29 16 21
split_gain=1.52532 3.25452 1.88592 4.05715 4.38585 3.88654 4.64549 3.22717 2.96196 2.67828 6.19971 5.84785 2.58647 1.49898 1.46305 1.35319 0.0760058
threshold=18.500000000000004 77063.795000000013 1.5000000000000002 2.5000000000000004 -0.47364999999999996 4.5000000000000009 0.088550000000000004 4.5000000000000009 2096.5000000000005 22.500000000000004 18.500000000000004 3.5000000000000004 1.0000000180025095e-35 4.5000000000000009 4.5000000000000009 2.5000000000000004 1979.5000000000002
decision_type=2 2 2 2 2 2 2 2 2 2 2 2 2 2 2 2 2
left_child=2 15 8 4 7 14 -7 -4 9 10 -1 -11 -6 -3 -5 -2 -10
right_child=1 13 3 5 12 6 -8 -9 16 11 -12 -13 -14 -15 -16 -17 -18
leaf_value=0.0012669033664686807 0.0016266086669839757 0.011197384469418691 0.019323992716920389 -0.038960474327740323 0.0036164317743929211 -0.012704230200158338 0.0014166843440174988 -0.017275784040013367 0.01022628909335359 0.020226647133525316 -0.015972854249713463 -0.00071228197065691546 0.026829432360229249 -0.021549570255444999 -0.0043323796476338961 0.041867934106252232 0.032536628966296839
leaf_weight=373.08302657294553 3.7178080826997775 4.506903652334584 5.9306671079248217 10.317203235812487 26.602632265072316 99.920299873687327 132.55904733063653 22.710193144157529 5.0637100124731642 49.651352022541687 58.48062767740339 91.289903283817694 23.0984026347287 5.3478769212961197 5.7201116289943448 6.4105624756775796 5.1408333573490381
leaf_count=2755 27 40 37 92 171 658 998 164 47 436 402 902 171 60 46 107 35
internal_value=0 0.0130077 -0.000320697 -0.00335811 0.00638745 -0.00649666 -0.00466647 -0.00860406 0.00137163 0.00083103 -0.00110907 0.00677401 0.0152186 -0.00636733 -0.0290138 0.0306252 0.0257752
internal_weight=929.551 19.9832 909.568 326.859 78.3419 248.517 232.479 28.6409 582.709 572.505 431.564 140.941 49.701 9.85478 16.0373 10.1284 10.2045
internal_count=7148 234 6914 2337 543 1794 1656 201 4577 4495 3157 1338 342 100 138 134 82
is_linear=0
shrinkage=0.05


Tree=201
num_leaves=17
num_cat=0
split_feature=0 2 1 25 17 28 2 0 2 0 10 5 16 14 11 28
split_gain=1.5292 3.74435 2.24122 1.67722 2.65358 1.89896 3.39447 4.34284 2.96008 2.22019 3.20715 1.89688 1.29818 1.05021 0.37043 0.15279
threshold=844344.15000000014 10.500000000000002 8.5000000000000018 18.500000000000004 77063.795000000013 19.500000000000004 13.500000000000002 1359.9250000000004 22.500000000000004 96.415000000000006 346.50000000000006 1.0000000180025095e-35 2.5000000000000004 0.51830000000000009 887.50000000000011 11.500000000000002
decision_type=2 2 2 2 2 2 2 2 2 2 2 2 2 2 2 2
left_child=3 2 -2 5 12 9 7 -7 -8 10 -1 -11 -5 -6 -3 -4
right_child=1 14 15 4 13 6 8 -9 -10 11 -12 -13 -14 -15 -16 -17
leaf_value=0.0091638324898133845 -0.020579127534153866 -0.010914976787773024 0.004304005049306117 0.0015739228592738066 0.011097234025950408 0.024641555143154425 -0.018213003038685477 -0.0069971203863644308 0.00050000438680962629 -0.009033433951569551 -0.022171739324868728 0.0020919687594047349 0.041162124799800137 -0.016635253038184559 -0.047919185774784906 0.030550279512333529
leaf_weight=10.612254538107662 2.5532928035827336 3.4935112930834284 2.6574331783922389 3.7171117253601569 4.1200850624591094 16.151441526599228 53.921748269814998 24.651938389986753 32.166075806133449 38.308856217656285 21.419760743156075 696.44996051071212 6.2332766624167562 5.4078486340586096 3.5898251086473465 2.8419290822930634
leaf_count=81 41 48 52 27 33 114 361 163 250 280 141 5314 107 61 39 36
internal_value=0 -0.0147967 0.00738761 0.000278949 0.0140878 -4.16431e-05 -0.00566855 0.00585919 -0.0112549 0.000888835 -0.0115679 0.00147539 0.0299486 -0.00393092 -0.0371913 0.0237311
internal_weight=928.296 15.136 8.05266 913.16 19.4783 893.682 126.891 40.8034 86.0878 766.791 32.032 734.759 9.95039 9.52793 7.08334 5.49936
internal_count=7148 216 129 6932 228 6704 888 277 611 5816 222 5594 134 94 87 88
is_linear=0
shrinkage=0.05


Tree=202
num_leaves=24
num_cat=0
split_feature=10 11 11 28 0 20 11 27 6 11 0 19 20 10 10 0 9 0 18 13 0 2 28
split_gain=1.48003 3.95908 2.49349 7.27132 5.066 4.52633 2.52101 2.4932 2.34084 1.83144 5.08882 4.83673 4.54128 3.58887 2.89595 2.71649 9.24442 4.2052 3.6836 3.44531 6.8181 5.15038 1.73415
threshold=40.500000000000007 22.500000000000004 603.50000000000011 14.500000000000002 1886.9800000000002 -0.087049999999999975 180.50000000000003 6.5000000000000009 4.5000000000000009 53.500000000000007 624.30000000000007 0.16275000000000003 -0.51084999999999992 299.50000000000006 474.50000000000006 651.68000000000018 0.012250000000000002 562.33500000000015 30176.510000000006 1.0000000180025095e-35 5185.5400000000009 22.500000000000004 8.5000000000000018
decision_type=2 2 2 2 2 2 2 2 2 2 2 2 2 2 2 2 2 2 2 2 2 2 2
left_child=1 7 4 8 -3 -5 -6 -1 -4 10 12 14 -2 -13 -12 16 17 -11 -18 21 -21 -17 -14
right_child=9 2 3 5 6 -7 -8 -9 -10 15 11 13 22 -15 -16 19 18 -19 -20 20 -22 -23 -24
leaf_value=-0.011983355818383891 0.0039138876135828091 0.017009973817749571 0.0079492282607536279 -0.0067377585635331047 -0.0033448118713473329 0.041551259837545984 -0.048541759038224733 0.040258394474904119 -0.024400050614010724 0.011417700103592429 0.036860204522383651 -0.035728387771537071 -0.0079740536812665779 0.00064453940931885677 0.00092347925697094924 -0.006474476486906292 -0.0250744979646234 0.04412683987613486 0.0070095400141703835 -0.0068182066624246493 0.0095257937900881488 0.0079566642162554949 -0.043138794080183153
leaf_weight=1.9397641797550011 10.77013102732599 4.206625254359099 5.4998640613630441 7.1857686722651151 5.1123100440017906 9.1583162122406048 10.960170230944639 4.8486422174610198 24.612499212496914 87.997814042493701 10.57047056220472 7.2057280465960529 6.7951847594231394 23.578046741895378 11.377909072674809 276.55258714500815 22.405877778306603 9.9662320087663812 12.346260725520549 93.157609307207167 190.03628866933286 77.115703565068543 14.403831344097851
leaf_count=26 69 47 65 76 85 75 134 270 359 596 67 50 47 177 74 1859 155 67 86 570 1412 691 91
internal_value=0 -0.00671043 -0.0106975 -0.00367294 -0.0245667 0.0213557 -0.03668 0.0248627 -0.0180531 0.000591156 -0.00628029 0.00316605 -0.0214251 -0.00922468 0.0202813 0.00137472 0.00782531 0.0156616 -0.0136429 0 0.0041042 -0.00327267 -0.0339572
internal_weight=927.804 73.524 66.7356 46.4564 20.2791 16.3441 16.0725 6.78841 30.1124 854.28 84.7013 52.7322 31.9691 30.7838 21.9484 769.578 132.716 97.964 34.7521 636.862 283.194 353.668 21.199
internal_count=7148 1137 841 575 266 151 219 296 424 6011 575 368 207 227 141 5436 904 663 241 4532 1982 2550 138
is_linear=0
shrinkage=0.05


Tree=203
num_leaves=15
num_cat=0
split_feature=0 2 25 17 21 17 29 21 23 25 10 16 15 0
split_gain=1.44806 4.00921 1.58362 2.49789 1.77818 4.02595 7.90095 3.79269 3.8013 3.61849 2.74816 1.25427 1.043 0.982328
threshold=933275.04500000004 7.5000000000000009 18.500000000000004 77063.795000000013 17170.500000000004 16814.915000000005 4.5000000000000009 14049.000000000002 1.5000000000000002 6.5000000000000009 293.50000000000006 2.5000000000000004 4.5000000000000009 3449196.7500000005
decision_type=2 2 2 2 2 2 2 2 2 2 2 2 2 2
left_child=2 13 4 11 7 9 -7 10 -9 -6 -1 -4 -5 -2
right_child=1 -3 3 12 5 6 -8 8 -10 -11 -12 -13 -14 -15
leaf_value=-0.0043619509138767276 -0.0042026397561924639 -0.038057675825849034 0.0014419468204152856 0.010497819399691057 0.0026924241609357306 -0.022471732561612948 0.0094068301477527733 0.044602602340422293 -0.0010775043933321632 -0.012538633943247552 0.0034474898327259856 0.040497656021896762 -0.017052161535969369 0.027199958592196233
leaf_weight=162.13067928957753 3.5427624997682852 6.6775630310876295 3.7050372641533631 4.4629728130530548 233.17239991039969 57.460343992104754 26.986482004635036 8.1322659654542786 7.3545551467686883 44.727678748778999 354.2577939578332 6.0641872235573828 5.0567532368004322 2.5614645151654258
leaf_count=1482 55 88 27 39 1699 412 184 50 53 305 2546 107 55 46
internal_value=0 -0.0155239 0.000251454 0.0137311 -5.81468e-05 -0.00276172 -0.0121868 0.00176841 0.0246955 0.0001332 0.000968897 0.0292973 -0.00368809 0.0112012
internal_weight=926.293 12.7818 913.511 19.289 894.222 362.347 84.4468 531.875 15.4868 277.9 516.388 9.76922 9.51973 6.10423
internal_count=7148 189 6959 228 6731 2600 596 4131 103 2004 4028 134 94 101
is_linear=0
shrinkage=0.05


Tree=204
num_leaves=20
num_cat=0
split_feature=24 21 2 25 21 2 8 9 9 18 7 2 27 24 10 0 10 1 16
split_gain=1.50934 2.51556 3.0329 3.20132 4.68607 3.99913 2.09191 6.76883 3.08419 2.85316 2.79362 4.8135 4.45646 2.22694 1.44367 3.4756 3.01013 1.09928 1.06083
threshold=6.5000000000000009 421017.50000000006 1.5000000000000002 2.5000000000000004 30542.500000000004 22.500000000000004 0.54130000000000011 0.10125000000000002 0.76240000000000008 75581.930000000008 3.5000000000000004 16.500000000000004 5.5000000000000009 38.500000000000007 452.50000000000006 8077.0850000000009 80.500000000000014 5.5000000000000009 1.0000000180025095e-35
decision_type=2 2 2 2 2 2 2 2 2 2 2 2 2 2 2 2 2 2 2
left_child=1 2 18 5 -5 -4 8 14 10 -9 11 -2 -12 -10 16 -16 -8 -3 -1
right_child=6 17 3 4 -6 -7 7 9 13 -11 12 -13 -14 -15 15 -17 -18 -19 -20
leaf_value=0.0020736935295283684 -0.025970374492421497 -0.0045924272058883355 -0.0032373218400650336 -0.015887091287131377 0.0086665007961188919 0.014736036030630307 -0.00014523043519454104 0.00200084685056023 0.041301374980634846 -0.037459263293949524 -0.0030876697860381867 -0.0015904078524893413 0.0068120855727060552 -0.00043871798153873867 -0.0077650392580529241 0.032255588642165926 0.040169173986982998 -0.037560694115281193 0.032601390872728356
leaf_weight=6.0015340810641629 23.745982554974034 6.0145880468189699 121.62942770030349 77.868689525406808 23.677764927968383 39.165164910722524 5.6042086244560805 8.9221735340543074 5.8501696139574033 6.2214196026325217 229.00407560961321 101.31656477181241 220.67968392721377 4.5388787894044071 11.354575751349332 7.0943413190543643 15.552388130687175 5.4070093329064548 6.0986539889127016
leaf_count=42 185 40 937 560 175 292 103 76 116 48 1634 745 1804 68 66 59 113 45 40
internal_value=0 -0.00300268 -0.00191484 -0.00313974 -0.0100085 0.00120632 0.00135468 0.0105286 0.000446327 -0.016106 -6.81401e-05 -0.00663412 0.00175709 0.0251314 0.0212377 0.00878504 0.0299682 -0.0242161 0.0206111
internal_weight=925.747 285.863 274.441 262.341 101.546 160.795 639.884 54.7491 585.135 15.1436 574.746 125.063 449.684 10.389 39.6055 18.4489 21.1566 11.4216 12.1002
internal_count=7148 2131 2046 1964 735 1229 5017 465 4552 124 4368 930 3438 184 341 125 216 85 82
is_linear=0
shrinkage=0.05


Tree=205
num_leaves=23
num_cat=0
split_feature=24 2 20 10 17 22 15 8 17 23 24 17 11 11 2 17 25 14 2 19 21 21
split_gain=1.44874 2.04072 3.60209 2.49848 2.14467 1.71738 5.65677 6.07997 3.54758 5.03997 4.70031 4.25134 3.32443 2.9883 2.61797 2.41998 2.67223 2.17779 1.98065 1.48805 0.6525 0.768255
threshold=49.500000000000007 13.500000000000002 -0.49349999999999999 373.50000000000006 3592.3150000000005 1.5000000000000002 2.5000000000000004 0.28435000000000005 2862.6600000000003 1.5000000000000002 10.500000000000002 1232.3800000000003 1521.5000000000002 924.50000000000011 20.500000000000004 474129.38500000007 14.500000000000002 0.18605000000000002 16.500000000000004 0.90345000000000009 1824.0000000000002 36236.500000000007
decision_type=2 2 2 2 2 2 2 2 2 2 2 2 2 2 2 2 2 2 2 2 2 2
left_child=5 20 -3 4 -4 6 15 14 11 12 -11 13 -10 -7 -8 16 -1 -13 -17 -5 -2 -22
right_child=1 2 3 19 -6 8 7 -9 9 10 -12 17 -14 -15 -16 18 -18 -19 -20 -21 21 -23
leaf_value=0.00026600099931086638 0.035512780459597174 -0.026474731524437328 -0.029469323194981911 0.0068617491374532895 0.010556084906589297 -0.016408485410623161 0.050449603151111015 -0.029314377663540121 0.0018547181813636999 -0.022698247974031496 -0.0018908373461365624 -0.0042150802980896332 0.024263955361862898 0.024103670828342569 0.0029511782632953725 0.0032831267320295818 0.02766097099242526 -0.043257256588014686 -0.027226325195919245 0.040447691264451857 -0.0017852137873633656 0.020830601896092666
leaf_weight=568.86899704684038 4.9567229310050598 7.1305890744552007 4.2124797422438913 10.249667325057088 5.1722488985396922 7.9952020496129972 10.845503164455296 2.3304474987089625 62.004136676667258 34.472098686732352 112.97797789378092 6.0882238876074579 21.378336222842336 6.2982822023332119 4.683173802914097 6.9906235886737731 7.0634000245481721 13.028284511528907 12.319590001367031 4.8250807812437406 5.4381823753938061 5.5790930204093456
leaf_count=4046 48 59 28 90 100 53 128 62 615 278 827 36 197 44 125 58 54 82 85 52 39 42
internal_value=0 0.00832594 0.000327963 0.00993014 -0.0085524 -0.00045992 0.000980376 0.0272333 -0.00382155 -0.00150021 -0.00706094 -0.0185869 0.00815109 0.00159652 0.0386666 8.74045e-05 0.000713845 -0.0328736 -0.0164406 0.021676 0.0217899 0.01034
internal_weight=924.908 47.5641 31.5901 24.4595 9.38473 877.344 613.102 17.8591 264.243 230.833 147.45 33.41 83.3825 14.2935 15.5287 595.243 575.932 19.1165 19.3102 15.0747 15.974 11.0173
internal_count=7148 458 329 270 128 6690 4558 315 2132 1917 1105 215 812 97 253 4243 4100 118 143 142 129 81
is_linear=0
shrinkage=0.05


Tree=206
num_leaves=19
num_cat=0
split_feature=3 6 28 20 26 15 20 3 10 18 9 17 27 17 3 8 25 18
split_gain=1.39511 3.44755 3.06237 3.20061 2.93463 3.17333 2.85107 3.37214 3.58321 3.15735 3.43485 2.84893 2.47083 2.32565 1.66412 1.45475 1.145 0.871886
threshold=3.5000000000000004 9.5000000000000018 22.500000000000004 0.82020000000000015 9.5000000000000018 1.0000000180025095e-35 2.9401500000000005 1.5000000000000002 1.0000000180025095e-35 46052.700000000004 0.0082500000000000021 1109.9300000000001 1.5000000000000002 94854.10000000002 4.5000000000000009 0.061850000000000009 1.5000000000000002 41383.400000000009
decision_type=2 2 2 2 2 2 2 2 2 2 2 2 2 2 2 2 2 2
left_child=1 6 3 4 5 -2 7 8 -1 10 -8 16 -9 -6 15 -5 -3 -13
right_child=2 11 -4 14 13 -7 9 12 -10 -11 -12 17 -14 -15 -16 -17 -18 -19
leaf_value=-0.024785637089935506 -0.0038324198282285778 -0.010920512277532858 -0.022853231847418175 0.032132106431163598 0.034167040339929206 0.0095465840898232533 -0.017868981853617436 0.0068644348543269069 0.0065752705220218895 -0.043505914568259502 0.025404892087875733 -0.010233785775099397 -0.0040467665701683572 -0.0078113228870335784 -0.006218374031246165 0.0031305485853205086 0.015129537753251297 -0.03634447953122729
leaf_weight=7.4535820403834796 134.02693537203595 6.5340104061178845 8.7112389067187888 16.532860764767982 9.7973848562687618 63.624188394285738 12.038648563204339 58.705355918966234 214.20649913931265 5.7989712776616207 4.7549901159945867 8.7313266061246413 341.04387923027389 3.2083558179438105 3.8526764670386902 7.3023906825110307 6.1856879945844412 11.336147686466573
leaf_count=110 968 50 74 241 138 719 112 417 1434 66 62 51 2450 27 28 84 42 75
internal_value=4.74174e-06 -0.00115886 0.0032162 0.00439285 0.00215169 0.000476704 -0.000313862 0.000330108 0.00526381 -0.0170193 -0.00368457 -0.0164965 -0.00239331 0.0234842 0.0198137 0.0245642 0.00140288 -0.027394
internal_weight=923.845 676.789 247.056 238.345 210.657 197.651 644.002 621.409 221.66 22.5926 16.7936 32.7872 399.749 13.0057 27.6879 23.8353 12.7197 20.0675
internal_count=7148 4869 2279 2205 1852 1687 4651 4411 1544 240 174 218 2867 165 353 325 92 126
is_linear=0
shrinkage=0.05


Tree=207
num_leaves=27
num_cat=0
split_feature=2 2 3 20 14 11 14 10 0 8 0 2 17 3 1 0 22 17 10 0 2 11 11 17 16 19
split_gain=1.39929 9.39921 8.21879 5.39393 5.92362 5.16376 4.37745 3.69613 3.3668 7.12101 5.13332 4.85614 6.14046 5.31423 4.41797 4.40661 4.06546 4.0061 3.42075 3.17633 3.01713 2.89629 2.61509 2.07228 1.80875 1.61433
threshold=18.500000000000004 22.500000000000004 1.0000000180025095e-35 -0.26984999999999992 0.17605000000000001 1786.5000000000002 0.0060500000000000007 441.50000000000006 699.05000000000007 0.021850000000000005 540.94000000000017 14.500000000000002 444479.05000000005 3.5000000000000004 5.5000000000000009 1407.1200000000001 2.5000000000000004 34932.364782608704 545.50000000000011 607.80500000000006 6.5000000000000009 82.500000000000014 22.500000000000004 3116.6709090909094 1.0000000180025095e-35 0.039350000000000003
decision_type=2 2 2 2 2 2 2 2 2 2 2 2 2 2 2 2 2 2 2 2 2 2 2 2 2 2
left_child=8 6 19 4 -4 -5 7 -2 9 10 14 12 16 21 -1 -15 -10 23 -12 -3 -14 -13 -8 -11 -24 -21
right_child=1 2 3 5 -6 -7 22 -9 11 17 18 13 20 15 -16 -17 -18 -19 -20 25 -22 -23 24 -25 -26 -27
leaf_value=0 -0.011056295288873114 -0.0082010218056651589 -0.019345233094501091 0.012207981204801727 0.0068964674933965969 -0.018822748239244541 0.0087196944069203985 0.035346748552075334 -0.0038262338427787531 -0.0076000170479745173 0.064389131700172006 -0.020843630233581795 -0.0050548730217659073 -0.016384779694886463 0.023896681901762196 0.021427230676725306 -0.020359506329369365 0.019255577241350581 0.008390782116426217 0.043376270672644372 0.037161315004617605 0.0021450766704899879 -0.034099172637653261 -0.036873019304110063 -0.015780549884831775 0.017765910536282556
leaf_weight=42.856096481904387 7.9035839736461622 6.6501406449824563 60.520608064252883 73.212789341807365 30.806739185703918 14.247045150958 6.0457696728408328 5.5532610071823001 206.17327703908086 25.534433559514582 6.7448583543300611 13.373405287042258 5.1905946852639309 7.0450320579111567 33.123097385279834 57.985107217449695 44.53645312320441 8.3120363354682905 5.6261258451268077 10.011493653059004 10.400429863948373 122.90247379511129 23.206382682546973 7.3435303391888729 55.907118663191795 31.659151577856392
leaf_count=313 58 45 377 839 334 113 42 37 1521 196 54 83 39 46 213 607 324 60 38 59 111 815 186 43 357 238
internal_value=0 -0.00261947 0.00295588 -0.00199595 -0.0104281 0.00673355 -0.0153622 0.00954181 0.00144412 0.00851564 0.0164402 -0.000521518 -0.0049553 0.00528564 0.0107504 0.016815 -0.00694069 -0.00822464 0.0443298 0.0208276 0.0235614 -0.000307445 -0.0195409 -0.0161645 -0.0219855 0.0258526
internal_weight=922.871 325.724 227.108 178.787 91.3273 87.4598 98.6161 13.4568 597.147 129.54 88.3502 467.607 266.301 201.306 75.9792 65.0301 250.71 41.19 12.371 48.3208 15.591 136.276 85.1593 32.878 79.1135 41.6706
internal_count=7148 2685 2005 1663 711 952 680 95 4463 917 618 3546 1995 1551 526 653 1845 299 92 342 150 898 585 239 543 297
is_linear=0
shrinkage=0.05


Tree=208
num_leaves=24
num_cat=0
split_feature=24 10 14 29 20 2 3 20 24 20 30 19 19 24 11 11 10 10 3 15 17 10 2
split_gain=1.38095 2.48156 3.11202 2.72692 2.71646 3.53919 2.68052 2.63765 1.96828 6.67658 6.75327 3.288 3.28339 3.64839 3.49116 3.04492 6.27605 2.2548 1.9684 1.40165 1.18633 0.951756 0.801445
threshold=6.5000000000000009 856.50000000000011 0.15800000000000003 5.5000000000000009 -0.74904999999999988 20.500000000000004 4.5000000000000009 -0.5220499999999999 8.5000000000000018 -0.32354999999999995 1.0000000180025095e-35 0.73415000000000008 1.4176500000000003 11.500000000000002 1235.5000000000002 1995.5000000000002 641.50000000000011 915.50000000000011 3.5000000000000004 1.0000000180025095e-35 2016.7850000000003 357.50000000000006 16.500000000000004
decision_type=2 2 2 2 2 2 2 2 2 2 2 2 2 2 2 2 2 2 2 2 2 2 2
left_child=1 3 20 6 -5 -6 7 -1 9 10 11 -2 15 18 -15 17 -17 -10 -14 21 -3 -11 -8
right_child=8 2 -4 4 5 -7 22 -9 12 19 -12 -13 13 14 -16 16 -18 -19 -20 -21 -22 -23 -24
leaf_value=-0.011187118614954557 -0.0021268693505917089 -0.04272608071403064 0.0059695341206692336 0.03647806275686636 -0.0065074593568570475 0.021969688169267036 -0.0057300848470633143 0.0013732289111773816 0.0041426180659389434 0.017296061381885029 0.0375315469981954 -0.038175478962802795 -0.033884989453487571 0.0049211969978432066 -0.014006406315210627 -0.025346462673609616 0.019611186316346108 -0.015579860754060322 7.4621860471815588e-05 0.0063881569174117194 -0.0091150089326641672 0.055594343435811377 -0.03278502495298851
leaf_weight=56.32400800799951 33.478807131759822 7.7054851502180117 7.4387215380556873 5.7200255692005149 28.316510594449937 14.905757533386348 6.6127582052722556 142.82160025823396 409.648412309587 6.5456391978077608 7.342165268957614 6.1015451145358375 14.735634515876884 57.630334421060979 38.873796335421503 23.384328868705779 9.2248068116605264 12.895916909910737 4.9345054179429999 5.3714350471273056 6.7165165580809116 6.2972030080854893 7.9662517542019486
leaf_count=385 237 54 56 36 245 124 50 1084 3076 61 55 40 114 596 354 171 75 90 53 59 42 36 55
internal_value=5.0506e-06 -0.00286793 -0.0183475 -0.00141294 0.00894625 0.00362942 -0.00389246 -0.00220539 0.00131002 0.00941451 -0.000697291 -0.00949341 0.000338974 -0.00707101 -0.00273128 0.00227485 -0.0119411 0.00344658 -0.0256837 0.0334503 -0.0306984 0.0417092 -0.0232882
internal_weight=920.992 284.528 21.8607 262.667 48.9423 43.2223 213.725 199.146 636.465 65.1368 46.9225 39.5804 571.328 116.174 96.5041 455.153 32.6091 422.544 19.6701 18.2143 14.422 12.8428 14.579
internal_count=7148 2131 152 1979 405 369 1574 1469 5017 488 332 277 4529 1117 950 3412 246 3166 167 156 96 97 105
is_linear=0
shrinkage=0.05


Tree=209
num_leaves=26
num_cat=0
split_feature=0 3 3 2 17 7 1 18 2 19 12 23 26 11 17 20 11 18 19 26 17 3 18 1 19
split_gain=1.41708 4.99687 4.383 4.05002 4.70582 3.62662 2.56004 2.33381 4.7597 4.64624 4.90351 3.79469 3.41158 3.48511 3.25822 2.95908 4.40381 3.8181 2.81466 2.69802 2.00498 2.00243 1.60502 1.43152 1.41109
threshold=184177.36000000002 3.5000000000000004 4.5000000000000009 22.500000000000004 294473.48000000004 1.5000000000000002 10.500000000000002 9044.6100000000024 18.500000000000004 2.1166000000000005 1.0000000180025095e-35 1.5000000000000002 3.5000000000000004 1793.5000000000002 17920.595000000005 -0.27669999999999995 93.500000000000014 1097.4150000000002 3.1626000000000003 1.0000000180025095e-35 48403.110000000008 1.0000000180025095e-35 51614.535000000011 3.5000000000000004 3.2763500000000003
decision_type=2 2 2 2 2 2 2 2 2 2 2 2 2 2 2 2 2 2 2 2 2 2 2 2 2
left_child=7 3 5 4 22 -3 -7 8 12 10 11 -9 19 -14 24 17 -17 -10 -16 -1 -12 -5 -2 -23 -11
right_child=1 2 -4 21 -6 6 -8 9 15 14 20 -13 13 -15 18 16 -18 -19 -20 -21 -22 23 -24 -25 -26
leaf_value=0 -0.014638655459217515 -0.019010312335140188 -0.028083796166941639 0.019269324871911592 0.010766352390177057 0.032982546381794819 0 0.0077525601273381378 -0.0037749420458607062 0.0089678328030884276 -0.0039877933016035485 -0.0013715068462382476 0.0064776232072960398 -0.011527644320384717 0.021143960760568653 0.023499711978749976 -0.0095586289656449594 -0.031505070046168225 -0.021927442332292185 -0.031093038054097064 -0.036572166179461622 0.0051689889398497495 -0.047340991855681226 -0.023871456362703436 0.052238710328764516
leaf_weight=13.878553851973267 9.5573163409717434 4.4153103772550848 4.9351461092010132 7.2603855570778277 5.2246444849297395 17.282847684808079 7.8586704544723025 207.74284024164081 23.883501971140504 4.3764535163063574 10.542434684815818 245.21428345190361 175.73894253233448 29.46247898042202 6.9597568996250612 10.528314225841312 48.450190766481683 27.803557961713523 4.5115338554605842 11.346452469006179 9.0951687959022802 6.3173602982424182 14.032664467114953 6.6584601290524006 7.2771567869931459
leaf_count=98 171 41 39 60 46 252 84 1517 162 49 246 1657 1279 205 59 134 322 186 41 74 107 46 158 50 65
internal_value=1.05553e-06 -0.00611842 0.00800922 -0.0161733 -0.0275974 0.0157506 0.0231746 0.000637045 -0.00252209 0.00283226 0.00168817 0.00280683 0.00154537 0.00375788 0.0238199 -0.0109572 -0.00291616 -0.0194958 0.0027216 -0.0150396 -0.0215269 0.000663048 -0.0366622 -0.0102631 0.0404149
internal_weight=920.354 83.5428 34.492 49.0508 28.8146 29.5568 25.1415 836.812 341.092 495.72 472.595 452.957 230.426 205.201 23.1249 110.666 58.9785 51.6871 11.4713 25.225 19.6376 20.2362 23.59 12.9758 11.6536
internal_count=7148 947 416 531 375 377 336 6201 2460 3741 3527 3174 1656 1484 214 804 456 348 100 172 353 156 329 96 114
is_linear=0
shrinkage=0.05


Tree=210
num_leaves=20
num_cat=0
split_feature=24 0 0 24 11 28 0 0 0 19 25 0 9 3 8 20 9 0 29
split_gain=1.3841 2.34571 3.11881 2.66467 1.93178 1.56614 3.05206 2.75143 2.4674 3.56235 1.99294 1.98082 6.34773 5.41831 3.07544 2.59703 3.88563 3.66363 1.03941
threshold=49.500000000000007 879.91500000000008 3900.8500000000008 56.500000000000007 1016.5000000000001 20.500000000000004 624.30000000000007 175.97500000000002 105757.33500000001 0.16275000000000003 3.5000000000000004 134509.42500000002 0.010350000000000002 3.5000000000000004 0.042600000000000006 -0.29934999999999995 0.013750000000000002 1611.7600000000002 4.5000000000000009
decision_type=2 2 2 2 2 2 2 2 2 2 2 2 2 2 2 2 2 2 2
left_child=5 -2 -3 18 -5 11 7 -7 9 -8 -10 15 13 -13 -14 16 -1 -17 -4
right_child=1 2 3 4 -6 6 8 -9 10 -11 -12 12 14 -15 -16 17 -18 -19 -20
leaf_value=0.0021617334295338879 0.030956987623204053 -0.020190105901646327 0.035789725585390383 0.014657858064879029 -0.014679592418222882 -0.012777504767146656 -0.0023661319773211529 0.023893105629476483 0.022764345464253044 -0.027405607971946591 -0.012665625166080014 -0.029116666957429579 0.017560341674182481 0.0024578510514799176 -0.010101602317576914 -0.0054895419939192808 -0.0080066046967811732 0.0080341493609899211 0.0021842873049346119
leaf_weight=271.38246704870835 7.2641800865530959 9.1415081690065545 7.9188848428893852 7.9901092147920307 10.641876817680894 6.2040410861372974 28.484154514037073 11.625602815300224 7.0295749893411976 29.331271314527839 4.9868462774902582 33.92001604475081 27.10814530425705 20.499208672437817 13.25235358532518 62.685214925557375 140.63152612163685 214.53131423750892 4.2208346762927249
leaf_count=1825 49 68 66 127 95 42 194 79 60 207 55 352 326 197 147 436 1067 1703 53
internal_value=0 0.00815987 0.00249301 0.0103577 -0.00141256 -0.000461213 -0.0067252 0.0106271 -0.0114674 -0.0157281 0.00763815 0.000241782 -0.00644242 -0.0173801 0.00819338 0.00119141 -0.00130675 0.00492289 0.0267744
internal_weight=918.849 47.1774 39.9132 30.7717 18.632 871.672 87.6615 17.8296 69.8318 57.8154 12.0164 784.01 94.7797 54.4192 40.3605 689.231 412.014 277.217 12.1397
internal_count=7148 458 409 341 222 6690 637 121 516 401 115 6053 1022 549 473 5031 2892 2139 119
is_linear=0
shrinkage=0.05


Tree=211
num_leaves=19
num_cat=0
split_feature=25 11 20 10 27 17 14 25 8 19 2 6 17 2 20 20 11 30
split_gain=1.32347 5.25468 3.3384 2.59182 3.63478 2.29691 1.89263 2.92758 4.47145 3.83228 2.67307 3.09595 2.32252 5.57672 2.41916 1.57735 1.28123 0.979965
threshold=11.500000000000002 272.50000000000006 -0.61294999999999988 686.50000000000011 4.5000000000000009 73030.050000000017 0.63280000000000014 6.5000000000000009 0.59580000000000011 0.15355000000000002 6.5000000000000009 4.5000000000000009 474129.38500000007 11.500000000000002 -1.0495999999999999 -0.39854999999999996 61.500000000000007 1.0000000180025095e-35
decision_type=2 2 2 2 2 2 2 2 2 2 2 2 2 2 2 2 2 2
left_child=6 15 -3 4 -4 -5 7 12 9 -9 -8 -12 14 -14 -1 -2 -17 -13
right_child=1 2 3 5 -6 -7 10 8 -10 -11 11 17 13 -15 -16 16 -18 -19
leaf_value=-0.014493314239710772 0.048997396676064162 0.027412931041366152 0.0049846281368947157 0.025035513497100259 -0.024841457433894543 -0.01206750751186717 -0.019700622256982256 -0.021474550037085344 0.023916390438689858 -0.0020247908265542723 -0.019468767601477265 0.039208088219151345 0.014547533983638476 -0.027527614896675504 0.0014410543606057985 -0.0062763916605140723 0.024755151189173527 0.00010591213831480806
leaf_weight=22.636273255106062 5.6027824534103265 6.9727153331041327 16.129889247007668 8.9717273698188347 21.696199456229806 4.7818337436765423 2.605349754914644 47.714247127994895 7.7866666335612527 55.146108767949045 1.834253348410132 9.6549901383696071 10.36079336050898 19.987044329755008 663.87429318705108 3.9202888826839608 5.8459156500175595 2.4720344487577668
leaf_count=149 54 72 148 95 214 46 15 339 68 462 14 297 93 148 4798 36 70 30
internal_value=0 0.0063239 -0.000651766 -0.00551393 -0.0122602 0.0116065 -0.00056745 -0.00093088 -0.00842666 -0.0113799 0.0151922 0.0239827 0.000232407 -0.0128426 0.000860553 0.0304903 0.0124993 0.0330886
internal_weight=917.993 73.9214 58.5524 51.5796 37.8261 13.7536 844.072 827.505 110.647 102.86 16.5666 13.9613 716.858 30.3478 686.511 15.369 9.7662 12.127
internal_count=7148 735 575 503 362 141 6413 6057 869 801 356 341 5188 241 4947 160 106 327
is_linear=0
shrinkage=0.05


Tree=212
num_leaves=15
num_cat=0
split_feature=0 2 25 17 21 17 29 21 17 23 10 16 15 0
split_gain=1.39772 3.50261 1.37173 2.2592 1.65475 3.61368 7.12464 3.46012 3.4293 3.34448 2.49546 1.26236 0.959012 0.862508
threshold=933275.04500000004 7.5000000000000009 18.500000000000004 77063.795000000013 17170.500000000004 16814.915000000005 4.5000000000000009 14049.000000000002 10767.395000000002 1.5000000000000002 293.50000000000006 2.5000000000000004 4.5000000000000009 3449196.7500000005
decision_type=2 2 2 2 2 2 2 2 2 2 2 2 2 2
left_child=2 13 4 11 7 8 -7 10 -6 -9 -1 -4 -5 -2
right_child=1 -3 3 12 5 6 -8 9 -10 -11 -12 -13 -14 -15
leaf_value=-0.0041401072858069619 -0.0041688139698637791 -0.036688327105444167 0.00053924848116445928 0.010030385795888705 -0.00095082036049040576 -0.021474280414474887 0.0089526456999268027 0.04237753999626917 0.028538899191700103 -0.00064440006404902091 0.0033383357127691037 0.039512055986361733 -0.01647833961716488 0.0256854343490945
leaf_weight=160.40067422704305 3.4087854321114701 6.4577717179199681 3.6402713004499692 4.4138315673917514 267.94257199950516 56.741092394222505 26.696016528643668 8.0906365578994137 8.2293593501672131 7.2642551790922871 351.06292780931108 5.7767799696885049 4.9932617759332061 2.3521431341068819
leaf_count=1482 55 88 27 39 1951 412 184 50 53 53 2546 107 55 46
internal_value=0 -0.0155473 0.000251415 0.0129376 -3.52497e-05 -0.00265273 -0.0116403 0.00173582 9.08351e-05 0.0237193 0.000966546 0.0280561 -0.00358585 0.0102099
internal_weight=917.47 12.2187 905.252 18.8241 886.428 359.609 83.4371 526.818 276.172 15.3549 511.464 9.41705 9.40709 5.76093
internal_count=7148 189 6959 228 6731 2600 596 4131 2004 103 4028 134 94 101
is_linear=0
shrinkage=0.05


Tree=213
num_leaves=25
num_cat=0
split_feature=24 10 10 8 8 3 29 14 19 24 10 1 8 9 9 22 17 16 24 19 3 14 10 29
split_gain=1.32819 2.42072 6.84473 5.10973 3.72615 4.6535 3.58507 3.93316 3.3945 2.57764 4.02717 2.03695 1.88974 6.41147 2.77724 2.64002 7.77818 5.62045 2.10366 1.75963 1.62016 1.6009 1.35953 0.010488
threshold=6.5000000000000009 533.50000000000011 568.50000000000011 0.032850000000000011 0.21265000000000003 1.5000000000000002 4.5000000000000009 0.11715000000000002 0.71705000000000008 3.5000000000000004 299.50000000000006 10.500000000000002 0.54130000000000011 0.10125000000000002 0.76240000000000008 2.5000000000000004 7247.295000000001 4.5000000000000009 38.500000000000007 3.7950500000000003 1.0000000180025095e-35 0.18155000000000002 342.50000000000006 3.5000000000000004
decision_type=2 2 2 2 2 2 2 2 2 2 2 2 2 2 2 2 2 2 2 2 2 2 2 2
left_child=1 3 23 9 8 -6 20 -8 -4 10 -1 -11 14 19 15 17 -17 -2 -16 22 -5 -15 -14 -3
right_child=12 2 4 6 5 -7 7 -9 -10 11 -12 -13 13 21 18 16 -18 -19 -20 -21 -22 -23 -24 -25
leaf_value=0.0032617147922484931 2.7831309356259588e-05 -0.02038476379284972 -0.014508248665611921 0 -0.016740695240485635 0.030320173348582075 -0.021657060432523405 0.02135926797495399 0.0070552839870428354 0.0050243054785146565 0.027398506443224308 -0.017202143275102999 0.037723024272105415 -0.029324096828914521 0.040174786958264666 -0.035305061663556576 -0.0011438055564083798 0.02011458337038757 -0.00067098050153481851 -0.0021166117370960465 -0.026401109156779658 0.00033608011382350297 0.013857072545868177 -0.050901122624614874
leaf_weight=49.466942100028973 399.25454755197279 6.081775193102656 60.953169944696128 7.0261076398892319 6.124137885868552 13.335274890530853 6.4704956859350231 12.067005509510635 23.582256205379963 25.594504756852984 26.129700994584709 14.23302384954877 12.643176913028581 7.6907526860013586 5.6205947832204384 17.627115717157722 116.13786642439663 36.260390530223958 4.4694076359737664 6.1089405555976546 26.455503116827458 7.269969672895968 20.379368275403976 5.9004407525062561
leaf_count=437 2773 45 409 62 34 94 46 95 173 196 164 115 122 63 116 125 961 509 68 76 225 61 143 36
internal_value=5.07441e-06 -0.00281734 -0.00831324 0.000983498 -0.00371608 0.0148636 -0.0116873 0.00521071 -0.00835323 0.00688089 0.0122245 -0.00312234 0.00128849 0.0100598 0.000420577 -6.5299e-05 -0.0061729 0.00180739 0.0241369 0.020552 -0.0210912 -0.0159815 0.0249125 -0.0412586
internal_weight=916.882 283.42 115.977 167.443 103.995 19.4594 52.0191 18.5375 84.5354 115.424 75.5966 39.8275 633.462 54.0922 579.37 569.28 133.765 435.515 10.09 39.1315 33.4816 14.9607 33.0225 11.9822
internal_count=7148 2131 791 1340 710 128 428 141 582 912 601 311 5017 465 4552 4368 1086 3282 184 341 287 124 265 81
is_linear=0
shrinkage=0.05


Tree=214
num_leaves=18
num_cat=0
split_feature=0 2 24 0 23 22 28 25 14 11 11 21 10 18 2 0 10
split_gain=1.28926 3.27184 1.3393 3.33223 3.42263 3.54626 3.22015 2.92984 2.7097 5.6236 7.58729 2.64113 3.69139 3.38074 2.20447 0.832017 0.53369
threshold=933275.04500000004 7.5000000000000009 13.500000000000002 126.47000000000001 2.5000000000000004 3.5000000000000004 14.500000000000002 3.5000000000000004 0.0082000000000000007 1602.0000000000002 962.50000000000011 16464.500000000004 686.50000000000011 466519.27000000008 16.500000000000004 3449196.7500000005 483.50000000000006
decision_type=2 2 2 2 2 2 2 2 2 2 2 2 2 2 2 2 2
left_child=2 15 3 6 5 -5 16 -6 9 10 -4 12 -10 -13 -11 -2 -1
right_child=1 -3 8 4 7 -7 -8 -9 11 14 -12 13 -14 -15 -16 -17 -18
leaf_value=-0.012936253898821623 -0.004109003079710352 -0.035533031176760127 0.0045051173319870614 -0.0005985584114673062 0.0070494865577068874 0.019441745437084716 0.0041909649914524246 -0.028780473146944936 4.8620363281749748e-06 -0.032895742316071751 0.048728803268916578 -0.0067151080660376511 0.013988939882165902 0.025896010237334257 0.0042335312223776757 0.025269298567807193 -0.042182890427021127
leaf_weight=6.346947349142285 3.4055659100413305 6.3852862493367866 27.171832595951855 412.98528384009842 6.67015362530947 21.291142785921693 7.9576770337298504 16.73045838996768 170.87063726724591 5.8701239973306638 14.047750263009219 129.51615098980255 63.966301816515625 6.4053305508568874 6.4912024484947324 2.3063163525657728 7.6374423149973154
leaf_count=47 55 88 175 2999 49 186 57 150 1565 43 92 917 539 46 44 46 50
internal_value=1.05597e-06 -0.0149923 0.000245395 -0.00154957 -0.00057328 0.000445652 -0.0197469 -0.0184228 0.00229541 0.0126026 0.0213656 0.000719389 0.00394212 -0.00475256 -0.0148277 0.00993352 -0.0328141
internal_weight=916.056 12.0972 903.958 479.619 457.677 434.276 21.9421 23.4006 424.339 53.5809 41.2196 370.758 234.837 135.921 12.3613 5.71188 13.9844
internal_count=7148 189 6959 3538 3384 3185 154 199 3421 354 267 3067 2104 963 87 101 97
is_linear=0
shrinkage=0.05


Tree=215
num_leaves=16
num_cat=0
split_feature=5 24 2 2 11 17 11 11 21 3 17 24 24 0 21
split_gain=1.3209 3.0507 1.96383 2.00979 1.68255 2.07519 1.69507 3.59952 5.59762 2.37134 3.24463 2.4702 2.05722 0.858279 0.537719
threshold=1.0000000180025095e-35 28.500000000000004 8.5000000000000018 22.500000000000004 2102.5000000000005 1943.9200000000003 1845.5000000000002 1499.5000000000002 39086.500000000007 1.5000000000000002 2343.3350000000005 16.500000000000004 7.5000000000000009 7997.3750000000009 1317.0000000000002
decision_type=2 2 2 2 2 2 2 2 2 2 2 2 2 2 2
left_child=1 2 -1 14 6 -6 7 12 -9 10 -8 -11 -2 -5 -4
right_child=4 -3 3 13 5 -7 9 8 -10 11 -12 -13 -14 -15 -16
leaf_value=0.0071844137834623416 -0.0045334846597845195 0.01710140644502359 -0.01159518950403981 -0.013098212847423865 0.032875230690822432 -0.00094637671776830179 0.023781196758300979 0.01616660985091516 -0.0062102447501266658 -0.017095243371160002 -0.0099146461853656335 0.001153776412543857 0.001466271709720838 0.01062966587367598 -0.03520819266831586
leaf_weight=7.1485374234616748 213.29444893664913 7.7665351058822116 8.2055453849025124 5.6281965244561416 6.8372661855537427 7.9715297296643257 12.12231465871446 81.745234171394259 39.847023479640484 47.061826227698475 12.304703686386345 27.85226567951031 420.18776261445601 5.4805952738970518 11.96946928789839
leaf_count=61 1639 64 56 38 53 63 87 638 279 332 93 224 3380 45 96
internal_value=7.4146e-09 -0.00804637 -0.0139702 -0.0192458 0.000456637 0.0161279 0.000136315 0.000960281 0.00877075 -0.00592318 0.00696331 -0.0103269 -0.00054603 -0.000793324 -0.0279673
internal_weight=915.423 46.1989 38.4323 31.2838 869.224 14.8088 854.416 755.074 121.592 99.3411 24.427 74.9141 633.482 11.1088 20.175
internal_count=7148 360 296 235 6788 116 6672 5936 917 736 180 556 5019 83 152
is_linear=0
shrinkage=0.05


Tree=216
num_leaves=22
num_cat=0
split_feature=23 16 14 25 16 14 18 27 18 18 20 20 27 3 1 2 23 24 24 11 2
split_gain=1.3061 3.0917 4.3335 2.86685 3.857 3.26182 3.27916 2.61794 7.20525 3.51989 5.16408 3.73207 2.83635 2.54984 2.36285 3.47076 2.09224 1.93544 2.63066 0.797684 0.48887
threshold=3.5000000000000004 5.5000000000000009 0.72365000000000002 8.5000000000000018 2.5000000000000004 0.27715000000000006 390460.82000000007 9.5000000000000018 466519.27000000008 81609.12000000001 -0.21139999999999998 -0.32354999999999995 7.5000000000000009 3.5000000000000004 10.500000000000002 17.500000000000004 2.5000000000000004 29.500000000000004 19.500000000000004 1127.0000000000002 13.500000000000002
decision_type=2 2 2 2 2 2 2 2 2 2 2 2 2 2 2 2 2 2 2 2 2
left_child=3 17 20 7 14 16 -7 8 12 11 -11 -9 -1 -10 15 -5 -6 18 -2 -16 -3
right_child=1 2 -4 4 5 6 -8 9 13 10 -12 -13 -14 -15 19 -17 -18 -19 -20 -21 -22
leaf_value=0.0010380719901795722 -0.004855898647216879 -0.011167784868007123 0.010291781941466696 0.022243687212418737 0.035997290155322208 0.00022947303638047058 0.039871719920081893 -0.0096441946680799542 -0.033514320385166267 0.028861384532761637 -0.0068240142099613502 0.0094393289776222526 -0.0074534694951314444 -0.0022074532515112787 -0.0032564041276415497 -0.016741383927505904 0.0028309796427052926 -0.011781047686474928 0.035412001201495978 -0.032696190289032361 -0.039511051374578735
leaf_weight=475.25844706525095 6.3233257932588476 5.3572301901876989 6.8414820674806824 10.338801580481237 19.069618150126193 41.103944887407124 4.0699828839860848 47.415957455988973 21.623731981962923 28.375821245834231 13.64112084219232 51.156115551711991 121.57416841713712 10.367023369297383 5.0479907523840648 8.514414797537027 7.49001361709088 7.8088939934968939 6.3765889666974545 6.1489720139652491 11.053606472909449
leaf_count=3454 54 39 46 72 160 531 49 370 159 190 119 568 861 90 40 63 55 59 37 48 84
internal_value=5.10355e-07 -0.0082226 -0.0200746 0.000442906 0.00825052 0.0144741 0.00555205 -0.000595695 -0.00198893 0.00550627 0.017265 0.000150946 -0.000694063 -0.02439 -0.00627007 0.00424081 0.0278475 0.00536037 0.0167494 -0.0226864 -0.03302
internal_weight=914.957 43.7611 23.2523 871.196 101.784 71.7336 45.1739 769.412 628.823 140.589 42.0169 98.5721 596.833 31.9908 30.0502 18.8532 26.5596 20.5088 12.6999 11.197 16.4108
internal_count=7148 319 169 6829 1018 795 580 5811 4564 1247 309 938 4315 249 223 135 215 150 91 88 123
is_linear=0
shrinkage=0.05


Tree=217
num_leaves=21
num_cat=0
split_feature=4 8 7 9 11 11 13 8 26 0 26 11 24 21 1 0 9 11 11 20
split_gain=1.28263 2.73459 1.76899 5.70442 6.05032 8.45815 5.14764 4.96589 4.52894 4.26987 3.38732 4.06705 3.21188 2.61535 2.40247 2.54315 2.32805 1.66106 2.75467 2.95264
threshold=1.0000000180025095e-35 0.57655000000000001 3.5000000000000004 0.38740000000000002 704.50000000000011 219.50000000000003 1.0000000180025095e-35 0.15885000000000002 5.5000000000000009 767.84000000000015 8.5000000000000018 457.50000000000006 42.500000000000007 78.500000000000014 8.5000000000000018 562.33500000000015 0.34475000000000006 1725.5000000000002 1235.5000000000002 -0.35894999999999994
decision_type=2 2 2 2 2 2 2 2 2 2 2 2 2 2 2 2 2 2 2 2
left_child=2 17 6 10 5 -5 14 9 -9 -8 12 -12 -4 -6 16 -16 -1 18 19 -2
right_child=1 -3 3 4 13 -7 7 8 -10 -11 11 -13 -14 -15 15 -17 -18 -19 -20 -21
leaf_value=0.0012260047956219912 0.017443916669884259 0.032163781781589657 -0.00012253839719122232 0.030620021216554178 -0.0012523178713391714 -0.038760584223040379 -0.044645877961842578 0.025139628915996914 0.00073811655454822443 -0.0051600904659796724 0.007558560129413811 -0.020331678365310191 0.013695786831416965 0.045929588050634122 0.0030391430342240761 -0.035748436499749764 -0.023646964767513781 -0.01794971505007481 0.033197750675523267 -0.016020904248054024
leaf_weight=25.085404621437192 9.6558703202754277 7.4931700783781698 525.5389196742326 6.817974369972946 2.9273601407185224 6.7146155396476388 6.9669968774542204 22.574561594054103 88.796959036029875 35.536610665963963 17.244927264750004 39.200354014057666 43.586375414393842 15.14768652198836 4.335472819395366 19.133831243496388 12.268964604474602 6.4346103342249981 5.5902819288894525 13.064569973386826
leaf_count=172 72 91 3761 326 62 75 60 159 681 269 116 298 330 182 45 167 93 49 43 97
internal_value=0 0.00831614 -0.000410296 0.000866424 0.0209369 -0.00371973 -0.00433632 0.00051825 0.00612865 -0.0135726 -0.000195215 -0.0116726 0.000962481 0.0384266 -0.0164024 -0.0285146 -0.00747594 0.00143032 0.00705877 -0.00113364
internal_weight=914.116 42.2385 871.877 657.178 31.6076 13.5326 214.699 153.875 111.372 42.5036 625.571 56.4453 569.125 18.075 60.8237 23.4693 37.3544 34.7453 28.3107 22.7204
internal_count=7148 352 6796 5150 645 401 1646 1169 840 329 4505 414 4091 244 477 212 265 261 212 169
is_linear=0
shrinkage=0.05


Tree=218
num_leaves=14
num_cat=0
split_feature=17 0 2 2 2 16 0 0 21 18 0 7 27
split_gain=1.29722 1.71174 4.48549 4.72469 6.59984 2.69049 2.60741 2.73656 2.40588 2.07753 1.63453 1.43726 1.19459
threshold=2652869.0400000005 300677.21000000002 24.500000000000004 10.500000000000002 5.5000000000000009 1.0000000180025095e-35 246221.38500000004 184177.36000000002 104.50000000000001 9044.6100000000024 493861.38500000007 1.5000000000000002 4.5000000000000009
decision_type=2 2 2 2 2 2 2 2 2 2 2 2 2
left_child=1 6 3 4 -3 -4 7 9 -9 -1 -7 -5 -8
right_child=-2 2 5 11 -6 10 12 8 -10 -11 -12 -13 -14
leaf_value=-0.0024794052687095178 0.020466888252435735 -0.040859955139334443 0.031392005739424071 -0.010754889277903825 0.020829357809974653 0.01163163566711891 0.040100933860488713 0.010250237355663347 -0.026679988739756206 0.0025962576307812782 -0.020679534146682086 -0.046527573468187977 0.0035078876655457894
leaf_weight=339.37755506974645 5.6850095191039136 4.429585166857577 6.6442975518293705 6.6044921139255193 11.290225719159933 5.7801213427446765 3.9257753798738104 4.3100140653550651 14.837772238999603 488.17264650913421 5.6880151964724064 10.824896230362354 5.341876893886365
leaf_count=2460 54 69 55 79 172 76 41 42 145 3716 58 116 65
internal_value=6.12264e-08 -0.000161931 -0.00886688 -0.0194923 0.000232187 0.0100869 0.000367185 3.72909e-05 -0.0177112 0.000501719 -0.00434277 -0.0359894 0.0242627
internal_weight=912.912 907.227 51.2616 33.1492 15.7198 18.1124 855.966 846.698 19.1478 827.55 11.4681 17.4294 9.26765
internal_count=7148 7094 625 436 241 189 6469 6363 187 6176 134 195 106
is_linear=0
shrinkage=0.05


Tree=219
num_leaves=22
num_cat=0
split_feature=10 11 27 1 10 20 9 10 24 10 2 0 14 9 11 10 17 16 11 17 27
split_gain=1.2854 3.57744 2.24039 2.22779 1.85618 3.6417 4.70203 2.94847 3.95419 2.71641 2.60034 1.83206 2.44166 1.70933 8.88689 2.83325 2.45354 4.74635 1.29565 0.951538 0.838568
threshold=31.500000000000004 22.500000000000004 6.5000000000000009 1.0000000180025095e-35 507.50000000000006 -0.26984999999999992 0.017750000000000005 574.50000000000011 11.500000000000002 601.50000000000011 22.500000000000004 6929.6650000000009 0.02145 0.044950000000000011 652.50000000000011 12.500000000000002 23037.495000000006 1.5000000000000002 506.50000000000006 300654.4150000001 7.5000000000000009
decision_type=2 2 2 2 2 2 2 2 2 2 2 2 2 2 2 2 2 2 2 2 2
left_child=1 2 -1 11 5 6 -5 8 -6 -9 -7 12 -2 16 18 -16 17 -3 -15 -18 -14
right_child=3 13 -4 4 7 10 -8 9 -10 -11 -12 -13 20 14 15 -17 19 -19 -20 -21 -22
leaf_value=-0.011241311212513101 -0.0062119538526886698 -0.018277643309983112 0.03873446186839033 0.0032874288270103831 -0.025560815322616354 0.0037293392661965127 -0.011106720149110745 0.015576165022851252 -0.0004856612325347217 -0.001723872465231309 0.017050037864791159 -0.0052880377815010642 0.041682767280729421 -0.0064874726897710903 0.037976393832688762 -0.0075914049509589413 -0.041136604113843567 0.026248340630568801 -0.055088409844409741 -0.0025790807960549824 0.0064735214452368312
leaf_weight=1.9010199061594892 3.994937237352139 21.096304891805634 4.5813068135175854 165.7766240700148 27.737242435570806 130.73810519790277 83.434407537104562 22.447718862909824 35.304615617264062 308.23081689118408 51.540265050949529 6.2142563972156486 8.2904041516594571 3.3778446917422142 8.9987752318847907 3.6308844573795787 8.9315430029528198 6.0389193100854746 3.3183641601353884 2.8767100134864441 3.9170773993246248
leaf_count=26 29 338 270 1055 194 942 615 147 247 2175 453 46 113 55 103 36 118 60 25 50 51
internal_value=0 -0.00667028 0.0237047 0.000535393 8.25962e-05 0.00235426 -0.0015419 -0.00238103 -0.0121187 -0.00043284 0.00769428 0.0154222 0.023623 -0.0108898 0.000800842 0.0249457 -0.0166913 -0.00690359 -0.0388524 -0.0342016 0.0335905
internal_weight=912.378 64.7517 6.48233 847.626 825.21 431.489 249.211 393.72 63.0419 330.679 182.278 22.4167 16.2024 58.2693 19.3259 12.6297 38.9435 27.1352 6.69621 11.8083 12.2075
internal_count=7148 1081 296 6067 5828 3065 1670 2763 441 2322 1395 239 193 785 219 139 566 398 80 168 164
is_linear=0
shrinkage=0.05


Tree=220
num_leaves=26
num_cat=0
split_feature=2 2 3 3 17 3 10 15 3 3 2 27 27 17 22 24 17 24 27 10 20 20 17 19 2
split_gain=1.24398 8.3278 7.23856 4.38097 3.7808 3.81299 3.94446 3.65462 2.92485 2.49851 4.69217 3.73034 3.52576 4.41422 4.59305 4.20774 3.65058 2.82921 3.80196 2.69128 2.6774 2.40662 3.68852 2.09494 1.68304
threshold=18.500000000000004 22.500000000000004 1.0000000180025095e-35 3.5000000000000004 215420.02000000002 3.5000000000000004 330.50000000000006 4.5000000000000009 4.5000000000000009 2.5000000000000004 17.500000000000004 5.5000000000000009 10.500000000000002 93.950000000000017 1.0000000180025095e-35 21.500000000000004 2343.3350000000005 10.500000000000002 10.500000000000002 853.50000000000011 -0.40814999999999996 -0.51829999999999987 127338.56500000002 0.25175000000000008 10.500000000000002
decision_type=2 2 2 2 2 2 2 2 2 2 2 2 2 2 2 2 2 2 2 2 2 2 2 2 2
left_child=9 4 21 7 5 6 -2 -4 -5 12 17 -12 13 15 -15 -1 24 19 -19 -11 -18 -3 -23 -7 -14
right_child=1 2 3 8 -6 23 -8 -9 -10 10 11 -13 16 14 -16 -17 20 18 -20 -21 -22 22 -24 -25 -26
leaf_value=-0.013838232431272711 -0.021204415295802592 -0.00022925546712500362 -0.010896955310239223 0.012142165923824286 -0.042495507083542501 -0.045861849079230348 0.0033046435472545289 0.022858784928003584 -0.013479008503340637 3.2386723907659665e-05 0.049571301324516232 0.0004469122725961195 0.017290362006021846 0.021420943516620702 0.00077954280151372403 0.0094244519235774996 -0.0055917644334906053 0.0051858646156477516 0.034855799645475 -0.023425790007424958 -0.051064555074200407 0.032752211347670257 -0.0052391904358530033 -0.0090995966392043073 -0.014513758568455978
leaf_weight=77.738367005367763 22.417018468026072 10.795671178027986 99.26911787991412 59.126198250800371 9.2662619631737453 8.6223853565752524 47.333478992804885 6.6781661263667038 11.53654185310006 114.00454327417538 8.14081037417054 6.9789973068982354 6.2828756514936703 31.572113668080419 143.41425102052744 23.610541946953163 6.4993060007691383 136.34380079840776 10.073181654326616 11.58430891484022 7.7068040603771788 29.898690734058619 6.8201520880684248 9.3656728696078044 6.2753130020573735
leaf_count=616 187 71 615 727 72 54 308 247 74 896 62 50 50 227 976 167 44 1115 76 86 53 222 49 59 45
internal_value=0 -0.00248776 0.00278697 -0.00187788 -0.0145859 -0.0106454 -0.00480441 -0.0082925 0.00756571 0.00136913 0.00470554 0.0301818 -0.0017688 0 0.00476027 -0.00824462 -0.0184288 0.00304295 0.00773667 -0.00238631 -0.0341353 0.0197035 0.0255313 -0.0300472 0.000900388
internal_weight=911.355 321.129 224.125 176.61 97.0048 87.7386 69.7505 105.947 70.6627 590.225 287.126 15.1198 303.1 276.335 174.986 101.349 26.7643 272.006 146.417 125.589 14.2061 47.5145 36.7188 17.9881 12.5582
internal_count=7148 2685 2005 1663 680 608 495 862 801 4463 2285 112 2178 1986 1203 783 192 2173 1191 982 97 342 271 113 95
is_linear=0
shrinkage=0.05


Tree=221
num_leaves=21
num_cat=0
split_feature=23 11 25 16 14 18 25 2 16 15 17 8 11 24 3 3 23 14 24 9
split_gain=1.26642 3.00702 2.49975 3.60191 2.9725 3.08458 2.41507 4.20751 3.55964 2.70697 4.05761 3.90144 2.41278 2.96999 1.97873 2.44502 1.95248 1.62591 1.57198 0.876176
threshold=3.5000000000000004 1648.5000000000002 8.5000000000000018 2.5000000000000004 0.27715000000000006 390460.82000000007 6.5000000000000009 14.500000000000002 1.5000000000000002 2.5000000000000004 23037.495000000006 0.28435000000000005 753.50000000000011 21.500000000000004 1.0000000180025095e-35 3.5000000000000004 2.5000000000000004 0.18025000000000002 22.500000000000004 0.011750000000000002
decision_type=2 2 2 2 2 2 2 2 2 2 2 2 2 2 2 2 2 2 2 2
left_child=2 12 6 14 16 -6 9 17 -9 10 -1 -11 13 -2 -4 -16 -5 -8 -14 -3
right_child=1 19 3 4 5 -7 7 8 -10 11 -12 -13 18 -15 15 -17 -18 -19 -20 -21
leaf_value=0.0018786009423319844 -0.027408695192536747 0.023646512520057752 0.013334893567280509 0.034639249558780068 0.00010256215888927099 0.038760384067423444 -0.0070290341991617296 -0.019164984241283947 0.0097370280017796858 0.017756716756075413 -0.0069775611149712272 -0.014439042717257419 -0.003463820263156895 0.011250956183403662 -0.02257846366498786 0.011435581892420764 0.002485635477858864 -0.035006702656598977 -0.040430149260626685 -0.00065171648419993047
leaf_weight=467.55304102657828 5.6373061463236835 5.4501565955579263 7.2703458834439543 18.726430370472375 40.898415140574798 3.9975631888955823 10.919366842135789 13.879685876891015 30.344207606744021 42.118079164880328 176.25085589813534 9.9941100522410107 5.259209810756146 12.024681093171237 17.041274141054604 5.4596683988347641 7.4392478726804248 14.42434371775016 9.2160923052579147 5.6774472761899233
leaf_count=3370 44 38 47 160 531 49 77 93 265 467 1277 152 50 79 118 58 55 110 64 44
internal_value=0 -0.00815165 0.000426878 0.00775316 0.0138004 0.00526415 -0.000542832 -0.00929429 1.30349e-05 0.000341811 -0.00054452 0.0110919 -0.0158229 -0.00211258 -0.0063264 -0.0136573 0.0266782 -0.024714 -0.0296573 0.0122769
internal_weight=909.582 43.2649 866.317 100.833 71.0617 44.896 765.484 69.5676 44.2239 695.916 643.804 52.1122 32.1373 17.662 29.7713 22.5009 26.1657 25.3437 14.4753 11.1276
internal_count=7148 319 6829 1018 795 580 5811 545 358 5266 4647 619 237 123 223 176 215 187 114 82
is_linear=0
shrinkage=0.05


Tree=222
num_leaves=12
num_cat=0
split_feature=17 0 2 4 8 17 20 17 11 20 11
split_gain=1.23727 1.65489 2.19295 1.39934 2.60884 1.76923 3.65379 2.53541 1.69691 0.345979 0.0531198
threshold=2652869.0400000005 933275.04500000004 7.5000000000000009 1.0000000180025095e-35 0.57655000000000001 192349.80500000002 -0.7972499999999999 150630.67500000002 1725.5000000000002 5.1509500000000008 924.50000000000011
decision_type=2 2 2 2 2 2 2 2 2 2 2
left_child=1 3 9 5 8 7 -7 -1 -5 -3 -4
right_child=-2 2 10 4 -6 6 -8 -9 -10 -11 -12
leaf_value=-0.00012713930970402354 0.020011797396505122 -0.0042820497640854291 -0.0089180439500564507 0.0077788901758175837 0.03247686633664517 0.023734520715912998 -0.0099298671515244252 0.014950317229501487 -0.017568805068107499 0.01472106554993681 -0.040440712111311727
leaf_weight=732.13988170609809 5.6597929638810447 2.6604735462460649 2.5947403543977998 27.6195835955441 7.266433299984782 6.840666076168417 84.621223398949951 26.943395072245039 6.4115964621305457 2.3756117199081928 3.6485644599888474
leaf_count=5644 54 39 46 208 88 51 672 205 49 50 42
internal_value=0 -0.00016828 -0.0176929 8.12639e-05 0.00885893 -0.000352982 -0.00685101 0.000432771 0.00201564 0.00489722 -0.0338952
internal_weight=908.782 903.122 11.2794 891.843 41.2976 850.545 91.4619 759.083 34.0312 5.03609 6.2433
internal_count=7148 7094 177 6917 345 6572 723 5849 257 89 88
is_linear=0
shrinkage=0.05


Tree=223
num_leaves=16
num_cat=0
split_feature=5 11 7 17 14 23 11 17 11 11 21 14 15 8 23
split_gain=1.22992 2.94367 2.48547 2.0013 1.61791 1.55516 1.53489 1.91597 1.4905 3.29344 5.12367 2.12002 3.70528 2.20694 2.03015
threshold=1.0000000180025095e-35 1355.5000000000002 3.5000000000000004 15385.92 0.23390000000000002 1.5000000000000002 2102.5000000000005 1943.9200000000003 1845.5000000000002 1499.5000000000002 39086.500000000007 0.47310000000000002 6.5000000000000009 0.13300000000000003 3.5000000000000004
decision_type=2 2 2 2 2 2 2 2 2 2 2 2 2 2 2
left_child=1 2 -1 -3 5 -4 8 -8 9 14 -11 13 -13 -10 -2
right_child=6 3 4 -5 -6 -7 7 -9 11 10 -12 12 -14 -15 -16
leaf_value=-0.020818466861205236 7.9771258771566396e-05 -0.033390779577794988 0.028699498102109717 0.00091654795405046946 -0.0087982024026294261 -0.00058122029773751847 0.031515465808784629 -0.00099698985379941896 0.0021680473666014911 0.015508064522494015 -0.0059766655031492739 -0.043926274646657569 0.0060069838889722747 -0.015399365217844891 -0.013154642735202952
leaf_weight=6.7357448125258115 600.44839299959131 11.605029223952444 9.936330828815704 5.2262843349017194 6.0622979160398236 6.1380971092730752 6.8274658070877177 7.9073528423905373 64.390879898332059 81.111697965068743 39.526818029116839 6.7523671016097051 5.1751247276552022 22.238959798123688 28.376190223731101
leaf_count=55 4813 88 76 46 50 45 53 63 466 638 279 45 53 172 206
internal_value=0 -0.00781114 0.00178276 -0.023241 0.0102293 0.0181381 0.000435753 0.0154363 0.000127639 0.00090381 0.00840445 -0.00557576 -0.0237917 -0.00247463 -0.000541402
internal_weight=908.459 45.7038 28.8725 16.8313 22.1367 16.0744 862.755 14.7348 848.02 749.463 120.639 98.5573 11.9275 86.6298 628.825
internal_count=7148 360 226 134 171 121 6788 116 6672 5936 917 736 98 638 5019
is_linear=0
shrinkage=0.05


Tree=224
num_leaves=24
num_cat=0
split_feature=10 13 10 0 17 9 3 7 1 8 13 1 7 9 8 8 0 0 24 9 10 20 24
split_gain=1.20541 2.66362 2.62446 3.11636 2.45192 3.16784 2.47312 2.10077 2.04815 1.74832 5.94264 5.1608 4.71584 4.21451 3.55054 3.40856 1.74061 1.77013 1.61468 1.31091 1.22437 0.653358 0.227505
threshold=31.500000000000004 1.0000000180025095e-35 1.0000000180025095e-35 6194.7250000000013 23037.495000000006 0.13055000000000003 1.5000000000000002 2.5000000000000004 1.0000000180025095e-35 0.15760000000000005 1.0000000180025095e-35 3.5000000000000004 3.5000000000000004 0.38740000000000002 0.13845000000000005 0.30290000000000006 6929.6650000000009 251.61000000000004 36.500000000000007 0.016750000000000004 12.500000000000002 2.4002500000000002 25.500000000000004
decision_type=2 2 2 2 2 2 2 2 2 2 2 2 2 2 2 2 2 2 2 2 2 2 2
left_child=1 4 7 -4 6 -6 -1 19 16 12 15 -12 14 -14 -10 -11 17 -2 -7 -3 -8 -9 -19
right_child=8 2 3 -5 5 18 20 21 9 10 11 -13 13 -15 -16 -17 -18 22 -20 -21 -22 -23 -24
leaf_value=-0.013684874490499876 -0.0053422342830897343 -0.017333343332609979 -0.023411134731167141 0.02474956423832516 -0.041046069316965195 0.026985504323522605 0.026829763719136687 -0.04049749810734421 -0.0087548947978574512 0.0035927813818350768 -0.0081105903861386792 0.014463087206578549 -0.00055211362896778282 0.022003170897430289 -0.044304119905446832 -0.021381126139248283 -0.005249220403466922 0.035018084980914105 -0.016821845764552503 0.019020125245666899 -4.7401291902752298e-05 -0.008968264621374275 0.0074535711082820691
leaf_weight=5.42226394126192 3.2075482923537519 3.1603349465876862 3.8526339512318355 5.7704728643875569 4.1333408961072546 2.9446230244357139 13.746759465662764 11.322085797961334 59.344999705906957 23.325085788965225 30.563639778643847 111.40646378602833 543.57418460724875 19.515528097283095 6.5689642317593089 27.664564859587699 6.2000244951341292 9.4242175286635739 1.630609185551293 2.773484593257308 4.7841343018226317 4.4847255301428968 3.2832015473395577
leaf_count=56 30 68 40 54 46 65 280 217 452 169 187 803 3640 319 49 209 46 112 57 53 47 98 51
internal_value=0 -0.00650999 -0.0165156 0.00389732 0.00320808 -0.016752 0.0115819 -0.0255394 0.000504532 7.07609e-05 0.00422048 0.00948876 -0.00119574 0.000287018 -0.0136453 -0.0100637 0.0148691 0.0229759 0.00948401 0 0.0200751 -0.0341256 0.0305582
internal_weight=908.104 64.0255 31.3637 9.62311 32.6617 8.70857 23.9532 21.7406 844.078 821.963 192.96 141.97 629.004 563.09 65.914 50.9897 22.115 15.915 4.57523 5.93382 18.5309 15.8068 12.7074
internal_count=7148 1081 530 94 551 168 383 436 6067 5828 1368 990 4460 3959 501 378 239 193 122 121 327 315 163
is_linear=0
shrinkage=0.05


Tree=225
num_leaves=22
num_cat=0
split_feature=6 18 27 1 20 21 6 20 2 8 8 17 21 1 21 22 11 10 24 10 11
split_gain=1.21477 5.66318 6.88597 5.05566 4.64797 4.5719 3.312 5.33045 4.48234 5.00546 2.54559 2.1862 4.96256 3.29725 2.64877 4.96131 3.18664 1.65593 1.43056 0.378958 0.0758375
threshold=3.5000000000000004 13355.525000000003 2.5000000000000004 9.5000000000000018 -0.54899999999999982 17922.500000000004 4.5000000000000009 -0.59639999999999993 23.500000000000004 0.16875000000000004 0.10225000000000002 40668.85500000001 58117.000000000007 3.5000000000000004 147577.00000000003 1.0000000180025095e-35 490.50000000000006 512.50000000000011 3.5000000000000004 441.50000000000006 953.50000000000011
decision_type=2 2 2 2 2 2 2 2 2 2 2 2 2 2 2 2 2 2 2 2 2
left_child=1 4 20 5 -1 -4 7 -2 9 -9 18 14 13 -13 15 -8 -16 -5 -6 -14 -3
right_child=6 2 3 17 10 -7 11 8 -10 -11 -12 12 19 -15 16 -17 -18 -19 -20 -21 -22
leaf_value=-0.049485255236371616 0.048070952522225041 0.047616263222532984 0.027614778995089569 -0.0064985637924226299 -0.016275033472314036 -0.010730750290755745 0.0084977358784835196 -0.021915808444465487 0.029983575830948767 0.022048607729585827 -0.026981268028808097 -0.010783608869313016 -0.011865728737561245 0.0023153725149212194 -0.017868059455892461 -0.0022723087477760531 0.00011329267560385918 -0.040627155719479661 0.0076505920693150809 -0.036853908248674024 0.018032939800156231
leaf_weight=7.6730260555632404 7.1750319153070441 4.9697220833622833 13.718807418365033 8.8720796210691315 7.0699796760454801 13.322617057710884 225.32022365776356 16.7528881628532 9.8355476525612158 7.835775075480341 11.063987488392739 69.728139578830451 6.5723301228135815 141.76320194569416 32.200786653440446 198.52235632180236 84.185589513857849 6.8800830165855578 18.056958492379636 9.3210963485762459 6.0187792181968689
leaf_count=50 49 43 118 70 53 82 1871 116 78 54 77 566 54 1214 246 1495 634 49 125 58 46
internal_value=-4.03258e-06 -0.00522474 0.00546227 -0.00383486 -0.018213 0.00894062 0.00062494 0.0140325 0.00441334 -0.00692474 -0.00907675 -0.000123238 -0.00422681 -0.00201705 0.00159475 0.00344272 -0.00499498 -0.024866 0 -0.0295608 0.0374542
internal_weight=906.859 97.646 53.7821 42.7936 43.864 27.0414 809.213 41.5992 34.4242 24.5887 36.1909 767.614 227.385 211.491 540.229 423.843 116.386 15.7522 25.1269 15.8934 10.9885
internal_count=7148 713 408 319 305 200 6435 297 248 170 255 6138 1892 1780 4246 3366 880 119 178 112 89
is_linear=0
shrinkage=0.05


Tree=226
num_leaves=23
num_cat=0
split_feature=18 22 8 6 21 12 28 13 3 2 13 7 0 17 28 24 10 17 25 3 27 19
split_gain=1.27884 3.65228 5.98677 4.20545 4.95872 3.22303 3.11075 3.31281 2.85891 2.81003 2.72089 4.70109 4.86934 3.94544 3.64609 4.65851 2.3495 2.14825 1.50742 1.50364 1.1692 1.05865
threshold=9044.6100000000024 2.5000000000000004 0.15310000000000004 3.5000000000000004 405911.00000000006 1.0000000180025095e-35 1.5000000000000002 1.0000000180025095e-35 3.5000000000000004 1.5000000000000002 1.0000000180025095e-35 3.5000000000000004 184177.36000000002 38395.935000000005 3.5000000000000004 1.5000000000000002 632.50000000000011 3244.4900000000002 4.5000000000000009 1.0000000180025095e-35 7.5000000000000009 1.0233500000000002
decision_type=2 2 2 2 2 2 2 2 2 2 2 2 2 2 2 2 2 2 2 2 2 2
left_child=1 3 16 19 9 10 -7 18 -6 -5 11 13 -13 -2 17 -16 -3 -12 -8 -1 -21 -9
right_child=5 2 -4 4 8 6 7 21 -10 -11 14 12 -14 -15 15 -17 -18 -19 -20 20 -22 -23
leaf_value=0.002395592617632036 0 -0.046819175039917504 0.016905877533627413 0.022613557444349106 -0.036708973281011283 0.016995995755245109 -0.011327973345010803 -0.046537096946431447 0.0042739604821846423 0.0014171158289116702 0.044633987435454596 0.0043495749207406384 -0.017542949879824434 -0.028625127692285663 0.038631819609965243 0.0023221133751205568 -0.0050845733331865896 0.01132106714038302 0.023657643985503532 -0.028632323190941091 -0.0053702583999923866 -0.010690325503666265
leaf_weight=7.0342050481121978 23.591233023442328 11.291743148118263 6.1559280306100836 14.788141643628476 11.102417073678227 4.5593297658488181 6.6178049594163895 8.2502679124008846 5.1344993226230136 263.3019746550126 7.2498109489679363 238.32540717860684 26.316265153931454 23.173713145777583 7.377214881591498 181.89265756495297 6.0087716700509182 17.074249716475606 2.7614660961553454 18.405371668748561 10.452158115338532 5.5253060775576168
leaf_count=53 182 74 49 125 94 77 208 102 35 2011 42 1709 302 172 45 1354 43 131 34 127 73 106
internal_value=-9.16485e-06 -0.00236033 -0.0206292 -0.000916151 0.00106342 0.00148037 -0.0145035 -0.0219617 -0.0241534 0.00273342 0.00239496 -0.00056135 0.0020198 -0.0148568 0.00671668 0.0041788 -0.0348711 0.0242667 0.0004414 -0.0166127 -0.0214251 -0.0359712
internal_weight=906.39 353.675 23.4564 330.219 294.327 552.715 27.7142 23.1548 16.2369 278.09 525.001 311.407 264.642 46.7649 213.594 189.27 17.3005 24.3241 9.37927 35.8917 28.8575 13.7756
internal_count=7148 2684 166 2518 2265 4464 527 450 129 2136 3937 2365 2011 354 1572 1399 117 173 242 253 200 208
is_linear=0
shrinkage=0.05


Tree=227
num_leaves=26
num_cat=0
split_feature=2 2 3 20 14 14 21 10 0 8 0 2 17 3 0 27 1 22 14 17 0 2 17 17 24
split_gain=1.23005 7.54309 6.47803 4.40235 5.05653 3.6685 3.61509 3.443 3.05044 4.78362 4.38978 4.35988 5.4109 4.72987 4.27449 4.11363 4.04721 3.48168 3.42089 2.9869 2.9711 2.66527 2.28666 3.77898 1.82934
threshold=18.500000000000004 22.500000000000004 1.0000000180025095e-35 -0.26984999999999992 0.54680000000000006 0.0060500000000000007 45852.000000000007 441.50000000000006 651.68000000000018 0.021850000000000005 540.94000000000017 14.500000000000002 444479.05000000005 3.5000000000000004 1407.1200000000001 10.500000000000002 5.5000000000000009 2.5000000000000004 0.018650000000000003 34932.364782608704 501.54500000000007 6.5000000000000009 215420.02000000002 6082.8550000000005 21.500000000000004
decision_type=2 2 2 2 2 2 2 2 2 2 2 2 2 2 2 2 2 2 2 2 2 2 2 2 2
left_child=8 5 20 4 -4 7 -5 -2 9 10 16 12 17 15 -15 -13 -1 -10 -11 -20 -3 -14 23 -7 -22
right_child=1 2 3 6 -6 22 -8 -9 11 18 -12 13 21 14 -16 -17 -18 -19 19 -21 24 -23 -24 -25 -26
leaf_value=-0.00018276996912405355 -0.011384143075886961 -0.010939443866066673 -0.012910881248300378 -0.00053837243524483764 0.029502144147362287 -0.023510815851874724 0.02128973265542394 0.033651495607497972 -0.0036524855752848636 -0.029853050635018443 0.044295908733707069 0.0024258109418591085 -0.0045095815752467109 -0.015895340293046067 0.020769412895647696 -0.027275386693202053 0.022595443022410754 -0.018954279578790492 -0.0065842879504668652 0.026871828545422111 0.014473264536216866 0.035631335993773078 -0.040728419943228643 -0.00056515883654144241 0.039711061210955273
leaf_weight=42.259551340248436 7.6135395020246488 5.7813885863870373 84.300251325592399 60.325066865538247 5.6441934072645372 42.624637427739799 25.06046879850328 5.5615048911422491 205.61969131359365 9.0036379657685739 9.3969604135490936 124.1881147850072 5.0836204197257748 7.3858465654775491 56.465332031715661 10.836882056668399 32.850438014604151 44.650412454269826 22.12276693247259 7.156879134476184 29.643343161791563 9.9355067480355483 8.7994922595098597 31.70787017326802 11.588748792652039
leaf_count=313 58 41 573 755 138 313 197 37 1543 67 67 837 39 49 607 68 213 331 167 51 202 111 70 202 99
internal_value=-1.31016e-05 -0.00251582 0.00252446 -0.00189554 -0.00955677 -0.0140686 0.00609433 0.00889711 0.00133254 0.00827748 0.0148452 -0.000510853 -0.00471107 0.00503333 0.0160225 -0.000248293 0.00997759 -0.00655073 -0.00598912 0.00246904 0.018617 0.0225237 -0.0179493 -0.0141252 0.0233069
internal_weight=905.606 318.651 222.343 175.33 89.9444 96.307 85.3855 13.175 586.956 122.79 84.5069 464.165 265.289 198.876 63.8512 135.025 75.11 250.27 38.2833 29.2796 47.0135 15.0191 83.132 74.3325 41.2321
internal_count=7148 2685 2005 1663 711 680 952 95 4463 878 593 3585 2024 1561 656 905 526 1874 285 218 342 150 585 515 301
is_linear=0
shrinkage=0.05


Tree=228
num_leaves=19
num_cat=0
split_feature=0 0 0 9 18 0 10 10 9 27 9 20 0 13 29 4 29 20
split_gain=1.19083 2.36536 1.71486 9.49077 6.02722 3.21145 4.40801 3.34519 2.60179 3.88466 5.55794 3.42699 3.15229 4.51066 2.53722 2.2073 1.55164 0.919785
threshold=96.415000000000006 55.010000000000012 651.68000000000018 0.012250000000000002 69405.555000000008 540.94000000000017 856.50000000000011 483.50000000000006 1.0000000180025095e-35 8.5000000000000018 0.0066500000000000005 -0.62044999999999983 318248.65000000008 1.0000000180025095e-35 1.5000000000000002 1.0000000180025095e-35 3.5000000000000004 -0.47064999999999996
decision_type=2 2 2 2 2 2 2 2 2 2 2 2 2 2 2 2 2 2
left_child=1 16 3 5 14 6 -2 -7 12 10 -10 -11 15 -14 -5 -4 -1 -3
right_child=2 17 8 4 -6 7 -8 -9 9 11 -12 -13 13 -15 -16 -17 -18 -19
leaf_value=-0.0094052564155874558 0.013076771603386994 -0.0054413024364368678 -0.0027612849781400795 -0.00032633018774143991 0.021418326772647791 0.058404471836381255 -0.020902740602983399 0.0087702235196599893 0.028654468537203839 0.037829674232849657 -0.0024627041127022044 0.0076277732233967404 -0.046351183904388513 -0.001911782044446024 -0.035753236609508465 0.01726251378974325 0.015372007129229018 -0.032196233262985055
leaf_weight=11.153121371287854 75.954809358809143 7.61513064848259 383.4133818136761 7.4109648521989611 6.4019290236756197 5.7760959421284488 8.8551942426711303 8.5630156267434341 13.32653873041272 9.5146032811608148 221.09536295337602 71.969671783503145 8.075133141130209 14.769140170479659 19.473974546883255 12.18529885727912 9.9497976638376695 8.3025560243986529
leaf_count=79 535 53 2650 51 47 46 57 57 109 117 1867 819 77 209 139 106 66 64
internal_value=-4.93225e-06 -0.00856057 0.000367836 0.00556706 -0.016745 0.0133396 0.00901387 0.0340777 -0.000568809 0.00282968 -0.000424005 0.0120959 -0.00315956 -0.0204898 -0.0270326 -0.00203563 0.00216353 -0.0219907
internal_weight=903.806 37.0206 866.785 132.436 33.2869 99.1491 84.81 14.3391 734.349 315.906 234.422 81.4843 418.443 22.8443 26.8849 395.599 21.1029 15.9177
internal_count=7148 262 6886 932 237 695 592 103 5954 2912 1976 936 3042 286 190 2756 145 117
is_linear=0
shrinkage=0.05


Tree=229
num_leaves=15
num_cat=0
split_feature=25 25 18 21 22 11 18 10 18 10 9 24 28 10
split_gain=3.2771 1.33097 6.08277 4.20067 6.26366 5.69143 3.54828 5.23842 3.76394 3.75475 3.52929 2.74315 1.90761 2.28162
threshold=1.0000000180025095e-35 1.5000000000000002 1.0000000180025095e-35 147577.00000000003 1.0000000180025095e-35 407.50000000000006 51614.535000000011 725.50000000000011 3914.6450000000004 203.50000000000003 0.072300000000000017 4.5000000000000009 8.5000000000000018 317.50000000000006
decision_type=2 2 2 2 2 2 2 2 2 2 2 2 2 2
left_child=-1 6 12 4 -4 -5 8 10 11 -10 -8 -2 -3 -14
right_child=1 2 3 5 -6 -7 7 -9 9 -11 -12 -13 13 -15
leaf_value=-0.034774328230467964 -0.0022752397304493807 -0.0018583038154991389 0.011457885599608142 -0.033995241934474695 -0.0011162038025090541 -0.0026172618387128722 0.011896650009929361 0.040435197037804529 0.01523417420244956 -0.021224521749981413 -0.024234525437287061 0.012045942989324973 -0.0073744972859288343 -0.047225352581877572
leaf_weight=4.7288077068515113 72.183454327750951 8.0545872915536183 124.13680170662701 17.776505798101425 455.40358375152573 58.304917821660638 31.1271399166435 12.717888621613382 7.1698567125713444 30.014971921220422 6.4311746023595324 58.097894506994635 7.4731857646256712 9.474454812705515
leaf_count=278 536 59 869 133 3622 399 208 77 238 180 46 396 50 57
internal_value=0 0.000249205 -0.000828956 0.000113385 0.0015901 -0.0107598 0.00364172 0.0150144 3.15307e-05 -0.0135207 0.00454459 0.00412115 -0.024088 -0.0328139
internal_weight=903.095 898.366 680.624 655.622 579.54 76.0814 217.742 50.2762 167.466 37.1848 37.5583 130.281 25.0022 16.9476
internal_count=7148 6870 5189 5023 4491 532 1681 331 1350 418 254 932 166 107
is_linear=0
shrinkage=0.05


Tree=230
num_leaves=22
num_cat=0
split_feature=10 11 27 1 11 14 0 10 20 9 24 8 8 29 11 9 0 10 0 6 21
split_gain=1.21308 3.35777 1.944 1.90147 1.6564 2.19097 1.97669 1.64586 3.37781 3.99601 2.86903 4.21668 2.80459 2.75447 1.43422 7.91854 4.56225 2.65094 2.2231 1.1769 0.603564
threshold=31.500000000000004 22.500000000000004 6.5000000000000009 1.0000000180025095e-35 78.500000000000014 0.20525000000000002 6929.6650000000009 507.50000000000006 -0.26984999999999992 0.017750000000000005 4.5000000000000009 0.51920000000000022 0.086950000000000013 1.0000000180025095e-35 603.50000000000011 0.058350000000000006 1886.9800000000002 3.5000000000000004 5548.0850000000009 4.5000000000000009 81120.000000000015
decision_type=2 2 2 2 2 2 2 2 2 2 2 2 2 2 2 2 2 2 2 2 2
left_child=1 2 -1 4 -2 20 -7 8 9 -5 11 -9 -10 -12 16 19 -3 -17 -18 -16 -6
right_child=3 14 -4 7 5 6 -8 10 12 -11 13 -13 -14 -15 15 17 18 -19 -20 -21 -22
leaf_value=-0.0098291260100745771 -0.010857778269005733 0.018733263894142368 0.037424444476417622 0.0029075499190214064 0.039077036428388487 0.017461783863785305 -0.026477072769503077 -0.013698286616307984 0.011274237564348177 -0.01042938373713197 0.011104239120903423 0.022337414692802336 -0.0023081731896157465 -0.001979564563732078 0.0005233876350584179 0.043141315680190945 -0.06032688872125043 -0.0019630583345368944 -0.014797790851118712 -0.023386076739282998 0.0074758485616751198
leaf_weight=1.8306711828336109 3.5421071751043227 3.7088123639114228 4.3933498990954831 164.6826372500509 7.8492590896785277 3.5345461070537558 2.6962501481175423 79.094857153482735 129.30943391588517 82.36845040996559 45.567602210212499 7.0237929383292785 51.073292785324156 258.52577265375294 5.3727540338877615 6.9654686006251705 3.9966858820989719 4.2169447741471231 9.9232961506932025 22.736006527091376 4.1646117139607668
leaf_count=26 32 43 270 1055 82 69 24 549 998 615 334 46 397 1834 67 74 28 45 180 348 32
internal_value=-1.1906e-05 -0.00659587 0.0232995 0.00048597 0.0144236 0.0204136 -0.00215045 6.81033e-05 0.00221836 -0.00154696 -0.00226107 -0.0102055 0.00739057 8.08394e-06 -0.0107145 -0.00460247 -0.0219705 0.0276564 -0.0344347 -0.0187527 0.0314664
internal_weight=902.577 63.144 6.22402 839.433 21.7868 18.2447 6.2308 817.646 427.434 247.051 390.212 86.1187 180.383 304.093 56.92 39.2912 17.6288 11.1824 13.92 28.1088 12.0139
internal_count=7148 1081 296 6067 239 207 93 5828 3065 1670 2763 595 1395 2168 785 534 251 119 208 415 114
is_linear=0
shrinkage=0.05


Tree=231
num_leaves=17
num_cat=0
split_feature=24 0 0 20 29 8 9 22 16 25 21 8 9 24 27 29
split_gain=1.17172 2.61037 2.62479 1.90345 2.30053 2.12205 1.69189 1.54036 10.0435 4.32508 3.21246 3.23102 2.18898 1.09981 1.03672 0.710189
threshold=48.500000000000007 879.91500000000008 3900.8500000000008 -0.26694999999999997 2.5000000000000004 0.15000000000000002 0.76240000000000008 1.5000000000000002 3.5000000000000004 5.5000000000000009 6.5000000000000009 0.16005000000000003 0.028850000000000004 36.500000000000007 7.5000000000000009 4.5000000000000009
decision_type=2 2 2 2 2 2 2 2 2 2 2 2 2 2 2 2
left_child=6 -2 -3 4 -4 -5 7 8 9 -1 14 -12 -10 15 -9 -8
right_child=1 2 3 5 -6 -7 13 10 12 -11 11 -13 -14 -15 -16 -17
leaf_value=0.00070430310190273851 0.030956017193643035 -0.018860699838848187 -0.022894307376481359 0.03088387781694861 0.010779033014021533 -0.0077306229242608861 0.040369048314299917 0.028640308325796893 0.035379504797505484 -0.013295930979029938 -0.0086788954338385231 0.0045574298855451415 0 -0.0026759204151076601 0 0
leaf_weight=507.36117385956459 7.5743491053581229 9.5013095606118423 6.2692165393382338 10.819099811371418 10.916896886075845 3.4697213293984523 3.202769551659002 7.4760945187881571 22.357068944722418 59.770408895332366 179.33353473409079 59.313630159012973 5.3092144017573437 2.5822214647196233 4.4518424170091748 2.0068385500926524
leaf_count=3685 54 72 47 153 98 57 76 73 234 435 1401 483 161 43 45 31
internal_value=-6.89488e-06 0.00737862 0.00154993 0.00876874 -0.00208934 0.0210954 -0.000455146 -0.000704294 0.000668421 -0.00079516 -0.00398183 -0.00533703 0.0290384 0.0201775 0.0192872 0.0304921
internal_weight=901.715 48.5506 40.9762 31.4749 17.1861 14.2888 853.165 845.373 594.798 567.132 250.575 238.647 27.6663 7.79183 11.9279 5.20961
internal_count=7148 481 427 355 145 210 6667 6517 4515 4120 2002 1884 395 150 118 107
is_linear=0
shrinkage=0.05


Tree=232
num_leaves=18
num_cat=0
split_feature=18 22 16 8 10 10 18 2 7 14 14 25 29 2 27 18 10
split_gain=1.15541 3.2177 10.4121 5.37045 3.22124 4.98776 2.77354 2.74058 2.52581 2.49238 3.635 3.97385 3.55856 3.06221 2.53831 2.4357 2.11387
threshold=9044.6100000000024 2.5000000000000004 4.5000000000000009 0.15310000000000004 675.50000000000011 299.50000000000006 6240.3150000000014 25.500000000000004 4.5000000000000009 0.0060500000000000007 0.07605000000000002 2.5000000000000004 1.0000000180025095e-35 11.500000000000002 1.5000000000000002 322286.88000000006 632.50000000000011
decision_type=2 2 2 2 2 2 2 2 2 2 2 2 2 2 2 2 2
left_child=1 2 4 16 5 -1 -6 9 -4 13 12 -12 -11 15 -15 -2 -3
right_child=7 3 8 -5 6 -7 -8 -9 -10 10 11 -13 -14 14 -16 -17 -18
leaf_value=-0.0073631652360747705 0.005028528980245325 -0.044266724746661858 0 0.016202344825399836 -0.0079756138785179852 0.0072432216093115953 -0.040341685642459588 -0.021689796600266261 0.04730811642809768 0.012564403898759624 0.013146232936664511 0.00027916421048875261 -0.010384487586293283 -0.0058620735557723819 0.021555320057819863 -0.028536459245117142 -0.004632890126443411
leaf_weight=111.52831231267191 16.495522545650605 11.253384117037063 3.1633090814575526 6.1068395050242534 77.65392388869077 118.41154287476093 5.7488518152385941 10.473979922011493 11.360422817058861 17.988392836414278 76.0976034362684 266.80864976160228 103.6780432977248 8.7837395686656219 43.823314142879099 5.5486168712377539 6.0036186352372161
leaf_count=982 110 74 20 49 524 783 38 64 171 126 728 2348 699 57 292 40 43
internal_value=0 -0.00223585 -0.000871131 -0.019414 -0.0029227 0.000113132 -0.0112162 0.00142654 0.0377817 0.00197252 0.000568959 0.00322328 -0.0067623 0.010334 0.0167473 -0.00467497 -0.0329108
internal_weight=900.928 351.23 327.866 23.3638 313.343 229.94 83.4028 549.698 14.5237 539.224 464.573 342.906 121.666 74.6512 52.6071 22.0441 17.257
internal_count=7148 2684 2518 166 2327 1765 562 4464 191 4400 3901 3076 825 499 349 150 117
is_linear=0
shrinkage=0.05


Tree=233
num_leaves=17
num_cat=0
split_feature=25 23 18 15 25 23 17 0 15 18 17 22 14 14 18 0
split_gain=1.13502 3.32128 3.36652 2.292 3.09543 7.63752 4.79303 3.0967 2.66356 3.87552 3.16597 2.24075 1.5132 1.92812 1.51075 1.23623
threshold=11.500000000000002 4.5000000000000009 390460.82000000007 6.5000000000000009 6.5000000000000009 2.5000000000000004 8437.1100000000024 651.68000000000018 2.5000000000000004 15791.595000000003 23037.495000000006 4.5000000000000009 0.82835000000000014 0.069450000000000026 58946.760000000002 607.80500000000006
decision_type=2 2 2 2 2 2 2 2 2 2 2 2 2 2 2 2
left_child=3 2 12 4 8 6 -6 -7 10 -10 -1 14 13 -2 15 -5
right_child=1 -3 -4 11 5 7 -8 -9 9 -11 -12 -13 -14 -15 -16 -17
leaf_value=0.0015441541710704029 -0.01039715343187823 -0.025711967591090037 0.042262489358403758 -0.012293821012295925 -0.013242050299024262 0.0017904409376128358 0.010382067344057796 -0.039373543638367814 -0.0071462402614307962 0.02007857861734608 -0.0061782087977280747 0.032985553978662992 -0.018531373806852759 0.011944318751377712 -0.020083988800754016 0.030160522926603147
leaf_weight=470.7085916857468 9.9301868099719268 5.4290051497519007 5.1133138649165621 0.97061295621096944 39.471190906595439 4.9402833916246918 42.3819390530698 20.658556412905455 18.103862870484591 35.532974746078253 182.1617150841048 7.9607348768040538 4.0097125922329715 46.73299946077168 3.8105932543985546 2.5138579570921138
leaf_count=3415 78 45 54 11 295 38 353 163 135 313 1334 88 63 495 46 222
internal_value=0 0.00595896 0.00940163 -0.000534809 -0.000926544 -0.00875369 -0.000934817 -0.031513 0.000271115 0.0107832 -0.000607532 0.0174713 0.00521237 0.00763754 -0.00183751 0.0163407
internal_weight=900.43 71.2152 65.7862 829.215 813.959 107.452 81.8531 25.5988 706.507 53.6368 652.87 15.2558 60.6729 56.6632 7.29506 3.48447
internal_count=7148 735 690 6413 6046 849 648 201 5197 448 4749 367 636 573 279 233
is_linear=0
shrinkage=0.05


Tree=234
num_leaves=19
num_cat=0
split_feature=0 0 2 11 0 9 18 2 22 11 6 10 13 2 11 29 14 20
split_gain=1.1299 2.19538 1.7989 1.53244 1.50103 8.39933 5.53279 5.29755 4.4356 3.53094 3.65738 2.99165 3.18923 2.98719 2.63973 2.36825 2.10713 1.42711
threshold=96.415000000000006 55.010000000000012 12.500000000000002 483.00000000000006 651.68000000000018 0.012250000000000002 69405.555000000008 19.500000000000004 1.0000000180025095e-35 22.500000000000004 4.5000000000000009 31.500000000000004 1.0000000180025095e-35 24.500000000000004 603.50000000000011 1.5000000000000002 0.07605000000000002 -0.51829999999999987
decision_type=2 2 2 2 2 2 2 2 2 2 2 2 2 2 2 2 2 2
left_child=1 3 -3 -1 5 7 15 8 -2 10 -6 14 -13 -9 -11 -7 -12 -5
right_child=4 2 -4 17 9 6 -8 13 -10 11 16 12 -14 -15 -16 -17 -18 -19
leaf_value=-0.015310225575054638 0.030357868784168775 -0.0016322246080042605 -0.035648157208954666 -0.0044665075522236745 -0.016747583872163449 -9.2471687343125887e-05 0.020499836123192422 -0.026845598018301872 0.005707288582029681 -0.028981221368082163 0.040145857715183905 -0.0035366669775893709 0.00351107681223838 0.0068775560649515961 -0.0043632526580794249 -0.034410586983485772 0.010368087216951757 0.02325367332048555
leaf_weight=6.2770579224452403 38.615582624450326 7.8048664880916458 7.8999106029514223 6.7712097191251805 5.8996313237585118 7.3866687798872617 6.443881155923008 9.4591068215668219 37.355688097886741 15.272888502455315 8.8677419140003639 357.27531158970669 287.67062567127869 13.211676426231859 35.376697057276033 19.102730051614344 20.950012030079961 7.9353379588574162
leaf_count=46 275 55 62 46 46 51 47 69 270 225 105 2650 2072 81 500 139 356 53
internal_value=0 -0.00836904 -0.021402 0.0019637 0.000364637 0.0052456 -0.0158567 0.0125654 0.0188225 -0.000511803 0.0143685 -0.00132922 -0.00037651 -0.00782332 -0.0127954 -0.0258702 0.0215051 0.0108853
internal_weight=899.577 36.6884 15.7048 20.9836 862.888 131.575 32.9333 98.6421 75.9713 731.313 35.7174 695.596 644.946 22.6708 50.6496 26.4894 29.8178 14.7065
internal_count=7148 262 117 145 6886 932 237 695 545 5954 507 5447 4722 150 725 190 461 99
is_linear=0
shrinkage=0.05


Tree=235
num_leaves=12
num_cat=0
split_feature=17 0 2 25 17 28 25 0 28 24 20
split_gain=1.13208 1.46567 2.05011 1.24768 2.04097 1.66008 3.08632 1.75363 1.06011 0.983694 0.32775
threshold=2652869.0400000005 933275.04500000004 7.5000000000000009 18.500000000000004 77063.795000000013 19.500000000000004 1.5000000000000002 96.415000000000006 14.500000000000002 37.500000000000007 5.1509500000000008
decision_type=2 2 2 2 2 2 2 2 2 2 2
left_child=1 3 10 5 9 7 -7 -1 -6 -5 -3
right_child=-2 2 -4 4 8 6 -8 -9 -10 -11 -12
leaf_value=-0.010608431353659742 0.019265338207042515 -0.0039337248584757414 -0.032639158762739318 0.039316334885968515 -0.016272621195886777 0.0087838105935245225 -0.0097782552743618089 0.0011981273385656417 0.012060187490847548 0.0034997133949247862 0.014593036600410267
leaf_weight=30.804289274383336 5.5497252105269572 2.6436659132596088 6.1096742951194756 4.7509681791998464 5.296239529270677 26.801086687482893 95.829223403707147 710.62794374511577 3.8422356536611915 4.2167191258631647 2.3330756361829117
leaf_count=222 54 39 88 83 50 194 688 5585 44 51 50
internal_value=-3.51729e-06 -0.000177175 -0.0167905 5.78065e-05 0.0123798 -0.000216842 -0.00556539 0.00066693 -0.00343588 0.027096 0.00501177
internal_weight=898.805 893.255 11.0864 882.169 18.1062 864.063 122.63 741.432 9.13848 8.96769 4.97674
internal_count=7148 7094 177 6917 228 6689 882 5807 94 134 89
is_linear=0
shrinkage=0.05


Tree=236
num_leaves=23
num_cat=0
split_feature=18 21 22 16 8 22 12 28 9 0 3 29 19 17 3 7 10 29 10 21 1 19
split_gain=1.1215 3.09703 3.34148 9.0621 4.95751 3.24421 2.85553 2.94681 3.77364 2.39679 3.84672 3.63801 3.23048 3.06135 2.38848 2.38282 2.07012 1.99035 1.92769 1.50583 0.601849 0.340562
threshold=9044.6100000000024 405911.00000000006 2.5000000000000004 4.5000000000000009 0.15310000000000004 1.0000000180025095e-35 1.0000000180025095e-35 1.5000000000000002 0.12375000000000001 184177.36000000002 3.5000000000000004 3.5000000000000004 2.1850000000000001 23701.000000000004 4.5000000000000009 4.5000000000000009 779.50000000000011 4.5000000000000009 632.50000000000011 509.50000000000006 10.500000000000002 0.58110000000000006
decision_type=2 2 2 2 2 2 2 2 2 2 2 2 2 2 2 2 2 2 2 2 2 2
left_child=1 2 3 5 18 -1 9 -8 19 12 11 -11 16 -14 -12 -5 -2 21 -4 -9 -10 -3
right_child=6 17 4 15 -6 -7 7 8 20 10 14 -13 13 -15 -16 -17 -18 -19 -20 -21 -22 -23
leaf_value=0.0013773911032068471 0.00085321373850152514 -0.010321781084091852 -0.042381031517952181 0 0.015755629884266126 -0.010680952094194264 0.01675880754946062 0.0024859850939260419 0.029423569246149885 -0.032833869381698626 0.015083466875325545 -0.00037339972353592145 0.036892459306226165 -0.00049081839724978685 -0.022984824853742977 0.04618239829942361 0.0096816341009543973 0.0025906383028650552 -0.0043668835189001748 -0.03450795764849688 -0.00096882418341438228 -0.037565463255225515
leaf_weight=222.70097625802737 364.46787627623416 4.928997682407501 11.203085444867616 3.1493629915639731 6.0612546829506746 71.872393355704844 4.5537394582061124 2.3427145015448394 1.7940687164664262 16.717584640718997 19.505914652021605 17.284632194787264 11.608884691260757 8.2115307105705124 3.0624130405485621 11.087603434105404 80.286335873883218 5.2744402447715393 5.9740209332667282 16.860479271388613 1.6064684664597733 8.0355823971331102
leaf_count=1706 2614 35 74 20 49 476 77 29 37 140 295 133 102 67 18 171 568 41 43 242 142 69
internal_value=0 -0.00221263 -0.00101727 0.000378217 -0.0185183 -0.00158317 0.00140029 -0.0137895 -0.0212122 0.00226065 -0.00723481 -0.0175481 0.00346439 0.022321 0.00806018 0.0367729 0.0025055 -0.0212296 -0.0315158 -0.0297144 0.0181725 -0.0306397
internal_weight=898.59 350.288 332.049 308.81 23.2384 294.573 548.303 27.1575 22.6037 521.145 56.5705 34.0022 464.575 19.8204 22.5683 14.237 444.754 18.239 17.1771 19.2032 3.40054 12.9646
internal_count=7148 2684 2539 2373 166 2182 4464 527 450 3937 586 273 3351 169 313 191 3182 145 117 271 179 104
is_linear=0
shrinkage=0.05


Tree=237
num_leaves=18
num_cat=0
split_feature=5 24 28 7 25 19 8 27 21 13 8 0 21 21 27 10 28
split_gain=1.11393 2.86518 1.77291 2.11567 1.68528 1.67103 1.31783 7.26251 5.69104 6.35792 4.53537 3.83561 5.26346 2.68359 2.48336 4.04598 2.88168
threshold=1.0000000180025095e-35 28.500000000000004 9.5000000000000018 3.5000000000000004 2.5000000000000004 0.049750000000000009 0.15760000000000005 2.5000000000000004 133710.50000000003 1.0000000180025095e-35 0.14165000000000003 38664.250000000007 1450.0000000000002 69.500000000000014 2.5000000000000004 349.50000000000006 18.500000000000004
decision_type=2 2 2 2 2 2 2 2 2 2 2 2 2 2 2 2 2
left_child=1 2 4 -4 -1 -5 10 8 9 -8 14 12 -9 -13 15 -2 -16
right_child=6 -3 3 5 -6 -7 7 11 -10 -11 -12 13 -14 -15 16 -17 -18
leaf_value=0.018386609673701922 -0.015605382492902484 0.017055746457709284 -0.041407083659867644 -0.026320329483088847 -0.013467393034717008 0.0020275226789630368 -0.0044227605377840521 -0.010002488864611943 -0.014579224315345144 0.038166791689448573 -0.034250917118426739 0.0088779258082515144 0.011867042384291801 -0.022310390822555998 0.0034862945562937394 0.0005077326515198474 -0.0063184309310057394
leaf_weight=5.8815760069992375 59.575222577666864 7.5834955135360351 6.817460608668628 6.2633226225152638 6.6647464828565717 11.820991671178488 10.820883361622689 44.330554504762404 8.2625603999476862 31.342244495172054 7.9009276153519741 7.2166584338992825 65.215227505657822 28.234248059918173 397.08910976967309 102.66500786622055 89.832719362340868
leaf_count=50 493 64 50 47 57 92 75 417 70 260 61 76 451 283 3189 728 685
internal_value=-1.02222e-06 -0.00750344 -0.0133429 -0.0206149 0.00125282 -0.00893588 0.000400217 0.0039902 0.0199567 0.0273047 -0.000661205 -0.00169043 0.00290665 -0.0155594 -0.000133084 -0.00546616 0.00163851
internal_weight=897.517 45.0316 37.4481 24.9018 12.5463 18.0843 852.485 195.422 50.4257 42.1631 657.063 144.997 109.546 35.4509 649.162 162.24 486.922
internal_count=7148 360 296 189 107 139 6788 1632 405 335 5156 1227 868 359 5095 1221 3874
is_linear=0
shrinkage=0.05


Tree=238
num_leaves=18
num_cat=0
split_feature=9 7 29 1 20 6 2 14 14 14 27 14 20 24 10 20 21
split_gain=1.11377 2.43797 1.26592 2.82744 3.81044 2.72097 2.37157 2.92579 2.04493 2.24459 3.80429 3.29927 2.04401 1.62635 0.693922 0.14379 0.0167881
threshold=0.69425000000000014 3.5000000000000004 5.5000000000000009 6.5000000000000009 -0.59214999999999984 6.5000000000000009 14.500000000000002 0.057350000000000005 0.73535000000000006 0.50680000000000014 1.5000000000000002 0.38380000000000009 -0.29684999999999995 21.500000000000004 669.50000000000011 1.0000000180025095e-35 5891.0000000000009
decision_type=2 2 2 2 2 2 2 2 2 2 2 2 2 2 2 2 2
left_child=2 -2 8 6 16 -6 7 -4 9 11 -11 -1 -8 -10 -15 -3 -5
right_child=1 15 3 4 5 -7 12 -9 13 10 -12 -13 -14 14 -16 -17 -18
leaf_value=-0.0015434156786849546 -0.0047304655060272684 0.038357397029362118 0.0066057947999215759 0.04480061472616742 0.010500528687546237 -0.019586462480004656 -0.0042695693119557043 -0.020727924903526956 -0.0038148513163857897 0.01823261764453301 -0.018628446693473497 0.014542269690166518 0.016014099615977963 0.037728534400450833 0.0030049020483493374 0.0047351326991755122 0.015481822116248094
leaf_weight=653.18846376967849 7.5140943340957147 4.0382515909150243 13.604090023785828 5.7575130291515944 42.282501867273822 6.9710402544587842 23.241797523922287 24.424046041909605 4.7340602292679241 6.5936564253643146 36.852935530710965 31.44771165214479 21.992370010004379 5.0678549837321025 3.1194610465317965 1.7856897970195857 4.5839548127260059
leaf_count=4749 54 104 82 79 513 58 157 185 57 69 347 271 217 70 36 65 35
internal_value=-1.16373e-05 0.0133349 -0.000253985 0.00400779 0.012156 0.00544896 -0.00185538 -0.0108583 -0.00109764 -0.0014819 -0.012258 -0.000749775 0.00564093 0.0171803 0.0286673 0.0331722 0.03723
internal_weight=897.199 13.338 883.861 142.857 59.595 49.2535 83.2623 38.0281 741.004 728.083 43.4466 684.636 45.2342 12.9214 8.18732 5.82394 10.3415
internal_count=7148 223 6925 1326 685 571 641 267 5599 5436 416 5020 374 163 106 169 114
is_linear=0
shrinkage=0.05


Tree=239
num_leaves=17
num_cat=0
split_feature=24 0 0 13 29 7 9 23 25 21 11 11 27 10 24 29
split_gain=1.10931 2.39403 2.47217 2.68872 2.27809 1.58276 1.55686 1.31205 3.9789 4.03911 2.94101 4.30406 3.36275 2.59686 1.04843 0.703133
threshold=48.500000000000007 879.91500000000008 3900.8500000000008 1.0000000180025095e-35 2.5000000000000004 4.5000000000000009 0.76240000000000008 1.5000000000000002 1.5000000000000002 131067.50000000001 1980.5000000000002 1919.5000000000002 2.5000000000000004 736.50000000000011 36.500000000000007 4.5000000000000009
decision_type=2 2 2 2 2 2 2 2 2 2 2 2 2 2 2 2
left_child=6 -2 -3 4 -4 -5 7 10 13 -10 11 -1 -12 -9 15 -8
right_child=1 2 3 5 -6 -7 14 8 9 -11 12 -13 -14 -15 -16 -17
leaf_value=0.00053493517762308643 0.029886836962793623 -0.018200206263086917 -0.019618308685891248 0.0016924084953277851 0.01043426321775867 0.045934378863979601 0.039736792672956954 0.0033537701319368723 -0.0035220560104658946 -0.026298227931448866 -0.0099071703145681908 -0.025241200968681394 0.021138742945766974 0.03522111507702904 -0.0026943422271067437 0
leaf_weight=493.56747969484422 7.5076275970786801 9.483910537324844 8.0037445700727421 3.9593136692419666 14.97686287248507 4.2292204657569528 3.0781495366245499 24.274567313957963 240.28560662828386 19.547621067147702 9.9794247634708864 14.732912191189824 31.246637438889593 7.4118358455598345 2.5561843491159379 1.9750957258511332
leaf_count=3933 54 72 70 37 198 50 76 193 1767 161 75 110 233 45 43 31
internal_value=0 0.00722177 0.00159651 0.0086558 -0.000364903 0.0300554 -0.000429885 -0.000668464 -0.0033742 -0.00546152 0.000755807 -0.00028858 0.0132816 0.0127533 0.0195497 0.029793
internal_weight=896.816 48.1607 40.6531 31.1691 22.9806 8.18853 848.656 841.046 291.52 259.833 549.526 508.3 41.2261 31.6864 7.60943 5.05325
internal_count=7148 481 427 355 268 87 6667 6517 2166 1928 4351 4043 308 238 150 107
is_linear=0
shrinkage=0.05


Tree=240
num_leaves=26
num_cat=0
split_feature=24 23 17 17 9 0 27 14 11 11 18 2 2 26 0 11 26 3 0 11 27 2 19 13 9
split_gain=1.06366 2.91614 3.3799 6.34912 4.39319 3.13217 2.8015 2.44192 5.28398 6.67042 3.18596 2.45465 5.51919 5.83216 4.57733 4.66573 3.21106 2.12122 2.29256 2.11421 2.09498 2.02421 1.77193 0.848512 0.4095
threshold=13.500000000000002 2.5000000000000004 71496.095000000016 48403.110000000008 0.12375000000000001 126.47000000000001 5.5000000000000009 0.0082000000000000007 1602.0000000000002 962.50000000000011 42414.840000000004 18.500000000000004 22.500000000000004 5.5000000000000009 10346.115000000002 1759.5000000000002 3.5000000000000004 2.5000000000000004 21377.410000000003 980.50000000000011 6.5000000000000009 16.500000000000004 0.10515000000000001 1.0000000180025095e-35 0.16075000000000003
decision_type=2 2 2 2 2 2 2 2 2 2 2 2 2 2 2 2 2 2 2 2 2 2 2 2 2
left_child=1 2 3 5 6 -1 -4 8 9 10 -2 14 20 -14 16 -16 -9 23 -19 -5 -13 -10 -11 -3 -6
right_child=7 17 4 19 24 -7 -8 11 21 22 -12 12 13 -15 15 -17 -18 18 -20 -21 -22 -23 -24 -25 -26
leaf_value=-0.02080878151174597 -0.013942901086180634 -0.0099378648837789296 -0.0077165923140927037 -0.044317099973291516 0.049971041439149128 -3.8565186443691412e-05 0.011956476682567651 -0.012676157771744898 -0.03235497724267019 0.016090738099889278 0.018467469443673081 -0.029272948258147302 0.024630910405144393 -0.004817356474246472 -0.0099814081942168273 0.016805154949432112 0.01196874309622236 -0.019567855951677125 0.016706839635347994 -0.0046358649915806361 -0.0047028265792920174 0.0035153089363972609 0.060998907982943523 -0.044980436102395299 0.018683650439931605
leaf_weight=17.237346696900204 11.42207486741245 5.3380509335547703 31.201125016435981 9.7995326416566986 3.3737230189144602 339.45270252123009 37.263852310250513 12.772118865046648 5.7937401435337943 6.2810367974452657 15.184548530727623 23.39750167587772 19.524245911976323 74.162966381642036 79.526054064976051 18.197269548894837 121.83115655602887 7.4640051368623954 5.9634712990373373 6.2611271874047807 16.182951635681093 6.3517704159021378 7.6634226683527231 5.3735534837469459 9.30005129938945
leaf_count=124 75 56 240 73 26 2542 262 91 44 41 100 166 173 855 715 148 892 56 45 54 107 44 51 57 111
internal_value=0 -0.00160098 -0.000640019 -0.00268096 0.00845472 -0.00118061 0.00288452 0.00184377 0.0117029 0.0202796 0.00420226 0.000339531 -0.00499538 0.00160165 0.00345895 -0.00465615 0.0094057 -0.0178559 -0.00273187 -0.0316278 -0.0201771 -0.0150442 0.0459537 -0.0326151 0.0333695
internal_weight=896.319 478.029 453.889 372.751 81.1388 356.69 68.465 418.291 52.6966 40.5511 26.6066 365.594 133.268 93.6872 232.327 97.7233 134.603 24.1391 13.4275 16.0607 39.5805 12.1455 13.9445 10.7116 12.6738
internal_count=7148 3646 3432 2793 639 2666 502 3502 355 267 175 3147 1301 1028 1846 863 983 214 101 127 273 88 92 113 137
is_linear=0
shrinkage=0.05


Tree=241
num_leaves=25
num_cat=0
split_feature=18 6 9 0 0 11 27 22 18 12 28 9 23 0 28 2 11 10 11 21 10 10 9 21
split_gain=1.05978 3.13155 3.66157 12.9048 5.73002 4.60457 3.88202 3.77647 3.30041 2.59339 2.74636 3.55684 2.37388 4.66864 5.60994 4.53615 3.33969 4.61017 3.61914 1.60443 1.40815 2.89042 2.98039 0.514477
threshold=9044.6100000000024 3.5000000000000004 0.013350000000000002 2058.5500000000006 1266.0800000000002 343.50000000000006 8.5000000000000018 1.0000000180025095e-35 2378.6100000000006 1.0000000180025095e-35 1.5000000000000002 0.12375000000000001 1.5000000000000002 12603.955000000002 15.500000000000002 22.500000000000004 1995.5000000000002 704.50000000000011 61.500000000000007 490.50000000000006 771.50000000000011 597.50000000000011 0.047750000000000008 69.500000000000014
decision_type=2 2 2 2 2 2 2 2 2 2 2 2 2 2 2 2 2 2 2 2 2 2 2 2
left_child=1 20 4 8 5 -3 -5 -6 -4 12 -11 19 13 14 -2 -15 18 -18 -14 -12 21 22 -1 -13
right_child=9 2 3 6 7 -7 -8 -9 -10 10 11 23 16 15 -16 -17 17 -19 -20 -21 -22 -23 -24 -25
leaf_value=-0.026642094208174621 0.0048916621891493808 -0.0032563746403522394 -0.039467295789194952 -0.0024242579932765335 0.0017630113067215994 0.020755723301899124 0.023711188991008433 -0.01733752810207443 -0.0050212973967235465 0.016164101246287088 0.0045030306237978128 -0.0035859245657028967 -0.017343775110402034 -0.0070572397439175056 0.028088097622030562 0.013033942092370722 -0.032114680869773884 0.014483216437976022 0.0026623683611733508 -0.033747188755490591 -0.033893856429162143 0.015777296718631154 0.0092016786914124234 0.02543606387727463
leaf_weight=18.582496821414686 80.971640303265303 27.979212397709489 26.86629598075524 43.317660541739315 90.585767974960618 58.960419987794012 18.545653058798052 33.676301786676049 10.940200126729904 4.5769692205358323 2.1805717535317006 0.83966426854021792 23.040443242527544 89.657511048484594 38.301447350531816 38.429131873883307 15.831941848620774 5.8496630564331999 227.21340249152854 16.68685960851144 6.7528463751077643 6.8755168262869111 6.412731170654296 2.5474704317748547
leaf_count=138 531 202 206 358 667 424 249 225 77 77 27 148 163 691 291 457 105 48 1651 244 44 52 42 31
internal_value=0 -0.00213998 -0.000398266 -0.00823205 0.00329427 0.0130162 0.00575135 -0.00352686 -0.0305038 0.00137729 -0.0131802 -0.0204628 0.00219633 0.00572651 0.0127634 -0.000844807 -0.000996673 -0.018959 0.000657888 -0.0288394 -0.0152026 -0.00917954 -0.0170752 0.017725
internal_weight=895.622 349.495 310.872 99.6698 211.202 86.9396 61.8633 124.262 37.8065 546.127 26.8315 22.2546 519.295 247.36 119.273 128.087 271.935 21.6816 250.254 18.8674 38.6236 31.8707 24.9952 3.38713
internal_count=7148 2684 2408 890 1518 626 607 892 283 4464 527 450 3937 1970 822 1148 1967 153 1814 271 276 232 180 179
is_linear=0
shrinkage=0.05


Tree=242
num_leaves=18
num_cat=0
split_feature=11 11 11 14 8 23 24 18 20 24 17 11 3 17 19 28 14
split_gain=1.05871 1.87535 2.5564 3.16576 2.87631 2.34463 3.08838 2.41332 2.25271 1.77215 3.87386 3.13871 2.90428 2.52725 2.14753 2.04682 1.69396
threshold=2102.5000000000005 1845.5000000000002 1499.5000000000002 0.10025000000000002 0.067350000000000007 3.5000000000000004 7.5000000000000009 166635.52000000005 1.0000000180025095e-35 16.500000000000004 78360.360000000001 1935.5000000000002 1.5000000000000002 7638.6250000000009 0.32595000000000007 13.500000000000002 0.15800000000000003
decision_type=2 2 2 2 2 2 2 2 2 2 2 2 2 2 2 2 2
left_child=1 2 5 4 -4 6 -1 -7 -5 11 13 14 -13 -11 -3 -12 -2
right_child=16 9 3 8 -6 7 -8 -9 -10 10 15 12 -14 -15 -16 -17 -18
leaf_value=-0.0047475796997810994 -0.0029488367970420056 -0.010684519556804759 -0.01067523561063396 0.017015975417792397 0.016267805201279472 -0.025125432731383974 0.0026004131592310331 0.002630221592585788 -0.0032963923509673823 -0.0002582915919477623 0.00012612515388578315 0.016504443677027001 -0.010821657176462256 0.028925447337925722 -0.045845427631233303 -0.039436287036007781 0.026366020728215828
leaf_weight=219.22760206629755 8.21244168281555 13.15979800373316 33.878823416307569 64.443604781292379 11.568467622622846 17.14983036834747 402.39595119515434 11.651616579852996 15.464947913074864 16.509596752701331 5.2262783646583539 11.264783622929825 33.596311860252172 10.513730084057896 7.3853934593498698 4.9379760976880789 7.6944429422728708
leaf_count=1713 55 93 232 488 90 121 3342 94 160 122 45 82 240 99 58 43 71
internal_value=0 -0.000246761 0.000587319 0.00707267 -0.00320958 -0.000665119 0 -0.0141305 0.0129783 -0.00654004 0.0019008 -0.0114015 -0.00333503 0.0119623 -0.0267131 -0.0215958 0.0120339
internal_weight=894.282 878.375 775.781 125.356 45.4473 650.425 621.624 28.8014 79.9086 102.594 37.1876 65.4063 44.8611 27.0233 20.5452 10.1643 15.9069
internal_count=7148 7022 6240 970 322 5270 5055 215 648 782 309 473 322 221 151 88 126
is_linear=0
shrinkage=0.05


Tree=243
num_leaves=10
num_cat=0
split_feature=17 0 2 4 8 10 18 19 0
split_gain=1.03805 1.27652 1.90607 1.13916 2.41461 1.62338 1.5457 1.42433 0.881783
threshold=2652869.0400000005 933275.04500000004 8.5000000000000018 1.0000000180025095e-35 0.57655000000000001 943.50000000000011 418127.18500000006 0.20955000000000004 2270309.1100000008
decision_type=2 2 2 2 2 2 2 2 2
left_child=1 3 8 5 7 6 -1 -5 -3
right_child=-2 2 -4 4 -6 -7 -8 -9 -10
leaf_value=0.00039870954100137171 0.018512271808178379 -0.011531642761180738 -0.031700265739599241 -0.0082391005903714714 0.031172539773302768 -0.02396868491597658 -0.0088182201326686763 0.011184588601355436 0.019241020171748346
leaf_weight=785.52026374754496 5.5026096352376035 2.3079657515045238 5.7858860326232389 16.371674588881433 6.9667777218855909 5.2104982314631334 46.242514091311023 17.114788298495114 2.8224149455782026
leaf_count=6173 54 34 86 111 88 41 358 146 57
internal_value=0 -0.000163993 -0.0157712 5.4234e-05 0.00805456 -0.000338804 -0.000121643 0.00147732 0.00464355
internal_weight=893.845 888.343 10.9163 877.427 40.4532 836.973 831.763 33.4865 5.13038
internal_count=7148 7094 177 6917 345 6572 6531 257 91
is_linear=0
shrinkage=0.05


Tree=244
num_leaves=16
num_cat=0
split_feature=5 11 24 3 0 18 11 17 17 22 17 2 29 11 28
split_gain=1.00789 2.68136 3.44827 3.33331 2.11573 1.77294 1.3142 1.65954 1.41081 3.72996 15.1249 3.93749 2.41672 3.01002 2.24143
threshold=1.0000000180025095e-35 1355.5000000000002 29.500000000000004 3.5000000000000004 18165.580000000005 12900.345000000003 2102.5000000000005 1943.9200000000003 135.30000000000004 1.0000000180025095e-35 3339.3350000000005 6.5000000000000009 5.5000000000000009 595.50000000000011 5.5000000000000009
decision_type=2 2 2 2 2 2 2 2 2 2 2 2 2 2 2
left_child=1 2 3 5 -3 -1 8 -8 12 10 -10 -11 14 -14 -2
right_child=6 4 -4 -5 -6 -7 7 -9 9 11 -12 -13 13 -15 -16
leaf_value=0 0.0050420440506297954 -0.033365021893700712 0.033231370495655797 0.023260364957946936 0.0013314211502960926 -0.029569262220720177 0.029275373837338154 -0.001060008973369865 0.031808335843326832 -0.0099986082162673573 -0.009184404429146099 0.0020623817152914943 0.022816285464149537 -0.0016798011017492124 -0.0067598437735246555
leaf_weight=8.8608309670817196 47.058615338173695 10.79636014159769 5.000932127935811 5.0605700910091391 5.6504219113849095 9.3943170323036593 6.79969898262061 7.7420027013868093 42.222929687704891 81.258648454211652 43.8671956572216 358.68763584492262 17.472183327190578 32.699511205777526 211.01577062578872
leaf_count=62 450 85 43 48 49 73 53 63 328 570 476 2959 191 233 1465
internal_value=0 -0.00715449 0.00205155 -0.00633813 -0.0220507 -0.0165235 0.000384903 0.0143448 9.58969e-05 0.00167943 0.0110727 -0.000177838 -0.00256765 0.00720687 -0.00454715
internal_weight=893.588 44.7634 28.3167 23.3157 16.4468 18.2551 848.824 14.5417 834.282 526.036 86.0901 439.946 308.246 50.1717 258.074
internal_count=7148 360 226 183 134 135 6788 116 6672 4333 804 3529 2339 424 1915
is_linear=0
shrinkage=0.05


Tree=245
num_leaves=21
num_cat=0
split_feature=18 6 9 20 8 28 20 18 16 10 2 18 19 19 12 18 18 8 24 24
split_gain=1.04281 2.90456 3.35484 6.14368 4.12889 3.63772 3.23898 2.67175 6.31068 4.3175 2.59213 2.26073 5.75323 3.80617 3.28268 2.53723 2.16545 2.03503 1.82084 1.79862
threshold=9044.6100000000024 3.5000000000000004 0.013350000000000002 -0.29934999999999995 0.22715000000000005 5.5000000000000009 -0.54899999999999982 2132.5100000000007 3.5000000000000004 754.50000000000011 25.500000000000004 14183.960000000001 0.17165000000000005 4.1957000000000013 1.0000000180025095e-35 11474.050901639346 52747.415000000001 0.10225000000000002 6.5000000000000009 3.5000000000000004
decision_type=2 2 2 2 2 2 2 2 2 2 2 2 2 2 2 2 2 2 2 2
left_child=1 6 7 5 -5 -4 -1 8 -3 -9 11 12 15 14 -13 -2 -15 19 -14 -8
right_child=10 2 3 4 -6 -7 17 9 -10 -11 -12 13 18 16 -16 -17 -18 -19 -20 -21
leaf_value=-0.042410058516179044 -0.025288317601329227 0.0034311973644657666 0.01124603743746154 -0.0050841898828949709 0.024351451424616852 -0.027546325180310496 -0.017152242786840435 0.00096954644862135952 0.039448762577814461 -0.030529952591412099 -0.021207475041638817 0.0029467995167206436 0.0036162898315271752 -0.001545082061420123 -0.016631160746930145 0.011158629500334923 -0.030555884418462201 -0.023218366105025996 0.035559784129228521 0.011078849333363212
leaf_weight=6.5743774182628831 8.8514814376831037 133.77168142457958 5.6243818174116305 42.399990756879561 14.19598763855174 36.860944897402078 6.1922337133437457 54.173765472602099 11.570084371138362 11.413633528165517 10.371729008853434 447.80163334403187 7.4073355980217483 13.444505273597317 20.388481031288393 6.5052281380631021 12.380709728982763 9.9893066349904966 17.229964420082979 15.709904686082153
leaf_count=46 54 933 44 434 144 268 48 394 115 76 64 3374 54 153 356 44 165 73 200 109
internal_value=0 -0.0021293 -0.000448531 -0.00797451 0.00270766 -0.0219113 -0.0147364 0.00308144 0.00686284 -0.00510531 0.00136498 0.00189955 0.0130572 0.000927089 0.00200585 -0.0097662 -0.017009 -0.00657045 0.0273238 0.00191155
internal_weight=892.857 348.476 310.01 99.0813 56.596 42.4853 38.4658 210.929 145.342 65.5874 544.381 534.009 39.994 494.015 468.19 15.3567 25.8252 31.8914 24.6373 21.9021
internal_count=7148 2684 2408 890 578 312 276 1518 1048 470 4464 4400 352 4048 3730 98 318 230 254 157
is_linear=0
shrinkage=0.05


Tree=246
num_leaves=16
num_cat=0
split_feature=17 14 11 0 9 18 28 14 19 18 18 1 0 24 29
split_gain=0.964975 1.11805 3.41435 5.86477 3.71899 3.59716 3.06153 2.54063 4.46958 2.55977 2.48146 1.49238 3.91284 1.4523 1.22948
threshold=2652869.0400000005 0.004850000000000001 694.50000000000011 3900.8500000000008 0.42970000000000003 322286.88000000006 5.5000000000000009 0.026950000000000005 0.31560000000000005 221884.15500000003 47895.000000000007 1.0000000180025095e-35 1303.2200000000003 48.500000000000007 3.5000000000000004
decision_type=2 2 2 2 2 2 2 2 2 2 2 2 2 2 2
left_child=1 2 3 10 6 -5 -4 8 9 -3 -1 12 -9 -13 -10
right_child=-2 7 4 5 -6 -7 -8 11 14 -11 -12 13 -14 -15 -16
leaf_value=-0.027229425207920141 0.017874141397303686 0.0091004499093983813 0.029666927765095032 0.030591653894797101 0.04416263523354251 -0.017086550678482821 0.00095762626257913828 0.036545533311071784 -0.012650258761279402 -0.021233000414041345 0.0039483327779806718 -0.0010243022965149629 -0.005769789480482691 0.0086685789861351784 -0.042814488776092313
leaf_weight=20.977458128705624 5.4774209065362802 22.753497578669343 9.877954575000329 11.403843258507548 6.0477444594725958 3.8167163869366041 47.004906654823571 7.6900580427609411 10.518983569927515 7.6544989882968357 7.4745329963043323 673.3163557818043 10.74242928647436 38.884362041135319 8.4374454002827388
leaf_count=137 54 144 72 137 43 30 311 119 74 55 50 5353 100 413 56
internal_value=-1.01023e-06 -0.000162678 0.00457744 -0.00585902 0.0119315 0.0174593 0.00695127 -0.000833353 -0.0115833 0.00031702 -0.018989 -6.37585e-05 0.013244 -0.000458301 -0.0293582
internal_weight=892.078 886.601 106.603 43.6726 62.9306 15.2206 56.8829 779.998 49.3644 30.408 28.452 730.633 18.4325 712.201 18.9564
internal_count=7148 7094 780 354 426 167 383 6314 329 199 187 5985 219 5766 130
is_linear=0
shrinkage=0.05


Tree=247
num_leaves=25
num_cat=0
split_feature=23 11 10 21 18 17 17 20 6 17 0 17 20 22 21 8 2 17 27 22 19 21 2 10
split_gain=1.02816 3.10381 4.28935 3.40344 5.16251 4.85242 4.4612 4.51893 4.04701 2.8324 5.90804 3.49812 6.99142 3.72076 3.66791 3.43261 3.33544 2.88805 7.19771 6.93267 2.46835 1.36808 1.30096 1.14512
threshold=1.5000000000000002 1995.5000000000002 678.50000000000011 1099.0000000000002 132941.39000000004 107460.675 192349.80500000002 -0.54514999999999991 6.5000000000000009 108844.99500000001 11072.980000000001 40668.85500000001 -0.28059999999999996 2.5000000000000004 5431.0000000000009 0.14165000000000003 11.500000000000002 794.21500000000003 10.500000000000002 1.0000000180025095e-35 0.0046500000000000005 2613.5000000000005 10.500000000000002 330.50000000000006
decision_type=2 2 2 2 2 2 2 2 2 2 2 2 2 2 2 2 2 2 2 2 2 2 2 2
left_child=9 3 23 4 5 -2 7 -5 -6 11 20 17 13 -13 -14 16 -12 19 -19 -1 -11 -17 -8 -3
right_child=1 2 -4 6 8 -7 22 -9 -10 10 15 12 14 -15 -16 21 -18 18 -20 -21 -22 -23 -24 -25
leaf_value=0.00041953826270360215 0.0038690448236227515 -0.011882192706787439 0.012870669097575092 -0.015946501896704181 0.027875634791315964 -0.031810616954081362 -0.0014972341159059654 0.0032824723150339332 -0.011677028630616496 0.0090535074730741134 0.028286028619825501 -0.04295890315563225 0.026925824923036253 0.0015529459927323588 -0.01475296362198416 -6.8559169175582474e-06 -0.0028467914961418346 0.010028840833241145 -0.027226068899105352 -0.029022959626556124 0.044154387404273292 -0.036184394442971807 -0.026786597329003001 -0.041570287335005729
leaf_weight=284.29108763579279 54.67960642836988 9.3582431562244945 6.4906502570956937 37.765978584066033 31.583653823472559 9.4178431630134565 7.7324167741462615 128.84867102629505 6.4246215447783461 11.00259827822447 10.758731873938812 16.07910446962342 9.8481605601264182 5.5847159628756335 7.4747014800086609 4.849570678547023 24.047976701986045 142.70402141520754 12.202388573321512 19.458485463634133 12.30480432230979 5.577254747855477 23.553342942148447 9.4652793798595649
leaf_count=2166 441 76 54 272 244 68 79 962 43 69 122 121 134 65 66 43 242 1089 274 133 87 43 195 60
internal_value=0 -0.00223664 -0.0183896 -0.000727805 0.00656908 -0.00202599 -0.00457068 -0.00115424 0.0206905 0.00128141 0.0106584 -2.75769e-05 -0.0140445 -0.0319002 0.00875862 0 0.00751876 0.00119799 0.00672081 -0.00161138 0.0300046 -0.0228719 -0.0213022 -0.0298497
internal_weight=891.504 325.32 25.3142 300.006 102.106 64.0974 197.9 166.615 38.0083 566.184 68.5409 497.643 38.9867 21.6638 17.3229 45.2335 34.8067 458.656 154.906 303.75 23.3074 10.4268 31.2858 18.8235
internal_count=7148 2494 190 2304 796 509 1508 1234 287 4654 606 4048 386 186 200 450 364 3662 1363 2299 156 86 274 136
is_linear=0
shrinkage=0.05


Tree=248
num_leaves=20
num_cat=0
split_feature=25 11 0 23 18 10 15 10 25 23 17 0 0 15 17 17 0 10 17
split_gain=0.983347 4.74736 2.41105 2.2768 2.76996 2.9941 2.12103 3.20657 2.87723 6.74083 4.34759 2.77179 2.62921 2.34102 3.38708 2.67912 2.21399 1.64841 0.327522
threshold=11.500000000000002 272.50000000000006 33023.985000000008 4.5000000000000009 117313.53500000002 678.50000000000011 6.5000000000000009 762.50000000000011 6.5000000000000009 2.5000000000000004 8437.1100000000024 651.68000000000018 461.49500000000006 2.5000000000000004 83057.715000000011 23037.495000000006 138621.49500000002 192.50000000000003 2343.3350000000005
decision_type=2 2 2 2 2 2 2 2 2 2 2 2 2 2 2 2 2 2 2
left_child=6 2 18 4 5 -3 8 12 13 10 -10 -11 -8 15 -15 -1 -14 -6 -2
right_child=1 3 -4 -5 17 -7 7 -9 9 11 -12 -13 16 14 -16 -17 -18 -19 -20
leaf_value=0.0014275329817426737 0.01482350554827083 -0.014606267653431324 -0.001602286846898354 -0.029688371398635584 -0.005598773723583212 0.015013951313284058 -0.016001075147532795 -0.020321105341092847 -0.012932014235821066 0.0015412306709186461 0.0097065394340394226 -0.037651850244654402 0.044164806013146297 0.00013242752373774874 0.02602170495906991 -0.0057123841360916206 -0.0075525793864392775 0.027093028956827216 0.049466651799115934
leaf_weight=467.02164881746285 4.4796713097020966 25.379739732015878 3.959952989825978 4.2958463840186587 3.9123119283467522 10.274475121870635 1.4859584011137474 2.7551271934062234 38.830931587144732 4.8665374219417599 41.955739974509925 20.180056650191545 9.2519973169546557 33.926589255221188 18.926311577670276 180.10934779013041 1.5095253633335222 11.570255795028059 5.9445819808170199
leaf_count=3415 41 264 56 37 38 112 12 29 295 38 353 163 308 270 178 1334 18 124 63
internal_value=-8.74454e-06 0.00559076 0.0292656 -0.0011837 0.00205 -0.00546094 -0.000509609 0.0169402 -0.000888003 -0.00849372 -0.00110366 -0.0301161 0.0277001 0.000268612 0.0101963 -0.000555719 0.03608 0.0185646 0.0401669
internal_weight=890.637 69.8168 14.3842 55.4326 51.1368 35.6542 820.82 15.0026 805.817 105.833 80.7867 25.0466 12.2475 699.984 52.8529 647.131 10.7615 15.4826 10.4243
internal_count=7148 735 160 575 538 376 6413 367 6046 849 648 201 338 5197 448 4749 326 162 104
is_linear=0
shrinkage=0.05


Tree=249
num_leaves=27
num_cat=0
split_feature=10 10 21 19 14 10 10 11 10 27 0 17 16 11 10 11 10 11 24 0 1 10 1 23 1 29
split_gain=0.933739 2.94051 3.37169 3.49995 3.21994 2.8549 3.3061 2.74013 2.73213 4.9053 3.73184 3.6249 3.62361 3.14517 2.98431 11.3981 4.75677 5.50231 3.89802 3.24527 3.09407 2.32707 2.32652 1.76705 1.40071 1.3619
threshold=507.50000000000006 574.50000000000011 59.500000000000007 2.9738500000000005 0.07085000000000001 601.50000000000011 620.50000000000011 109.50000000000001 424.50000000000006 3.5000000000000004 16788.110000000004 164849.37000000002 3.5000000000000004 1691.5000000000002 382.50000000000006 522.50000000000011 323.50000000000006 1556.5000000000002 13.500000000000002 1886.9800000000002 10.500000000000002 593.50000000000011 5.5000000000000009 1.5000000000000002 4.5000000000000009 3.5000000000000004
decision_type=2 2 2 2 2 2 2 2 2 2 2 2 2 2 2 2 2 2 2 2 2 2 2 2 2 2
left_child=8 2 25 4 -4 21 23 -8 14 13 12 -12 -11 24 16 19 20 -18 -17 -16 -1 22 -3 -7 -10 -2
right_child=1 5 3 -5 -6 6 7 -9 9 10 11 -13 -14 -15 15 18 17 -19 -20 -21 -22 -23 -24 -25 -26 -27
leaf_value=0.0021336278517596805 0.023948773414790431 0.021734809547404112 -0.0039200367318521943 0.011628262172589618 -0.03232962640720171 -0.0053065391243886772 -0.01084204516175068 0.002291635021872252 0.01686356680269431 -0.018264549376812222 0.028084707730256498 -0.014619588005106793 0.017236776154240744 0 -0.0023775647936035808 -0.046034933564776948 0.0037527567795935268 0.037491178650950856 -0.0082837436613258427 0.044588794072129151 -0.0084588109751073289 0.034614134106741641 -0.013878393168113271 -0.036770262112869607 0.052854528223042763 -0.0052895931527278464
leaf_weight=216.19252357562073 6.3404756458476168 6.4806501590646821 17.342403306625783 7.4429668388329437 27.394693221896887 11.758121858350934 45.256734979338944 246.02662803418934 9.0029842825606519 25.431400071829557 15.661136652808638 5.133120701648294 7.7157761659473172 8.145602308213709 5.4479467831552011 14.546035864390435 41.352098572533578 15.902045493945478 14.790114253526552 6.5521512608975172 98.386134077620227 8.3692050734534842 7.8480469165369868 7.4184209592640391 8.1288753692060691 5.6495353416539729
leaf_count=1862 57 50 114 64 187 78 307 1834 70 165 128 46 70 53 33 95 316 112 107 53 1089 55 48 52 57 46
internal_value=-3.13046e-06 -0.0018125 -0.0114411 -0.0169128 -0.0221696 6.9437e-05 -0.00119471 0.000156936 0.00143813 0.00982404 0.000861098 0.0167465 -0.00920568 0.0271186 -0.000185239 -0.0126259 0.00123117 0.0142413 -0.0290649 0.0252585 -0.00118014 0.0164618 0.00230577 -0.0202737 0.0382036 0.0106706
internal_weight=889.716 397.328 64.1701 52.1801 44.7371 333.158 310.46 291.283 492.388 79.2189 53.9414 20.7943 33.1472 25.2775 413.169 41.3362 371.833 57.2541 29.3362 12.0001 314.579 22.6979 14.3287 19.1765 17.1319 11.99
internal_count=7148 2892 468 365 301 2424 2271 2141 4256 589 409 174 235 180 3667 288 3379 428 202 86 2951 153 98 130 127 103
is_linear=0
shrinkage=0.05


Tree=250
num_leaves=20
num_cat=0
split_feature=3 6 20 28 19 27 18 6 16 20 10 20 11 14 23 18 18 25 16
split_gain=0.972 2.77182 3.16582 2.67746 3.0169 2.98476 3.33879 2.92953 2.85551 2.44397 2.55567 4.11716 2.73344 1.97424 2.18858 1.94037 4.23521 1.86585 0.17022
threshold=3.5000000000000004 8.5000000000000018 -0.68969999999999987 22.500000000000004 0.20515000000000003 7.5000000000000009 163668.67500000002 9.5000000000000018 2.5000000000000004 2.9401500000000005 85.500000000000014 -0.33899999999999991 53.500000000000007 0.02145 2.5000000000000004 12478.085000000001 649.71500000000015 2.5000000000000004 1.5000000000000002
decision_type=2 2 2 2 2 2 2 2 2 2 2 2 2 2 2 2 2 2 2
left_child=1 9 -3 4 7 8 -7 17 -6 10 11 -1 -12 -4 -15 16 -11 -2 -17
right_child=3 2 13 -5 5 6 -8 -9 -10 15 12 -13 -14 14 -16 18 -18 -19 -20
leaf_value=-0.02480126003576133 0.0022602589886775819 0.016826026003062898 0.0069036817800003638 -0.021702881782585809 0.0075450640347527551 0.0051805191381768855 -0.030185259738214894 0.026836478414931308 0.02832770547058347 -0.030070424600865592 -0.0089097559827187832 0.0015654166052463923 0.0030286627575727191 -0.023981535525543031 0.0043936707569047183 -0.042736100175500433 0.020246227549586365 -0.010642907200033257 -0.010523747442972122
leaf_weight=22.652493336237967 54.492183844558895 6.7820655046962193 6.7582278703339389 8.6376533508300763 52.398838851600885 30.599831341998652 6.351750422269105 6.2190965004265299 25.391520080622286 5.6883356124162692 51.164938397705555 34.913905315974262 465.75276528438553 37.69644840201363 6.8369311904534689 3.7190849939361206 7.0964411554159597 52.454687126912177 3.409163249656558
leaf_count=305 396 48 53 74 461 400 82 52 393 60 327 538 3053 273 47 51 68 421 46
internal_value=0 -0.000999176 -0.0112349 0.00272904 0.00387924 0.00953527 -0.00187966 -0.00183472 0.0149941 1.84316e-05 0.000658043 -0.00912641 0.00179793 -0.0156252 -0.0194088 -0.0163537 -0.00250412 -0.00405582 -0.0341069
internal_weight=889.016 652.471 58.0737 236.546 227.908 114.742 36.9516 113.166 77.7904 594.397 574.484 57.5664 516.918 51.2916 44.5334 19.913 12.7848 106.947 7.12825
internal_count=7148 4869 421 2279 2205 1336 482 869 854 4448 4223 843 3380 373 320 225 128 817 97
is_linear=0
shrinkage=0.05


Tree=251
num_leaves=19
num_cat=0
split_feature=18 21 26 22 8 9 2 2 19 20 18 20 20 18 20 8 29 3
split_gain=0.970449 2.77616 3.32508 3.69672 3.13749 2.93573 2.29364 2.28714 5.43342 3.49381 3.62566 3.55392 3.40558 2.80587 2.03078 1.92205 1.79047 0.372714
threshold=9044.6100000000024 405911.00000000006 3.5000000000000004 2.5000000000000004 0.13820000000000002 0.012250000000000002 25.500000000000004 23.500000000000004 0.11090000000000001 -0.37064999999999992 25039.065000000002 -0.30909999999999993 -0.53054999999999986 17721.900000000005 -0.54899999999999982 0.10225000000000002 4.5000000000000009 2.5000000000000004
decision_type=2 2 2 2 2 2 2 2 2 2 2 2 2 2 2 2 2 2
left_child=1 2 14 5 -5 -4 7 9 12 10 -2 -11 -9 -10 -1 -16 17 -3
right_child=6 16 3 4 -6 -7 -8 8 13 11 -12 -13 -14 -15 15 -17 -18 -19
leaf_value=-0.037500807790710695 0.018117056554182148 -0.03834502883412956 0.0059885019014098203 -0.030648524662124546 0.0088284014780491745 -0.0049969911770441963 -0.019978908475546685 -0.022774497848466812 0.041075274850604332 -0.019388122095350124 0.0012864196366994222 -0.0016126316941458569 0.0050024377946281508 0.011402396160271304 0.00067124609904611757 -0.024734631526275228 0.002312557002791244 -0.011782908034006169
leaf_weight=6.2256923953536889 37.297382606193423 6.4085001647472399 185.81136521336157 14.032980930991473 5.7610499002039424 87.272642129799351 10.301783964037893 16.516020551789552 8.1063005141913873 32.74282836727798 183.52151339733973 158.84865251556039 24.945378423668444 69.198760717757978 20.722468977794055 8.9499970865435881 5.268243020400404 6.3001285307109356
leaf_count=43 257 57 1342 96 47 794 64 114 150 232 1323 1346 169 809 150 67 41 47
internal_value=0 -0.00206947 -0.000932102 0.000833377 -0.0189442 0.00243058 0.0013099 0.00181493 0.00786688 1.83962e-05 0.00431118 -0.00487102 -0.00637118 0.0155974 -0.0148836 -0.00775411 -0.0201941 -0.0292498
internal_weight=888.232 346.753 328.776 292.878 19.794 273.084 541.479 531.177 118.766 412.41 220.819 191.591 41.4614 77.3051 35.8982 29.6725 17.9769 12.7086
internal_count=7148 2684 2539 2279 143 2136 4464 4400 1242 3158 1580 1578 283 959 260 217 145 104
is_linear=0
shrinkage=0.05


Tree=252
num_leaves=12
num_cat=0
split_feature=10 14 21 10 25 28 10 10 20 10 3
split_gain=0.943553 3.00488 4.88307 2.98967 2.43559 3.93159 1.73246 2.48596 2.8469 1.8972 1.70804
threshold=888.50000000000011 0.10575000000000002 12098.500000000002 879.50000000000011 6.5000000000000009 12.500000000000002 873.50000000000011 835.50000000000011 -0.49009999999999992 800.50000000000011 2.5000000000000004
decision_type=2 2 2 2 2 2 2 2 2 2 2
left_child=3 10 4 6 5 -3 7 9 -9 -1 -2
right_child=1 2 -4 -5 -6 -7 -8 8 -10 -11 -12
leaf_value=0.0001689500090005024 -0.0035731031908902613 -0.015353386351940038 0.036535663261921703 0.029312917638461868 -0.029424704266910823 0.028374735025594622 -0.023903431571602449 -0.0070787485320009521 0.02091200021407786 -0.012330267675163476 -0.033555576925793411
leaf_weight=757.3218192125205 10.125925370492043 10.285957812797287 6.3466169442981473 6.8365515684708944 6.5089162159711114 6.7763800220563999 5.4647407960146657 11.391049036756156 26.927356818225235 29.579855123767629 10.006998219992964
leaf_count=6178 67 73 47 59 64 49 39 84 208 210 70
internal_value=-1.30705e-05 -0.00655621 0.00328885 0.000380727 -0.00742928 0.00264377 6.07714e-05 0.000288963 0.0124047 -0.000318291 -0.0206131
internal_weight=887.572 50.0508 29.9179 837.521 23.5713 17.0623 830.685 825.22 38.3184 786.902 20.1329
internal_count=7148 370 233 6778 186 122 6719 6680 292 6388 137
is_linear=0
shrinkage=0.05


Tree=253
num_leaves=26
num_cat=0
split_feature=2 2 0 2 0 27 17 18 14 0 9 2 17 1 1 8 17 0 1 20 2 17 14 0 0
split_gain=0.97061 6.5283 4.73653 4.17621 5.97392 4.80606 3.2313 2.79877 3.25929 2.42116 4.65601 3.48124 4.79759 3.87731 7.29726 5.85721 3.30972 3.20153 3.15226 3.09188 2.36234 2.02059 1.97013 1.5568 0.848308
threshold=18.500000000000004 22.500000000000004 433.29500000000007 25.500000000000004 3492.2650000000003 9.5000000000000018 215420.02000000002 5384.3990909090917 0.48420000000000002 651.68000000000018 0.012250000000000002 14.500000000000002 444479.05000000005 8.5000000000000018 3.5000000000000004 0.35240000000000005 6666.7750000000005 562.33500000000015 6.5000000000000009 -0.61689999999999989 6.5000000000000009 2096.3300000000004 0.13185000000000002 160.72500000000002 237.43500000000003
decision_type=2 2 2 2 2 2 2 2 2 2 2 2 2 2 2 2 2 2 2 2 2 2 2 2 2
left_child=9 6 21 5 -5 -4 7 22 -9 10 17 12 19 14 -13 -15 23 18 -1 -11 -14 24 -2 -12 -3
right_child=1 2 3 4 -6 -7 -8 8 -10 11 16 13 20 15 -16 -17 -18 -19 -20 -21 -22 -23 -24 -25 -26
leaf_value=0.00024572015979048889 -0.0032275054863196138 0.0059957905447073209 0.0033690998351359118 0.013945525747624185 -0.042248024503223701 0.024797420164173013 -0.039743779391829756 0.0030069345550131415 -0.030682981742805555 0.0070398829686028411 0 -0.0064164766228285361 -0.0039182089738262135 -0.016190894850506541 0.017857877811085037 0.014702665980097307 0.013601819625778489 0.038744971910545371 0.019705785232435814 -0.0083378176674825978 0.034276318467396337 -0.035224152727452294 -0.029470314720482966 -0.030831208954299329 -0.015700398363426557
leaf_weight=47.931981721892953 12.658384128706528 7.2666175449267048 149.61026959936135 6.7678009569644919 8.67474766820669 30.418196728918701 8.6245231768116337 46.080971382092685 6.4008289631456128 36.368225236423314 6.5268019612412962 45.665426027029753 4.976257260888814 41.801482989918441 86.177554888185114 21.490657993825153 8.0519052846357209 8.9241230119951052 36.355133317876607 209.81824020505883 9.603040852583943 8.4232326000928861 20.403137327171862 12.002167657949029 6.3831984950229526
leaf_count=366 106 47 1285 41 52 482 72 304 50 248 55 323 39 311 765 162 59 63 239 1626 111 52 148 96 46
internal_value=-1.40277e-05 -0.00226395 0.00247219 0.00504359 -0.0182723 0.00727731 -0.0131331 -0.00948929 -0.00189396 0.00119051 0.00745829 -0.000459944 -0.00424568 0.00454008 0.0094052 -0.00541887 -0.010251 0.0127227 0.00901742 -0.00598741 0.0217365 -0.018411 -0.0204651 -0.0214188 -0.00422106
internal_weight=887.405 311.712 217.544 195.471 15.4425 180.028 94.1678 85.5433 52.4818 575.693 119.792 455.901 260.766 195.135 131.843 63.2921 26.5809 93.2112 84.2871 246.186 14.5793 22.073 33.0615 18.529 13.6498
internal_count=7148 2685 2005 1860 93 1767 680 608 354 4463 878 3585 2024 1561 1088 473 210 668 605 1874 150 145 254 151 93
is_linear=0
shrinkage=0.05


Tree=254
num_leaves=19
num_cat=0
split_feature=25 11 20 0 0 2 14 2 6 25 8 21 14 19 17 28 14 17
split_gain=0.93033 4.40548 2.77551 2.51096 2.32645 1.90246 1.46241 2.28502 2.52534 2.2296 3.79065 3.99887 1.54728 3.29802 2.09457 0.967809 0.346678 0.295799
threshold=11.500000000000002 272.50000000000006 -0.61294999999999988 118267.23000000003 33023.985000000008 19.500000000000004 0.63280000000000014 6.5000000000000009 4.5000000000000009 6.5000000000000009 0.59580000000000011 2173.5000000000005 0.29655000000000004 0.17930000000000004 23037.495000000006 5.5000000000000009 0.33140000000000008 2343.3350000000005
decision_type=2 2 2 2 2 2 2 2 2 2 2 2 2 2 2 2 2 2
left_child=6 4 -3 5 17 -4 9 -8 -9 12 11 -11 14 -14 -1 -10 -5 -2
right_child=1 2 3 16 -6 -7 7 8 15 10 -12 -13 13 -15 -16 -17 -18 -19
leaf_value=0.0011844057179695381 0.014435855812204267 0.025150400187128382 -0.0025578011671947625 0.00076133929538026613 -0.0018488318534261819 -0.02539504599400997 -0.018524526940142297 -0.017019889949535436 0 -0.023166535666256 0.022907237626731573 -0.0022566840064788462 0.021983456530834115 -0.00037853753824778101 -0.0052382826692750949 0.037298297018584031 0.024838060406946676 0.048318784682998307
leaf_weight=452.54988147894619 4.4353873142972571 6.5212598065845659 28.329014241229743 3.3476192085072389 3.9285429290030143 12.765432900516315 2.5212035216391078 1.788584099151193 2.3180015478283158 35.921032937243581 7.3373223464004687 61.958370593376458 22.647405100753531 47.067641471046954 173.60322055162396 8.8614703925559279 4.1455470488872379 5.8194182184524834
leaf_count=3325 41 72 254 42 56 132 15 14 30 316 68 485 168 430 1265 297 75 63
internal_value=-2.04827e-05 0.00544586 -0.00107718 -0.00565019 0.0284097 -0.0107333 -0.00050873 0.0137646 0.0223467 -0.000830755 -0.00754491 -0.0103408 0.000188823 0.00715695 -0.000591397 0.0310307 0.0175616 0.0392275
internal_weight=885.866 69.2922 55.1089 48.5876 14.1833 41.0944 816.574 15.4893 12.9681 801.085 105.217 97.8794 695.868 69.715 626.153 11.1795 7.49317 10.2548
internal_count=7148 735 575 503 160 386 6413 356 341 6057 869 801 5188 598 4590 327 117 104
is_linear=0
shrinkage=0.05


Tree=255
num_leaves=21
num_cat=0
split_feature=19 25 25 21 11 11 0 19 11 18 21 9 3 22 20 20 20 2 29 11
split_gain=0.938708 3.4791 4.26027 2.81858 2.56635 2.25439 4.00513 2.0757 3.85932 3.99762 2.4288 2.35105 1.99548 1.8783 1.86263 1.52988 2.79952 1.49846 2.96621 2.12614
threshold=0.0010500000000000004 1.5000000000000002 7.5000000000000009 4.5000000000000009 1925.5000000000002 320.50000000000006 10690.740000000002 0.022800000000000004 78.500000000000014 226547.41500000001 14.500000000000002 0.76240000000000008 1.0000000180025095e-35 2.5000000000000004 -0.48634999999999995 -0.50244999999999984 -0.7972499999999999 21.500000000000004 3.5000000000000004 1401.5000000000002
decision_type=2 2 2 2 2 2 2 2 2 2 2 2 2 2 2 2 2 2 2 2
left_child=1 15 5 4 12 -3 -7 8 14 -10 13 -12 -2 -9 -5 16 -1 19 -19 -17
right_child=3 2 -4 7 -6 6 -8 10 9 -11 11 -13 -14 -15 -16 17 -18 18 -20 -21
leaf_value=-0.0094277628779477485 -0.0034072764225644191 -0.039072097759041621 0.019140795152078928 0.0027907745667881908 -0.012436040034115439 0.00093453277253796423 -0.037551095747050796 0 0.017342445563816172 -0.004413067731309935 -0.00077863973930426811 0.023801924610891968 0.042389723712253746 -0.035833033355056866 -0.027529451224849656 -0.012317743455392032 0.026054560158129483 -0.0092073036167201472 0.025147973229158266 0.0071299238650624694
leaf_weight=7.0637313933111754 2.243852609768509 11.054267529398201 5.9423357248306266 7.754112338647249 2.6864478364586821 19.720760354772214 7.8560654874891034 6.1559506012126786 64.564622620120645 28.9725181767717 597.60018758254591 7.876049682032316 8.0165099459700269 6.6912517254240811 9.0313356211408955 39.391509104287252 12.782072871224953 9.9658707748167235 11.158081430941818 18.984700650908053
leaf_count=46 17 76 50 55 26 135 50 62 439 213 4670 156 292 81 62 332 79 82 80 145
internal_value=-6.93114e-06 -0.00368462 -0.0149837 0.000701333 0.0222025 -0.0211627 -0.011489 0.000245878 0.00651022 0.0105478 -0.000873084 -0.000365123 0.0326366 -0.0208653 -0.0141847 0.0014819 0.0132607 -0.00158902 0.00911287 -0.00580081
internal_weight=885.512 143.919 44.5734 741.593 12.9468 38.6311 27.5768 728.646 110.323 93.5371 618.323 605.476 10.2604 12.8472 16.7854 99.346 19.8458 79.5002 21.124 58.3762
internal_count=7148 1075 311 6073 335 261 185 5738 769 652 4969 4826 309 143 117 764 125 639 162 477
is_linear=0
shrinkage=0.05


Tree=256
num_leaves=24
num_cat=0
split_feature=28 2 15 25 21 23 13 11 24 2 10 18 18 8 18 19 18 24 2 18 24 11 15
split_gain=0.925713 3.15175 3.94243 4.06504 3.07787 2.55573 2.27066 3.33627 2.14668 1.72443 4.2154 3.9389 5.35311 3.41394 2.1815 4.30506 4.25312 4.00868 3.79895 2.98277 2.24872 1.55351 0.759511
threshold=19.500000000000004 13.500000000000002 1.5000000000000002 1.5000000000000002 22505.000000000004 2.5000000000000004 1.0000000180025095e-35 1521.5000000000002 2.5000000000000004 6.5000000000000009 853.50000000000011 35089.785000000011 21690.455000000005 0.038750000000000007 79131.775000000009 0.23825000000000005 58946.760000000002 16.500000000000004 7.5000000000000009 156529.45000000004 25.500000000000004 1224.5000000000002 4.5000000000000009
decision_type=2 2 2 2 2 2 2 2 2 2 2 2 2 2 2 2 2 2 2 2 2 2 2
left_child=9 2 3 -2 -5 6 7 -3 -8 10 11 12 -1 -13 15 16 -11 -17 20 -20 -16 -12 -4
right_child=1 5 22 4 -6 -7 8 -9 -10 14 21 13 -14 -15 18 17 -18 -19 19 -21 -22 -23 -24
leaf_value=0.001249150859995129 0.023194473652646385 -0.023126373534648553 0.04435215572770293 0.0021762949334805091 -0.032312657995541755 -0.029377631587028292 -0.018800520900004773 0.0085103836070162201 0.0091498147781937204 -0.0033235514457890334 -0.0097697220724685604 -0.0013823150481287586 0.041167850053418831 -0.026657252519233107 0.044098233907981031 -0.00050356753351344437 -0.030238285777577603 0.013735619601030424 0.011372857378423003 -0.0009883370589127442 0 -0.044110489776237459 0.008630865975434554
leaf_weight=62.938751290552318 9.2040403275750595 25.898538097273558 4.769888377748428 13.384359734132888 9.3396313432604057 11.886470502940936 6.6523059597238889 10.095497304573653 30.07632826641202 182.72888046503067 9.816593084484337 39.359197756741196 7.8297357198316595 19.172961581498384 7.907583214575423 133.87585605320055 14.226501897443084 75.084126701811329 80.190889760735445 116.23585561290383 3.7791356719098985 6.1076744426973155 4.5123021015897393
leaf_count=495 66 209 44 84 69 89 51 76 219 1336 71 264 54 162 87 1144 108 823 667 908 39 40 43
internal_value=-1.02059e-05 -0.00395853 0.0070216 -0.00156393 -0.0130615 -0.00946068 -0.00537227 -0.0140089 0.00311977 0.000639633 -0.0042036 -0.000958084 0.00681322 -0.0104339 0.00181128 -0.000304578 -0.00560235 0.00464721 0.00594936 0.00407147 0.0315746 -0.0269511 0.0324818
internal_weight=885.073 125.819 41.2102 31.928 22.724 84.6091 72.7227 35.994 36.7286 759.254 145.225 129.301 70.7685 58.5322 614.029 405.915 196.955 208.96 208.113 196.427 11.6867 15.9243 9.28219
internal_count=7148 950 306 219 153 644 555 285 270 6198 1086 975 549 426 5112 3411 1444 1967 1701 1575 126 111 87
is_linear=0
shrinkage=0.05


Tree=257
num_leaves=16
num_cat=0
split_feature=11 11 11 21 8 11 23 22 11 14 11 17 16 21 24
split_gain=0.897195 1.79037 2.35154 4.76201 3.80983 3.6132 2.02549 2.651 2.19602 1.5779 1.57574 1.95229 2.84038 2.45835 1.25218
threshold=2102.5000000000005 1845.5000000000002 1499.5000000000002 39086.500000000007 0.045250000000000005 1577.0000000000002 3.5000000000000004 4.5000000000000009 687.50000000000011 0.15800000000000003 1884.5000000000002 6666.7750000000005 1.5000000000000002 99315.000000000015 9.5000000000000018
decision_type=2 2 2 2 2 2 2 2 2 2 2 2 2 2 2
left_child=1 2 6 5 -5 -4 7 -1 -8 -2 14 13 -13 -12 -3
right_child=9 10 3 4 -6 -7 8 -9 -10 -11 11 12 -14 -15 -16
leaf_value=-0.00084071993276872085 -0.0032891564964327396 -0.032729308321597657 0.033177272822400843 -0.015099580186810938 0.01823780742990588 0.0076517983198441239 0 0.012999724639247416 -0.027160221466681761 0.025040346667027348 -0.018515313821724191 0.023840250632901804 -0.0039303647750097617 0.0037216231106282078 0
leaf_weight=579.80741005839081 8.1533742249011976 7.4107695450074953 16.949765087105334 31.669231926556677 9.424660880584268 66.175669242860749 15.601079520769419 34.784230779390782 12.664461898617445 7.6068412696477017 30.936288211494684 10.926172764040528 29.256981088547036 17.984983341069892 4.8810979230329394
leaf_count=4655 55 55 140 221 80 529 114 400 101 71 222 77 250 137 41
internal_value=-1.16377e-05 -0.000249837 0.0005693 0.00681621 -0.0067302 0.0136313 -0.00063968 -1.54432e-06 -0.0132676 0.0111014 -0.00643458 -0.00373349 0.00415597 -0.0103189 -0.0220527
internal_weight=884.233 868.473 767.077 124.219 41.0939 83.1254 642.857 614.592 28.2655 15.7602 101.396 89.1044 40.1832 48.9213 12.2919
internal_count=7148 7022 6240 970 301 669 5270 5055 215 126 782 686 327 359 96
is_linear=0
shrinkage=0.05


Tree=258
num_leaves=22
num_cat=0
split_feature=10 13 11 11 19 19 18 19 1 28 18 19 10 21 21 28 19 28 9 11 18
split_gain=0.898897 5.00723 2.31807 7.22627 1.58427 2.7091 3.02603 2.95419 4.0172 2.69554 2.21561 2.12726 1.93079 1.47035 1.40098 1.39245 1.34911 0.616133 0.523481 0.358956 0.0775794
threshold=1.0000000180025095e-35 1.0000000180025095e-35 719.50000000000011 583.00000000000011 15.414100000000001 3.7950500000000003 52747.415000000001 2.1166000000000005 9.5000000000000018 17.500000000000004 649.71500000000015 1.8483000000000003 474.50000000000006 131067.50000000001 7624.5000000000009 1.5000000000000002 1.9029500000000004 12.500000000000002 0.055150000000000012 839.50000000000011 5976.880000000001
decision_type=2 2 2 2 2 2 2 2 2 2 2 2 2 2 2 2 2 2 2 2 2
left_child=1 2 3 14 5 7 9 11 -9 -7 13 -2 20 -6 -1 16 -3 18 -17 -8 -12
right_child=4 15 -4 -5 10 6 19 8 -10 -11 12 -13 -14 -15 -16 17 -18 -19 -20 -21 -22
leaf_value=-0.0011916595934589908 0.00024408520815324652 -0.019409455039954247 0.028773945582272427 -0.054201855087314989 -0.020078396129224754 0.0025980472144178576 -0.010200495722542544 0.022356574772370592 -0.0073388315493172294 -0.02537238795021764 0.042095798104191555 -0.018967835026593164 0.002010738936788348 0.011008863193377755 0.03740140014649955 -0.039651196775412123 0.016538920544068345 -0.0024405187522199699 -0.0013043519694479427 -0.041742972559791744 0.013061070926677307
leaf_weight=3.0091949204215798 704.74479110026732 3.3558617590460953 7.7694607288576654 2.7300016665831208 5.8298195730894822 33.083269475726411 4.0522584747523052 31.646911073476076 15.370654566679148 9.3075099540874344 5.4220809834077972 12.700546037871389 8.9092002995312196 5.2040044786408544 3.6443240577355027 9.7247540305252169 3.0080625631380826 2.6402335511520496 1.7095637852326024 5.746086896630004 4.1724376641213894
leaf_count=216 5135 75 78 15 39 253 48 267 124 71 42 102 76 41 94 227 68 29 37 63 48
internal_value=-8.63174e-06 -0.00738348 0.0114795 -0.00450111 0.000323839 -8.84545e-05 -0.0109031 0.00066333 0.0125414 -0.00418444 0.0113227 -0.000133897 0.0212153 -0.0052097 0.0225499 -0.0232721 -0.00133029 -0.0311712 -0.03571 -0.0334861 0.0347627
internal_weight=883.781 37.5915 17.153 9.38352 846.19 816.652 52.1891 764.463 47.0176 42.3908 29.5375 717.445 18.5037 11.0338 6.65352 20.4385 6.36392 14.0746 11.4343 9.79835 9.59452
internal_count=7148 839 403 325 6309 6063 435 5628 391 324 246 5237 166 80 310 436 143 293 264 111 90
is_linear=0
shrinkage=0.05


Tree=259
num_leaves=22
num_cat=0
split_feature=3 3 0 19 0 10 26 13 21 24 11 28 2 27 11 10 0 0 0 19 21
split_gain=0.893425 2.97035 4.12604 3.80455 3.59038 3.47847 3.17643 3.02803 2.67907 2.53365 2.11126 2.0669 3.48228 3.39323 1.99994 3.77822 2.60477 4.2821 3.33404 2.41047 1.27506
threshold=2.5000000000000004 1.5000000000000002 62833.265000000007 0.0046500000000000005 134509.42500000002 879.50000000000011 9.5000000000000018 1.0000000180025095e-35 461755.00000000006 1.0000000180025095e-35 953.50000000000011 6.5000000000000009 12.500000000000002 9.5000000000000018 2036.5000000000002 652.50000000000011 64447.330000000009 80612.365000000005 21126.940000000006 0.56615000000000015 1593.5000000000002
decision_type=2 2 2 2 2 2 2 2 2 2 2 2 2 2 2 2 2 2 2 2 2
left_child=1 6 3 9 20 -5 11 -6 14 -3 -10 12 -1 -13 16 19 18 -18 -2 -16 -4
right_child=8 2 4 5 7 -7 -8 -9 10 -11 -12 13 -14 -15 15 -17 17 -19 -20 -21 -22
leaf_value=-0.0069259839561262443 0.0027789122206657592 0.0038659140707972602 0.036427519493259994 -0.0070747807831390329 -0.025441672094432845 0.021193822951286481 -0.02210311729613491 0.010513975601883989 -0.037183470857243356 -0.027551501183102602 0 -0.0021120540354253275 0.020971459511359831 0.016284517846826316 -0.036650090400863977 0.016980652812462915 -0.032083597261419544 0 0.016114708267441779 0.00050418014359611689 0.0086560679436773237
leaf_weight=14.291797057318034 255.44802028592676 6.625815048813819 8.0238051656633633 133.12700748885982 8.8223627312108874 9.7615579366683942 10.45470934640616 10.5862486443948 5.792304050177334 33.447779781185091 6.8662070482969284 140.98551347339526 34.527543069445528 28.309901168104261 10.140488377306616 6.2848517587408415 10.0536229936406 75.026521622086875 56.662870714906603 5.9202327446546397 12.118096602149306
leaf_count=165 1890 55 60 1082 79 59 68 125 42 226 48 992 265 207 79 55 105 872 532 53 89
internal_value=-1.64007e-05 -0.00158067 -0.00568196 -0.00886676 0.00852798 -0.00480867 0.00238323 -0.0062128 0.00159295 -0.0221824 -0.0193625 0.00379251 0.0126566 0.00106009 0.00233782 -0.0115123 0.00319585 -0.0044213 0.00531901 -0.0238615 0.0224619
internal_weight=883.277 451.082 222.513 182.962 39.5505 142.889 228.569 19.4086 432.195 40.0736 12.6585 218.115 48.8193 169.295 419.537 22.3456 397.191 85.0801 312.111 16.0607 20.1419
internal_count=7148 3472 1775 1422 353 1141 1697 204 3676 281 90 1629 430 1199 3586 187 3399 977 2422 132 149
is_linear=0
shrinkage=0.05


Tree=260
num_leaves=26
num_cat=0
split_feature=2 2 3 3 0 17 3 10 0 25 3 3 0 2 0 1 14 0 3 27 1 19 19 14 14
split_gain=0.928024 5.98261 5.45748 3.65845 4.47607 2.98035 3.40767 3.39206 2.76065 2.47789 4.09342 5.43386 5.16148 4.49018 3.74742 3.58099 4.309 2.65991 2.40478 2.38736 1.93422 1.7542 1.70651 1.358 0.923502
threshold=18.500000000000004 22.500000000000004 1.0000000180025095e-35 3.5000000000000004 3223.9550000000004 215420.02000000002 3.5000000000000004 330.50000000000006 461.49500000000006 9.5000000000000018 1.0000000180025095e-35 1.5000000000000002 36352.390000000007 17.500000000000004 2371.0350000000003 6.5000000000000009 0.12905000000000003 3492.2650000000003 4.5000000000000009 9.5000000000000018 9.5000000000000018 0.039350000000000003 0.25175000000000008 0.03525000000000001 0.34485000000000005
decision_type=2 2 2 2 2 2 2 2 2 2 2 2 2 2 2 2 2 2 2 2 2 2 2 2 2
left_child=9 5 8 4 -4 6 7 -2 -3 10 15 12 -12 -13 23 16 -1 -17 -5 20 -16 -10 -8 -11 -25
right_child=1 2 3 18 -6 -7 22 -9 21 14 11 13 -14 -15 19 17 -18 -19 -20 -21 -22 -23 -24 24 -26
leaf_value=-0.03158573482625706 -0.019249224299579135 -0.0120482508043475 -0.022487436614998274 0.011257212569998452 -0.00033189511335728473 -0.038492836440994105 -0.042192887650980893 0.0039261452878375062 0.039184907616479858 0 0.027205388037571433 -0.001063372902228395 -0.017320648291737243 0.023206663149789933 0.014270708720708373 0.014215872158714086 -0.0020878335437922307 -0.0099225298414451768 -0.012298148389854343 -0.022633076718536441 -0.0097029519317550252 0.013655746480188148 -0.0083586718997323735 0.04107321905596964 0.0129372424014924
leaf_weight=26.007488259114325 21.264775722753257 5.2910458892583838 32.445346595253795 56.981694934191182 70.402687540627085 8.4328403985127789 8.3588021639734524 46.314107208978385 10.065857882611452 3.9441863298416164 32.908744827844203 359.84340813907329 6.2628985833143807 18.109378102468327 23.51478904671967 19.345447599422187 24.119447421748191 22.350933313544374 11.159897634759544 6.7058711238205424 10.376963437534867 30.043151395395398 9.1714037936180812 9.948413750156762 9.1641308981925231
leaf_count=158 187 39 226 727 636 72 54 308 62 33 262 2745 54 133 256 132 177 182 74 58 82 241 59 79 112
internal_value=-1.86678e-05 -0.00222529 0.00231713 -0.00177173 -0.00771228 -0.0126664 -0.00916766 -0.00356632 0.0173529 0.00116189 0 0.002096 0.019348 0.000189226 0.0103038 -0.00945766 -0.0182088 0.00118594 0.0070162 0.000633378 0.00652019 0.0218569 -0.0276723 0.0255225 0.0305597
internal_weight=882.534 309.932 216.39 170.99 102.848 93.5419 85.1091 67.5789 45.4001 572.602 508.948 417.124 39.1716 377.953 63.6544 91.8233 50.1269 41.6964 68.1416 40.5976 33.8918 40.109 17.5302 23.0567 19.1125
internal_count=7148 2685 2005 1663 862 680 608 495 342 4463 3843 3194 316 2878 620 649 335 314 801 396 338 303 113 224 191
is_linear=0
shrinkage=0.05


Tree=261
num_leaves=19
num_cat=0
split_feature=14 0 2 2 18 28 24 3 14 29 28 28 23 25 18 10 10 10
split_gain=0.937822 2.71792 2.30561 3.11773 3.4101 2.26956 3.93636 2.2567 2.09068 3.03633 3.7163 3.07209 2.00739 1.88327 2.04423 1.79205 1.64075 1.11075
threshold=0.004850000000000001 3700.5150000000003 3.5000000000000004 9.5000000000000018 10907.070000000002 11.500000000000002 19.500000000000004 2.5000000000000004 0.026950000000000005 1.0000000180025095e-35 17.500000000000004 10.500000000000002 4.5000000000000009 11.500000000000002 390460.82000000007 529.50000000000011 656.50000000000011 593.50000000000011
decision_type=2 2 2 2 2 2 2 2 2 2 2 2 2 2 2 2 2 2
left_child=1 2 -1 -4 -5 7 16 -3 9 -2 11 -11 13 15 -15 -10 -7 -14
right_child=8 5 3 4 -6 6 -8 -9 12 10 -12 -13 17 14 -16 -17 -18 -19
leaf_value=0.016912951495532749 0.017688357237225512 0.0066651842219892571 -0.032911270591457431 -0.013668814470851796 0.012747928656422235 -0.00012345920766558443 0.024074623409920108 0.042068210228549952 0.0018965772101375358 -0.020652983357470126 -0.043890299780060212 0.0071488863361055879 -0.02905669073573057 0.0054384168487959447 0.037493870039476358 -0.0033685492698133112 -0.0346143096495777 0
leaf_weight=10.639008209109305 6.2421210538595906 10.64644205174409 7.4243233045563093 23.676595303229988 21.207009853795171 9.6217881394550222 9.962120049633084 8.8051210641860944 375.42741708940594 18.251466398127377 7.2956052059307686 17.305110188666731 7.0847215913236123 54.042458838550374 3.8407665588892987 279.89352973690256 3.9677796652540556 5.6004234757274389
leaf_count=68 46 72 56 160 137 128 72 64 3268 120 55 110 64 596 49 2016 26 41
internal_value=-2.62666e-05 0.00432876 -0.00217918 -0.00672634 -0.000962539 0.0137506 0.00234733 0.0255852 -0.000644134 -0.0104207 -0.0153444 -0.00719563 3.01674e-05 0.000419493 0.0089136 -0.0003404 -0.0139841 -0.0182541
internal_weight=880.934 105.95 62.9469 52.3079 44.8836 43.0033 23.5517 19.4516 774.984 49.0943 42.8522 35.5566 725.889 713.204 57.8832 655.321 13.5896 12.6851
internal_count=7148 783 421 353 297 362 226 136 6365 331 285 230 6034 5929 645 5284 154 105
is_linear=0
shrinkage=0.05


Tree=262
num_leaves=22
num_cat=0
split_feature=6 17 0 27 10 2 19 17 6 20 2 8 14 14 14 23 10 27 9 14 25
split_gain=0.88946 4.46909 4.12208 4.0293 5.31861 2.91392 3.45939 3.4392 2.8544 4.73663 3.7429 4.49136 1.85367 2.96629 3.41982 2.40461 2.21778 2.55524 1.57021 1.5223 1.17178
threshold=3.5000000000000004 1109.9300000000001 393.14500000000004 1.5000000000000002 349.50000000000006 13.500000000000002 1.5053000000000003 22235.595000000005 4.5000000000000009 -0.59639999999999993 23.500000000000004 0.16875000000000004 0.6453000000000001 0.50680000000000014 0.38380000000000009 2.5000000000000004 452.50000000000006 6.5000000000000009 0.24540000000000003 0.12025000000000001 1.5000000000000002
decision_type=2 2 2 2 2 2 2 2 2 2 2 2 2 2 2 2 2 2 2 2 2
left_child=1 3 -3 -1 19 7 -7 -4 9 -2 11 -11 13 14 -10 -15 18 -18 -14 -5 -6
right_child=8 2 5 4 20 6 -8 -9 12 10 -12 -13 16 15 -16 -17 17 -19 -20 -21 -22
leaf_value=0.014664515790975982 0.04546860353133958 -0.028588112657508932 -0.031453028702684946 0.01455268138113085 -0.016330322074171826 0.026512975434240766 -0.009486573525380437 0.012826299900536013 -0.00082471033629566448 -0.020927324897927767 0.027710408521469217 0.021281954903290583 0.032283081834446267 -0.0035480870026785385 0.016041166652787521 -0.033969611641281407 -0.018567248130611017 0.017478547978893078 -0.0023137270867769405 -0.013998953250000199 -0.048610540105125027
leaf_weight=6.9139029900543383 7.0138290338218203 5.8157425168901673 6.0490396120585483 7.344646552577613 8.625129450811075 25.685458031482995 7.1761241811327627 7.5443010032176971 658.53901893051807 16.307187130209062 9.4230209018569422 7.5517701394855967 11.146478772163393 17.691137309186164 29.484516349621117 9.744909515604375 8.3898473146837187 7.2670857273042193 3.3407551943091667 7.3214953229762614 12.118633352220057
leaf_count=53 49 35 41 53 61 198 71 61 4980 116 78 54 138 221 286 71 111 88 243 65 75
internal_value=-2.45936e-05 -0.00456363 0.00502643 -0.0163255 -0.0231042 0.0104473 0.0182715 -0.0077436 0.000519251 0.0131583 0.0038744 -0.00656794 -0.00018382 -0.000722746 -4.30492e-05 -0.016267 0.0115454 -0.00118569 0.0243856 0 -0.0382446
internal_weight=880.494 94.5945 52.2707 42.3238 35.4099 46.4549 32.8616 13.5933 785.9 40.2958 33.282 23.859 745.604 715.46 688.024 27.436 30.1442 15.6569 14.4872 14.6661 20.7438
internal_count=7148 713 406 307 254 371 269 102 6435 297 248 170 6138 5558 5266 292 580 199 381 118 136
is_linear=0
shrinkage=0.05


Tree=263
num_leaves=27
num_cat=0
split_feature=23 25 21 22 0 0 17 0 17 20 21 22 8 9 20 13 28 17 22 1 20 14 17 21 24 10
split_gain=0.921032 2.71254 5.18986 5.38697 5.02075 3.73787 2.58169 5.58941 3.27131 6.33855 3.29914 3.1986 3.07634 3.67797 2.50479 2.63509 2.43487 2.3061 6.24355 3.41848 1.73566 1.95021 1.46168 1.10178 0.934985 0.427385
threshold=1.5000000000000002 1.5000000000000002 138467.50000000003 1.0000000180025095e-35 124603.61500000002 4860.6600000000008 108844.99500000001 11072.980000000001 40668.85500000001 -0.28059999999999996 5431.0000000000009 2.5000000000000004 0.14165000000000003 0.00175 -0.58489999999999986 1.0000000180025095e-35 11.500000000000002 794.21500000000003 1.0000000180025095e-35 3.5000000000000004 -0.40104999999999996 0.013750000000000002 444479.05000000005 3472.5000000000005 10.500000000000002 424.50000000000006
decision_type=2 2 2 2 2 2 2 2 2 2 2 2 2 2 2 2 2 2 2 2 2 2 2 2 2 2
left_child=6 14 3 4 -3 -5 8 22 17 11 -11 -10 13 -9 -2 16 -16 18 -1 -19 -4 -22 24 -14 -8 -17
right_child=1 2 20 5 -6 -7 7 12 9 10 -12 -13 23 -15 15 25 -18 19 -20 -21 21 -23 -24 -25 -26 -27
leaf_value=0.00054037140162723526 -0.012668643128952044 0.02182351431102093 -0.041157440786171999 -0.012106301642185556 -0.022776425986438368 0.00074780610115121214 0.047061482863097991 -0.0078637238169225309 -0.040816553734313726 0.025836218856545357 -0.013964374106948519 0.00074428398002873188 -0.0020531707921624177 0.023140495778271992 -0.016639636841619825 0.013413902976737261 0.020343750804693059 0.018397262733108769 -0.027568855880093848 0.0014811449498627058 0.011152309661444211 -0.025034998098548811 0.0042490869670358802 -0.035401984885612518 0.014813293763491282 0.040778637626671957
leaf_weight=281.53213086840697 7.1117133402731261 34.703011590987444 9.5027338266372698 98.15884966775775 5.710400305222719 126.32919576764107 9.2762912232428842 18.040011896751821 16.087648320011798 9.5649257127661276 7.4072624077089122 5.5008401670493177 5.3431038544513267 16.139096991857514 7.3004275131970644 6.8952814296353608 6.4960083370096982 39.513908152468503 19.199049798771739 113.5338171091862 4.7280988078564388 6.2728290096856654 6.0368407992646089 4.9082304257899523 7.5151772229000917 6.9958322225138545
leaf_count=2166 57 229 76 711 49 1067 58 146 121 134 66 65 46 218 49 64 47 367 133 996 37 61 42 40 56 47
internal_value=-2.40749e-05 -0.00216603 -0.00381592 -0.00180297 0.0145089 -0.00488586 0.0011871 0.0102268 -6.39673e-05 -0.0136897 0.0082978 -0.0306375 -0.000161169 0.00696973 0.0105657 0.0173218 0.000511821 0.00112696 -0.0013914 0.00609402 -0.0269067 -0.00938982 0.0292319 -0.0220092 0.0362734 0.0312224
internal_weight=879.803 320.204 285.405 264.901 40.4134 224.488 559.598 67.2588 492.34 38.5607 16.9722 21.5885 44.4304 34.1791 34.7993 27.6875 13.7964 453.779 300.731 153.048 20.5037 11.0009 22.8283 10.2513 16.7915 13.8911
internal_count=7148 2494 2230 2056 278 1778 4654 606 4048 386 200 186 450 364 264 207 96 3662 2299 1363 174 98 156 86 114 111
is_linear=0
shrinkage=0.05


Tree=264
num_leaves=21
num_cat=0
split_feature=10 13 11 11 7 19 0 19 18 19 27 19 20 10 21 9 0 20 14 11
split_gain=0.869514 4.70288 2.13117 6.76538 1.96136 1.52164 3.28942 2.56328 2.81356 2.62396 2.46242 1.9988 1.84002 1.44729 1.33079 1.15519 0.842388 0.592163 0.535388 0.302776
threshold=1.0000000180025095e-35 1.0000000180025095e-35 719.50000000000011 583.00000000000011 2.5000000000000004 15.414100000000001 12182.980000000001 3.7950500000000003 52747.415000000001 2.1166000000000005 2.5000000000000004 1.8483000000000003 -0.29684999999999995 675.50000000000011 7624.5000000000009 0.016750000000000004 129526.86000000002 2.4002500000000002 0.16955000000000003 839.50000000000011
decision_type=2 2 2 2 2 2 2 2 2 2 2 2 2 2 2 2 2 2 2 2
left_child=1 2 3 14 15 7 -7 9 12 11 -11 -2 -9 16 -1 -3 -8 -6 -19 -10
right_child=5 4 -4 -5 17 6 13 8 19 10 -12 -13 -14 -15 -16 -17 -18 18 -20 -21
leaf_value=-0.0011459407992885672 0.00024802998841427673 -0.015246460569273135 0.027622803794708446 -0.05247544446229864 -0.037836873222809653 -0.018721520421923574 0.037404310630098296 -0.020337232373080643 -0.010000005952607961 0.030008109270571875 0.0042245555076511083 -0.018413214485501237 0.0019253643935069229 -0.00015548393517049474 0.036543936717728293 0.01934407905556115 0.010895375620575911 0.0075202266938494654 -0.017756877788098157 -0.040276285706865776
leaf_weight=2.9908544101053867 700.84737002244219 2.889166269567796 7.7223535559605798 2.7176289623603225 10.266633373568764 5.3917199792340424 7.8849203838035526 10.642714045476167 4.0282583795487863 11.715982891619204 35.001141260610893 12.640801828121765 31.562105734599754 6.2987474994733921 3.584224799182266 2.6944851980078965 9.8036395628005248 1.5430531831225387 2.7689297597389668 5.733628855086863
leaf_count=216 5135 68 78 15 217 38 57 72 48 101 290 102 252 49 94 53 102 33 65 63
internal_value=-2.21376e-05 -0.00731419 0.0110097 -0.00435762 -0.0228271 0.000304728 0.0111115 -0.000100244 -0.0106411 0.000633225 0.0118624 -0.000119159 -0.00412848 0.0191268 0.0219649 0.000826516 0.0258192 -0.0314965 -0.0076104 -0.0324578
internal_weight=878.728 37.1773 17.0151 9.29271 20.1623 841.551 29.379 812.172 51.9667 760.205 46.7171 713.488 42.2048 23.9873 6.57508 5.58365 17.6886 14.5786 4.31198 9.76189
internal_count=7148 839 403 325 436 6309 246 6063 435 5628 391 5237 324 208 310 121 159 315 98 111
is_linear=0
shrinkage=0.05


Tree=265
num_leaves=27
num_cat=0
split_feature=2 2 3 3 14 14 10 9 11 0 9 13 0 18 24 0 28 28 24 23 1 27 0 0 28 24
split_gain=0.926228 5.46682 4.97222 3.34031 4.26878 2.8643 2.92201 2.48435 2.46768 2.27142 4.70769 3.26937 6.12267 4.77516 4.57738 3.83446 5.58284 3.37668 3.26125 5.16704 3.49437 2.56832 2.17714 1.66221 1.66205 1.6561
threshold=18.500000000000004 22.500000000000004 1.0000000180025095e-35 3.5000000000000004 0.19085000000000002 0.0060500000000000007 441.50000000000006 0.17870000000000003 22.500000000000004 699.05000000000007 0.012250000000000002 1.0000000180025095e-35 1512.9000000000003 3327.3500000000004 15.500000000000002 124603.61500000002 20.500000000000004 16.500000000000004 13.500000000000002 1.5000000000000002 1.5000000000000002 2.5000000000000004 501.54500000000007 143.90500000000003 2.5000000000000004 21.500000000000004
decision_type=2 2 2 2 2 2 2 2 2 2 2 2 2 2 2 2 2 2 2 2 2 2 2 2 2 2
left_child=9 5 22 4 -4 6 -2 -5 -7 10 18 15 13 -13 -14 16 -11 -17 20 -20 -1 -12 -3 -23 -10 -24
right_child=1 2 3 7 -6 8 -8 -9 24 11 21 12 14 -15 -16 17 -18 -19 19 -21 -22 23 25 -25 -26 -27
leaf_value=0.031800497473045065 -0.010919806114683784 -0.0091654852634944824 -0.015056264510385445 0.001461577827179524 0.0056869413934127928 0.01160223726017901 0.030825140472993375 0.024800042837079889 -0.03851819307116805 0.00092650149871631015 0.010067094199907129 -0.04048309219749513 0.0022503076799295124 0.0011275273664078428 0.020310403050319389 -0.029585155755177412 -0.023862597017890164 0.0049658238204830403 0.039576952386541547 0.0040877529488738641 -0.0015120560912214088 6.1432932737989687e-05 0.012292376301838636 -0.029237121601565698 -0.014530421523461524 0.036613368750095354
leaf_weight=7.3252090057358137 7.3104998618364316 5.5105674341320983 65.227163346018642 54.698354252614081 37.081063538556919 5.8296618852764359 5.5638482309877872 12.892689184518529 8.3353333803825063 204.74424105230719 8.5847700322046894 10.369321695528926 112.56642740260577 14.333823961205779 50.426210986450315 22.589075486059304 23.45616057375446 8.5611625846941006 20.215631683822721 21.309448915533721 46.819948783610016 6.1749530702363726 28.664885173551738 12.835947149433194 65.986927075544372 10.809177757939322
leaf_count=78 58 41 395 550 467 42 37 251 59 1449 67 67 982 95 490 219 159 85 165 152 303 53 202 99 484 99
internal_value=-2.77187e-05 -0.00224028 0.00211802 -0.00179018 -0.00747725 -0.0122455 0.00816761 0.00664178 -0.0157651 0.00115302 0.00710918 -0.00049138 0.00448231 -0.0176882 0.00807677 -0.00413593 -0.00176325 -0.020061 0.0123603 0.0226194 0.00378889 -0.010363 0.0165393 -0.0201447 -0.0182906 0.0206378
internal_weight=878.223 307.91 214.884 169.899 102.308 93.0263 12.8743 67.591 80.1519 570.312 123.266 447.046 187.696 24.7031 162.993 259.351 228.2 31.1502 95.6702 41.5251 54.1452 27.5957 44.9846 19.0109 74.3223 39.4741
internal_count=7148 2685 2005 1663 862 680 95 801 585 4463 917 3546 1634 162 1472 1912 1608 304 698 317 381 219 342 152 543 301
is_linear=0
shrinkage=0.05


Tree=266
num_leaves=21
num_cat=0
split_feature=6 11 26 11 17 6 20 9 29 0 18 14 14 14 9 10 27 9 28 18
split_gain=0.875942 4.22401 4.44475 3.9758 4.18116 2.71268 4.30582 3.36014 4.55598 2.69128 2.28242 1.72154 2.70711 3.12954 2.20447 2.05625 2.37627 1.46936 1.40432 0.992395
threshold=3.5000000000000004 78.500000000000014 1.5000000000000002 1441.5000000000002 678.37000000000012 4.5000000000000009 -0.59639999999999993 0.047750000000000008 3.5000000000000004 67559.640000000029 15791.595000000003 0.6453000000000001 0.50680000000000014 0.38380000000000009 0.099050000000000013 452.50000000000006 6.5000000000000009 0.24540000000000003 10.500000000000002 52747.415000000001
decision_type=2 2 2 2 2 2 2 2 2 2 2 2 2 2 2 2 2 2 2 2
left_child=1 18 3 9 -5 6 -2 8 -8 -3 -4 12 13 -7 -14 17 -17 -13 -1 -9
right_child=5 2 10 4 -6 11 7 19 -10 -11 -12 15 14 -15 -16 16 -18 -19 -20 -21
leaf_value=-0.041811600225077655 0.043660789234569466 0.02321692281982889 -0.035079644865431053 -0.031198405478708946 0.00886486049485905 -0.00078333105825498326 0.01317351759465697 0.039589671237467434 -0.027182981232508681 -0.0067987240488935037 -0.0006324867634893062 0.031357712036140767 -0.023876038421401805 0.015396472325756997 0.0052498920502585264 -0.017792786924815281 0.017007087905321395 -0.0021813203768535679 -0.0078441319464836561 0.0039559052670002093
leaf_weight=6.8361458878498507 7.0209395196288815 29.913889724994078 9.2357210549525934 9.5825648966711032 12.812288855202494 656.04096812056378 12.835373552748935 4.6615904909558576 11.123751689214258 8.1373775083920901 9.6034285733476263 10.974352006334813 19.659841502085332 29.304893518798053 7.6669465759769073 8.4077231560368073 7.2142389835789791 3.3176839783554888 7.7409872408024967 4.4462788414675742
leaf_count=52 49 228 61 66 96 4980 87 38 81 81 72 138 199 286 93 111 88 243 57 42
internal_value=-1.90081e-05 -0.00454166 0.000129031 0.00691752 -0.00902029 0.000520821 0.0128727 0.00393311 -0.00582873 0.0165293 -0.0197457 -0.000165338 -0.00068546 -3.41589e-05 -0.0155626 0.0111792 -0.00104841 0.0236463 -0.0274995 0.0269387
internal_weight=876.537 93.8624 79.2853 60.4461 22.3949 782.675 40.0879 33.067 23.9591 38.0513 18.8391 742.587 712.673 685.346 27.3268 29.914 15.622 14.292 14.5771 9.10787
internal_count=7148 713 604 471 162 6435 297 248 168 309 133 6138 5558 5266 292 580 199 381 109 80
is_linear=0
shrinkage=0.05


Tree=267
num_leaves=26
num_cat=0
split_feature=23 11 10 25 21 22 20 19 17 0 17 20 25 21 2 17 2 18 28 1 24 10 24 10 27
split_gain=0.881664 2.77073 3.87824 2.94545 4.17061 4.23548 4.05824 2.48481 2.38383 5.17929 2.95837 5.76608 3.1194 3.05451 2.44299 3.46908 2.80538 2.24568 2.17393 4.42862 3.7534 1.68418 1.06736 1.03346 0.817871
threshold=1.5000000000000002 1995.5000000000002 678.50000000000011 2.5000000000000004 138467.50000000003 1.0000000180025095e-35 -0.51084999999999992 0.011250000000000001 108844.99500000001 11072.980000000001 40668.85500000001 -0.28059999999999996 3.5000000000000004 5431.0000000000009 11.500000000000002 182865.47500000003 22.500000000000004 403009.82000000007 18.500000000000004 3.5000000000000004 26.500000000000004 397.50000000000006 10.500000000000002 330.50000000000006 7.5000000000000009
decision_type=2 2 2 2 2 2 2 2 2 2 2 2 2 2 2 2 2 2 2 2 2 2 2 2 2
left_child=8 3 23 6 5 -5 7 -2 10 17 18 12 -12 -13 15 -11 -16 22 19 -1 -20 -8 -10 -3 -6
right_child=1 2 -4 4 24 -7 21 -9 9 14 11 13 -14 -15 16 -17 -18 -19 20 -21 -22 -23 -24 -25 -26
leaf_value=0.011268241433959792 0.013989921964919404 -0.01115321432682221 0.012403387355728379 0.016025751157281741 -0.034876348165029228 -0.0043421308547165957 0.026593969330596903 -0.019787861741696448 0.048565574860284483 -0.014109308155274742 -0.049696675691230832 0.025096675129232388 -0.0098817149918434335 -0.013288967110120536 -0.019923866622568773 0.034157402842357569 0.008088098741022863 7.0458362448383869e-05 -0.0109562335683183 -0.00069572034821825831 0.017320090686130749 0.006781618612810846 0.015010333755208294 -0.039777141368203338 -0.005240526922474658
leaf_weight=106.1508610836463 5.9893015492707518 9.1129069814924204 6.3423160957172504 27.542994522023946 9.9740582732483727 182.33555515715852 20.234898162307218 14.959299062844364 8.926243852823978 4.1872528088279051 8.6741548816207814 9.439555339515211 13.015621757833285 7.4008298502303651 17.97636452072766 7.9294578693807125 14.020915493601931 6.0556610366329542 67.749473913572729 266.19990854611387 12.025327219627796 27.972413457464427 7.6894003795459858 9.2778335344046337 4.9747602846473447
leaf_count=822 44 76 54 197 89 1471 166 114 56 40 59 134 127 66 134 95 181 42 477 2267 96 180 58 60 43
internal_value=-1.73399e-05 -0.0021185 -0.0175465 -0.000676951 -0.00348778 -0.00149595 0.00816175 -0.00931728 0.0011694 0.0098871 -3.2226e-05 -0.0129948 -0.0290779 0.00807667 -0.000142279 0.0171334 -0.00760142 0.0282372 0.00110279 0.00273027 -0.00625219 0.0160251 0.036855 -0.0285691 -0.0273861
internal_weight=876.157 318.716 24.7331 293.983 224.827 209.879 69.1559 20.9486 557.441 66.7853 490.656 38.5302 21.6898 16.8404 44.114 12.1167 31.9973 22.6713 452.126 372.351 79.7748 48.2073 16.6156 18.3907 14.9488
internal_count=7148 2494 190 2304 1800 1668 504 158 4654 606 4048 386 186 200 450 135 315 156 3662 3089 573 346 114 136 132
is_linear=0
shrinkage=0.05


Tree=268
num_leaves=18
num_cat=0
split_feature=11 11 11 21 11 9 7 9 5 24 17 11 3 17 19 24 17
split_gain=0.888278 1.47113 2.2015 4.34209 3.14499 2.87812 1.91245 3.79638 2.15292 1.47428 3.36967 2.89732 2.46642 2.349 1.78723 1.26545 0.951587
threshold=2102.5000000000005 1845.5000000000002 1499.5000000000002 39086.500000000007 1577.0000000000002 0.00175 3.5000000000000004 0.54030000000000011 1.0000000180025095e-35 16.500000000000004 78360.360000000001 1935.5000000000002 1.5000000000000002 7638.6250000000009 0.32595000000000007 32.500000000000007 1943.9200000000003
decision_type=2 2 2 2 2 2 2 2 2 2 2 2 2 2 2 2 2
left_child=1 2 6 4 -4 -5 8 -8 -1 11 13 14 -13 -11 -3 -12 -2
right_child=16 9 3 5 -6 -7 7 -9 -10 10 15 12 -14 -15 -16 -17 -18
leaf_value=-0.02932046638294894 0.02206000847897736 -0.010143124550180812 0.031475688467002071 -0.016243244126929509 0.0074733150089211914 0.0098443638590547666 0.00027666723997943744 0.031024923372155941 -0.0037390844848800807 -0.00048240669667975962 0 0.015836031135099318 -0.0095688139989969084 0.027896962193616405 -0.042750555858727265 -0.03303850821327451 -4.9116334392511086e-05
leaf_weight=6.9046280742622903 7.337483298033475 12.909362533129753 16.737744390498847 25.753384894225746 65.612622615182772 14.902605977375059 454.28243891109014 8.2877854517428187 166.88342243456282 16.217158328974623 4.4409925667569023 11.053193402010946 32.822083205915987 10.244779501808805 7.291910425759851 5.3862748392857611 8.3116188216954452
leaf_count=61 58 93 140 187 529 114 3682 179 1348 122 42 82 240 99 58 46 68
internal_value=-1.57947e-05 -0.00025453 0.000490597 0.00656498 0.013101 -0.00643308 -0.00068479 0.000980296 -0.00513435 -0.00588927 0.00188297 -0.0103661 -0.00253939 0.0113416 -0.0251545 -0.0203518 0.0110758
internal_weight=875.379 859.73 759.365 123.006 82.3504 40.656 636.358 462.57 173.788 100.366 36.2892 64.0765 43.8753 26.4619 20.2013 9.82727 15.6491
internal_count=7148 7022 6240 970 669 301 5270 3861 1409 782 309 473 322 221 151 88 126
is_linear=0
shrinkage=0.05


Tree=269
num_leaves=24
num_cat=0
split_feature=6 0 28 17 20 23 6 20 9 29 28 21 1 0 0 11 28 3 11 18 18 25 0
split_gain=0.862634 3.90719 2.82343 4.54132 4.1787 2.60825 2.51086 3.9687 3.11954 4.36188 2.41181 2.35092 1.76192 3.37644 5.14628 3.45716 2.25389 3.36858 3.12556 1.71014 1.44513 1.23577 0.840434
threshold=3.5000000000000004 1886.9800000000002 9.5000000000000018 5384.3990909090917 -0.55639999999999989 1.5000000000000002 4.5000000000000009 -0.59639999999999993 0.010850000000000002 3.5000000000000004 11.500000000000002 620.00000000000011 4.5000000000000009 651.68000000000018 16788.110000000004 8.5000000000000018 1.5000000000000002 1.5000000000000002 3.5000000000000004 17721.900000000005 7794.7800000000016 4.5000000000000009 7997.3750000000009
decision_type=2 2 2 2 2 2 2 2 2 2 2 2 2 2 2 2 2 2 2 2 2 2 2
left_child=1 10 4 22 -3 -5 7 -2 9 -9 20 -6 16 15 -15 -14 17 -8 -18 -12 -1 -10 -4
right_child=6 2 3 5 11 -7 12 8 21 -11 19 -13 13 14 -16 -17 18 -19 -20 -21 -22 -23 -24
leaf_value=-0.0118807266133217 0.041948074642702726 -0.018925488651303703 -0.0054391777265628488 0.024276058409990635 2.2282210616298837e-05 -0.0084378638189298999 0.015468319417638413 0.012628247743653074 0.033195661571295353 -0.029044655439370782 -0.015882515962385865 0.040262611154514724 -0.017370834831268851 -0.0059830211259356515 0.0077758063177237116 0.016983397692940157 0.018236714502397278 -0.024163808657032836 -0.0023488634368756204 0.01322325731991663 -0.045318602294844197 0 -0.030099648568540107
leaf_weight=9.6932446043938416 7.0325154317542902 4.4551727538928416 7.7455853484571007 12.071361954323949 5.7767530605196979 8.764782954240216 5.0866745663806823 11.16038655024022 7.1988174733705801 9.9259695401415211 9.1738724862225371 10.763927302381488 6.4617064949125043 151.95239810529165 119.65336288104299 55.83333583548665 17.36098356207367 21.959229127969593 363.00683271780144 7.0485557056963435 7.263833036646246 4.6878307480365038 10.759123113472013
leaf_count=65 49 33 56 99 64 69 50 75 57 73 65 92 52 1164 1298 406 160 195 2813 47 48 43 75
internal_value=-1.47475e-05 -0.00451168 0.00297782 -0.00474803 0.0170429 0.0105432 0.000520869 0.0124158 0.00379254 -0.00737202 -0.0178105 0.0282666 -0.000139276 0.00253072 5.42844e-05 0.0128349 -0.0023536 -0.0158138 -0.00129266 -0.00262412 -0.0300019 0.0225274 -0.0218025
internal_weight=874.836 93.5162 60.3367 39.3409 20.9959 20.8361 781.32 40.0055 32.973 21.0864 33.1795 16.5407 741.315 333.901 271.606 62.295 407.414 27.0459 380.368 16.2224 16.9571 11.8866 18.5047
internal_count=7148 713 488 299 189 168 6435 297 248 148 225 156 6138 2920 2462 458 3218 245 2973 112 113 100 131
is_linear=0
shrinkage=0.05


Tree=270
num_leaves=26
num_cat=0
split_feature=2 2 3 20 28 14 17 3 27 20 17 25 3 3 2 1 14 27 2 11 26 2 20 23 22
split_gain=0.912402 4.90375 4.46619 3.25456 5.40776 4.25179 2.82719 3.13665 3.16317 2.1601 3.08764 2.09909 3.8133 4.83713 3.98587 3.27363 3.89036 3.13333 2.81678 3.25261 2.70878 2.48234 2.35216 2.33002 0.984598
threshold=18.500000000000004 22.500000000000004 1.0000000180025095e-35 -0.23704999999999996 6.5000000000000009 0.17605000000000001 215420.02000000002 3.5000000000000004 8.5000000000000018 -0.51829999999999987 127338.56500000002 9.5000000000000018 1.0000000180025095e-35 1.5000000000000002 17.500000000000004 6.5000000000000009 0.12905000000000003 9.5000000000000018 6.5000000000000009 887.50000000000011 6.5000000000000009 7.5000000000000009 -0.36169999999999997 3.5000000000000004 1.0000000180025095e-35
decision_type=2 2 2 2 2 2 2 2 2 2 2 2 2 2 2 2 2 2 2 2 2 2 2 2 2
left_child=11 6 9 5 -5 -4 7 8 -2 -3 -11 12 15 20 -15 16 -1 18 19 -13 -14 -17 -19 -20 -9
right_child=1 2 3 4 -6 -7 -8 24 -10 10 -12 17 13 14 -16 21 -18 22 23 -21 -22 -23 -24 -25 -26
leaf_value=-0.030330565488936312 -0.0099364981720752848 -0.0031052186635400093 -0.01533228237701767 -0.01635932211500608 0.013576787199473278 0.0065210885885733719 -0.037101941760473857 -0.035555372635258591 0.012956503909933081 0.028399447703181674 -0.0069405749674564463 0.018840637686718602 0.024097004428373963 -0.00086902390389004811 0.02202585421277134 0.017246085903649452 -0.0021287010120208741 0.012055965804959427 0.029079529102357171 -0.019596379117412084 -0.0086170121626101357 -0.0072242512680778526 -0.028872969719594101 -0.0012787844125164921 -0.0074074584173577764
leaf_weight=25.613570928107947 47.512385604670271 10.350507583469151 62.795516274403781 18.259953084168956 56.247850755928084 31.741203685640357 8.2118691769428533 10.005656719207765 19.538384937681258 27.781514996197075 6.4017970431596032 8.5342365019023436 32.602597061195411 357.57194720290136 18.057810413651168 13.818917845608665 23.997281139483675 4.0677763605490327 27.060066623613238 9.4722277969121915 6.1629403075203291 27.762510988570284 6.5297123366035503 7.077157747000455 7.3659926969557992
leaf_count=158 363 71 408 206 684 365 72 65 132 222 49 72 270 2745 133 110 177 39 323 76 46 204 58 52 48
internal_value=-1.28737e-05 -0.00221594 0.00192533 -0.00177763 0.00587364 -0.00790822 -0.0117087 -0.00832147 -0.00293867 0.0156685 0.0214868 0.0011602 5.46102e-05 0.00212008 0.000315954 -0.00906806 -0.0174939 0.00963803 0.014722 -0.000816856 0.0184832 0.00109686 -0.012949 0.0227866 -0.0261332
internal_weight=874.541 306.213 213.578 169.045 74.5078 94.5367 92.6343 84.4224 67.0508 44.5338 34.1833 568.329 505.588 414.395 375.63 91.1923 49.6109 62.7412 52.1437 18.0065 38.7655 41.5814 10.5975 34.1372 17.3716
internal_count=7148 2685 2005 1663 890 773 680 608 495 342 271 4463 3843 3194 2878 649 335 620 523 148 316 314 97 375 113
is_linear=0
shrinkage=0.05


Tree=271
num_leaves=23
num_cat=0
split_feature=10 13 11 11 7 19 0 19 18 28 19 1 8 25 1 9 1 20 28 11 19 19
split_gain=0.888449 4.37151 1.9737 6.37048 1.89224 1.36241 2.93744 2.35644 2.68561 2.46406 2.32216 3.59568 1.86571 1.41982 1.10511 1.08973 0.557562 0.51447 1.07334 0.22695 0.221495 0.185081
threshold=1.0000000180025095e-35 1.0000000180025095e-35 719.50000000000011 583.00000000000011 2.5000000000000004 15.414100000000001 12182.980000000001 3.7950500000000003 52747.415000000001 17.500000000000004 2.1166000000000005 9.5000000000000018 0.46565000000000006 2.5000000000000004 10.500000000000002 0.016750000000000004 9.5000000000000018 2.4002500000000002 1.0000000180025095e-35 839.50000000000011 18.7728 32.741150000000005
decision_type=2 2 2 2 2 2 2 2 2 2 2 2 2 2 2 2 2 2 2 2 2 2
left_child=1 2 3 14 15 7 -7 10 9 -9 12 -12 -2 16 -1 -3 -8 18 -6 -10 -19 -15
right_child=5 4 -4 -5 17 6 13 8 19 -11 11 -13 -14 21 -16 -17 -18 20 -20 -21 -22 -23
leaf_value=0.031931364571599216 -0.00095666642164488015 -0.014893365753225449 0.026344810273627946 -0.051150110264449634 0 -0.017774756784523487 0.035404227930011453 0.002668760760399732 -0.0099788410582129818 -0.024188350157546612 0.020631753575118743 -0.0075851287420826618 0.0074595647835323676 0.0073368431925511391 -0.0037398181999774419 0.01871377751670775 0.0091812290375594945 0.00068199726275312161 -0.043684698781149278 -0.038840530948806157 -0.015071469392499568 -0.0041479581119842597
leaf_weight=4.4270446018781531 637.88461160694715 2.864575599785895 7.6776599704753599 2.7041851989924908 1.8940987698733796 5.3097265441902008 8.1609398038126546 32.721549078123644 3.972959286067633 9.2107949457131308 31.130952717503533 15.198086012620477 71.373489401070401 4.7597291795536858 2.0156120032770559 2.7103768289089203 6.4226207213941953 2.1390114901587376 8.1416075178422016 5.7117265260312706 2.194757008110173 4.5422667553648353
leaf_count=127 4720 68 78 15 46 38 77 253 48 71 267 124 517 42 183 53 51 43 171 63 55 38
internal_value=-2.03905e-05 -0.00743082 0.0103346 -0.00452262 -0.0224489 0.000310401 0.0105657 -7.33557e-05 -0.0102139 -0.00383561 0.000631318 0.0112375 -7.70773e-05 0.0181386 0.0213448 0.000752353 0.0269586 -0.0310534 -0.0372167 -0.031591 -0.00795709 0.00110229
internal_weight=873.168 36.7689 16.8245 9.14684 19.9444 836.399 29.1953 807.204 51.617 41.9323 755.587 46.329 709.258 23.8856 6.44266 5.57495 14.5836 14.3695 10.0357 9.68469 4.33377 9.302
internal_count=7148 839 403 325 436 6309 246 6063 435 324 5628 391 5237 208 310 121 128 315 217 111 98 80
is_linear=0
shrinkage=0.05


Tree=272
num_leaves=26
num_cat=0
split_feature=22 16 17 18 25 23 24 10 18 0 0 10 14 25 27 25 29 20 0 24 13 24 11 8 14
split_gain=0.864679 6.98728 3.33417 3.67965 3.20032 3.12194 4.59932 4.09985 3.75453 3.26709 5.85398 2.89638 2.43548 2.2969 3.30137 2.68235 2.58381 2.01681 1.902 1.80519 1.1903 0.511308 0.383533 0.347585 0.163503
threshold=1.5000000000000002 3.5000000000000004 2862.6600000000003 1168.2850000000001 4.5000000000000009 1.5000000000000002 10.500000000000002 382.50000000000006 331948.82000000007 297.07000000000005 3700.5150000000003 613.50000000000011 0.49800000000000005 5.5000000000000009 5.5000000000000009 11.500000000000002 1.0000000180025095e-35 -0.92889999999999995 134509.42500000002 33.500000000000007 1.0000000180025095e-35 10.500000000000002 1127.0000000000002 0.042600000000000006 0.20825000000000002
decision_type=2 2 2 2 2 2 2 2 2 2 2 2 2 2 2 2 2 2 2 2 2 2 2 2 2
left_child=1 13 3 -2 19 9 8 -8 -7 -4 -11 22 23 17 15 -15 -16 20 -19 21 -1 -3 -5 -6 -21
right_child=2 4 5 11 12 6 7 -9 -10 10 -12 -13 -14 14 16 -17 -18 18 -20 24 -22 -23 -24 -25 -26
leaf_value=-0.0013012105266644646 0.0080064154647488239 -0.0052243742540820353 -0.021839000047518382 -0.046076196918563954 0.042120643225599448 -0.027752825729343289 0.011146137505837331 -0.0074431244685653182 0.014531854501707735 0.03237351502313187 0.0015818561494126933 0 -0.0012847944147750593 -0.026742692163149402 0.027959610583764088 0.0034480777126599071 -0.0044017168304488182 0.0028027921019154038 -0.0066670348367094227 -0.037852519522172258 -0.023847378794589518 0.022859969030865596 -0.016511747978598501 0.012172877862277756 0
leaf_weight=13.40559410257265 9.0995910149067623 0.98717758595012428 6.4701497927308074 9.4416411789134163 15.760821771807974 27.243883414892483 48.171011594356969 70.514274501707405 4.7467666426673523 20.303143031895161 53.358665239065886 7.5359053113497785 4.1074733161367467 25.930458650924265 5.8192176986485711 8.6647048471495491 26.421026492957026 431.68778603966348 58.011339403979946 1.2832070291042326 10.478966152528301 1.750250182347372 6.3609829880297175 4.3206598088145247 0.68927124794572581
leaf_count=92 68 20 43 64 178 228 412 533 50 169 654 53 65 199 43 69 201 3018 641 6 73 82 40 31 116
internal_value=-2.85888e-05 0.000994324 -0.0024236 -0.0169404 0.0241655 -0.000212433 -0.00448058 7.85533e-05 -0.0206986 0.00760509 0.0108324 -0.0269259 0.0312037 -0.000221214 -0.00881293 -0.0191327 0.00243926 0.000907326 0.00163807 -0.00901703 -0.0126576 0.0126914 -0.0379293 0.0378162 -0.0328832
internal_weight=872.564 609.318 263.246 32.4381 28.8989 230.808 150.676 118.685 31.9907 80.132 73.6618 23.3385 24.189 580.419 66.8354 34.5952 32.2402 513.584 489.699 4.70991 23.8846 2.73743 15.8026 20.0815 1.97248
internal_count=7148 4834 2314 225 498 2089 1223 945 278 866 823 157 274 4336 512 268 244 3824 3659 224 165 102 104 209 122
is_linear=0
shrinkage=0.05


Tree=273
num_leaves=22
num_cat=0
split_feature=10 13 11 11 7 19 0 19 18 28 19 1 18 25 21 18 24 0 28 11 11
split_gain=0.844697 3.99858 1.84522 5.9955 1.80959 1.28375 2.77223 2.16804 2.45053 2.23823 2.07365 3.28679 1.8955 1.55768 1.26237 1.12202 0.521928 0.339844 0.400589 0.203082 0.0338119
threshold=1.0000000180025095e-35 1.0000000180025095e-35 719.50000000000011 583.00000000000011 2.5000000000000004 15.414100000000001 15624.950000000003 3.7950500000000003 52747.415000000001 17.500000000000004 2.1166000000000005 9.5000000000000018 69405.555000000008 2.5000000000000004 7624.5000000000009 1097.4150000000002 19.500000000000004 844344.15000000014 1.5000000000000002 839.50000000000011 875.50000000000011
decision_type=2 2 2 2 2 2 2 2 2 2 2 2 2 2 2 2 2 2 2 2 2
left_child=1 2 3 14 15 7 -7 10 9 -9 12 -12 -2 20 -1 -3 -17 18 -6 -10 -8
right_child=5 4 -4 -5 17 6 13 8 19 -11 11 -13 -14 -15 -16 16 -18 -19 -20 -21 -22
leaf_value=-0.0017239269899008008 -0.0021754824796530021 0.02277729315773145 0.025236787802731322 -0.049930083585953834 -0.010422235342601607 -0.015848196018367421 0.012922318901438124 0.0024862304861296759 -0.0094852261075615684 -0.023130346010024009 0.019642248972843102 -0.0073394780135410259 0.0030991677662954437 0.00020453471324647258 0.035030971267906448 -0.023619148513642871 0.0025306345862604069 -0.0014999202766307574 -0.040388919227240042 -0.037154875672786018 0.033425134353401879
leaf_weight=2.9313902133144456 428.86895417841151 1.7828329897020019 7.6372500522993496 2.6856824941933155 4.4863432436250132 5.9238396091386702 6.511864634696396 32.697157059563324 3.9714796594344062 9.1805921788327378 31.009286608081311 15.18584488192573 279.50425217603333 8.9946915572509152 3.4503096053376794 1.8125912465620788 1.9697366848122326 1.8319695592508658 7.7668140449095517 5.7201273634564131 7.6397033608518541
leaf_count=216 3097 38 78 15 98 45 57 253 48 71 267 124 2140 78 94 45 38 54 163 63 66
internal_value=-3.3896e-05 -0.00729965 0.00971337 -0.00465586 -0.0217855 0.000287106 0.010263 -8.47684e-05 -0.00981582 -0.00369996 0.000591252 0.0106285 -7.731e-05 0.0180723 0.020572 0.000814059 -0.0121066 -0.0303275 -0.0331206 -0.0302338 0.0273782
internal_weight=871.563 36.3549 16.7046 9.06738 19.6503 835.208 29.0701 806.138 51.5694 41.8777 754.568 46.1951 708.373 23.1463 6.3817 5.56516 3.78233 14.0851 12.2532 9.69161 14.1516
internal_count=7148 839 403 325 436 6309 246 6063 435 324 5628 391 5237 201 310 121 83 315 261 111 123
is_linear=0
shrinkage=0.05


Tree=274
num_leaves=18
num_cat=0
split_feature=3 21 11 23 20 14 20 0 1 3 16 21 1 11 11 24 13
split_gain=0.932728 2.52241 2.19204 4.5409 3.32935 2.17122 2.54391 7.41825 2.43001 3.79401 2.13487 2.016 1.94193 1.91328 3.89542 3.38541 0.547943
threshold=2.5000000000000004 461755.00000000006 2050.5000000000005 1.5000000000000002 7.6467000000000009 0.0082000000000000007 -0.48224999999999996 3375.9250000000006 3.5000000000000004 5.5000000000000009 7.5000000000000009 73295.500000000015 7.5000000000000009 1673.5000000000002 1594.5000000000002 16.500000000000004 1.0000000180025095e-35
decision_type=2 2 2 2 2 2 2 2 2 2 2 2 2 2 2 2 2
left_child=2 5 4 16 13 6 11 -8 10 -10 -7 -2 -3 14 -1 -15 -4
right_child=1 12 3 -5 -6 8 7 -9 9 -11 -12 -13 -14 15 -16 -17 -18
leaf_value=-0.0015852582483931853 0 0 0.011927092330470391 -0.015430473792844714 -0.035341378170183645 -0.0082189583743033437 -0.025329385675207941 0.02280153259064676 0.0052214074203679522 -0.017452630358196154 0.012569326874318937 0.033649568129672021 -0.035798140216183022 -0.01862317152380644 0.021920693106291415 0.0036167600786720859 0.039199053346442775
leaf_weight=334.45191150344908 6.6039477363228825 6.716197067871688 7.3819740694016236 7.231507094576954 5.6110326844500369 90.38893634499982 12.243302064016463 16.220389858819544 244.2974956863327 17.839523116592318 12.103290314786134 14.529012710787354 5.798414058983326 39.12133477977477 16.586449530906975 27.243958932813257 6.6349634011276066
leaf_count=2631 42 47 53 51 91 745 80 184 2164 124 152 95 43 280 121 200 45
internal_value=-4.04386e-05 0.00161338 -0.00165155 0.0132454 -0.00248218 0.00234208 0.0119608 0.00146662 0.000948358 0.00352002 -0.00547478 0.0243141 -0.0188162 -0.00185019 -0.000328393 -0.00950835 0.0287435
internal_weight=871.004 426.741 444.263 21.2484 423.015 414.226 49.5967 28.4637 364.629 262.137 102.492 21.133 12.5146 417.404 351.038 66.3653 14.0169
internal_count=7148 3676 3472 149 3323 3586 401 264 3185 2288 897 137 90 3232 2752 480 98
is_linear=0
shrinkage=0.05


Tree=275
num_leaves=24
num_cat=0
split_feature=3 0 9 29 25 6 0 14 14 26 0 0 0 2 8 8 21 10 7 10 24 9 14
split_gain=0.854216 3.08109 3.15182 2.52951 2.96001 2.51845 4.22513 3.51747 2.47283 2.3586 3.70448 2.81658 3.56974 3.78478 3.4524 2.40431 2.21549 2.15573 2.65 1.67481 1.63354 1.42682 1.25789
threshold=3.5000000000000004 184177.36000000002 0.010350000000000002 3.5000000000000004 3.5000000000000004 8.5000000000000018 61112.250000000007 0.15095000000000003 0.24410000000000001 9.5000000000000018 24555.770000000004 138621.49500000002 95143.565000000017 26.500000000000004 0.042600000000000006 0.21955000000000005 63.500000000000007 31.500000000000004 4.5000000000000009 48.500000000000007 1.0000000180025095e-35 0.0087500000000000026 0.19495000000000004
decision_type=2 2 2 2 2 2 2 2 2 2 2 2 2 2 2 2 2 2 2 2 2 2 2
left_child=1 5 16 8 -5 17 7 -7 -4 11 -11 12 13 -2 19 -16 -3 18 -1 -13 -19 -14 -18
right_child=9 2 3 4 -6 6 -8 -9 -10 10 -12 14 21 -15 15 -17 22 20 -20 -21 -22 -23 -24
leaf_value=-0.034298828379355148 -0.0010509380214231638 0.0036515664936344915 -0.03254801313850722 0.034955066607394482 -0.011091622072169495 -0.0023588628502506735 0.020927423040805679 -0.030331782711665645 0.0093114442577880343 0.040947797962133679 -0.0065256653622368854 -0.0023714405613587163 -0.0037176091216606327 0.037696522997029532 -0.033581663565083741 0.0086147048841711607 -0.0133854712374194 0.015560697863093829 -0.0019087895171900453 0.02732001687178693 0.001195489731283467 -0.043059079467310912 -0.045064653428747381
leaf_weight=7.1746773619670448 165.67808130686171 4.2707972994539913 6.0502288131974655 6.2131271008402091 4.3276433646678925 24.615229906979948 7.2006685808300963 20.753793306648731 4.520227188244462 7.5683782030828279 5.8131786789745092 4.7551972917281118 5.013996876543386 4.543128039687871 3.8741717133671028 5.919855022802949 9.3207010044716316 18.834886316210032 23.555481269373558 22.829280114267021 493.57032697834074 4.8764022211544216 9.2182704791775887
leaf_count=127 1468 66 76 64 44 174 53 143 44 127 62 48 47 29 31 71 123 141 456 336 3244 60 114
internal_value=-3.83061e-05 -0.000990899 -0.0134706 0.000242322 0.0164987 -1.20538e-05 -0.0102694 -0.0161064 -0.0152187 0.00254374 0.0215074 0.00114605 -0.00143721 0.000350909 0.0132885 -0.010093 -0.0255618 0.000996439 -0.0114103 0.0220493 0.00180141 -0.0279357 -0.0324788
internal_weight=870.498 639.626 43.921 21.1112 10.5408 595.705 52.5697 45.369 10.5705 230.872 13.3816 217.49 180.112 170.221 37.3785 9.79403 22.8098 543.135 30.7302 27.5845 512.405 9.8904 18.539
internal_count=7148 4869 531 228 108 4338 370 317 120 2279 189 2090 1604 1497 486 102 303 3968 583 384 3385 107 237
is_linear=0
shrinkage=0.05


Tree=276
num_leaves=20
num_cat=0
split_feature=6 11 6 11 17 0 6 20 2 14 18 17 17 1 19 14 11 28 25
split_gain=0.846154 3.77431 4.00827 3.72025 3.81279 2.51318 2.31169 3.65673 3.06085 2.97753 2.00815 1.62662 5.81944 3.02638 3.84527 2.76826 2.15867 1.32391 1.225
threshold=3.5000000000000004 78.500000000000014 1.5000000000000002 1441.5000000000002 678.37000000000012 67559.640000000029 4.5000000000000009 -0.59639999999999993 23.500000000000004 0.22375000000000003 15791.595000000003 12835.505000000003 10767.395000000002 3.5000000000000004 1.2077500000000003 0.20825000000000002 2096.5000000000005 10.500000000000002 4.5000000000000009
decision_type=2 2 2 2 2 2 2 2 2 2 2 2 2 2 2 2 2 2 2
left_child=1 17 3 5 -5 -3 7 -2 9 -9 -4 12 16 14 -13 -15 -8 -1 -14
right_child=6 2 10 4 -6 -7 11 8 -10 -11 -12 13 18 15 -16 -17 -18 -19 -20
leaf_value=-0.040448279983948128 0.040273369960274322 0.02221343106433946 -0.033531129717144253 -0.030390023814389849 0.0080481761346691411 -0.0068608762922915626 0.00021352824007261114 0.0074263454161179014 0.025487982916996332 -0.026081395625410311 -0.00086045815917929586 -0.015095885984202171 0.048106390793588312 -0.0047812787136806353 0.0092062022445627712 0.007048051304229145 0.023570031549537344 -0.0073218520336859804 0.0054295196259127581
leaf_weight=6.6546477056108397 7.0265143765136591 29.699904576409608 9.1221084580756742 9.4505940105300414 12.709397804923354 8.0533531755791028 427.74185252503958 14.735244022682311 9.1344997473061067 8.861039338517001 9.4696985683403891 77.565811533131637 6.0064755838830006 107.92644627089612 18.473043495672755 87.677741660620086 8.1573671821970475 7.6810895511880517 3.5720719750970602
leaf_count=52 49 228 61 66 96 81 3367 108 78 62 72 605 85 811 206 968 61 57 35
internal_value=-4.52174e-05 -0.00451458 0 0.00638941 -0.00908941 0.0157267 0.000486276 0.0119341 0.00359354 -0.00582074 -0.0190758 -0.000148264 0.00173548 -0.00305191 -0.0102269 0.00048817 0.00077911 -0.0263808 0.0367418
internal_weight=869.719 92.8408 78.5051 59.9132 22.16 37.7533 776.878 39.7573 32.7308 23.5963 18.5918 737.121 445.478 291.643 96.0389 195.604 435.899 14.3357 9.57855
internal_count=7148 713 604 471 162 309 6435 297 248 170 133 6138 3548 2590 811 1779 3428 109 120
is_linear=0
shrinkage=0.05


Tree=277
num_leaves=26
num_cat=0
split_feature=2 2 3 0 2 2 17 21 0 17 0 11 8 11 13 0 20 1 0 2 20 0 19 0 19
split_gain=0.831097 4.5454 4.09205 3.09021 7.15635 6.59013 2.62463 2.96594 2.27554 2.23827 1.95129 4.43781 3.22557 3.91751 3.06053 5.52854 4.93471 4.11045 3.58707 3.14667 2.88508 2.56938 1.72617 0.960315 0.277954
threshold=18.500000000000004 22.500000000000004 1.0000000180025095e-35 3223.9550000000004 25.500000000000004 26.500000000000004 215420.02000000002 78.500000000000014 461.49500000000006 6082.8550000000005 699.05000000000007 1.0000000180025095e-35 0.021850000000000005 1759.5000000000002 1.0000000180025095e-35 1512.9000000000003 -0.63974999999999993 3.5000000000000004 124603.61500000002 10.500000000000002 -0.30274999999999996 540.94000000000017 0.039350000000000003 3778.3600000000006 0.013250000000000001
decision_type=2 2 2 2 2 2 2 2 2 2 2 2 2 2 2 2 2 2 2 2 2 2 2 2 2
left_child=10 6 8 5 -5 -4 7 23 -3 -9 11 24 21 -14 18 16 -16 -17 20 -20 -12 -13 -10 -2 -1
right_child=1 2 3 4 -6 -7 -8 9 22 -11 14 12 13 -15 15 17 -18 -19 19 -21 -22 -23 -24 -25 -26
leaf_value=-0.029295825214432625 -0.036029379342320741 -0.011509318284713325 -0.018887961670786782 0.0061911258390263133 -0.039525933891983223 0.030319660493118624 -0.036040095858266251 -0.0099852211415847759 0.036359065012018126 0.0083479229041200208 -0.006335857927217828 0.010703024783473486 0.0056300446623169052 -0.032871815965200356 0.015785640224615153 -0.0063183722714094783 -0.029905953382554702 0.012165406557366219 -0.001952021234068508 -0.034101672578749943 0.0050242608256377006 0.036461432073970589 0.011244594083371331 -0.0099523225596428663 -0.0064633372991437597
leaf_weight=5.2926475834101421 8.5741221481002885 5.2364687323570243 44.177132038632408 110.4563064527465 7.2431920785456887 6.0031939614564171 8.0329148089513165 38.740659307222813 9.7961947834119183 25.835404325276613 134.95333185908385 66.398541092406958 28.007206458598375 6.4278212080243966 6.6436345875263241 37.303741031093523 17.720140709541738 124.33151611872017 15.236661457689481 15.398305582348256 91.799575697164983 10.84543772600591 29.030986199853942 10.693390741245819 5.1069696824997663
leaf_count=41 70 39 305 1278 43 37 72 289 62 167 937 481 215 52 40 301 122 1171 179 125 671 87 241 82 41
internal_value=-3.77013e-05 -0.00214977 0.00185044 -0.00169916 0.00268076 -0.011873 -0.0113269 -0.0080582 0.0150779 -0.00246991 0.00108305 0.00663095 0.00969694 -0.00269235 -0.000444932 0.00438957 -0.0168149 0.00781334 -0.003984 -0.0195176 -0.00168935 0.0152748 0.0192967 -0.0243238 -0.0217409
internal_weight=869.285 303.82 211.943 167.88 117.699 50.1803 91.8765 83.8436 44.0636 64.5761 565.466 122.079 111.679 34.435 443.387 185.999 24.3638 161.635 257.388 30.635 226.753 77.244 38.8272 19.2675 10.3996
internal_count=7148 2685 2005 1663 1321 342 680 608 342 456 4463 917 835 267 3546 1634 162 1472 1912 304 1608 568 303 152 82
is_linear=0
shrinkage=0.05


Tree=278
num_leaves=10
num_cat=0
split_feature=17 8 5 7 11 8 8 13 24
split_gain=0.834266 0.980343 1.32901 4.36789 2.23051 1.10984 3.97146 3.58632 0.290673
threshold=2652869.0400000005 0.8771000000000001 1.0000000180025095e-35 3.5000000000000004 1355.5000000000002 0.15760000000000005 0.10000000000000002 1.0000000180025095e-35 15.500000000000002
decision_type=2 2 2 2 2 2 2 2 2
left_child=1 2 3 -1 -5 6 -4 -7 -3
right_child=-2 8 5 4 -6 7 -8 -9 -10
leaf_value=-0.03516739140225502 0.016884925351209851 0.022627425564443956 6.452245324679737e-05 0.010289800976649621 -0.015380516597818309 -0.007996262928881016 -0.016372681765344007 0.0076911101423117554 0.0012715443183973364
leaf_weight=9.621662581805138 5.1958267694571978 3.9933692108606911 594.78161612997064 20.331039168406281 11.59175165183842 47.45744776527863 37.087846236652695 133.7129838244291 3.9914070931263268
leaf_count=83 54 41 4798 167 95 472 317 1078 43
internal_value=-5.33411e-05 -0.000205762 -0.000398242 -0.00890974 0.000316418 4.52023e-05 -0.000933105 0.00348478 0.0153466
internal_weight=867.765 862.569 854.584 41.5445 31.9228 813.04 631.869 181.17 7.98478
internal_count=7148 7094 7010 345 262 6665 5115 1550 84
is_linear=0
shrinkage=0.05


Tree=279
num_leaves=21
num_cat=0
split_feature=6 11 21 27 21 6 8 8 11 11 0 0 9 15 11 14 29 3 28 9
split_gain=0.813743 3.45308 3.78091 3.01443 3.53082 2.16686 3.70423 6.44079 4.93005 1.84676 5.21552 2.53735 4.0709 2.2789 2.00323 1.98038 1.60428 1.45951 1.22538 0.989993
threshold=3.5000000000000004 78.500000000000014 234.50000000000003 1.5000000000000002 34943.000000000007 5.5000000000000009 0.16005000000000003 0.023950000000000003 1479.5000000000002 22.500000000000004 1611.7600000000002 651.68000000000018 0.013750000000000002 6.5000000000000009 1.0000000180025095e-35 0.24975000000000003 2.5000000000000004 2.5000000000000004 10.500000000000002 0.0095500000000000012
decision_type=2 2 2 2 2 2 2 2 2 2 2 2 2 2 2 2 2 2 2 2
left_child=1 18 16 -4 -5 6 7 8 -2 10 14 12 -11 -13 -7 -12 -3 -18 -1 -8
right_child=5 2 3 4 -6 9 19 -9 -10 11 15 13 -14 -15 -16 -17 17 -19 -20 -21
leaf_value=-0.039066605771161396 0.0195053944576975 0 0.031412798205116194 0.012932529440066266 -0.012330224194736209 -0.017329977958816353 0.0091344516892016819 -0.03755528340272471 -0.017601756703994529 0.01106398478323677 0.012711912732224107 -0.0030965861625708835 -0.010329344704272679 0.012503960697798683 0.011466124309452366 0.047302368257460266 -0.041489779161791765 -0.0034849874395534298 -0.0070291029611991539 0.040317568376616444
leaf_weight=6.5727250012569112 31.383767552557401 7.2191919256001738 7.9365837122313669 27.684961538529024 23.788314351579174 14.874521907418968 6.7483707633800796 6.5887029222212723 10.221603577723725 86.320979411248118 16.23986738873646 531.44825159653556 27.528578890953213 22.319076515501365 7.2884542122483245 5.9493033334147176 6.5388718596659583 5.0359567692503333 7.6613049106672406 8.0585854821838421
leaf_count=52 237 66 63 202 174 117 48 49 81 627 166 4220 217 311 50 252 49 50 57 60
internal_value=-5.10498e-05 -0.00444379 0 0.00615637 0.00104587 0.000470133 0.00921431 0.00186258 0.0097704 -0.000313264 0.00931892 -0.00099402 0.00571578 -0.00240709 -0.00728108 0.0255438 -0.0185105 -0.028641 -0.0254291 0.0294788
internal_weight=867.408 92.4379 78.2039 59.4099 51.4733 774.97 63.001 48.1941 41.6054 711.969 44.3521 667.617 113.85 553.767 22.163 22.1892 18.794 11.5748 14.234 14.807
internal_count=7148 713 604 439 376 6435 475 367 318 5960 585 5375 844 4531 167 418 165 99 109 108
is_linear=0
shrinkage=0.05


Tree=280
num_leaves=18
num_cat=0
split_feature=0 0 29 0 9 18 11 11 17 26 18 10 29 13 11 14 15
split_gain=0.846295 1.94051 1.43021 1.10165 5.27923 4.57256 3.0577 2.84416 4.02264 2.70528 2.53564 2.3702 2.22973 2.03561 1.99654 1.86055 0.769313
threshold=96.415000000000006 55.010000000000012 3.5000000000000004 651.68000000000018 0.012250000000000002 69405.555000000008 22.500000000000004 366.50000000000006 2732.3750000000005 4.5000000000000009 115557.75500000002 31.500000000000004 1.5000000000000002 1.0000000180025095e-35 603.50000000000011 0.07605000000000002 1.0000000180025095e-35
decision_type=2 2 2 2 2 2 2 2 2 2 2 2 2 2 2 2 2
left_child=1 2 -1 4 7 12 9 8 -2 -5 -9 14 -6 -13 -8 -11 -3
right_child=3 16 -4 6 5 -7 11 10 -10 15 -12 13 -14 -15 -16 -17 -18
leaf_value=-0.0089610384298464824 0.011667563427492976 -0.02812520430742731 0.015251863282488893 -0.013747523454749761 0.00046111421503467972 0.020266751460692407 -0.026350846430408692 0.011553051536246925 -0.02238761630176371 0.037800446604168925 0.040883265618105263 -0.0029745038512363924 -0.030803424768661842 0.0027485420078471982 -0.0041278998889625598 0.0092335817192828792 -0.002652114335798276
leaf_weight=10.657795385457577 20.408482634462416 8.9354550593998265 9.5353085985407215 5.5517991543747476 7.0435962472111049 6.3359828963875762 14.252498054003807 54.74187243077904 12.090463538654147 8.3914616084657627 7.7974440390244117 346.04190752666909 17.885205693542957 277.8800938166678 33.078582585905679 20.076611930970103 5.9792450736276797
leaf_count=79 154 76 66 46 51 47 225 411 72 105 58 2650 139 2072 500 356 41
internal_value=-4.5781e-05 -0.0074436 0.00236596 0.000271657 0.00454139 -0.0126085 -0.000489526 0.0104298 -0.00127539 0.0136822 0.0165185 -0.00126113 -0.0222202 -0.00040898 -0.0118195 0.0199109 -0.0200254
internal_weight=866.684 35.1078 20.1931 831.576 126.303 31.2648 705.273 95.0383 32.4989 34.0199 62.5393 671.253 24.9288 623.922 47.3311 28.4681 14.9147
internal_count=7148 262 145 6886 932 237 5954 695 226 507 469 5447 190 4722 725 461 117
is_linear=0
shrinkage=0.05


Tree=281
num_leaves=22
num_cat=0
split_feature=24 0 0 13 29 8 22 16 9 8 18 21 23 0 28 27 19 18 9 0 14
split_gain=0.832955 1.9955 2.37163 2.2324 2.15979 1.42017 1.28931 7.42332 2.68527 4.5513 4.15394 3.91461 3.80247 2.4884 2.45999 1.83642 5.49245 2.41473 1.77299 1.32209 1.1319
threshold=48.500000000000007 879.91500000000008 3900.8500000000008 1.0000000180025095e-35 2.5000000000000004 1.0000000180025095e-35 1.5000000000000002 3.5000000000000004 0.053450000000000004 0.33385000000000004 12478.085000000001 6.5000000000000009 2.5000000000000004 8388.5550000000021 21.500000000000004 9.5000000000000018 0.34860000000000008 418127.18500000006 0.028850000000000004 61112.250000000007 0.29260000000000003
decision_type=2 2 2 2 2 2 2 2 2 2 2 2 2 2 2 2 2 2 2 2 2
left_child=6 -2 -3 4 -4 -5 7 15 9 11 -11 -8 14 -14 -10 17 -17 -1 19 -9 -20
right_child=1 2 3 5 -6 -7 8 18 12 10 -12 -13 13 -15 -16 16 -18 -19 20 -21 -22
leaf_value=-0.00083250349749185127 0.02742790845372596 -0.01851380762994681 -0.019157956146575863 0.043678368765917457 0.010563659832956073 0.00083858398119435011 0.022054381758899354 0.037807646930431704 0.0145355374083522 -0.017698987775491767 0.026399313521626874 -0.012110978212605485 -0.030396956324899402 0.0022331665602284448 -0.01798103883426978 0.015411649199190615 -0.0080016502577897036 -0.016420215794331915 -0.01574857043411456 0.001913216306245781 0.020115650550275744
leaf_weight=428.33265293342993 7.1372903739102176 9.1762484046630544 7.6966645985376152 3.9093396998941889 14.494393620523622 3.7293625227175653 6.9126214953139415 16.608442076481886 50.080275479820557 5.765339243225756 15.553715251851825 140.01649400545284 8.9039437733590621 10.938039366621522 4.5740180383436373 58.005502386251464 40.73382469615899 24.5586934289895 3.1510185059159985 3.928095720242708 1.8360352204181252
leaf_count=3185 54 72 70 50 198 37 72 195 551 40 162 1074 79 95 48 404 368 193 23 39 139
internal_value=-4.22446e-05 0.00633711 0.00108454 0.00821206 -6.31271e-05 0.0283145 -0.000427984 0.000845053 -0.00347781 -0.00697469 0.0135498 -0.0101619 0.00426496 -0.0133941 0.011099 -0.000400105 0.00568639 -0.00176823 0.026193 0.0321648 0
internal_weight=866.042 46.1433 39.006 29.8298 22.1911 7.6387 819.899 577.154 242.744 168.248 21.3191 146.929 74.4963 19.842 54.6543 551.631 98.7393 452.891 25.5236 20.5365 4.98705
internal_count=7148 481 427 355 268 87 6667 4546 2121 1348 202 1146 773 174 599 4150 772 3378 396 234 162
is_linear=0
shrinkage=0.05


Tree=282
num_leaves=22
num_cat=0
split_feature=18 21 21 6 9 9 25 18 0 3 12 19 21 24 8 10 29 3 0 19 19
split_gain=0.83047 2.43088 2.53419 2.59809 3.59693 2.89502 2.19469 2.00118 5.35389 3.13614 2.93234 2.94692 2.42796 2.1715 2.17454 2.04024 1.75255 1.68003 1.28847 0.688325 0.428352
threshold=9044.6100000000024 405911.00000000006 285522.50000000006 3.5000000000000004 0.012250000000000002 0.015300000000000003 1.5000000000000002 14183.960000000001 2133.3400000000006 2.5000000000000004 1.0000000180025095e-35 4.1957000000000013 4421.0000000000009 6.5000000000000009 0.33385000000000004 382.50000000000006 4.5000000000000009 3.5000000000000004 257962.60000000003 0.18730000000000005 0.58110000000000006
decision_type=2 2 2 2 2 2 2 2 2 2 2 2 2 2 2 2 2 2 2 2 2
left_child=1 2 3 5 -5 -1 -4 8 9 -2 11 15 19 -10 -15 -9 20 -13 -14 -12 -3
right_child=7 16 6 4 -6 -7 -8 10 13 -11 12 17 18 14 -16 -17 -18 -19 -20 -21 -22
leaf_value=-0.024176932934282837 0.011864234425144842 -0.0080340315775976126 0.038937108877446037 0.0036842437576857529 -0.008453911310276464 0.0056796479073667446 0 0.006383762959205958 0.0012581889977814841 -0.027935814477322324 0.019700921978306796 -0.025323576405499561 -0.032447304207659837 0.043035843706272336 0 -0.00053656942713271242 0.0031272920820735912 0.00096988338540673436 0.0010099189956493451 -0.0049999766098289457 -0.035407102330050337
leaf_weight=22.662480873521417 7.3240140704438081 4.6994829808827507 5.2432159263407794 186.67463941336609 88.152238691691309 10.425646506017072 7.6327464617788792 170.64548707916401 7.4150467095896628 8.521029392257331 2.7435113325482261 13.904494425281882 12.927519949153064 13.267538781277837 3.2622159724123767 271.27255161455832 5.1378857279196373 8.4579034473281354 2.7145350493374272 4.4827032861066982 7.6443616964388639
leaf_count=172 50 35 49 1364 817 79 58 1351 54 56 33 119 199 109 91 2070 41 125 75 132 69
internal_value=-3.03824e-05 -0.00196838 -0.000888517 -0.00188021 -0.000205961 -0.014697 0.0192189 0.00119756 0.0117041 -0.00971089 0.000274608 0.00118573 -0.0164289 0.0259168 0.0351089 0.00212989 -0.0191451 -0.0157052 -0.026618 0.00553187 -0.0282562
internal_weight=865.211 338.273 320.791 307.915 274.827 33.0881 12.876 526.939 39.7898 15.845 487.149 464.28 22.8683 23.9448 16.5298 441.918 17.4817 22.3624 15.6421 7.22621 12.3438
internal_count=7148 2684 2539 2432 2181 251 107 4464 360 106 4104 3665 439 254 200 3421 145 244 274 165 104
is_linear=0
shrinkage=0.05


Tree=283
num_leaves=15
num_cat=0
split_feature=17 14 11 11 10 9 10 14 19 18 23 25 29 29
split_gain=0.811372 0.96317 2.79075 5.82723 4.70593 3.87361 3.14891 1.94368 4.01974 2.15616 1.74731 1.3351 1.11701 1.0457
threshold=2652869.0400000005 0.004850000000000001 659.50000000000011 549.50000000000011 109.50000000000001 0.19190000000000004 539.50000000000011 0.026950000000000005 0.31560000000000005 221884.15500000003 4.5000000000000009 11.500000000000002 3.5000000000000004 4.5000000000000009
decision_type=2 2 2 2 2 2 2 2 2 2 2 2 2 2
left_child=1 2 3 4 -1 6 -4 8 9 -3 11 -9 -10 -12
right_child=-2 7 5 -5 -6 -7 -8 10 12 -11 13 -13 -14 -15
leaf_value=0.037013862908583377 0.01671630617507356 0.0091128582003817717 -0.0052430022613123399 -0.043027104532796838 -0.0059925921964631415 0.035238925293648221 0.018873879657799388 -0.00042810114712130327 -0.011464963251531846 -0.01914229820947079 -0.027079499300962814 0.0075104563074229512 -0.040469754747122284 0
leaf_weight=6.0710562234744421 5.1599063392495728 22.23932759324089 32.058768325485289 6.4223147407174102 27.503246614709496 11.073043595999478 20.23035722784698 640.23941970604938 10.272888783831151 7.3096918580122283 7.4952518530189973 55.642341735307127 8.1026969878002983 4.7807994917966425
leaf_count=115 54 144 230 40 187 79 129 5245 74 55 66 635 56 39
internal_value=-3.1321e-05 -0.000182055 0.00428284 -0.00572541 0.00314665 0.0107353 0.00425505 -0.000815301 -0.0103532 0.00103587 -0.000128399 0.000212037 -0.0274624 -0.0174531
internal_weight=864.601 859.441 103.359 39.9966 33.5743 63.3622 52.2891 756.082 47.9246 29.549 708.158 695.882 18.3756 12.2761
internal_count=7148 7094 780 342 302 438 359 6314 329 199 5985 5880 130 105
is_linear=0
shrinkage=0.05


Tree=284
num_leaves=18
num_cat=0
split_feature=3 21 20 3 0 19 23 26 28 11 11 10 0 0 0 19 17
split_gain=0.810072 2.17515 1.96922 2.04142 3.71515 3.58106 3.22545 2.71823 2.21414 1.93724 1.54177 3.49479 2.23416 4.01226 2.93657 2.20195 0.0512938
threshold=2.5000000000000004 461755.00000000006 7.6467000000000009 1.5000000000000002 62833.265000000007 0.0046500000000000005 2.5000000000000004 9.5000000000000018 6.5000000000000009 953.50000000000011 2036.5000000000002 652.50000000000011 64447.330000000009 76868.49500000001 40801.730000000003 0.56615000000000015 644.36000000000013
decision_type=2 2 2 2 2 2 2 2 2 2 2 2 2 2 2 2 2
left_child=2 10 3 7 5 -5 -6 8 -1 -3 12 15 14 -14 -2 -12 -4
right_child=1 9 16 4 6 -7 -8 -9 -10 -11 11 -13 13 -15 -16 -17 -18
leaf_value=0.013128514668197522 0.003405863804122953 -0.034928220330845909 -0.032204484599590424 -0.020612125240120193 0.016580482561215998 -0.0035711785280666923 -0.017913073935547249 -0.020684775221236528 0.00079491076842897921 0.00034975876690341331 -0.034557305683959087 0.017385934250816557 -0.033317957325972834 0 0.021283257775437842 0.0010670122243999066 -0.006557530076534381
leaf_weight=45.634535734949168 282.29124209331349 5.5956765580922347 3.2133254100335753 38.907651016954333 30.022195507073775 139.37229953834321 6.581441461108624 10.095319621264933 164.29719806206413 6.7833509426563978 9.8819284951314348 6.1587064024060956 8.3713013897649926 74.832498610136099 23.533078995766118 5.8177676321938625 2.7616153159178793
leaf_count=388 2206 42 55 279 267 1135 52 66 1191 48 79 55 91 886 216 53 39
internal_value=-3.34125e-05 0.0015135 -0.00154121 -0.00106077 -0.00452241 -0.00753306 0.00951266 0.00228519 0.00362174 -0.0175416 0.00219399 -0.0100769 0.00295705 -0.00417111 0.00494335 -0.0221623 -0.0262217
internal_weight=864.151 423.266 440.886 434.911 214.884 178.28 36.6036 220.027 209.932 12.379 410.887 21.8584 389.028 83.2038 305.824 15.6997 5.97494
internal_count=7148 3676 3472 3378 1733 1414 319 1645 1579 90 3586 187 3399 977 2422 132 94
is_linear=0
shrinkage=0.05


Tree=285
num_leaves=16
num_cat=0
split_feature=10 1 1 0 2 10 19 20 11 2 0 11 18 24 24
split_gain=0.790215 0.940983 3.61003 4.541 5.34209 3.15387 3.15171 5.40464 4.39689 3.08341 3.16774 2.87213 2.1598 2.07348 1.68058
threshold=943.50000000000011 10.500000000000002 4.5000000000000009 447.32000000000011 5.5000000000000009 171.50000000000003 0.19425000000000001 -0.43874999999999992 8.5000000000000018 26.500000000000004 461.49500000000006 180.50000000000003 9888.845000000003 2.5000000000000004 9.5000000000000018
decision_type=2 2 2 2 2 2 2 2 2 2 2 2 2 2 2
left_child=1 2 9 14 -5 11 8 -8 -7 10 -1 12 -3 -13 -4
right_child=-2 5 3 4 -6 6 7 -9 -10 -11 -12 13 -14 -15 -16
leaf_value=-0.011346664574453795 -0.016079077131293164 -0.013297714834264987 0.0098501440678244803 -0.02381653437433174 0.010185953900264902 -0.029336211813054083 -0.024117946238376684 0.00047871862474569132 0.00775934462726054 0.028739789840329811 0.00051812790524478458 0.0053757675620175896 0.032208769362660164 -0.022790504475882854 0.050182110519862169
leaf_weight=63.314229893498123 5.6259479997679582 2.7845984051236874 6.4078520815819484 11.522532960399984 75.249181233928539 6.4879673337563863 28.053366368170828 83.743695891927928 123.93365310528316 6.7880708323791614 396.26019027933944 6.4128361642360678 3.8804686371004209 36.272749599593226 6.8234042543917894
leaf_count=469 46 78 42 89 706 50 200 658 859 41 3186 78 167 428 51
internal_value=-4.7691e-05 8.29583e-05 0.00128124 0.00980748 0.00512322 -0.00220347 0.000140773 -0.00592088 0.00542327 -0.000559784 -0.00113687 -0.0134614 0.0133615 -0.018284 0.0351642
internal_weight=863.561 857.935 566.365 100.003 86.7717 291.569 242.219 111.797 130.422 466.362 459.574 49.3507 6.66507 42.6856 13.2313
internal_count=7148 7102 4584 888 795 2518 1767 858 909 3696 3655 751 245 506 93
is_linear=0
shrinkage=0.05


Tree=286
num_leaves=28
num_cat=0
split_feature=2 2 3 20 0 21 14 10 20 17 24 0 10 14 1 15 21 22 27 10 9 21 21 22 10 3 20
split_gain=0.7929 4.14479 3.75389 2.97962 4.09056 3.14493 2.51226 2.67452 1.98542 2.77331 1.82657 2.98413 4.67146 4.56503 4.09011 3.37824 3.2179 2.45731 4.07343 4.03206 3.2885 4.04751 3.74421 3.00138 1.70951 3.72598 3.51074
threshold=18.500000000000004 22.500000000000004 1.0000000180025095e-35 -0.26984999999999992 41775.265000000007 45852.000000000007 0.0060500000000000007 441.50000000000006 -0.51829999999999987 127338.56500000002 4.5000000000000009 19909.300000000007 483.50000000000006 0.030450000000000001 3.5000000000000004 1.5000000000000002 166.50000000000003 1.5000000000000002 9.5000000000000018 689.50000000000011 0.081900000000000014 20107.000000000004 131067.50000000001 3.5000000000000004 330.50000000000006 3.5000000000000004 -0.58489999999999986
decision_type=2 2 2 2 2 2 2 2 2 2 2 2 2 2 2 2 2 2 2 2 2 2 2 2 2 2 2
left_child=10 6 8 4 -4 -5 7 -2 -3 -10 11 12 13 -1 -13 -14 -16 20 23 -20 22 -22 -12 -19 26 -26 -8
right_child=1 2 3 5 -6 -7 24 -9 9 -11 17 14 15 -15 16 -17 -18 18 19 -21 21 -23 -24 -25 25 -27 -28
leaf_value=-0.012852175592424084 -0.01039386267885609 -0.003503066934378267 -0.012786905069162403 -0.0012719532193666873 0.015982799002978065 0.019599875794911802 0.0076066237044778431 0.029829858040249166 0.026780867572528583 -0.0068711499847101511 0.012083451625331074 -0.037308209463268759 -0.015890547880952823 0.020473743927676105 -0.021268939253012497 0.019767695413192857 0.010250162477993241 -0.0050480262231408536 -0.029600037563076199 0.011565539229783555 -0.020114815720726084 0.0069846058643588289 -0.002230195974015141 0.010205321401973264 -0.0011903871728466218 -0.032009714280488093 -0.034516505867118311
leaf_weight=12.173997211270033 7.0309465778991562 10.263225400820373 73.068750726873986 57.160188361653127 12.736155432183294 23.7341119479388 5.181494677904996 5.5552840018644929 27.115929012885317 6.3026993884704998 161.73439584858716 11.920879425713791 38.947186610195786 35.780939949443564 12.367528265807779 5.9330661855638018 16.315836421155836 73.036593546159565 20.498573528137062 6.4522012025117865 23.667619850486517 27.437275543110445 61.083529704948887 54.229836423648521 43.412925591692328 11.0323090525344 18.895477986196056
leaf_count=125 58 71 605 755 106 197 41 37 222 49 1230 96 267 252 123 37 159 553 174 48 178 247 470 504 301 74 169
internal_value=-4.34402e-05 -0.0021148 0.00171628 -0.00169079 -0.0081359 0.00505628 -0.0109155 0.00833023 0.0144421 0.0201222 0.0010544 -0.00398487 0.000922609 0.0116375 -0.0149564 -0.0103211 -0.00351467 0.00265948 -0.00232463 -0.0192812 0.00549826 -0.00566222 0.00813008 0.00143159 -0.0142548 -0.00852542 -0.0251798
internal_weight=863.069 301.489 210.381 166.699 85.8049 80.8943 91.1084 12.5862 43.6819 33.4186 561.579 133.439 92.8352 47.9549 40.6042 44.8803 28.6834 428.14 154.217 26.9508 273.923 51.1049 222.818 127.266 78.5222 54.4452 24.077
internal_count=7148 2685 2005 1663 711 952 680 95 342 271 4463 1059 681 377 378 304 282 3404 1279 222 2125 425 1700 1057 585 375 210
is_linear=0
shrinkage=0.05


Tree=287
num_leaves=26
num_cat=0
split_feature=23 25 17 27 17 10 18 9 17 0 8 9 17 20 25 11 19 18 18 9 9 20 10 15 10
split_gain=0.787091 2.47438 3.56151 3.15754 3.07445 3.24053 2.83266 2.37717 2.22214 4.70266 2.79619 3.15387 2.75167 5.34711 2.71406 2.57908 2.06684 2.05478 2.05397 3.85085 2.99807 1.78518 1.56903 0.814143 0.176777
threshold=1.5000000000000002 1.5000000000000002 93.950000000000017 7.5000000000000009 107460.675 382.50000000000006 1102884.3200000003 0.08950000000000001 108844.99500000001 11072.980000000001 0.14165000000000003 0.00175 40668.85500000001 -0.28059999999999996 3.5000000000000004 1434.5000000000002 0.0046500000000000005 15791.595000000003 2737.3750000000005 0.072300000000000017 0.083100000000000021 -0.54189999999999994 699.50000000000011 1.0000000180025095e-35 389.50000000000006
decision_type=2 2 2 2 2 2 2 2 2 2 2 2 2 2 2 2 2 2 2 2 2 2 2 2 2
left_child=8 7 3 22 5 -4 -6 17 12 16 11 -11 18 14 -14 -15 -10 -2 20 -20 -1 -19 -3 -12 -5
right_child=1 2 4 24 6 -7 -8 -9 9 10 23 -13 13 15 -16 -17 -18 21 19 -21 -22 -23 -24 -25 -26
leaf_value=0.00013772995414430492 -0.0084462408709948568 -0.035381727973495293 0.011382528752119699 0.0087320439610924314 -0.011317898527333487 -0.0030455104280199853 0.021403130875164308 -0.013561082744915293 0.0076119932070117698 -0.0069376530572107104 -0.033211489746120391 0.022146420151717361 -0.047575556902263498 -0.003761157422356172 -0.0099707136745748742 0.03515249375208522 0.04042562115141126 0 0.0010783020338015928 0.017650233314914891 -0.015554007772122444 0.030144023420643113 -0.0014676645311778643 -0.0031978290389125968 -0.0019076937305194767
leaf_weight=194.04407675738912 5.066740674898031 16.985774028580639 62.048560071969405 5.1602059586439264 83.489921784494072 95.977697994560003 5.1463328911922863 6.419580460060387 10.494861929677429 17.709738610312343 4.6209733157884312 15.500218795263207 8.579614976653831 12.539899069583045 12.94994205678813 3.9747060467489055 11.701702225022016 5.8351433624047813 175.22750944568543 42.426992953987792 33.83487571706064 16.985477612121031 5.1417413838207713 5.4154748553410172 4.8751525394618511
leaf_count=1471 38 149 544 45 679 688 54 49 69 146 39 218 59 155 127 45 87 48 1337 529 325 129 36 47 35
internal_value=-4.99982e-05 -0.00205394 -0.00365634 -0.0188164 -0.00150393 0.00262858 -0.00887738 0.010178 0.0010781 0.00958191 -6.13958e-05 0.00683977 -8.68593e-05 -0.0126624 -0.0281515 0.00784996 0.0272357 0.016519 0.00101641 0.00448546 -0.00226369 0.0226988 -0.0286905 -0.0210698 0.00327431
internal_weight=862.153 313.132 278.825 32.1629 246.663 158.026 88.6363 34.3069 549.021 65.443 43.2464 33.21 483.578 38.0442 21.5296 16.5146 22.1966 27.8874 445.533 217.655 227.879 22.8206 22.1275 10.0364 10.0354
internal_count=7148 2494 2230 265 1965 1232 733 264 4654 606 450 364 4048 386 186 200 156 215 3662 1866 1796 177 185 86 80
is_linear=0
shrinkage=0.05


Tree=288
num_leaves=23
num_cat=0
split_feature=3 0 20 17 2 13 0 8 0 14 2 10 6 0 14 7 6 6 0 18 30 14
split_gain=0.84278 2.77874 2.59742 2.52625 3.24889 2.20224 8.01549 4.3364 4.09471 5.23218 3.254 3.21612 2.17188 3.78715 3.22182 1.91239 3.19408 2.91114 1.48094 1.41561 1.16328 0.351717
threshold=3.5000000000000004 184177.36000000002 2.7142000000000004 294473.48000000004 22.500000000000004 1.0000000180025095e-35 4229.8950000000013 0.16135000000000002 5400.5850000000009 0.015600000000000001 24.500000000000004 1.0000000180025095e-35 8.5000000000000018 61112.250000000007 0.15095000000000003 3.5000000000000004 5.5000000000000009 3.5000000000000004 246221.38500000004 51614.535000000011 1.0000000180025095e-35 0.26285000000000008
decision_type=2 2 2 2 2 2 2 2 2 2 2 2 2 2 2 2 2 2 2 2 2 2
left_child=1 12 5 4 19 8 7 -7 10 -10 -2 -8 15 14 -14 16 -1 -17 -6 -3 21 -4
right_child=2 3 20 -5 18 6 11 -9 9 -11 -12 -13 13 -15 -16 17 -18 -19 -20 -21 -22 -23
leaf_value=0.0098215240744861983 0.00016663121178302879 -0.010156470924798424 0.038343331989802325 0.010384151027309522 -0.018639869216291249 -0.027927238580503333 -0.015571073962796396 0.0063796293781171552 0.026328787123340438 -0.016690790070666723 0.029600226045422381 0.020933521170629819 -0.0019925427158512306 0.019940070335431062 -0.02890002672506144 -0.0091149375997726274 -0.007736882886019896 0.0042763803346386568 0.009993277410352084 -0.041499497528491587 -0.00017106958568096508 0.0064619305651699779
leaf_weight=30.872868571430445 47.898929396877065 8.5471484471345338 5.6632387964054924 7.5992046804167321 5.1675996561534694 17.844341278076172 4.9637168017216018 15.342785525135694 6.0377723081037393 58.100349473068491 9.906199684366582 56.278223280794919 24.340530989225954 7.1449757684022179 20.515181140042841 43.642744083655998 116.76010634470731 346.94531865802128 10.139349760487674 11.605937048560007 3.0983125055208793 3.0006278823129833
leaf_count=220 368 171 70 68 42 109 52 108 113 635 76 657 174 53 143 295 863 2590 92 158 39 52
internal_value=-4.91964e-05 -0.000999518 0.00253112 -0.012969 -0.0185278 0.00113211 0.00682345 -0.0123215 -0.00323339 -0.0118161 0.00619915 0.0174178 -6.85583e-05 -0.00964474 -0.0152206 0.000870423 -0.00391606 0.0027158 -0.000132388 -0.030775 0.0236355 0.0315221
internal_weight=861.415 633.281 228.134 43.0592 35.46 216.372 94.4291 33.1871 121.943 64.1381 57.8051 61.2419 590.222 52.0007 44.8557 538.221 147.633 390.588 15.3069 20.1531 11.7622 8.66387
internal_count=7148 4869 2279 531 463 2118 926 217 1192 748 444 709 4338 370 317 3968 1083 2885 134 329 161 122
is_linear=0
shrinkage=0.05


Tree=289
num_leaves=21
num_cat=0
split_feature=3 11 23 20 14 22 2 2 0 10 27 11 16 22 25 28 2 10 11 20
split_gain=0.786136 1.95679 3.74318 3.04275 1.893 2.60496 2.77478 4.74609 3.35155 2.10043 3.17617 2.86517 1.7982 8.78365 3.09524 1.54638 0.686598 0.524697 0.45897 0.0425446
threshold=2.5000000000000004 2067.5000000000005 1.5000000000000002 7.6467000000000009 0.6453000000000001 1.5000000000000002 18.500000000000004 22.500000000000004 124603.61500000002 628.50000000000011 7.5000000000000009 818.50000000000011 1.5000000000000002 1.0000000180025095e-35 3.5000000000000004 3.5000000000000004 20.500000000000004 490.50000000000006 538.50000000000011 -0.31624999999999998
decision_type=2 2 2 2 2 2 2 2 2 2 2 2 2 2 2 2 2 2 2 2
left_child=1 3 17 12 5 6 8 -8 -2 10 -7 -11 14 -14 -1 -6 19 -3 -18 -17
right_child=4 2 -4 -5 15 9 7 -9 -10 11 -12 -13 13 -15 -16 16 18 -19 -20 -21
leaf_value=-0.0013995659573366982 0.0094119962923662741 0.039188772369460383 -0.014947263112269772 -0.034107307197246486 -0.0082872786435770271 -0.0025702591234028679 -0.018420506430862429 0.0038199689097273034 -0.010516964124753914 -0.0099455719412658312 -0.024100533687968103 0.017051962669246284 0.034874577425130303 -0.0015476377749413812 -0.015207687502100588 0.012479797207115546 -0.01160840100615905 0.010672065546115508 0.013135575913599852 0.036770224885280277
leaf_weight=183.46263631130569 163.75170501600951 5.6512566478922981 5.7667705230414859 5.4085053085582322 3.2495869977865395 50.649447635747492 32.723029925953597 74.689976074500009 22.032200995949097 16.745585643686354 25.370690154610202 18.366176550975069 16.343564541544765 165.06598223815672 51.085187860997394 5.107593706343323 1.4115921361371868 6.2815920729190111 1.99444581172429 5.1492492014076543
leaf_count=1322 1231 39 43 91 33 471 233 633 261 150 242 175 327 1234 374 62 30 42 62 93
internal_value=-4.49835e-05 -0.00153323 0.0138141 -0.00226373 0.00148252 0.000729761 0.00322038 -0.00307699 0.00690852 -0.00569356 -0.0103175 0.00406469 -0.00166453 0.0020237 -0.00455244 0.0169699 0.0239067 0.0285817 0.000530188 0.0295003
internal_weight=860.307 439.065 17.6996 421.366 421.241 404.329 293.197 107.413 185.784 111.132 76.0201 35.1118 415.957 181.41 234.548 16.9125 13.6629 11.9328 3.40604 10.2568
internal_count=7148 3472 124 3348 3676 3396 2358 866 1492 1038 713 325 3257 1561 1696 280 247 81 92 155
is_linear=0
shrinkage=0.05


Tree=290
num_leaves=23
num_cat=0
split_feature=24 2 20 27 14 29 28 19 19 0 21 8 8 24 28 21 23 24 29 27 21 21
split_gain=0.790993 1.9949 3.24477 2.50944 1.64853 1.29898 1.02424 2.42344 2.86132 2.57751 2.56256 1.89007 1.21223 2.9886 4.1624 2.25779 1.57783 3.33213 2.79449 0.892506 0.300404 0.68372
threshold=48.500000000000007 13.500000000000002 -0.49349999999999999 5.5000000000000009 0.24110000000000001 4.5000000000000009 20.500000000000004 0.16275000000000003 0.094750000000000015 144941.89000000004 127519.00000000001 0.22930000000000003 0.50385000000000013 11.500000000000002 8.5000000000000018 166.50000000000003 1.5000000000000002 4.5000000000000009 4.5000000000000009 5.5000000000000009 1824.0000000000002 34943.000000000007
decision_type=2 2 2 2 2 2 2 2 2 2 2 2 2 2 2 2 2 2 2 2 2 2
left_child=6 20 -3 4 -4 -5 12 8 11 10 -9 -8 16 14 -14 -15 18 -18 -1 -11 -2 -22
right_child=1 2 3 5 -6 -7 7 9 -10 19 -12 -13 13 15 -16 -17 17 -19 -20 -21 21 -23
leaf_value=-0.0013714611951379727 0.030075295904530615 -0.02714320768273364 -0.021377669104619051 0.033814856181421403 0.011381290005400954 0 -0.0093174371917058973 -0.026787802149827591 0.02872162247385009 0.021484318009769424 0.0064411855244250783 0.016884561539769062 -0.024411899560289493 -0.0038694158878436673 0.0092232825230357772 0.02316438145891421 -0.026171158720507966 -0.0021528051234668238 0.0072640415713723719 -0.0056307660155867703 -0.0019104962053075208 0.01964036845098872
leaf_weight=303.05473990249448 4.8960942695848635 7.0123262142296872 6.8244508802890831 6.9767352347262186 4.6883665593340993 4.4976298687979579 28.179769775830209 26.160016094334424 6.5326449149288228 4.0871673952788106 5.8863525106571606 6.8071034699678412 13.033704122761263 9.0795959713868779 21.418838238343596 26.509010015521199 13.69125621486455 212.92855839396361 132.5918264061911 3.9102460842113942 5.0028318250551802 5.7034768546000123
leaf_count=2378 53 61 60 73 55 95 210 200 49 44 43 48 156 75 157 256 140 1653 1218 40 40 44
internal_value=-4.10184e-05 0.00621116 -0.00123938 0.00780256 -0.00758716 0.0228202 -0.000417957 -0.00566601 0.00258682 -0.0141768 -0.0203707 -0.00331182 0.000166785 0.00633692 -0.00386812 0.0161624 -0.000487828 -0.00386387 0.00125514 0.00875221 0.0196179 0.0100675
internal_weight=859.473 45.6019 29.9995 22.9872 11.5128 11.4744 813.871 81.5633 41.5195 40.0438 32.0464 34.9869 732.308 70.0411 34.4525 35.5886 662.266 226.62 435.647 7.99741 15.6024 10.7063
internal_count=7148 481 344 283 115 168 6667 634 307 327 243 258 6033 644 313 331 5389 1793 3596 84 137 84
is_linear=0
shrinkage=0.05


Tree=291
num_leaves=14
num_cat=0
split_feature=0 17 22 0 14 14 19 11 11 9 29 14 14
split_gain=0.751855 1.79511 3.03822 1.70684 1.17151 2.32099 3.39834 2.05508 6.52009 3.13926 1.87368 1.04114 1.02027
threshold=96.415000000000006 258.50000000000006 1.5000000000000002 108.28500000000001 0.004850000000000001 0.028650000000000005 0.31560000000000005 659.50000000000011 549.50000000000011 0.19190000000000004 1.5000000000000002 0.091950000000000018 0.036050000000000006
decision_type=2 2 2 2 2 2 2 2 2 2 2 2 2
left_child=1 12 11 -2 7 6 -6 8 -5 -9 -7 -3 -1
right_child=3 2 -4 4 5 10 -8 9 -10 -11 -12 -13 -14
leaf_value=-0.0018078833183022066 0.027309380781986928 0 -0.018870250456801914 0.00602963172178996 0 -0.0039902091235769583 -0.026079001045422757 0.0046471468258756773 -0.044368208086161424 0.033348799214106321 0.0018181608393781652 0.026985689524172046 -0.032628141603121823
leaf_weight=5.4282288104295713 3.7961370833218089 7.2071077642031032 8.9859165446832758 30.977371870540082 29.497675851453096 192.13198413315695 19.403370076324791 47.62123754969798 5.9398798588663331 10.628461127169428 484.40887288260274 6.6680995961651206 6.2752094643656164
leaf_count=44 29 50 67 284 196 1611 142 331 37 75 4181 49 52
internal_value=-3.15548e-05 -0.00705794 0.00102021 0.000267306 6.39599e-05 -0.000612682 -0.010912 0.00523125 -0.00368569 0.0109833 0.000146995 0.0152861 -0.0214132
internal_weight=858.97 34.5646 22.8611 824.405 820.609 725.442 48.901 95.167 36.9173 58.2497 676.541 13.8752 11.7034
internal_count=7148 262 166 6886 6857 6130 338 727 321 406 5792 99 96
is_linear=0
shrinkage=0.05


Tree=292
num_leaves=11
num_cat=0
split_feature=10 20 10 6 17 25 10 10 24 10
split_gain=0.742366 2.76804 2.48155 1.95084 2.68123 2.30077 1.44407 2.30704 4.94435 1.73325
threshold=888.50000000000011 -0.58094999999999986 879.50000000000011 5.5000000000000009 143476.37500000003 6.5000000000000009 873.50000000000011 835.50000000000011 7.5000000000000009 800.50000000000011
decision_type=2 2 2 2 2 2 2 2 2 2
left_child=2 -2 6 -3 5 -5 7 9 -9 -1
right_child=1 3 -4 4 -6 -7 -8 8 -10 -11
leaf_value=0.00011737908713789956 -0.031191431578348472 -0.019758946490163919 0.027123305903708733 0.020014087806965841 -0.022387070603463472 -0.0091779837116081169 -0.022174126985298814 -0.0087188187206437475 0.026484166948436902 -0.011978360427089489
leaf_weight=732.59667361777974 6.9326293407939366 8.1411259304732067 6.5463669928722075 20.432573396014053 5.1229960597120217 7.7305059791542581 5.2514983769506207 15.225220849271862 21.904215092072263 28.808837486780249
leaf_count=6178 49 59 59 154 39 69 39 109 183 210
internal_value=-3.21889e-05 -0.00593333 0.000321416 -0.000234413 0.00510678 0.0115924 2.39405e-05 0.000237449 0.0120855 -0.000357363
internal_weight=858.693 48.3598 810.333 41.4272 33.2861 28.1631 803.786 798.535 37.1294 761.406
internal_count=7148 370 6778 321 262 223 6719 6680 292 6388
is_linear=0
shrinkage=0.05


Tree=293
num_leaves=23
num_cat=0
split_feature=3 0 9 20 29 25 22 26 0 21 6 0 14 28 19 10 11 27 28 14 14 23
split_gain=0.741853 2.49888 2.82247 2.48642 2.28274 2.64531 2.33736 2.10335 3.83669 2.05708 1.98606 3.44428 2.93296 1.97156 2.21859 1.81201 2.46749 1.80777 1.52135 1.11083 0.402721 0.0415121
threshold=3.5000000000000004 184177.36000000002 0.010350000000000002 2.7142000000000004 3.5000000000000004 3.5000000000000004 1.5000000000000002 9.5000000000000018 24555.770000000004 63.500000000000007 8.5000000000000018 61112.250000000007 0.15095000000000003 22.500000000000004 0.23825000000000005 31.500000000000004 3.5000000000000004 9.5000000000000018 4.5000000000000009 0.19495000000000004 0.27050000000000002 1.5000000000000002
decision_type=2 2 2 2 2 2 2 2 2 2 2 2 2 2 2 2 2 2 2 2 2 2
left_child=1 10 9 7 6 -6 -4 13 21 -3 15 12 -12 14 -2 16 -1 -17 -5 -11 -20 -9
right_child=3 2 4 18 5 -7 -8 8 -10 19 11 -13 -14 -15 -16 17 -18 -19 20 -21 -22 -23
leaf_value=0.024758830733001877 -0.0040669297646672951 0.0040510261895669464 -0.030682276963421091 -0.0044564553674507111 0.033665184587590095 -0.010244273274341336 0.010568967761415693 0.044878733134893115 -0.0096673725257702663 -0.012481545430786684 -0.0019129520675251297 0.018991518827878199 -0.02766615106451193 -0.022283489097135303 0.0065078063834211027 0.00015043486906702718 -0.015533965692459026 0.0078825339340347737 0.038594601560271127 -0.042980255980147694 0.0059752960312244585 0.0098075406053064178
leaf_weight=2.369221848202872 104.90318001201376 4.1965367897646528 6.1074558820109832 2.7230810942128292 6.1238314645597693 4.2006667973473668 4.1290134880691767 4.9795413659885508 5.4237014376558363 8.9924997126217949 24.272389376536012 7.1257614633068433 20.386573433876038 7.7090080315247169 90.070746052777395 416.04881305363961 27.535980976652354 91.189973252825439 5.9462768170051259 8.7967924295226094 2.9458014941774309 2.32457907916978
leaf_count=211 841 66 78 31 64 44 42 105 58 123 174 53 143 63 1029 2776 372 609 76 114 54 22
internal_value=-3.77686e-05 -0.000930781 -0.0123501 0.00238893 0.000708795 0.0162253 -0.014218 0.00102083 0.019275 -0.0240204 -4.98671e-05 -0.00922745 -0.0145654 -0.000253757 0.000783915 0.000847321 -0.0106764 0.00158563 0.0231498 -0.030888 0.0317879 0.0392994
internal_weight=858.501 631.476 42.5468 227.026 20.561 10.3245 10.2365 215.411 12.7278 21.9858 588.929 51.7847 44.659 202.683 194.974 537.144 29.9052 507.239 11.6152 17.7893 8.89208 7.30412
internal_count=7148 4869 531 2279 228 108 120 2118 185 303 4338 370 317 1933 1870 3968 583 3385 161 237 130 127
is_linear=0
shrinkage=0.05


Tree=294
num_leaves=24
num_cat=0
split_feature=18 28 0 20 27 11 21 24 11 19 11 18 0 3 12 19 21 24 21 3 29 24 19
split_gain=0.727444 2.31841 3.28886 2.77131 2.81581 2.43396 4.11399 3.34675 3.00542 3.13212 2.45026 1.83561 4.96332 2.88669 2.58619 2.63403 2.35792 1.96459 1.75594 1.34733 1.30052 1.27889 0.614321
threshold=9044.6100000000024 18.500000000000004 262.64500000000004 0.058250000000000003 1.5000000000000002 1764.5000000000002 99315.000000000015 1.0000000180025095e-35 867.50000000000011 0.23310000000000003 138.50000000000003 14183.960000000001 2133.3400000000006 2.5000000000000004 1.0000000180025095e-35 4.1957000000000013 4421.0000000000009 6.5000000000000009 1099.0000000000002 3.5000000000000004 4.5000000000000009 28.500000000000004 0.18730000000000005
decision_type=2 2 2 2 2 2 2 2 2 2 2 2 2 2 2 2 2 2 2 2 2 2 2
left_child=1 5 -3 4 -4 8 7 -7 10 -10 -1 12 13 -2 15 18 22 -14 -13 -17 -19 -18 -16
right_child=11 2 3 -5 -6 6 -8 -9 9 -11 -12 14 17 -15 16 19 21 20 -20 -21 -22 -23 -24
leaf_value=0.0051117334090049109 0.011317016785047495 0.015898761600148331 0.0082207068167703696 0.0093870792526570303 -0.024906915985545619 0.013361086447077437 0.016623000981349757 -0.025758029935810375 0 0.017227267126561106 -0.008576026085079274 0.0067337055824099393 0.0013635664577241226 -0.026906351469247143 0.019372286480364098 -0.023748763308762102 -0.031947429355588315 0.041482106686406457 -8.4384075150877245e-05 6.4574328862740326e-05 0.0046374145233298346 0.0010658155926833947 -0.0040788397961018718
leaf_weight=53.411734552122653 7.2982031172141424 8.0789794158190471 6.1146025769412509 7.9410052234306923 38.576383558567613 5.0356979691423467 8.6518255788832885 27.359047543955967 54.174393714405596 49.592707738047466 76.459725395077839 132.76280615758151 7.3726074099540737 8.4893644936382753 2.6984100928530124 13.561012944439426 12.401487099123186 11.989034148398789 306.03623040835373 8.2554838850628585 4.3338205360923885 2.805293147917836 4.3758454662747681
leaf_count=517 50 56 46 60 270 38 68 206 397 386 640 1239 54 56 33 119 223 103 2182 125 97 51 132
internal_value=-3.20492e-05 -0.00185423 -0.0105303 -0.0152037 -0.0200023 8.94647e-05 -0.010806 -0.018963 0.00212153 0.00841034 -0.00287873 0.00112143 0.0112201 -0.00938873 0.000232237 0.00108636 -0.0156483 0.0250024 0.001977 -0.0150691 0.0338194 -0.0258601 0.00606252
internal_weight=857.776 335.396 60.711 52.632 44.691 274.685 41.0466 32.3947 233.639 103.767 129.871 522.38 39.483 15.7876 482.897 460.616 22.281 23.6955 438.799 21.8165 16.3229 15.2068 7.07426
internal_count=7148 2684 432 376 316 2252 312 244 1940 783 1157 4464 360 106 4104 3665 439 254 3421 244 200 274 165
is_linear=0
shrinkage=0.05


Tree=295
num_leaves=23
num_cat=0
split_feature=21 21 23 21 9 29 11 23 18 18 18 20 27 24 25 18 16 9 0 2 20 2
split_gain=0.718255 2.70589 2.71826 2.60258 3.45583 2.52885 4.55942 4.00428 2.92358 5.12558 4.26596 2.40098 3.89709 2.06205 2.20795 4.34974 3.89978 1.8728 1.63195 3.46479 1.05816 0.897811
threshold=17170.500000000004 14049.000000000002 1.5000000000000002 36236.500000000007 0.14625000000000002 3.5000000000000004 358.00000000000006 1.5000000000000002 28127.845000000005 62938.130000000005 12900.345000000003 -0.21139999999999998 1.5000000000000002 50.500000000000007 2.5000000000000004 18995.010000000006 1.5000000000000002 0.00055000000000000003 13826.700000000003 18.500000000000004 -0.20039999999999999 18.500000000000004
decision_type=2 2 2 2 2 2 2 2 2 2 2 2 2 2 2 2 2 2 2 2 2 2
left_child=1 13 -3 4 11 6 7 -5 10 -10 -7 12 -2 14 15 -1 -16 -8 19 -15 -20 -13
right_child=3 2 -4 5 -6 8 17 -9 9 -11 -12 21 -14 18 16 -17 -18 -19 20 -21 -22 -23
leaf_value=-0.00049143288459294325 -0.033489921818482059 0.038154615532952775 -0.00036702096565983868 -0.029943289483376625 0.016058406223034682 0.0061110722414879724 -0.0044473999570549079 0.0057123429127397176 -0.025501249414025675 0.0057943179252883774 0.038993750802792736 -0.01370915617214327 0.0020500575731690319 0.045672545645937437 -0.021839395502827055 0.016541495720206377 -0.0011492314294988919 0.0080535472777515122 -0.011172693401430081 -0.0086211042728540892 0.016892473960577414 -0.042984941133338145
leaf_weight=141.61242251773365 8.3775571696460229 7.7129328651353699 7.6429791050031781 24.278313016984612 8.1367984865792078 53.999296079738997 71.924701885087416 9.8239208166487497 15.440096139442174 49.844440085813403 10.743496566079555 9.4243900263682026 27.571073113474995 6.4312427523545939 23.124757340177894 48.419170229579322 263.70227337337565 48.182519099791534 6.1231609829701483 3.2474772898713127 3.7170123372925428 7.5859007444232693
leaf_count=1135 55 50 65 183 78 468 534 85 113 374 80 88 188 66 159 406 2345 402 65 58 90 61
internal_value=-2.31431e-05 0.0011525 0.0205725 -0.00179067 -0.0109803 0.000212583 -0.00405828 -0.0196475 0.00533822 -0.00199661 0.0127225 -0.0157498 -0.00729726 0.000451513 -0.000210146 0.00392348 -0.00299163 0.000535387 0.0155981 0.0282426 0 -0.0304397
internal_weight=857.066 511.733 15.3559 345.333 61.0957 284.237 154.209 34.1022 130.027 65.2845 64.7428 52.9589 35.9486 496.378 476.859 190.032 286.827 120.107 19.5189 9.67872 9.84017 17.0103
internal_count=7148 4439 115 2709 470 2239 1204 268 1035 487 548 392 243 4324 4045 1541 2504 936 279 124 155 149
is_linear=0
shrinkage=0.05


Tree=296
num_leaves=18
num_cat=0
split_feature=3 21 1 11 23 20 1 1 24 20 24 20 11 11 10 11 13
split_gain=0.732377 2.12803 1.8771 1.79938 3.86115 2.79985 1.77882 4.74644 3.12417 5.40071 4.46088 2.95204 2.63687 1.61428 4.00792 3.60374 0.452372
threshold=2.5000000000000004 461755.00000000006 7.5000000000000009 2050.5000000000005 1.5000000000000002 7.6467000000000009 4.5000000000000009 8.5000000000000018 10.500000000000002 -0.38184999999999997 9.5000000000000018 -0.59639999999999993 1751.5000000000002 1673.5000000000002 393.50000000000006 1594.5000000000002 1.0000000180025095e-35
decision_type=2 2 2 2 2 2 2 2 2 2 2 2 2 2 2 2 2
left_child=3 6 -3 5 16 13 8 12 10 -10 -2 -9 -8 15 -15 -1 -5
right_child=1 2 -4 4 -6 -7 7 11 9 -11 -12 -13 -14 14 -16 -17 -18
leaf_value=-0.0014593332013576451 -0.0039860207054931212 0.00041622032205351983 -0.034372446300828238 0.010805358448437156 -0.014569491839241262 -0.032981073952036637 0.026331975490158161 0.016659815892909723 0.017277048361518232 -0.004292455907447066 -0.042168222170855835 -0.0015741290836794022 -0.0064305408517646564 0.0059787613066961337 -0.018534300340676081 0.021244744227566358 0.03601781095586544
leaf_weight=329.48625843855552 94.518845472717658 6.6502587944269163 5.6529853641986847 7.2847340451553482 7.0515259644016615 5.3095835299463934 32.46988089219667 24.674444834701717 47.247064594179392 68.030769281554967 6.5086712483316651 127.55091283563524 6.0737649286165825 25.903733315179124 39.204235805431381 16.440084345638752 6.5932651972398162
leaf_count=2631 740 47 43 53 51 91 327 178 393 720 47 1129 52 211 269 121 45
internal_value=-2.1551e-05 0.00145587 -0.0174402 -0.00146145 0.0121223 -0.00222289 0.00213389 0.00563474 -0.000931181 0.0046065 -0.00731379 0.00149432 0.02086 -0.00164358 -0.00874504 -0.000235665 0.0264413
internal_weight=856.651 419.378 12.3032 437.273 20.9295 416.344 407.074 190.769 216.305 115.278 101.028 152.225 38.5436 411.034 65.108 345.926 13.878
internal_count=7148 3676 90 3472 149 3323 3586 1686 1900 1113 787 1307 379 3232 480 2752 98
is_linear=0
shrinkage=0.05


Tree=297
num_leaves=10
num_cat=0
split_feature=0 0 0 25 2 29 2 0 2
split_gain=0.728758 1.75205 1.58459 2.95836 1.45782 1.33083 1.10428 3.93246 2.40722
threshold=96.415000000000006 55.010000000000012 108.28500000000001 1.0000000180025095e-35 12.500000000000002 3.5000000000000004 1.5000000000000002 5890.2700000000013 4.5000000000000009
decision_type=2 2 2 2 2 2 2 2 2
left_child=1 5 -2 -4 -3 -1 7 -5 -8
right_child=2 4 3 6 -6 -7 8 -9 -10
leaf_value=-0.0086460894205773482 0.026330270920383515 -0.00079904436690351587 -0.033844106280745682 0.020630586578529817 -0.032431757298748344 0.014854394931116642 -0.007476778980102009 -0.012367139980425079 0.00098506078869112831
leaf_weight=10.449168937280776 3.7944555887952438 7.328324066475032 4.3733888840069985 22.724679021863267 7.1814852389506996 9.4214211087673885 93.74773100623861 12.171457353979347 685.00680170994019
leaf_count=79 29 55 268 192 62 66 659 88 5650
internal_value=-2.40652e-05 -0.0069599 0.000270146 7.31459e-05 -0.0190932 0.00237861 0.000350252 0.00880375 -3.73244e-05
internal_weight=856.199 34.3804 821.819 818.024 14.5098 19.8706 813.651 34.8961 778.755
internal_count=7148 262 6886 6857 117 145 6589 280 6309
is_linear=0
shrinkage=0.05


Tree=298
num_leaves=13
num_cat=0
split_feature=10 14 14 28 10 24 3 10 10 24 10 25
split_gain=0.719126 2.52404 3.85757 3.38525 2.27356 2.23406 3.40392 1.33651 2.09954 4.44241 1.59439 1.23127
threshold=888.50000000000011 0.10575000000000002 0.36675000000000008 11.500000000000002 879.50000000000011 23.500000000000004 2.5000000000000004 873.50000000000011 835.50000000000011 7.5000000000000009 800.50000000000011 3.5000000000000004
decision_type=2 2 2 2 2 2 2 2 2 2 2 2
left_child=4 5 3 11 7 6 -2 8 10 -10 -1 -3
right_child=1 2 -4 -5 -6 -7 -8 -9 9 -11 -12 -13
leaf_value=0.00012972839922381814 -0.0020939348077117174 -0.01751895288224399 -0.02455173018270259 0.03257984792016657 0.026054459464358661 0.0042043486864994858 -0.051334998946470062 -0.021369803191216914 -0.0081478674040790927 0.025288709594060151 -0.011490201312025428 0.010350053036246669
leaf_weight=730.19166457367828 7.2340580085292476 6.0907735549844855 6.9009655797854057 10.12952089589089 6.4942227667197576 6.0475693233311167 6.1935150518547744 5.2170399986207476 15.167952845804392 21.737938981037587 28.7093588730786 5.5344903171062469
leaf_count=6178 48 48 62 82 59 45 44 39 109 183 210 41
internal_value=-2.75122e-05 -0.0058493 0.00335612 0.0139516 0.000320727 -0.0189109 -0.0291653 3.52695e-05 0.000241348 0.0115772 -0.000325759 -0.00394558
internal_weight=855.649 48.1309 28.6558 21.7548 807.518 19.4751 13.4276 801.024 795.807 36.9059 758.901 11.6253
internal_count=7148 370 233 171 6778 137 92 6719 6680 292 6388 89
is_linear=0
shrinkage=0.05


Tree=299
num_leaves=30
num_cat=0
split_feature=23 19 11 27 21 3 18 27 21 28 11 19 10 18 17 17 19 18 17 20 21 22 11 9 17 16 27 28 16
split_gain=0.714825 2.40675 4.4238 3.39773 3.57587 3.39909 2.88276 4.57315 3.71969 3.61647 3.2383 3.04158 2.19084 2.94164 2.37365 1.9766 3.04312 3.48034 2.56212 5.18254 2.59626 2.55882 2.4946 2.45915 2.54011 1.91925 6.0367 1.58156 1.33857
threshold=1.5000000000000002 0.4512500000000001 618.50000000000011 2.5000000000000004 4770.5000000000009 3.5000000000000004 19922.160000000003 5.5000000000000009 74.500000000000014 7.5000000000000009 642.50000000000011 0.0079500000000000022 220.50000000000003 75581.930000000008 103410.63500000002 108844.99500000001 0.15770000000000003 522368.91000000003 40668.85500000001 -0.28059999999999996 5431.0000000000009 2.5000000000000004 895.50000000000011 0.0030500000000000002 338044.38500000007 1.5000000000000002 10.500000000000002 18.500000000000004 2.5000000000000004
decision_type=2 2 2 2 2 2 2 2 2 2 2 2 2 2 2 2 2 2 2 2 2 2 2 2 2 2 2 2 2
left_child=15 6 12 5 -5 -4 9 8 -8 -2 -11 -9 13 -3 -14 18 17 22 25 21 -21 -20 -17 28 -25 27 -27 -1 -18
right_child=1 2 3 4 -6 -7 7 11 -10 10 -12 -13 14 -15 -16 16 23 -19 19 20 -22 -23 -24 24 -26 26 -28 -29 -30
leaf_value=0.00075530342116301584 0.0072412098930736109 -0.02256028326381666 -0.002101731917187578 0.0033707787713631284 -0.022839613504848887 0.038898680175385281 0.011594757310081602 -0.0082408560407574664 -0.014169882266399281 -0.045864608766102107 -0.0090685318376907218 0.01230460818228973 0.03416099245407455 0.024232197869625507 0 0.041341826549473965 0 -0.0064179923344279861 -0.036630603233441965 0.023916506204207478 -0.011834000766609962 0.00050345514967967435 0.0078240548801393091 0.023600466396848697 -0.014105172543241376 0.010982955341471482 -0.028993642678542816 -0.0082083786389291619 -0.02872565970204399
leaf_weight=284.69368288025726 9.2642631405033153 5.4904048903845233 11.539508587215098 23.561614500591531 24.51616927376017 6.2274824008345595 14.974292554426937 23.438067548908293 77.900913492310792 10.723799291066827 15.314241365529595 58.435704066418111 18.274683726718653 4.0538267358206213 6.6932661971077314 13.605704426765444 7.9942541681230086 8.6449570555705559 15.969962995033713 9.162342822877692 7.2297083190642288 5.474461668636649 11.724669496528803 10.680803525960071 4.9162735845893613 92.158811623463407 8.4636356898117793 57.150753738358617 7.1375099145807326
leaf_count=2216 65 63 96 218 227 67 103 176 591 78 116 441 149 49 55 100 75 77 121 134 66 65 92 138 60 781 254 411 64
internal_value=-3.05723e-05 -0.00194986 0.00431075 -0.00321137 -0.0101733 0.0142451 -0.00500062 -0.00221426 -0.00975359 -0.017667 -0.0267703 0.00624756 0.0183257 -0.00106444 0.0256378 0.00104741 0.0091136 0.0190195 -5.1784e-05 -0.0122186 0.00803281 -0.02749 0.0279012 -0.00202624 0.0108949 0.00101644 0.00702344 -0.000753222 -0.0156454
internal_weight=855.416 310.408 100.357 65.8448 48.0778 17.767 210.051 174.749 92.8752 35.3023 26.038 81.8738 34.5122 9.54423 24.9679 545.008 64.7042 33.9753 480.303 37.8365 16.3921 21.4444 25.3304 30.7288 15.5971 442.467 100.622 341.844 15.1318
internal_count=7148 2494 924 608 445 163 1570 1311 694 259 194 617 316 112 204 4654 606 269 4048 386 200 186 192 337 198 3662 1035 2627 139
is_linear=0
shrinkage=0.05


Tree=300
num_leaves=21
num_cat=0
split_feature=7 9 27 7 6 20 27 10 20 2 20 6 14 20 24 25 8 9 2 10
split_gain=0.696709 3.88313 3.69152 4.77878 3.48445 3.98768 2.3597 2.25374 2.05988 3.116 2.96375 1.79445 2.28509 2.31489 2.13563 2.69641 1.75123 1.67467 1.49186 1.14081
threshold=3.5000000000000004 0.54030000000000011 3.5000000000000004 2.5000000000000004 7.5000000000000009 -0.66629999999999989 7.5000000000000009 910.50000000000011 -0.70219999999999982 16.500000000000004 -0.88914999999999988 8.5000000000000018 0.0082000000000000007 0.43835000000000007 42.500000000000007 1.5000000000000002 0.16005000000000003 0.051350000000000007 18.500000000000004 379.50000000000006
decision_type=2 2 2 2 2 2 2 2 2 2 2 2 2 2 2 2 2 2 2 2
left_child=2 11 3 4 5 -1 -3 8 10 -10 -4 14 -13 -14 15 -2 -5 -18 -16 -8
right_child=1 6 7 16 -6 -7 19 -9 9 -11 -12 12 13 -15 18 -17 17 -19 -20 -21
leaf_value=-0.023921379557442824 0.006146650105350121 0.042144525552019155 -0.011890352704964038 -0.027400362059681566 0.044128297111644774 0.014013096793308699 -0.023603725200990924 -0.034452286455982355 -0.022730165271952971 -0.0035475342255720517 0.024146487124711402 0.014939203438515873 -0.016325954376371198 0.014708289687741648 0.019342179778073655 -0.0019822385127788926 0.012121808580777192 -0.019640479250241167 0.00011944729279060395 0.01497910593161602
leaf_weight=6.1509471223689607 137.64775506732985 6.9939562192885187 7.9572687009349492 8.7279572836123425 6.530620777513831 43.303533205529675 1.5297158439643683 5.2455751863308242 25.478730447648559 105.60999770800117 11.277258940739555 7.0255041350610545 42.218930119066499 5.0289286538027218 24.067576710600406 375.73090400430374 8.6596752703189832 4.7929050237871698 18.245348570519127 2.068382979137823
leaf_count=49 1214 159 60 80 50 370 30 38 248 852 84 51 319 58 186 2885 73 41 246 55
internal_value=-3.08413e-05 0.000833994 -0.00235696 0.00633877 0.0140778 0.0083542 0.0283252 -0.0068146 -0.00534483 -0.00763661 0.00905147 0.000249257 -0.00824011 -0.0123565 0.00112291 0.000193281 -0.0123302 0 0.0116585 -0.00221034
internal_weight=854.291 620.557 233.734 78.1656 55.9851 49.4545 10.5921 155.569 150.323 131.089 19.2345 609.965 54.2734 47.2479 555.692 513.379 22.1805 13.4526 42.3129 3.5981
internal_count=7148 5203 1945 663 469 419 244 1282 1244 1100 144 4959 428 377 4531 4099 194 114 432 85
is_linear=0
shrinkage=0.05


Tree=301
num_leaves=13
num_cat=0
split_feature=17 0 2 20 9 28 9 20 19 17 0 2
split_gain=0.695704 0.814868 1.6141 0.951392 2.8956 3.07252 1.52462 1.38443 3.908 1.37908 0.650612 0.176751
threshold=2652869.0400000005 844344.15000000014 10.500000000000002 0.57460000000000011 0.023850000000000007 15.500000000000002 0.081900000000000014 1.0000000180025095e-35 1.3111000000000002 267746.60500000004 2270309.1100000008 24.500000000000004
decision_type=2 2 2 2 2 2 2 2 2 2 2 2
left_child=1 3 10 7 5 -5 -6 9 -9 -1 -3 -4
right_child=-2 2 11 4 6 -7 -8 8 -10 -11 -12 -13
leaf_value=0.00071298467972984007 0.015575110777952643 -0.0069379778726517656 -0.036153448567628102 -0.0089681570445972608 0.03325293789033585 0.016940909314791759 0.0065256473547949147 0.0043613619909966331 -0.02295344124229793 -0.0073159046239185902 0.018204614977590294 -0.0067564103852694873
leaf_weight=656.55852132139262 5.0739549177233121 3.4699178523733263 2.7071471496019512 37.455340343294665 9.2294555935077387 14.045385331613941 14.918476738035677 26.008101485786028 22.468712067464367 56.191049098037183 2.5868000033078715 3.0021308921277523
leaf_count=5066 54 56 53 361 104 130 266 259 232 473 60 34
internal_value=-2.58442e-05 -0.000167277 -0.0122349 1.9231e-05 0.00530335 -0.00134612 0.0188855 -0.00050531 -0.00850861 4.732e-05 0.00441256 -0.0277557
internal_weight=853.715 848.641 11.766 836.875 75.6487 51.5007 24.1479 761.226 48.4768 712.75 6.05672 5.70928
internal_count=7148 7094 203 6891 861 491 370 6030 491 5539 116 87
is_linear=0
shrinkage=0.05


Tree=302
num_leaves=18
num_cat=0
split_feature=5 24 2 24 0 4 24 23 22 16 17 17 18 2 20 10 24
split_gain=0.678689 2.30813 1.78556 1.76717 1.46246 0.920656 1.46184 2.87693 1.13331 6.36935 4.69314 3.08975 3.91682 2.77622 2.56571 0.896271 0.699992
threshold=1.0000000180025095e-35 28.500000000000004 8.5000000000000018 3.5000000000000004 7809.3700000000008 1.0000000180025095e-35 14.500000000000002 1.5000000000000002 1.5000000000000002 2.5000000000000004 23701.000000000004 2862.6600000000003 1168.2850000000001 16.500000000000004 -0.97034999999999993 605.50000000000011 29.500000000000004
decision_type=2 2 2 2 2 2 2 2 2 2 2 2 2 2 2 2 2
left_child=1 2 -1 -4 -5 8 7 15 9 14 -11 12 -10 -13 -2 -7 -8
right_child=5 -3 3 4 -6 6 16 -9 11 10 -12 13 -14 -15 -16 -17 -18
leaf_value=0.0090040437552366299 -0.018758918457284834 0.0162797362588885 0.0021118540639012851 -0.034545217810306075 -0.0054897481903754194 0.018195379311753686 0.02749255410569101 -0.02651992239919064 0.0092007509014763386 0.029766034442147718 -0.0012598034074739776 -0.0076823727703519114 -0.029175484576865751 0.004073148680986332 0.00015078609531398801 -0.0030501726525427992 0.0027812403545057051
leaf_weight=6.5624559251591554 16.60159966093488 7.2120171620044848 7.6919801221229163 11.764310899190606 8.9667824152857047 10.279762255493557 8.2011499428190273 5.5219518672674885 7.9229478021152344 29.85191810852848 18.520535824005492 83.291225061868317 19.925362109206617 119.56035227212124 479.27956105634803 6.3153226245194665 6.0489737503230563
leaf_count=61 117 64 55 100 80 99 85 38 62 401 238 663 138 1189 3649 45 64
internal_value=-2.26089e-05 -0.00606735 -0.0115756 -0.0169354 -0.0240066 0.000293635 0.00785651 -5.84573e-05 -6.77161e-05 0.00116407 0.0181102 -0.00300168 -0.0180374 -0.000732753 -0.000535018 0.0101141 0.0192517
internal_weight=853.518 42.1975 34.9855 28.4231 20.7311 811.321 36.3672 22.117 774.954 544.254 48.3725 230.7 27.8483 202.852 495.881 16.5951 14.2501
internal_count=7148 360 296 235 180 6788 331 182 6457 4405 639 2052 200 1852 3766 144 149
is_linear=0
shrinkage=0.05


Tree=303
num_leaves=25
num_cat=0
split_feature=23 22 16 27 2 22 9 8 14 0 10 14 16 18 1 29 2 22 2 29 19 9 29 7
split_gain=0.682028 3.68109 5.97804 3.56307 3.33452 2.48757 3.59841 3.20905 3.18661 2.35464 2.31833 2.2764 1.99513 1.95403 1.64454 1.33409 3.47084 2.18545 1.22814 1.15747 0.875453 0.608574 0.11391 0.0808068
threshold=2.5000000000000004 4.5000000000000009 10.500000000000002 4.5000000000000009 13.500000000000002 2.5000000000000004 0.042450000000000009 0.29915000000000008 0.72365000000000002 37404.67500000001 212.50000000000003 0.20325000000000001 10.500000000000002 179793.73000000001 9.5000000000000018 5.5000000000000009 24.500000000000004 2.5000000000000004 13.500000000000002 3.5000000000000004 0.073800000000000018 0.047250000000000007 3.5000000000000004 4.5000000000000009
decision_type=2 2 2 2 2 2 2 2 2 2 2 2 2 2 2 2 2 2 2 2 2 2 2 2
left_child=1 12 4 23 -3 6 10 8 11 22 14 -7 15 -12 -2 17 -17 -1 -5 -9 -14 -22 -8 -4
right_child=5 2 3 18 -6 7 9 19 -10 -11 13 -13 20 -15 -16 16 -18 -19 -20 -21 21 -23 -24 -25
leaf_value=-0.00047013503063942459 0.0067923583086737438 -0.0017924927733856287 0.0031219884117730324 0.00051823111601852808 0.046084141964160608 0.0042664838673603933 -0.033536321871938328 0.027951584773549882 0.0086672378688863409 0.0075789543142603492 0.026079938402366762 -0.028392334337133247 -0.0049928341608172092 0 -0.025261805046780984 -1.1371733375456466e-05 0.021049664245853895 -0.010688141993137298 -0.034546399189721182 -0.0027234130057929226 0.037236684378954471 0 -0.010836340186684831 0.026124218553982122
leaf_weight=532.01793888746761 8.1201709816232306 4.0869008777663174 2.3118251031264654 2.7475424131844175 13.032838436774908 5.2066102623939505 6.0242544794455188 4.1448584389872831 8.166461634449659 6.2158300098963073 20.925375114195052 30.180206315591931 1.0135532889980812 9.3598312810063344 4.4893109849654129 91.634171896497719 22.551486393902451 56.417670025490224 6.0191625258885324 4.4775622300803661 4.1042890301905572 1.2817675047554073 5.4290050473064184 2.7946100574918091
leaf_count=4096 73 30 31 40 164 50 46 37 66 53 140 238 24 71 50 754 206 462 108 46 76 190 40 57
internal_value=-2.05271e-05 0.000522509 0.0168524 -0.00666887 0.0351398 -0.00361911 0.00312381 -0.011457 -0.0170089 -0.0146087 0.0109763 -0.0233485 -0.000222638 0.0182117 -0.00583127 -0.000524681 0.00435282 -0.00149963 -0.0245732 0.0135673 0.0239774 0.0306588 -0.0267301 0.0209271
internal_weight=852.753 740.014 30.9929 13.8731 17.1197 112.739 60.5638 52.1757 43.5533 17.6691 42.8947 35.3868 709.021 30.2852 12.6095 702.621 114.186 588.436 8.7667 8.62242 6.39961 5.38606 11.4533 5.10644
internal_count=7148 6238 430 236 194 910 473 437 354 139 334 288 5808 211 123 5518 960 4558 148 83 290 266 86 88
is_linear=0
shrinkage=0.05


Tree=304
num_leaves=25
num_cat=0
split_feature=2 0 2 2 8 2 14 21 0 9 17 0 1 2 17 3 27 0 27 2 8 0 24 17
split_gain=0.673304 3.82834 7.22041 3.73954 2.86984 2.42854 1.82834 2.26641 1.62206 2.97932 2.93184 2.62194 2.51399 2.07391 3.91519 3.78075 3.27336 3.21024 2.85972 1.79383 1.6065 1.36926 1.30094 1.05797
threshold=18.500000000000004 5185.5400000000009 25.500000000000004 25.500000000000004 0.12270000000000002 21.500000000000004 0.00125 59683.500000000007 651.68000000000018 0.012250000000000002 6666.7750000000005 562.33500000000015 1.5000000000000002 14.500000000000002 444479.05000000005 3.5000000000000004 10.500000000000002 1407.1200000000001 2.5000000000000004 6.5000000000000009 0.65675000000000006 160.72500000000002 13.500000000000002 135.30000000000004
decision_type=2 2 2 2 2 2 2 2 2 2 2 2 2 2 2 2 2 2 2 2 2 2 2 2
left_child=8 3 4 6 5 -3 23 -8 9 11 21 12 -1 14 18 16 -15 -17 -10 -16 -6 -11 -5 -2
right_child=1 2 -4 22 20 -7 7 -9 13 10 -12 -13 -14 15 19 17 -18 -19 -20 -21 -22 -23 -24 -25
leaf_value=0.02783708611640855 0.0081040305831838206 -0.0052016082037659433 -0.040603172503452474 0.027468064656861912 -0.030122358067594186 0.0097421255395326312 -0.010377382557266758 -0.031171430329532956 -0.013980891499047486 0 0.01436961892963206 0.034408309552944098 0.0031830858628151084 0.0012450671362612545 -0.0020815837970013119 -0.014154857422796619 -0.025768213528287617 0.018198594571221267 -0.0015473569533361806 0.032083238012161695 0.0053659422979452547 -0.028196529307043819 -0.00050366423394656928 -0.014117576557158014
leaf_weight=10.598643411416559 14.938911451026799 31.965332938823849 7.1388176858890793 6.4984053652733547 6.7730935143772495 129.39636051433627 68.046533044544049 16.829307182691991 62.285998157050926 6.3181863198988202 7.7576683759689322 8.5674576514866185 70.355354083236307 118.65354317182209 4.7695331508293739 7.0673379888758054 10.327704322524367 51.992996297776699 175.43908507877495 8.9145584579091501 3.5239750079344958 11.306065948680041 6.6789786415174603 5.7585224863141766
leaf_count=144 105 222 44 41 151 1367 511 131 483 55 59 63 461 837 39 49 68 607 1391 111 30 96 46 37
internal_value=-1.13017e-05 -0.00193396 0.00264227 -0.00883665 0.00494522 0.00669316 -0.0120485 -0.0152383 0.00100595 0.00624542 -0.00819961 0.0105399 0.00712471 -0.000363451 -0.00334342 0.00356137 -0.00120201 0.0138265 -0.00493623 0.0207907 -0.0182665 -0.0190955 0.0144335 0.000781671
internal_weight=851.902 297.548 178.798 118.751 171.659 161.362 105.573 84.8758 554.354 114.903 25.3819 89.5215 80.954 439.451 251.409 188.042 128.981 59.0603 237.725 13.6841 10.2971 17.6243 13.1774 20.6974
internal_count=7148 2685 1814 871 1770 1589 784 642 4463 878 210 668 605 3585 2024 1561 905 656 1874 150 181 151 87 142
is_linear=0
shrinkage=0.05


end of trees

feature_importances:
amount=556
transaction_type=460
device_age_days=376
account_age_days=323
avg_amount_last_1d=314
account_tx_count_to_date=292
campaign_step=276
avg_amount_last_7d=260
payment_rail=248
authentication_method=239
merchant_familiarity_score=232
seconds_since_prev_tx=228
amount_zscore_account=226
distinct_devices_last_7d=201
velocity_score=194
amount_to_avg_7d_ratio=194
hour_of_day=168
merchant_risk_score=163
transaction_count_last_24h=124
location_region=123
distinct_beneficiaries_last_24h=111
day_of_week=110
transaction_count_last_1h=109
merchant_category_code=102
is_new_beneficiary=84
currency=64
is_new_device=37
location_country=35
card_present=34
auth_success=21
is_night=3

parameters:
[boosting: gbdt]
[objective: binary]
[metric: binary_logloss]
[tree_learner: serial]
[device_type: cpu]
[data_sample_strategy: bagging]
[data: ]
[valid: ]
[num_iterations: 400]
[learning_rate: 0.05]
[num_leaves: 31]
[num_threads: 10]
[seed: 42]
[deterministic: 0]
[force_col_wise: 0]
[force_row_wise: 0]
[histogram_pool_size: -1]
[max_depth: 5]
[min_data_in_leaf: 40]
[min_sum_hessian_in_leaf: 0.001]
[bagging_fraction: 0.8]
[pos_bagging_fraction: 1]
[neg_bagging_fraction: 1]
[bagging_freq: 0]
[bagging_seed: 400]
[bagging_by_query: 0]
[feature_fraction: 0.8]
[feature_fraction_bynode: 1]
[feature_fraction_seed: 30056]
[extra_trees: 0]
[extra_seed: 12879]
[early_stopping_round: 0]
[early_stopping_min_delta: 0]
[first_metric_only: 0]
[max_delta_step: 0]
[lambda_l1: 0.2]
[lambda_l2: 2]
[linear_lambda: 0]
[min_gain_to_split: 0]
[drop_rate: 0.1]
[max_drop: 50]
[skip_drop: 0.5]
[xgboost_dart_mode: 0]
[uniform_drop: 0]
[drop_seed: 17869]
[top_rate: 0.2]
[other_rate: 0.1]
[min_data_per_group: 100]
[max_cat_threshold: 32]
[cat_l2: 10]
[cat_smooth: 10]
[max_cat_to_onehot: 4]
[top_k: 20]
[monotone_constraints: ]
[monotone_constraints_method: basic]
[monotone_penalty: 0]
[feature_contri: ]
[forcedsplits_filename: ]
[refit_decay_rate: 0.9]
[cegb_tradeoff: 1]
[cegb_penalty_split: 0]
[cegb_penalty_feature_lazy: ]
[cegb_penalty_feature_coupled: ]
[path_smooth: 0]
[interaction_constraints: ]
[verbosity: -1]
[saved_feature_importance_type: 0]
[use_quantized_grad: 0]
[num_grad_quant_bins: 4]
[quant_train_renew_leaf: 0]
[stochastic_rounding: 1]
[linear_tree: 0]
[max_bin: 255]
[max_bin_by_feature: ]
[min_data_in_bin: 3]
[bin_construct_sample_cnt: 200000]
[data_random_seed: 175]
[is_enable_sparse: 1]
[enable_bundle: 1]
[use_missing: 1]
[zero_as_missing: 0]
[feature_pre_filter: 1]
[pre_partition: 0]
[two_round: 0]
[header: 0]
[label_column: ]
[weight_column: ]
[group_column: ]
[ignore_column: ]
[categorical_feature: ]
[forcedbins_filename: ]
[precise_float_parser: 0]
[parser_config_file: ]
[objective_seed: 16083]
[num_class: 1]
[is_unbalance: 0]
[scale_pos_weight: 0.920473]
[sigmoid: 1]
[boost_from_average: 1]
[reg_sqrt: 0]
[alpha: 0.9]
[fair_c: 1]
[poisson_max_delta_step: 0.7]
[tweedie_variance_power: 1.5]
[lambdarank_truncation_level: 30]
[lambdarank_norm: 1]
[label_gain: ]
[lambdarank_position_bias_regularization: 0]
[eval_at: ]
[multi_error_top_k: 1]
[auc_mu_weights: ]
[num_machines: 1]
[local_listen_port: 12400]
[time_out: 120]
[machine_list_filename: ]
[machines: ]
[gpu_platform_id: -1]
[gpu_device_id: -1]
[gpu_device_id_list: ]
[gpu_use_dp: 0]
[num_gpu: 1]

end of parameters

pandas_categorical:[]
