tree
version=v4
num_class=1
num_tree_per_iteration=1
label_index=0
max_feature_idx=30
objective=binary sigmoid:1
feature_names=amount payment_rail transaction_type authentication_method card_present auth_success currency merchant_category_code merchant_risk_score merchant_familiarity_score device_age_days account_age_days is_new_device is_new_beneficiary velocity_score transaction_count_last_1h transaction_count_last_24h avg_amount_last_1d avg_amount_last_7d amount_to_avg_7d_ratio amount_zscore_account seconds_since_prev_tx distinct_beneficiaries_last_24h distinct_devices_last_7d account_tx_count_to_date campaign_step location_country location_region hour_of_day day_of_week is_night
feature_infos=[8.1400000000000006:9577377.9900000002] [0:13] [0:28] [0:7] [0:1] [0:1] [0:11] [0:7] [0:0.94099999999999995] [0:1] [0:955] [0:2161] [0:1] [0:1] [0:1] [0:24] [0:28] [0:5683813.4699999997] [0:3066388.1299999999] [0:13413.3024] [-3.0381999999999998:1042.4894999999999] [-1:601353] [0:19] [0:7] [0:116] [0:25] [0:11] [0:12] [0:23] [0:6] [0:1]
tree_sizes=2358 2444 2637 2647 2544 2329 2848 2756 2754 2037 2857 2558 2966 2544 2752 2229 2767 2337 2339 2737 2549 2550 2553 2545 2552 2679 2446 2663 2750 2346 2459 2554 2350 2331 2156 2352 2658 2139 2524 2150 2249 2141 2968 2872 2251 2653 2248 2458 2337 2032 2245 1927 1732 2131 2040 2236 2147 1928 2771 1927 1719 2036 2765 1833 2648 2868 2859 2238 2139 2557 1940 2149 3067 2762 1828 2450 2854 2257 2241 2879 2850 2457 1514 1815 2659 2054 2153

Tree=0
num_leaves=22
num_cat=0
split_feature=9 3 15 7 1 11 11 3 2 17 10 2 1 1 0 15 14 9 9 3 0
split_gain=161.235 62.7442 36.6749 33.3892 25.8709 18.7638 71.0373 13.0447 11.1688 11.0394 10.2777 9.62744 11.4468 9.27401 6.92894 3.37629 2.9056 2.09207 0.515438 0.0724692 1.42109e-14
threshold=0.46650000000000008 3.5000000000000004 2.5000000000000004 4.5000000000000009 10.500000000000002 599.50000000000011 718.00000000000011 4.5000000000000009 24.500000000000004 112787.60000000002 21.500000000000004 24.500000000000004 10.500000000000002 2.5000000000000004 4368.4750000000013 4.5000000000000009 0.11105000000000002 0.025300000000000007 0.041900000000000007 2.5000000000000004 16786.745000000006
decision_type=2 2 2 2 2 2 2 2 2 2 2 2 2 2 2 2 2 2 2 2 2
left_child=1 2 10 -2 7 20 -7 14 16 15 18 13 -13 -12 -3 -4 -6 -16 -1 -8 -5
right_child=3 4 9 5 8 6 19 -9 -10 -11 11 12 -14 -15 17 -17 -18 -19 -20 -21 -22
leaf_value=0.34615569556742554 0.36599534958113805 0.47132669379449499 0.4789375597486501 0.55773428469798392 0.3695250137435222 0.34615569556742559 0.55773428469798403 0.4435924223205211 0.48382036785082233 0.41337362758715568 0.45781523516684375 0.47958290202784293 0.39484617104398789 0.38703264292492068 0.52227418642319812 0.53838258474792333 0.4206330734622003 0.55773428469798392 0.36704715363590484 0.55072353492267223 0.55773428469798392
leaf_weight=8.7437960356473905 3.1292549371719351 5.2078758627176347 4.4418090432882291 3.9612941443920127 5.3132346272468585 5.6716514825820949 7.6291590929031354 7.0088221430778495 5.4117008447647086 4.1562571227550498 5.0040508806705466 7.6774074733257267 8.2878976911306381 61.510832905769348 9.8702491670846957 5.167504757642746 5.8351053595542908 7.1890152990818015 4.4575635939836493 7.1319049149751663 28.46263200044632
leaf_count=37 14 30 26 27 24 24 52 38 32 21 28 45 40 291 63 34 30 49 20 48 194
internal_value=0.451945 0.425717 0.405149 0.52469 0.47483 0.534085 0.496558 0.503082 0.424884 0.481457 0.394171 0.400727 0.435594 0.392358 0.521807 0.510905 0.396275 0.537218 0.35321 0.554347 0.557734
internal_weight=211.269 155.283 109.447 55.9859 45.836 52.8566 20.4327 29.276 16.56 13.7656 95.6815 82.4802 15.9653 66.5149 22.2671 9.60931 11.1483 17.0593 13.2014 14.7611 32.4239
internal_count=1167 808 542 359 266 345 124 180 86 81 461 404 85 319 142 60 54 112 57 100 221
is_linear=0
shrinkage=1


Tree=1
num_leaves=22
num_cat=0
split_feature=9 3 15 7 3 14 11 11 17 10 10 1 1 15 27 24 21 17 20 1 21
split_gain=144.835 55.0997 32.0329 30.1619 23.229 19.9886 17.5828 63.7824 9.91249 8.92088 8.77796 8.0263 6.39095 5.55108 4.37664 3.87877 3.86761 1.36787 1.06966 0.0718882 0.0505553
threshold=0.46650000000000008 3.5000000000000004 2.5000000000000004 4.5000000000000009 4.5000000000000009 0.10070000000000001 599.50000000000011 718.00000000000011 112787.60000000002 256.50000000000006 64.500000000000014 1.5000000000000002 10.500000000000002 1.0000000180025095e-35 1.5000000000000002 16.500000000000004 79.500000000000014 4473.0950000000003 -0.28894999999999993 3.5000000000000004 9117.0000000000018
decision_type=2 2 2 2 2 2 2 2 2 2 2 2 2 2 2 2 2 2 2 2 2
left_child=1 2 10 -2 5 12 -5 -8 16 -6 18 -12 -3 -13 -7 -16 -4 -11 -1 -9 -20
right_child=3 4 8 6 9 14 7 19 -10 17 11 13 -14 -15 15 -17 -18 -19 20 -21 -22
leaf_value=-0.090673943012861885 -0.10270841589235585 0.0031041411181716746 0.067965968496847093 0.078625232905901621 -0.11356986852989881 -0.0013507295620657264 -0.12068112834603287 0.071763141801826302 -0.059302800311033466 -0.046675361673541534 -0.0026141517354704401 -0.080430479339446206 -0.077783172942900949 -0.046213051038488995 0.035060086270864509 0.080051831966886353 0.0039418655077188792 -0.0035385407064686646 -0.11469811668043242 0.078810538125831664 -0.12142254679473263
leaf_weight=4.8538994491100338 3.2019856870174399 4.5497635900974256 4.2933327704668027 31.765996262431145 4.8387162536382657 4.2744761407375362 5.8237938880920437 7.2753746062517148 4.2142657041549674 3.8697288185358047 4.1618072241544715 62.168554738163948 5.2712069153785706 14.645030856132506 11.081761792302133 8.4378195405006391 5.2350493371486664 3.4998868703842163 4.7546790689229947 7.1994152963161469 6.7819156050682068
leaf_count=22 14 27 29 221 21 25 24 50 21 20 24 292 25 75 70 58 31 20 20 50 28
internal_value=-0.0233703 -0.0478842 -0.0669107 0.0462379 -0.0017504 0.0197034 0.0553981 0.0190492 0.00454924 -0.0608222 -0.0769969 -0.0702425 -0.0403105 -0.0739067 0.044474 0.0545089 0.0327901 -0.0261894 -0.110366 0.0752683 -0.118651
internal_weight=212.198 156.932 111.109 55.2666 45.8234 33.615 52.0646 20.2986 13.7426 12.2083 97.3659 80.9754 9.82097 76.8136 23.7941 19.5196 9.52838 7.36962 16.3905 14.4748 11.5366
internal_count=1167 808 542 359 266 205 345 124 81 61 461 391 52 367 153 128 60 40 70 100 48
is_linear=0
shrinkage=0.05


Tree=2
num_leaves=24
num_cat=0
split_feature=9 15 7 2 1 11 11 18 16 28 10 9 23 20 17 1 10 2 18 10 18 14 11
split_gain=130.541 45.0443 27.3866 18.8193 16.953 16.487 57.655 12.846 9.37596 7.74917 6.68181 7.26947 6.44773 6.55319 6.20627 5.62172 4.10904 3.66629 3.3968 3.32783 2.43491 1.55652 0.0697129
threshold=0.46650000000000008 2.5000000000000004 4.5000000000000009 23.500000000000004 10.500000000000002 599.50000000000011 718.00000000000011 229126.39000000004 1.5000000000000002 4.5000000000000009 216.00000000000003 0.0023500000000000005 1.5000000000000002 -0.46859999999999996 83663.680000000008 10.500000000000002 21.500000000000004 22.500000000000004 62121.610000000008 434.50000000000006 105061.86000000002 0.20040000000000005 899.50000000000011
decision_type=2 2 2 2 2 2 2 2 2 2 2 2 2 2 2 2 2 2 2 2 2 2 2
left_child=1 3 -2 8 9 -4 -7 17 15 -5 -6 -12 13 -10 -14 16 -1 19 -11 -3 -21 -17 -8
right_child=2 7 5 4 10 6 22 -9 12 18 11 -13 14 -15 -16 21 -18 -19 -20 20 -22 -23 -24
leaf_value=-0.1043116474468424 -0.095979180292007138 -0.0011025849761560555 0.07646077179765573 -0.049098400431380758 -0.11062910422795405 -0.11264586019720046 0.076639189415269579 -0.062295439837707717 0.028982367612866725 0.014231184005460119 -0.086519138480900037 -0.0012907417774048755 -0.036991924839000982 -0.042459499277565788 -0.089351114128558826 -0.10134238994939244 -0.059485242288656703 0.079784350060002396 0.069558859892274671 0.069126389128634877 0.011189904757609401 -0.068890639816819407 0.069623691251639655
leaf_weight=5.9575224369764319 3.2537034451961508 6.1308606117963844 31.050064012408257 3.7427409589290681 4.5488995611667624 5.9243835210800198 7.039373502135275 3.7991302013397208 4.6083846241235724 8.1729527115821821 4.3750790357589704 5.8436757922172546 11.44168432056904 10.577167883515356 11.199261024594305 20.971152588725094 36.031811475753784 4.1968446373939505 4.199570730328559 4.9906168580055237 2.8486521989107132 4.4853405207395545 7.1254737973213196
leaf_count=25 14 36 221 19 19 24 50 19 28 49 20 33 59 54 51 90 177 29 28 34 17 21 50
internal_value=-0.0221389 -0.0451229 0.044676 -0.0558419 -0.0215215 0.0536251 0.01833 0.021318 -0.0659102 0.0139412 -0.0602202 -0.0377806 -0.0459851 -0.0207789 -0.0628912 -0.077085 -0.0658453 0.0388035 0.0330109 0.0264922 0.0480733 -0.0956245 0.0731101
internal_weight=212.514 158.121 54.393 136.155 30.8829 51.1393 20.0892 21.9661 105.272 16.1153 14.7677 10.2188 37.8265 15.1856 22.6409 67.4458 41.9893 18.167 12.3725 13.9701 7.83927 25.4565 14.1648
internal_count=1167 808 359 673 168 345 124 135 505 96 72 53 192 82 110 313 202 116 77 87 51 111 100
is_linear=0
shrinkage=0.05


Tree=3
num_leaves=24
num_cat=0
split_feature=9 14 7 2 11 11 1 21 21 12 2 10 28 9 1 2 13 14 11 10 10 2 1
split_gain=117.929 35.5929 24.9732 17.5924 15.4706 52.4011 12.4826 11.9633 10.2653 8.16996 8.74132 7.4362 6.87643 4.4597 3.19069 3.79924 3.10428 2.11451 1.91187 1.79995 1.30533 0.0746683 1.42109e-14
threshold=0.46650000000000008 0.40580000000000005 4.5000000000000009 23.500000000000004 599.50000000000011 718.00000000000011 10.500000000000002 380.00000000000006 22162.500000000004 1.0000000180025095e-35 18.500000000000004 216.00000000000003 4.5000000000000009 0.0023500000000000005 10.500000000000002 4.5000000000000009 1.0000000180025095e-35 0.53765000000000007 872.00000000000011 444.00000000000006 365.50000000000006 7.5000000000000009 9.5000000000000018
decision_type=2 2 2 2 2 2 2 2 2 2 2 2 2 2 2 2 2 2 2 2 2 2 2
left_child=1 3 -2 8 22 -6 12 17 9 10 -1 -8 -5 -13 15 -10 -11 -3 -14 -19 -16 -7 -4
right_child=2 7 4 6 5 21 11 -9 14 16 -12 13 18 -15 20 -17 -18 19 -20 -21 -22 -23 -24
leaf_value=-0.028556535145405265 -0.090220419240633246 0.078354626692139162 0.074512978470044025 -0.046233371752804286 -0.1059720039555286 0.067493596364578343 -0.10366940726560503 -0.040032586809160386 -0.1011080075206215 -0.050359695332103618 -0.083513231383961287 -0.064544636827150434 0.057390712042942493 0.00084099521009954766 -0.081897056188354314 -0.057593117719690147 -0.10116595087101952 0.0096920280474919705 0.01608488090031784 0.052589209841090681 -0.1084002089506324 0.074839888026888804 0.074512978470044039
leaf_weight=40.490711525082588 3.2873581051826468 3.7197177410125759 23.98365139961243 3.7750645279884365 5.9809448719024685 6.9526926577091199 4.6098249256610861 5.6973508447408667 6.5922598987817791 4.6984091103076908 8.8099452406167966 4.6167269051074964 4.3913921862840635 5.9932191520929337 9.5443255603313464 20.978610321879387 8.3493190556764603 4.2822700738906843 7.7371664643287659 5.700680211186409 9.0521481186151487 6.8833121210336685 6.304274082183837
leaf_count=212 14 26 175 19 24 50 19 30 28 23 40 22 29 34 42 101 35 26 47 38 37 50 46
internal_value=-0.0210154 -0.0426007 0.0432807 -0.0514172 0.0520396 0.0176917 -0.0182789 0.0208595 -0.0609217 -0.0476885 -0.0383772 -0.0506474 0.0126979 -0.0276104 -0.0787929 -0.0679976 -0.0828709 0.0461775 0.0310405 0.0341881 -0.0947979 0.0711483 0.074513
internal_weight=212.431 159.039 53.3922 139.639 50.1049 19.8169 31.1234 19.4 108.516 62.3484 49.3007 15.2198 15.9036 10.6099 46.1673 27.5709 13.0477 13.7027 12.1286 9.98295 18.5965 13.836 30.2879
internal_count=1167 808 359 688 345 124 170 120 518 310 252 75 95 56 208 129 58 90 76 64 79 100 221
is_linear=0
shrinkage=0.05


Tree=4
num_leaves=23
num_cat=0
split_feature=9 3 7 3 14 14 11 11 0 24 18 23 25 27 20 24 0 14 19 3 0 0
split_gain=106.792 45.682 22.8553 19.2549 15.9436 15.583 14.528 47.8406 10.7013 7.6458 12.8903 5.06302 4.97715 3.93696 3.84877 3.28725 3.20429 1.0203 0.772767 0.0789272 7.10543e-15 3.55271e-15
threshold=0.46650000000000008 3.5000000000000004 4.5000000000000009 4.5000000000000009 0.10070000000000001 0.42310000000000009 599.50000000000011 718.00000000000011 23315.045000000002 39.500000000000007 142013.11000000002 2.5000000000000004 1.0000000180025095e-35 1.5000000000000002 -1.0000000180025095e-35 16.500000000000004 277952.10500000004 0.6089500000000001 0.15615000000000004 2.5000000000000004 17568.820000000003 15390.470000000003
decision_type=2 2 2 2 2 2 2 2 2 2 2 2 2 2 2 2 2 2 2 2 2 2
left_child=1 5 -2 4 8 9 20 -8 -3 12 -11 17 -1 -6 18 -15 -14 -7 -5 -9 21 -4
right_child=2 3 6 14 13 11 7 19 -10 10 -12 -13 16 15 -16 -17 -18 -19 -20 -21 -22 -23
leaf_value=-0.109310574278427 -0.085225016808474066 -0.068251671658201049 0.072752835683090433 -0.04395470758771914 0.000525961493558441 0.0082562888061772539 -0.10034401224675248 0.073053604846102543 0.04070009263403182 0.030833832748730479 -0.083389591901781912 -0.044414665408945619 -0.061431029416974675 0.035674471952183984 -0.086470319878541355 0.077417907670315839 -0.09433340259780694 0.047471882912377236 -0.01216608620135216 0.065401006212374158 0.072752835683090489 0.072752835683090475
leaf_weight=6.6926381886005393 3.3055034875869742 6.6593686044216138 3.4693974554538745 4.1887917220592499 4.3019444644451168 3.4708874970674497 5.9999295473098782 6.9727349281311017 3.4066886156797409 5.3758195340633375 4.5694878697395325 3.9611284732818604 78.054644227027893 11.093295827507974 4.8034821152687055 8.2042178213596326 8.1747432798147184 3.1766861230134964 3.517016813158989 6.5199375599622726 21.083261460065842 4.9372194558382034
leaf_count=27 14 31 26 21 25 21 24 52 21 32 20 21 366 70 21 58 34 21 19 48 158 37
internal_value=-0.0199913 -0.0403031 0.0420268 0.00162511 0.0213068 -0.0573642 0.0506142 0.0171212 -0.0313788 -0.0633145 -0.0216475 0.000332531 -0.0677741 0.0437791 -0.051343 0.0534214 -0.0645502 0.0269963 -0.029446 0.0693557 0.0727528 0.0727528
internal_weight=211.939 159.651 52.288 46.1748 33.6655 113.476 48.9825 19.4926 10.0661 102.867 9.94531 10.6087 92.922 23.5995 12.5093 19.2975 86.2294 6.64757 7.70581 13.4927 29.4899 8.40662
internal_count=1167 808 359 266 205 542 345 124 52 479 52 63 427 153 61 128 400 42 40 100 221 63
is_linear=0
shrinkage=0.05


Tree=5
num_leaves=21
num_cat=0
split_feature=9 15 7 2 11 11 1 18 1 10 14 10 10 20 24 17 18 0 2 2
split_gain=96.923 33.826 20.9822 13.8633 13.6533 43.8424 13.3609 11.9618 7.67373 6.92999 6.76515 7.55676 4.84999 6.64299 3.22901 3.79862 2.90967 2.89703 0.223749 0.0776154
threshold=0.46650000000000008 2.5000000000000004 4.5000000000000009 23.500000000000004 599.50000000000011 718.00000000000011 10.500000000000002 236844.92500000002 1.5000000000000002 109.50000000000001 0.093650000000000011 21.500000000000004 216.00000000000003 -0.27549999999999991 16.500000000000004 112787.60000000002 4853.4300000000012 41370.900000000009 18.500000000000004 7.5000000000000009
decision_type=2 2 2 2 2 2 2 2 2 2 2 2 2 2 2 2 2 2 2 2
left_child=1 3 -2 8 -4 -6 9 14 -1 -5 17 -12 -8 -14 -3 18 -11 -10 -16 -7
right_child=2 7 4 6 5 19 12 -9 10 16 11 -13 13 -15 15 -17 -18 -19 -20 -21
leaf_value=0.0024894877750608361 -0.080840527196778533 0.0078049408454699864 0.071156276628120171 -0.040395393988324015 -0.095537474974033157 0.063887136994233401 -0.094221697355387671 -0.061812947053119661 -0.081315663206548289 0.0017056985102459753 -0.089266824457010036 -0.040926167964798359 -0.063064057675253443 0.02024227072531129 0.077124641710026365 0.0084709014902252418 0.053148899116535912 -0.04733465444088561 0.060009992565921891 0.07157326259921358
leaf_weight=5.3615284711122504 3.3103618025779715 6.2586671561002793 28.664883360266685 4.3003192842006746 5.9869093894958523 6.6022266000509244 4.6468214392662039 3.7119440138339987 32.621955841779709 4.4036660790443403 9.5737729817628843 51.968961820006371 6.5694602131843558 3.7641922980546942 5.1982354670762998 3.4737256169319144 7.3139913529157639 7.765222802758216 3.0186861753463745 6.5362086296081543
leaf_count=30 14 38 221 22 24 50 19 18 141 26 40 257 31 22 37 21 48 37 21 50
internal_value=-0.0190531 -0.0382049 0.0408942 -0.047305 0.0493266 0.0166084 -0.0178526 0.0198923 -0.0558144 0.0138924 -0.0588812 -0.0484462 -0.0517963 -0.0327184 0.036789 0.0523058 0.0338158 -0.0747822 0.0708372 0.0677109
internal_weight=211.052 159.951 51.1006 138.29 47.7902 19.1253 30.9985 21.6613 107.291 16.018 101.93 61.5427 14.9805 10.3337 17.9493 11.6906 11.7177 40.3872 8.21692 13.1384
internal_count=1167 808 359 673 345 124 168 135 505 96 475 297 72 53 117 79 74 178 58 100
is_linear=0
shrinkage=0.05


Tree=6
num_leaves=26
num_cat=0
split_feature=9 15 7 2 1 12 21 12 17 10 19 10 20 23 2 2 10 1 2 1 14 10 0 26 0
split_gain=88.1263 30.4035 19.3146 12.3822 12.0344 8.02312 7.31421 6.46991 6.38167 6.27758 4.7747 4.41402 5.94325 3.79825 3.62557 11.6527 2.77735 2.71502 3.28639 2.30017 1.21543 1.15043 0.985621 0.864042 0.0268968
threshold=0.46650000000000008 2.5000000000000004 4.5000000000000009 23.500000000000004 10.500000000000002 1.0000000180025095e-35 22162.500000000004 1.0000000180025095e-35 232381.31500000003 109.50000000000001 0.07555000000000002 216.00000000000003 -0.27549999999999991 2.5000000000000004 20.500000000000004 5.5000000000000009 558.50000000000011 10.500000000000002 4.5000000000000009 10.500000000000002 0.20840000000000003 365.50000000000006 7933.9500000000016 10.500000000000002 20877.925000000003
decision_type=2 2 2 2 2 2 2 2 2 2 2 2 2 2 2 2 2 2 2 2 2 2 2 2 2
left_child=1 3 -2 6 9 14 7 10 13 -5 -1 -6 -13 19 15 -4 -11 18 -8 22 -9 -19 -3 -16 -25
right_child=2 8 5 4 11 -7 17 20 -10 16 -12 12 -14 -15 23 -17 -18 21 -20 -21 -22 -23 -24 24 -26
leaf_value=-0.048948447294944679 -0.076952199279405553 0.077279324187340279 0.046690978247402176 -0.03814947571281347 -0.089650671105259649 0.069703194017455408 -0.088414764114006797 -0.083099190923014571 -0.043733683284785607 0.059696249730120436 -0.017204233119503212 -0.0594849423475464 0.019295706044630653 -0.0040400818123280235 0.069840664468134875 -0.060189204228659546 0.010505513732993549 -0.070379779165601869 -0.048255157687315337 0.020308335835743926 -0.05155912491089279 -0.095137004066632058 0.03941852663210501 0.041332837414376537 0.036215058914042336
leaf_weight=23.225542932748795 3.3038730621337882 4.7839389890432411 6.8336167931556719 4.3251400291919735 4.6396603286266318 22.40764844417572 6.6969839036464718 8.7350067496299726 3.4047092348337165 5.1742525398731214 24.175918906927109 6.6152291893959037 3.7517290562391272 5.4423517286777487 2.9039842635393116 4.0684537589550018 6.4420415014028549 9.6312998682260531 21.286056458950043 5.1779291331768036 4.6970393359661093 9.1506391465663892 2.6830640137195587 5.5627272725105286 4.7676903009414673
leaf_count=111 14 34 50 22 19 178 28 37 17 35 127 31 22 33 23 20 39 42 101 33 22 37 18 40 34
internal_value=-0.0181863 -0.0362681 0.0398659 -0.0448515 -0.0169802 0.0481581 -0.052868 -0.0414382 0.0190643 0.013271 -0.0327581 -0.0491159 -0.0309748 0.0308852 0.0281563 0.00680524 0.0324166 -0.0677363 -0.0578663 0.045917 -0.07207 -0.0824416 0.0636751 0.0457445 0.0389709
internal_weight=209.887 160.039 49.848 138.547 30.9481 46.5441 107.598 60.8335 21.492 15.9414 47.4015 15.0066 10.367 18.0873 24.1365 10.9021 11.6163 46.765 27.983 12.6449 13.432 18.7819 7.467 13.2344 10.3304
internal_count=1167 808 359 673 168 345 505 297 135 96 238 72 53 118 167 70 74 208 129 85 59 79 52 97 74
is_linear=0
shrinkage=0.05


Tree=7
num_leaves=25
num_cat=0
split_feature=26 3 15 3 11 11 14 0 18 10 2 3 10 23 15 27 24 20 10 28 20 21 0 0
split_gain=79.9608 45.0383 19.0133 17.0322 12.053 38.5973 12.0285 10.0709 8.70636 6.01661 6.75316 6.11654 5.56906 4.88341 3.88971 3.29623 2.12629 2.04787 1.30127 0.883353 0.699087 0.054553 0.000489122 9.16041e-06
threshold=10.500000000000002 3.5000000000000004 2.5000000000000004 4.5000000000000009 599.50000000000011 718.00000000000011 0.10070000000000001 5060.0900000000011 182476.87500000003 64.500000000000014 24.500000000000004 1.0000000180025095e-35 256.50000000000006 2.5000000000000004 1.0000000180025095e-35 1.5000000000000002 16.500000000000004 -0.45904999999999996 704.00000000000011 22.500000000000004 -0.28894999999999993 10206.500000000002 20877.925000000003 3689.7150000000006
decision_type=2 2 2 2 2 2 2 2 2 2 2 2 2 2 2 2 2 2 2 2 2 2 2 2
left_child=1 2 9 6 19 -6 7 -3 13 20 14 -12 -5 16 -11 -8 -4 -17 -14 -2 -1 -22 -21 -7
right_child=4 3 8 12 5 23 15 -9 -10 10 11 -13 18 -15 -16 17 -18 -19 -20 22 21 -23 -24 -25
leaf_value=-0.068839129718217901 0.038234200699191749 -0.068164577178268224 0.02097065533137606 -0.087331360180503692 -0.091065165493755873 0.069197139835245822 0.0036000087562919887 0.029594944506320459 -0.063562152608940062 -0.064557953157832124 0.024575174500199345 -0.0426835193332189 0.0045353312337519068 -0.02360903405285571 -0.035577470805005965 0.027307732141760355 0.074337151587603123 0.061022588698488804 -0.036434514223506159 0.068376584822163258 -0.086767201842731567 -0.09357442508833913 0.069002404345635676 0.069292536574680569
leaf_weight=5.2540625184774425 2.6945460289716747 5.3944618701934797 3.5642400830984098 4.5423296988010389 5.9376011490821865 5.7248359769582731 4.4249323084950474 5.1490342319011688 3.5738077759742728 55.250302776694298 4.818993732333186 11.321985349059103 3.5702445805072784 3.3646341413259506 14.647988632321356 6.4145510122179994 3.91848424077034 15.122013553977013 4.2395626455545425 19.521583318710331 5.103198438882826 6.953532874584198 3.7166049331426612 4.4901817739009857
leaf_count=23 20 24 23 19 24 46 26 31 17 246 29 57 20 19 72 40 29 106 21 160 21 28 30 36
internal_value=-0.0173638 -0.0329172 -0.0496601 0.00744197 0.0442165 0.0103122 0.0246146 -0.0204226 0.00412163 -0.0571646 -0.0517533 -0.022603 -0.0433093 0.026421 -0.0584848 0.0429051 0.0489171 0.0509808 -0.0177052 0.0653343 -0.0840602 -0.0906932 0.0684767 0.0692391
internal_weight=208.714 166.628 117.771 48.8571 42.0854 16.1526 36.505 10.5435 14.4212 103.35 86.0393 16.141 12.3521 10.8474 69.8983 25.9615 7.48272 21.5366 7.80981 25.9327 17.3108 12.0567 23.2382 10.215
internal_count=1167 851 564 287 316 106 227 55 88 476 404 86 60 71 318 172 52 146 41 210 72 49 190 82
is_linear=0
shrinkage=0.05


Tree=8
num_leaves=25
num_cat=0
split_feature=9 3 7 1 11 11 21 1 3 18 21 2 0 9 2 3 19 18 24 24 28 1 2 11
split_gain=73.1651 34.923 17.0442 17.0328 11.7411 36.4981 11.2844 8.09036 7.54564 6.75426 6.84567 6.66963 5.09504 3.35953 3.10799 3.32491 1.87105 1.58214 1.54764 1.78068 0.506631 0.0886534 0.00063605 1.85788e-05
threshold=0.46650000000000008 3.5000000000000004 4.5000000000000009 10.500000000000002 599.50000000000011 718.00000000000011 22162.500000000004 1.5000000000000002 4.5000000000000009 2555.9650000000006 304.50000000000006 24.500000000000004 4368.4750000000013 0.082900000000000015 21.500000000000004 1.5000000000000002 1.3191000000000004 50701.395000000011 11.500000000000002 18.500000000000004 12.500000000000002 3.5000000000000004 22.500000000000004 52.500000000000007
decision_type=2 2 2 2 2 2 2 2 2 2 2 2 2 2 2 2 2 2 2 2 2 2 2 2
left_child=1 6 -2 8 22 -6 7 -1 12 13 -11 17 -3 -9 18 -16 -14 -5 20 -20 -8 -7 -4 -24
right_child=2 3 4 11 5 21 14 9 -10 10 -12 -13 16 -15 15 -17 -18 -19 19 -21 -22 -23 23 -25
leaf_value=0.034136117839351436 -0.072237231759324921 -0.00062392252971228083 0.06716205155088896 -0.071487960377146983 -0.087495133151296561 0.05992299062227309 -0.076801455241268593 -0.049966719776813301 -0.016561458856078036 0.0042150336477115536 -0.040862328362912627 0.010289872414728202 0.041810478393007465 -0.096117342412443157 -0.0094616420492589001 -0.064682109128938764 0.076194162298821283 -0.033331046276497599 -0.043400652321248623 -0.075990895444673093 -0.094138932946483123 0.068439802042489215 0.067604864701090783 0.067770922842668183
leaf_weight=4.0261621475219718 3.2773417234420767 5.2310525402426782 18.896716833114628 7.216618940234186 5.8724708557128933 6.1220370382070524 8.9600623399019259 20.827703163027767 7.2854422926902762 12.818662419915198 24.558598667383194 5.3719911873340598 9.52527714520693 4.8643034249544135 4.3165044039487821 7.3978901654481888 6.7677919790148726 4.356760174036026 6.6714503616094616 11.274410769343374 7.9543997794389716 6.0999825075268745 2.6303828805685034 4.6833564788103104
leaf_count=25 14 30 160 32 24 50 38 97 38 75 119 32 63 20 23 34 49 22 31 48 32 50 22 39
internal_value=-0.0166207 -0.0328602 0.0377901 0.00402496 0.045929 0.0149504 -0.0477074 -0.0345819 0.0274215 -0.0389687 -0.0254029 -0.0357525 0.0423088 -0.0587045 -0.0666159 -0.0443345 0.0560927 -0.0571239 -0.0741032 -0.0638753 -0.0849548 0.0641737 0.0673153 0.0677112
internal_weight=207.007 159.425 47.5823 45.7549 44.3049 18.0945 113.67 67.0954 28.8096 63.0693 37.3773 16.9454 21.5241 25.692 46.5747 11.7144 16.2931 11.5734 34.8603 17.9459 16.9145 12.222 26.2105 7.31374
internal_count=1167 808 359 266 345 124 542 336 180 311 194 86 142 117 206 57 112 54 149 79 70 100 221 61
is_linear=0
shrinkage=0.05


Tree=9
num_leaves=18
num_cat=0
split_feature=26 14 11 11 25 10 1 21 0 8 23 20 28 0 14 0 0
split_gain=66.9048 24.8634 10.5385 33.0177 10.5094 9.31862 8.35339 6.33485 6.00905 5.75293 3.1201 1.46862 0.896898 0.607742 0.31975 0.000323721 3.5807e-06
threshold=10.500000000000002 0.42310000000000009 599.50000000000011 718.00000000000011 1.0000000180025095e-35 3.5000000000000004 10.500000000000002 380.00000000000006 11682.445000000002 1.0000000180025095e-35 2.5000000000000004 -0.45449999999999996 22.500000000000004 281097.03000000009 0.77250000000000008 20877.925000000003 3689.7150000000006
decision_type=2 2 2 2 2 2 2 2 2 2 2 2 2 2 2 2 2
left_child=1 4 12 -4 -1 13 9 10 -8 -7 11 -3 -2 -6 -13 -14 -5
right_child=2 7 3 16 5 6 8 -9 -10 -11 -12 14 15 -15 -16 -17 -18
leaf_value=-0.093116114298067126 0.034985358322624172 0.025794172518643466 -0.084357699078583023 0.066871753765703368 -0.062273984332387289 -0.0088527693542742904 -0.05944810336908455 -0.026254860796113794 -0.021994725077771022 -0.037140693408388922 0.0050155197729982249 0.075056549633275571 0.066047271485464035 -0.083079237161442776 0.05287210855558569 0.066573289710351077 0.066810201815113629
leaf_weight=7.9017143547534934 2.5862002223730114 3.0720546990633011 5.7884267568588248 5.3873810917139036 7.2022093832492811 48.523274831473827 30.104048259556293 4.9279702752828589 16.622873157262802 28.547322452068329 4.5925676077604285 4.5746202766895312 18.270752429962162 6.8469726741313934 2.5184425711631775 3.4823703020811072 4.2085731625556946
leaf_count=32 20 21 24 46 32 266 136 27 86 140 29 34 160 29 19 30 36
internal_value=-0.0159225 -0.029914 0.0423472 0.00995431 -0.0370378 -0.0338233 -0.0294439 0.0228289 -0.0461242 -0.0193308 0.0392193 0.0546724 0.062822 -0.0724136 0.0671798 0.0661315 0.0668448
internal_weight=205.158 165.434 39.7237 15.3844 145.748 137.847 123.798 19.6857 46.7269 77.0706 14.7577 10.1651 24.3393 14.0492 7.09306 21.7531 9.59595
internal_count=1167 851 316 106 721 689 628 130 222 406 103 74 210 61 53 190 82
is_linear=0
shrinkage=0.05


Tree=10
num_leaves=26
num_cat=0
split_feature=26 3 15 3 22 14 11 11 15 6 27 17 1 10 10 2 27 7 20 17 10 28 2 1 1
split_gain=61.2373 36.2271 14.6655 14.187 10.0067 9.99302 9.88307 30.6178 6.00369 5.56761 5.49655 5.14426 4.8897 4.78293 3.69544 4.06569 2.95732 2.82834 2.41593 1.29598 1.08634 0.895364 0.112195 0.000265085 2.92762e-06
threshold=10.500000000000002 3.5000000000000004 1.5000000000000002 4.5000000000000009 1.5000000000000002 0.10070000000000001 599.50000000000011 718.00000000000011 4.5000000000000009 5.5000000000000009 4.5000000000000009 112787.60000000002 10.500000000000002 256.50000000000006 21.500000000000004 24.500000000000004 1.5000000000000002 1.5000000000000002 -0.33684999999999993 625.7650000000001 704.00000000000011 22.500000000000004 9.5000000000000018 9.5000000000000018 6.5000000000000009
decision_type=2 2 2 2 2 2 2 2 2 2 2 2 2 2 2 2 2 2 2 2 2 2 2 2 2
left_child=1 2 9 5 -4 12 21 -8 18 10 -1 -10 -3 -5 22 -16 -7 -18 -6 -12 -15 -2 -11 -23 -9
right_child=6 3 4 13 8 16 7 24 11 14 19 -13 -14 20 15 -17 17 -19 -20 -21 -22 23 -24 -25 -26
leaf_value=0.014662574483940639 0.033723659727186141 0.018094562099927824 0.070171774604069731 -0.07926304536111578 -0.073185125749761756 0.0036266507219830518 -0.081581540910968642 0.06578040967532775 0.048330898873137157 -0.076992530214876856 -0.06319881067647691 -0.03568501292379956 -0.050329129104618814 0.0057207007331540535 -0.058566225804195439 -0.028627425837322765 0.012197119593283061 0.057953232264998281 -0.019547838261077241 -0.027719876837808077 -0.031689911266875655 0.065021635488212867 -0.086888635589994545 0.065505876185891196 0.065723799184800799
leaf_weight=5.7358970716595676 2.5497523546218899 5.0621262639760953 3.6837191060185459 4.5086118876934034 4.8218933641910553 4.3997536599636105 5.6886354684829703 5.2074841856956464 4.1763107478618613 4.9417721480131132 5.4310469627380353 3.2319325804710388 5.3923579454421997 3.5721898972988129 55.167674720287323 14.273800753057001 4.2315396741032627 16.730278261005878 3.7182446122169477 4.8927544504404068 4.2482801228761673 17.646819353103641 6.8121553510427475 3.3651316165924063 4.0678017139434814
leaf_count=32 20 30 25 19 22 26 24 46 31 21 24 17 25 20 247 73 26 120 20 24 21 160 28 30 36
internal_value=-0.0152381 -0.0284884 -0.0435231 0.00801303 -0.0041039 0.0239375 0.041522 0.00974438 -0.0212599 -0.0514803 -0.0245807 0.011678 -0.017198 -0.0382477 -0.0568008 -0.0524123 0.0408943 0.0487165 -0.0498323 -0.0463843 -0.0146017 0.0617039 -0.082728 0.0650992 0.0657556
internal_weight=203.558 165.032 116.887 48.1451 19.6321 35.8161 38.5256 14.9639 15.9484 97.2551 16.0597 7.40824 10.4545 12.3291 81.1954 69.4415 25.3616 20.9618 8.54014 10.3238 7.82047 23.5617 11.7539 21.012 9.27529
internal_count=1167 851 564 287 115 227 316 106 90 449 80 48 55 60 369 320 172 146 42 48 41 210 49 190 82
is_linear=0
shrinkage=0.05


Tree=11
num_leaves=23
num_cat=0
split_feature=9 3 7 1 15 11 11 22 3 2 18 20 19 27 25 1 25 18 1 21 2 1
split_gain=56.2523 27.9751 14.5216 14.1718 13.1961 9.86552 29.1567 6.61898 6.11825 5.48305 5.35063 4.91363 4.71029 4.4888 3.17581 3.4709 2.7425 1.30278 0.0974879 0.0195728 0.00281447 0.00021777
threshold=0.46650000000000008 3.5000000000000004 4.5000000000000009 10.500000000000002 1.0000000180025095e-35 599.50000000000011 718.00000000000011 1.0000000180025095e-35 4.5000000000000009 24.500000000000004 236844.92500000002 -0.54134999999999989 1.3191000000000004 1.5000000000000002 1.0000000180025095e-35 2.5000000000000004 1.5000000000000002 50701.395000000011 3.5000000000000004 1725.0000000000002 24.500000000000004 9.5000000000000018
decision_type=2 2 2 2 2 2 2 2 2 2 2 2 2 2 2 2 2 2 2 2 2 2
left_child=1 4 -2 8 14 20 -7 -6 12 17 11 -9 13 -3 -1 -16 -17 -5 -8 -14 21 -4
right_child=2 3 5 9 7 6 18 10 -10 -11 -12 -13 19 -15 15 16 -18 -19 -20 -21 -22 -23
leaf_value=-0.08609216490687896 -0.066774385644221695 -0.029568322213424321 0.064075979343558756 -0.064300362929057206 0.043080250655726182 -0.079110250799366719 0.056214550380075161 -0.050950183995687494 -0.013204162848138058 0.010194405058987149 -0.069269221542472517 0.0013233203228789688 0.071336920975936427 0.038441334878441827 -0.0062535041367038011 -0.037777341695383305 -0.059144147232019308 -0.029554677182615691 0.065557303841748849 0.076706991973404207 0.065683960345740006 0.064522705278443573
leaf_weight=6.5335784852504721 3.2124858647584906 3.102895185351378 17.027589082717903 7.1243156939744967 4.2883498072624198 5.5758646130561855 5.5833452641963941 6.207066252827647 7.2794888764619818 5.340335249900817 5.2215868681669226 16.303269080817703 3.2097576782107344 11.12530981749296 4.3231987059116355 21.908351510763168 47.749003753066063 4.3420270830392838 5.5853160470724106 3.5998178645968437 3.4944365471601477 3.2485429197549811
leaf_count=27 14 17 160 32 27 24 50 31 38 32 23 93 25 74 23 104 214 22 50 26 31 30
internal_value=-0.0146254 -0.0285423 0.0355518 0.00471875 -0.0418793 0.0436654 0.0142683 -0.0147291 0.0263059 -0.031653 -0.0236685 -0.0130907 0.0399771 0.0236097 -0.0526769 -0.0497259 -0.0524239 -0.051143 0.0608868 0.0741758 0.0643734 0.0641476
internal_weight=201.386 157.658 43.7276 45.1239 112.534 40.5151 16.7445 32.0203 28.3173 16.8067 27.7319 22.5103 21.0378 14.2282 80.5141 73.9806 69.6574 11.4663 11.1687 6.80958 23.7706 20.2761
internal_count=1167 808 359 266 542 345 124 174 180 86 147 124 142 91 368 341 318 54 100 51 221 190
is_linear=0
shrinkage=0.05


Tree=12
num_leaves=27
num_cat=0
split_feature=26 3 15 3 14 11 11 18 10 2 20 9 7 9 10 9 19 9 29 2 20 11 2 2 2 2
split_gain=51.6047 29.9198 12.6236 11.9961 8.79236 8.64728 26.5296 7.11788 5.09752 5.56057 5.30548 4.6475 4.4593 3.91889 3.39384 2.87173 5.2139 2.22278 1.82786 0.923161 0.72765 0.605529 0.0500122 0.000179422 2.72363e-05 3.55271e-15
threshold=10.500000000000002 3.5000000000000004 2.5000000000000004 4.5000000000000009 0.10070000000000001 599.50000000000011 718.00000000000011 236844.92500000002 64.500000000000014 24.500000000000004 -0.5321499999999999 0.0012500000000000002 3.5000000000000004 0.14300000000000004 258.50000000000006 0.025300000000000007 1.3443000000000003 0.30885000000000001 3.5000000000000004 24.500000000000004 -0.28894999999999993 1172.5000000000002 9.5000000000000018 22.500000000000004 20.500000000000004 15.500000000000002
decision_type=2 2 2 2 2 2 2 2 2 2 2 2 2 2 2 2 2 2 2 2 2 2 2 2 2 2
left_child=1 2 8 4 11 19 -7 12 20 13 -11 -3 -4 -10 -5 16 -6 -17 -14 23 -1 -16 -22 25 -8 -2
right_child=5 3 7 14 15 6 24 -9 9 10 -12 -13 18 -15 21 17 -18 -19 -20 -21 22 -23 -24 -25 -26 -27
leaf_value=-0.055588271338551723 0.063202341291958786 -0.044647849206411017 -0.02337378427698996 -0.069018709763890976 0.0008639307826600745 -0.076898599840244164 0.063968068654656582 -0.069341017180132025 -0.042314045609569612 -0.059504145440318103 0.0035422359556664834 0.023310339919360414 0.02425339613931736 -0.076563674066858281 -0.028208733438250207 0.07479078330936903 0.065569893460418097 0.028105676774641038 0.074289922963818714 0.030673756907402927 -0.074886936369668783 -8.4321498809714041e-05 -0.081508080255654924 0.063615249807467245 0.063789324589896404 0.063202341291958883
leaf_weight=5.09820728003979 5.6427689269185146 6.0355778634548169 3.7297878339886656 4.6021714061498624 8.9635259583592433 5.4525343775749198 4.8743065297603589 2.6497096717357627 59.081715777516365 4.6895982772111919 11.568649701774119 4.3139898478984833 4.8350704908370963 9.7270865440368635 3.9854359179735184 6.9428600966930372 4.7699875533580771 4.029364250600338 2.931984581053257 2.4438868016004553 5.5226462632417661 3.681981086730957 5.8976708650588989 3.1330648809671393 3.7869929373264313 10.772558860480785
leaf_count=23 55 29 21 20 55 24 46 12 276 22 64 26 33 42 20 52 35 30 22 20 24 20 25 30 36 105
internal_value=-0.0140424 -0.026019 -0.0397151 0.00747463 0.0223677 0.0400441 0.00949972 0.00453616 -0.0458774 -0.0409418 -0.0146431 -0.016321 0.0215628 -0.0471557 -0.0350762 0.0385749 0.0233379 0.0576465 0.0431417 0.0596464 -0.0712947 -0.0147031 -0.0783062 0.0632685 0.0638899 0.0632023
internal_weight=199.163 163.057 115.732 47.3249 35.0553 36.1061 14.1138 14.1466 101.586 85.0671 16.2582 10.3496 11.4968 68.8088 12.2696 24.7057 13.7335 10.9722 7.76706 21.9923 16.5185 7.66742 11.4203 19.5484 8.6613 16.4153
internal_count=1167 851 564 287 227 316 106 88 476 404 86 55 76 318 60 172 90 82 55 210 72 40 49 190 82 160
is_linear=0
shrinkage=0.05


Tree=13
num_leaves=23
num_cat=0
split_feature=9 3 7 1 15 11 11 9 17 3 2 25 0 25 10 14 0 28 20 1 2 0
split_gain=47.6593 22.9352 12.8563 12.6237 11.5367 8.79116 25.3298 6.0865 8.39277 5.06163 4.62709 4.58281 4.51096 3.04037 3.28363 2.78422 2.77761 1.944 1.01975 0.102949 0.00431837 0.000148237
threshold=0.46650000000000008 3.5000000000000004 4.5000000000000009 10.500000000000002 1.0000000180025095e-35 599.50000000000011 718.00000000000011 0.14135 48779.830000000009 4.5000000000000009 24.500000000000004 2.5000000000000004 4368.4750000000013 1.0000000180025095e-35 3.5000000000000004 0.17665000000000003 11682.445000000002 9.5000000000000018 -1.0000000180025095e-35 3.5000000000000004 24.500000000000004 20877.925000000003
decision_type=2 2 2 2 2 2 2 2 2 2 2 2 2 2 2 2 2 2 2 2 2 2
left_child=1 4 -2 9 13 20 -7 8 11 12 18 -6 -3 -1 -15 -16 -10 -14 -5 -8 21 -4
right_child=2 3 5 10 7 6 19 -9 16 -11 -12 -13 17 14 15 -17 -18 -19 -20 -21 -22 -23
leaf_value=-0.081614419104756641 -0.062844633062860408 -0.0029738455237075436 0.062393743587447009 -0.036923900557664167 -0.026861815149233616 -0.074909888271336864 0.054081858387379333 -0.060293952533517395 -0.0052948419764041223 -0.010961223934217156 0.0084964340936313932 0.037450493128700545 0.026482056027745948 -0.074507505449373471 -0.047214883133045289 -0.022138395255422431 -0.055813267251744438 0.063970961985267236 -0.068121850897408229 0.06399214883996375 0.064407383840557914 0.06277608768737368
leaf_weight=6.3599293678998938 3.1396720111370078 5.1377688720822396 15.811947584152227 7.2776287049055108 3.6661262363195481 5.3207584619522086 5.2378456890583021 5.5755989402532569 4.5744448900222761 7.2747775167226783 5.2780444249510756 11.332682803273199 5.2561182826757422 8.6438038945198041 50.219361022114754 14.198628172278402 6.7149764746427536 10.10847298055887 4.0920637696981439 5.2442629262804985 3.3337898775935164 3.0190870910882941
leaf_count=27 14 30 160 36 18 24 50 26 25 38 32 73 37 38 233 70 32 75 18 50 31 30
internal_value=-0.0134937 -0.0261356 0.0343926 0.00423613 -0.0382599 0.0424335 0.0139397 -0.0128436 -0.00277957 0.0248702 -0.0301923 0.0217308 0.0375841 -0.0484568 -0.0455705 -0.0416877 -0.0353433 0.0511463 -0.0481523 0.05904 0.0627487 0.062455
internal_weight=196.818 155.71 41.1074 44.4249 111.286 37.9677 15.8029 31.8638 26.2882 27.7771 16.6477 14.9988 20.5024 79.4217 73.0618 64.418 11.2894 15.3646 11.3697 10.4821 22.1648 18.831
internal_count=1167 808 359 266 542 345 124 174 148 180 86 91 142 368 341 303 57 112 54 100 221 190
is_linear=0
shrinkage=0.05


Tree=14
num_leaves=25
num_cat=0
split_feature=26 3 3 21 20 14 0 18 22 12 2 1 3 14 25 18 2 2 24 24 28 28 24 0
split_gain=43.6675 24.8606 10.1734 8.02629 7.81075 7.76195 7.45112 6.53253 8.88244 4.94475 3.6174 3.51067 3.24476 2.47634 2.28517 3.19818 1.50143 8.50391 1.48891 1.77084 0.932203 0.512043 0.258361 0.0157614
threshold=10.500000000000002 3.5000000000000004 4.5000000000000009 22162.500000000004 0.92595000000000016 0.10070000000000001 5060.0900000000011 268.29500000000002 1.5000000000000002 1.0000000180025095e-35 21.500000000000004 3.5000000000000004 1.5000000000000002 0.17665000000000003 8.5000000000000018 80353.510000000024 5.5000000000000009 20.500000000000004 11.500000000000002 18.500000000000004 22.500000000000004 12.500000000000002 30.500000000000004 20877.925000000003
decision_type=2 2 2 2 2 2 2 2 2 2 2 2 2 2 2 2 2 2 2 2 2 2 2 2
left_child=1 3 5 4 7 6 -3 13 -9 16 18 -4 -12 -1 15 -7 -2 -18 21 -20 -11 -5 -16 -19
right_child=9 2 11 10 -6 14 -8 8 -10 20 12 -13 -14 -15 22 -17 17 23 19 -21 -22 -23 -24 -25
leaf_value=-0.063541549406457426 0.040210434396953765 -0.057032371412322924 0.0018685598437552483 -0.063690402865633086 -0.081504069186358719 0.04455740589478123 0.028257569914982895 0.017195204857352511 -0.028333265460735294 0.027754908226457244 0.0023981031798801537 -0.05334234661029337 -0.050220554678659914 -0.026434901727417033 0.072407632646714695 0.0017144075657615915 -0.071919811376815773 0.034812353333722436 -0.030081354011252743 -0.063157222825982906 0.06164407827543944 -0.08158272830861385 0.050808488723653268 0.030410010400160222
leaf_weight=9.4385660141706484 5.4316447824239757 5.2605464905500394 4.659908398985861 8.5008145719766635 5.7166369706392279 11.120374225080019 4.9895809292793274 17.797501996159554 26.912138469517231 2.3414061814546594 4.8543458580970746 7.5349317044019699 7.3901553675532341 8.5865779221057874 3.4880553334951392 7.1609611287713042 2.5426756739616385 4.3924083113670331 6.4005418419837978 11.003436937928198 15.219045877456665 7.5500770509243003 2.295745275914669 3.7852521389722824
leaf_count=42 50 24 25 38 25 79 31 101 142 20 27 35 35 42 28 46 12 40 31 49 160 32 19 34
internal_value=-0.0129753 -0.0238313 0.00698182 -0.036386 -0.0255529 0.0209221 -0.0155147 -0.0204544 -0.0102098 0.0387605 -0.0526125 -0.0322451 -0.0293598 -0.0458652 0.0364418 0.0277754 0.018794 0.00794293 -0.0611229 -0.0509931 0.0571255 -0.0721067 0.0638344 0.0327746
internal_weight=194.373 160.661 46.5101 114.151 68.4514 34.3153 10.2501 62.7348 44.7096 33.7124 45.6994 12.1948 12.2445 18.0251 24.0651 18.2813 16.152 10.7203 33.4549 17.404 17.5605 16.0509 5.7838 8.17766
internal_count=1167 851 287 564 352 227 55 327 243 316 212 60 62 84 172 125 136 86 150 80 180 70 47 74
is_linear=0
shrinkage=0.05


Tree=15
num_leaves=20
num_cat=0
split_feature=26 3 15 1 2 11 11 1 3 0 17 2 10 0 17 20 0 0 0
split_gain=40.0583 22.5646 10.9566 9.34273 7.65554 7.36163 22.5757 5.53684 5.12688 5.34935 5.00156 4.83692 5.17519 3.4663 1.65322 1.06705 0.962851 0.000456463 3.20928e-05
threshold=10.500000000000002 3.5000000000000004 4.5000000000000009 10.500000000000002 24.500000000000004 599.50000000000011 718.00000000000011 1.5000000000000002 4.5000000000000009 4368.4750000000013 112787.60000000002 24.500000000000004 353.00000000000006 245776.65000000005 2548.7400000000002 -1.0000000180025095e-35 22543.150000000005 20877.925000000003 3689.7150000000006
decision_type=2 2 2 2 2 2 2 2 2 2 2 2 2 2 2 2 2 2 2
left_child=1 2 7 8 15 16 -7 -1 9 -3 -4 13 -13 -9 -11 -5 17 -2 -8
right_child=5 3 10 4 -6 6 18 11 -10 14 -12 12 -14 -15 -16 -17 -18 -19 -20
leaf_value=0.010348226529463177 0.060947968417476163 -0.0070351500655078808 0.051494273301065832 -0.034280593700283669 0.025537820917342403 -0.072858893188648466 0.061923531532627453 -0.043822314258587347 -0.011648119470946601 0.028428248652985932 -0.02795247998854963 -0.046237536529417499 0.0047599597941675557 -0.078381423040185583 0.062123705223386838 -0.065819966997559265 0.026721774838489594 0.06163931922916549 0.061720048127920459
leaf_weight=5.3601371347904196 14.637942314147955 5.3468480110168519 5.0689477100968343 7.216026797890664 5.5453419908881179 5.1408877372741681 4.4401365667581558 71.783345192670822 7.5075513869523993 5.5221169292926815 3.2519669234752655 9.5885330885648745 10.338556632399557 8.0715817511081678 10.681729920208452 4.2678465247154245 2.311120316386222 2.8528453409671775 3.4381464421749115
leaf_count=30 160 31 39 36 38 24 46 339 39 39 17 46 57 36 85 19 20 30 36
internal_value=-0.0124537 -0.0228021 -0.034786 0.00670128 -0.0227059 0.0378522 0.00864818 -0.0391569 0.023935 0.0363309 0.020445 -0.0418163 -0.0197791 -0.0473155 0.0506406 -0.0460018 0.057053 0.0610607 0.0618347
internal_weight=192.372 159.551 113.463 46.0875 17.0292 32.8211 13.0192 105.142 29.0582 21.5507 8.32091 99.782 19.9271 79.8549 16.2038 11.4839 19.8019 17.4908 7.87828
internal_count=1167 851 564 287 93 316 106 508 194 155 56 478 103 375 124 55 210 190 82
is_linear=0
shrinkage=0.05


Tree=16
num_leaves=25
num_cat=0
split_feature=9 3 7 15 3 11 11 14 0 24 23 10 16 9 11 25 10 17 14 9 17 3 2 12
split_gain=37.1036 17.0912 11.197 9.65924 8.69375 7.66003 21.6288 7.53449 6.57355 5.95144 5.75071 5.07276 4.58826 3.56135 3.76263 2.96399 3.19764 2.91484 2.5697 0.999388 0.809155 0.109065 0.0061472 0.000379623
threshold=0.46650000000000008 3.5000000000000004 4.5000000000000009 1.0000000180025095e-35 4.5000000000000009 599.50000000000011 718.00000000000011 0.095950000000000021 23315.045000000002 31.500000000000004 1.5000000000000002 256.50000000000006 1.5000000000000002 0.025300000000000007 1096.5000000000002 1.0000000180025095e-35 3.5000000000000004 112787.60000000002 0.17665000000000003 0.23955000000000001 4473.0950000000003 2.5000000000000004 24.500000000000004 1.0000000180025095e-35
decision_type=2 2 2 2 2 2 2 2 2 2 2 2 2 2 2 2 2 2 2 2 2 2 2 2
left_child=1 3 -2 15 7 22 -7 8 -3 10 12 -6 -5 14 -9 -1 -17 -12 -18 -15 -13 -8 23 -4
right_child=2 4 5 9 11 6 21 13 -10 -11 17 20 -14 19 -16 16 18 -19 -20 -21 -22 -23 -24 -25
leaf_value=-0.076639617502067395 -0.059361982736019329 -0.051227426028584266 0.060943545451264736 -0.041092694542788653 -0.072033647747800786 -0.071259732506155776 0.062127908164934333 0.042578124184427336 0.037040201471535153 0.036778741327574929 -0.026100491851578755 -0.021920691837252197 0.025048978743359845 0.071389024860941674 -0.010232097055472095 -0.069668865563579832 -0.041774572250259399 -0.074758603578486196 -0.017488768818926723 0.033019513861360428 0.010779248085782761 0.051471009257505786 0.062825065192409796 0.06030063631256103
leaf_weight=6.0527044087648383 3.047460049390792 5.9730585515499133 2.7439036220312163 3.792260140180594 4.7986403256654722 4.9970876574516288 4.9680817201733571 7.3011812418699282 3.2607903331518173 5.5461449921131125 9.2081791311502439 3.9718179404735565 8.4970096424221975 5.7260104417800886 6.2687255069613457 8.1497315615415555 49.114795297384262 4.6231013238430014 13.996205121278761 2.4119255468249321 3.6124559342861176 4.6460616514086723 3.1109281331300727 14.069715738296509
leaf_count=27 14 28 30 18 21 24 52 52 21 35 49 20 52 46 40 38 233 20 70 18 20 48 31 160
internal_value=-0.0119814 -0.0229606 0.0325113 -0.0335213 0.00360419 0.0406183 0.0131202 0.0177734 -0.0200571 -0.0102621 -0.0202502 -0.031801 0.00463878 0.0338653 0.018182 -0.043048 -0.0401948 -0.0423645 -0.0363887 0.060017 -0.00634542 0.0569779 0.0607833 0.0604056
internal_weight=189.888 152.305 37.5832 108.98 43.3246 34.5358 14.6112 30.9417 9.23385 31.6667 26.1206 12.3829 12.2893 21.7078 13.5699 77.3134 71.2607 13.8313 63.111 8.13794 7.58427 9.61414 19.9245 16.8136
internal_count=1167 808 359 542 266 345 124 205 49 174 139 61 70 156 92 368 341 69 303 64 40 100 221 190
is_linear=0
shrinkage=0.05


Tree=17
num_leaves=21
num_cat=0
split_feature=26 3 15 1 2 11 11 1 2 1 17 3 19 27 21 28 18 14 12 1
split_gain=34.1264 18.7889 9.4915 8.35637 6.55355 6.483 19.7953 4.92126 4.50742 5.02889 4.50587 4.31295 4.52658 4.04252 3.57873 0.953652 0.910662 0.030957 0.000316356 3.1989e-06
threshold=10.500000000000002 3.5000000000000004 4.5000000000000009 10.500000000000002 24.500000000000004 599.50000000000011 718.00000000000011 1.5000000000000002 24.500000000000004 10.500000000000002 112787.60000000002 4.5000000000000009 1.2469000000000003 1.5000000000000002 22162.500000000004 22.500000000000004 50701.395000000011 0.19725000000000001 1.0000000180025095e-35 6.5000000000000009
decision_type=2 2 2 2 2 2 2 2 2 2 2 2 2 2 2 2 2 2 2 2
left_child=1 2 7 11 16 15 -7 -1 14 -10 -4 12 13 -3 -9 -2 -5 -14 -17 -8
right_child=5 3 10 4 -6 6 19 8 9 -11 -12 -13 17 -15 -16 18 -18 -19 -20 -21
leaf_value=0.010643578518454764 0.024816748102651852 -0.032692213561012019 0.049962440201985883 -0.055042581094902981 0.023434876605882539 -0.069803760708953458 0.06053246344200211 -0.034965155774673372 0.0096148284628505554 -0.040942974860700095 -0.025904370345048312 -0.0098320211029212911 0.072852239191521492 0.032385004605130739 -0.056644586441669836 0.060296520305899541 -0.026093489443923302 0.06591154134241993 0.059697858282259722 0.060465766881700661
leaf_weight=5.3469056487083426 2.2158976346254411 3.0180862545967164 4.9362841472029668 6.7771139144897479 5.4187295809388152 4.8499810099601728 4.1044614613056183 45.684039428830147 9.2488407492637634 10.505201913416386 3.2427948266267776 7.4792965650558463 2.8616386950016013 11.400698751211165 32.634099051356316 2.6373776793479928 4.5341090708971024 3.6629367023706436 13.515228033065796 3.1988912522792816
leaf_count=30 20 17 39 32 38 24 46 223 52 51 17 39 23 82 152 30 23 33 160 36
internal_value=-0.0115383 -0.0209567 -0.0319678 0.0062579 -0.0217785 0.0368319 0.00850217 -0.0360685 -0.0386153 -0.0172718 0.0198832 0.0227605 0.0343999 0.0187633 -0.0439987 0.0555759 -0.0434383 0.0689557 0.0597956 0.0605033
internal_weight=187.273 156.751 111.598 45.1526 16.73 30.5218 12.1533 103.419 98.0722 19.754 8.17908 28.4227 20.9434 14.4188 78.3181 18.3685 11.3112 6.52458 16.1526 7.30335
internal_count=1167 851 564 287 93 316 106 508 478 103 56 194 155 99 375 210 55 56 190 82
is_linear=0
shrinkage=0.05


Tree=18
num_leaves=21
num_cat=0
split_feature=9 15 25 18 12 10 2 20 8 8 2 23 24 27 2 2 17 1 1 1
split_gain=31.5455 13.52 8.16321 7.1548 6.97669 6.49894 6.40802 9.49163 5.94229 5.37432 2.91999 2.76343 2.59331 1.90408 1.60145 8.01138 0.528945 0.127088 0.00760267 9.31625e-05
threshold=0.46650000000000008 2.5000000000000004 1.0000000180025095e-35 236844.92500000002 1.0000000180025095e-35 3.5000000000000004 23.500000000000004 -0.5321499999999999 0.023100000000000006 0.37270000000000009 22.500000000000004 2.5000000000000004 16.500000000000004 9.5000000000000018 20.500000000000004 5.5000000000000009 7217.0700000000006 5.5000000000000009 9.5000000000000018 6.5000000000000009
decision_type=2 2 2 2 2 2 2 2 2 2 2 2 2 2 2 2 2 2 2 2
left_child=1 2 -1 10 8 16 9 -8 13 -7 11 12 -3 -2 15 -15 -4 -6 -16 -19
right_child=4 3 5 -5 17 6 7 -9 -10 -11 -12 -13 -14 14 18 -17 -18 19 -20 -21
leaf_value=-0.077683658617214574 0.063470826523453081 0.0076309411414257153 -0.050030762757386597 -0.046367388275869399 0.045929063786409111 -0.03127093089103887 -0.048351566729797936 0.020946327982716176 -0.055722976450426322 0.0073920078201963682 0.071359796469988912 -0.013505377584796958 0.06238057965368974 0.03735177802805914 0.033762358520640488 -0.073709102201869686 -0.0713165704281392 0.059135860202951945 0.030618361074024693 0.059457185552750202
leaf_weight=7.4900728166103354 2.5141639038920447 4.148900352418428 7.1489614844322187 3.6267441213130942 2.0327615290880177 74.86128493398428 6.7788191810250309 18.228960506618023 2.7612699568271628 10.214638128876684 3.5531107857823363 4.134859472513198 4.5183480456471443 4.7685280591249466 4.0837942510843277 2.4621951282024384 4.9321110546588898 2.9194101691246024 3.6337788179516792 9.9229806661605835
leaf_count=34 25 27 36 18 23 375 33 114 13 58 29 26 35 50 42 13 23 36 37 120
internal_value=-0.0111085 -0.0211152 -0.0270154 0.0171685 0.0315529 -0.0239089 -0.0200885 0.00216186 0.0124347 -0.0266289 0.0312575 0.0201275 0.0361726 0.0232122 0.0164411 -0.000466508 -0.0587207 0.0575454 0.032282 0.0593841
internal_weight=184.736 149.637 129.655 19.982 35.0989 122.165 110.084 25.0078 20.2237 85.0759 16.3552 12.8021 8.66725 17.4625 14.9483 7.23072 12.0811 14.8752 7.71757 12.8424
internal_count=1167 808 673 135 359 639 580 147 180 433 117 88 62 167 142 63 59 179 79 156
is_linear=0
shrinkage=0.05


Tree=19
num_leaves=25
num_cat=0
split_feature=26 3 1 21 20 11 11 2 19 22 3 0 24 17 1 19 27 11 28 27 0 0 0 0
split_gain=29.0017 16.781 7.57314 6.57909 6.82846 5.94685 18.127 5.70253 5.35989 8.49813 3.82688 4.63229 2.97477 2.63074 3.3864 1.7631 1.46368 1.34192 0.940748 0.908625 0.552207 0.0005017 2.03865e-06 4.46236e-07
threshold=10.500000000000002 3.5000000000000004 10.500000000000002 22162.500000000004 0.92595000000000016 599.50000000000011 718.00000000000011 24.500000000000004 0.00125 1.5000000000000002 4.5000000000000009 3462.0450000000005 11.500000000000002 21239.335000000003 3.5000000000000004 1.2469000000000003 4.5000000000000009 1401.0000000000002 22.500000000000004 7.5000000000000009 3956.2900000000004 20877.925000000003 17568.820000000003 3689.7150000000006
decision_type=2 2 2 2 2 2 2 2 2 2 2 2 2 2 2 2 2 2 2 2 2 2 2 2
left_child=1 3 10 4 8 18 -7 19 16 -10 11 -3 17 14 -14 -13 -1 20 -2 -4 -5 22 -20 -8
right_child=5 2 7 12 -6 6 23 -9 9 -11 -12 15 13 -15 -16 -17 -18 -19 21 -21 -22 -23 -24 -25
leaf_value=-0.013515857757483183 0.023227721419444132 -0.011369147291899669 -0.029880690854606862 -0.078426211010746122 -0.073668681221673429 -0.068358784988901897 0.059550355510902479 0.022333534630997263 0.022005071333418922 -0.023696505898001832 -0.0082562355620187516 0.033332858279090459 0.012652333364279468 -0.058748754303767727 -0.036936236027169569 0.067551175869711544 -0.045516563142450277 -0.039551243696426951 0.058651055761453269 -0.059616015039285854 -0.058512516781031865 0.05940170666846345 0.058608500019010745 0.059524636495319055
leaf_weight=4.8011936396360424 2.1291246712207839 4.4865471646189752 7.1548417359590548 6.3024289608001727 5.4191455841064444 4.6519082188606244 3.8455071002244949 5.3230260014533988 17.0734718516469 25.163601167500019 7.4502161443233481 10.106016010046007 4.9838021919131341 6.7681570127606383 11.13473269343376 5.9990174621343604 13.9716230481863 6.2269336283206931 4.2935121878981564 4.0083807557821274 7.7771308869123459 2.4812764674425134 8.1684678420424461 3.0040169656276703
leaf_count=25 20 26 36 28 25 24 46 38 99 136 39 75 28 32 56 54 67 31 55 19 37 30 105 36
internal_value=-0.0106673 -0.0192435 0.006641 -0.0297576 -0.0198805 0.0355998 0.00780907 -0.0202516 -0.0151028 -0.00522258 0.0224516 0.033562 -0.0449482 -0.0325883 -0.0216036 0.046079 -0.0373323 -0.0588786 0.0543221 -0.0405578 -0.0674265 0.0587524 0.0586232 0.0595391
internal_weight=182.724 154.15 44.528 109.622 66.429 28.5738 11.5014 16.4862 61.0099 42.2371 28.0418 20.5916 43.1932 22.8867 16.1185 16.105 18.7728 20.3065 17.0724 11.1632 14.0796 14.9433 12.462 6.84952
internal_count=1167 851 287 564 352 316 106 93 327 235 194 155 212 116 84 129 92 96 210 55 65 190 160 82
is_linear=0
shrinkage=0.05


Tree=20
num_leaves=23
num_cat=0
split_feature=27 3 1 15 1 11 11 18 2 23 10 2 3 19 27 1 20 20 21 2 1 1
split_gain=26.7951 15.2644 8.55999 7.93962 6.9118 5.58564 17.0091 5.50875 5.18342 4.21057 3.66057 3.78433 3.53221 4.11735 3.72844 1.36748 0.939946 0.373637 0.025685 0.00101732 1.70982e-06 3.73071e-07
threshold=11.500000000000002 3.5000000000000004 1.0000000180025095e-35 2.5000000000000004 10.500000000000002 599.50000000000011 718.00000000000011 182476.87500000003 24.500000000000004 2.5000000000000004 21.500000000000004 24.500000000000004 4.5000000000000009 1.2469000000000003 1.5000000000000002 10.500000000000002 -1.0000000180025095e-35 -0.089499999999999982 1725.0000000000002 22.500000000000004 7.5000000000000009 6.5000000000000009
decision_type=2 2 2 2 2 2 2 2 2 2 2 2 2 2 2 2 2 2 2 2 2 2
left_child=1 2 -1 10 12 15 -7 9 16 -5 17 -12 13 14 -3 19 -6 -4 -15 20 -2 -8
right_child=5 4 3 7 8 6 21 -9 -10 -11 11 -13 -14 18 -16 -17 -18 -19 -20 -21 -22 -23
leaf_value=0.043093280245333959 0.05815826316195586 -0.031683404491311601 -0.050431364998558041 0.048938476322105393 -0.027712329024699358 -0.06715668705625974 0.058998232572183111 -0.049665671490369254 0.021372299654425622 -0.02133922241157429 -0.038027222675846253 -0.010907991363313064 -0.0078453910494445233 0.063376949344783093 0.030983728706634867 0.0092466470013076642 -0.057914788700079947 -0.069295443881751864 0.069899627105553516 0.05917352468674663 0.058118467417400836 0.058974230059315527
leaf_weight=4.0213450118899337 4.1178426072001511 3.0131069570779863 4.0339220613241196 6.2633959949016553 7.0182580947875985 4.5022137165069562 3.6913222372531891 3.3361882194876662 5.2852938473224631 3.2306219413876534 64.315595239400864 16.080190055072308 7.4483947753906241 2.8089936450123778 11.181003443896769 1.5682822763919819 4.069965288043023 7.5151944756507856 3.2618943825364113 2.9179589822888365 7.8339383751153946 2.8835010230541229
leaf_count=25 55 17 20 48 36 24 46 16 38 18 314 85 39 28 82 14 19 38 28 36 105 36
internal_value=-0.010263 -0.0184379 -0.0284951 -0.0312428 0.0063809 0.03516 0.00771686 0.00560303 -0.0193755 0.0250244 -0.0363843 -0.032603 0.0215982 0.0324202 0.0176808 0.0536531 -0.0387982 -0.0627065 0.0668816 0.0583365 0.0581322 0.0589877
internal_weight=180.398 152.883 108.796 104.775 44.0869 27.5151 11.077 12.8302 16.3735 9.49402 91.9449 80.3958 27.7134 20.265 14.1941 16.438 11.0882 11.5491 6.07089 14.8697 11.9518 6.57482
internal_count=1167 851 564 539 287 316 106 82 93 66 457 399 194 155 99 210 55 58 56 196 160 82
is_linear=0
shrinkage=0.05


Tree=21
num_leaves=23
num_cat=0
split_feature=9 15 3 7 3 19 11 11 28 10 10 1 25 1 0 14 19 0 2 0 0 0
split_gain=24.8053 11.4165 9.28849 9.04781 7.46627 6.2026 6.02734 16.366 5.72492 4.92701 3.9383 3.80961 3.67417 4.1587 1.65904 0.841723 0.430066 0.276964 0.00796114 0.000349683 5.22031e-05 1.43575e-06
threshold=0.46650000000000008 4.5000000000000009 3.5000000000000004 4.5000000000000009 4.5000000000000009 1.3191000000000004 599.50000000000011 718.00000000000011 10.500000000000002 21.500000000000004 341.50000000000006 3.5000000000000004 1.0000000180025095e-35 2.5000000000000004 1489.7000000000003 0.24685000000000004 0.27825000000000005 10684.010000000002 24.500000000000004 20877.925000000003 2999.0350000000003 17568.820000000003
decision_type=2 2 2 2 2 2 2 2 2 2 2 2 2 2 2 2 2 2 2 2 2 2
left_child=1 2 9 -2 5 8 18 -8 -4 16 -3 -6 -11 -14 -12 -7 -1 20 19 21 -9 -5
right_child=3 10 4 6 11 15 7 17 -10 12 14 -13 13 -15 -16 -17 -18 -19 -20 -21 -22 -23
leaf_value=-0.050096431185954797 -0.054423404175559832 -0.0085618746995130036 -0.033332784873359701 0.05769732699620618 0.0010087933595341557 0.070255969181214573 -0.066052061441564655 0.058482703939180085 0.021432330264277308 -0.071483629283663849 0.02137938165838367 -0.058758573133304848 0.01262903191479324 -0.027809195428407315 0.071234009083512836 0.032368535179339186 -0.069977501417479882 0.035837111685005162 0.060728055412878935 0.058350455474229401 0.058767051664317921 0.057660081266638644
leaf_weight=4.5803625136613828 2.8846842497587231 4.2376700565218908 7.9811481013894143 3.9475112929940277 4.3528641909360868 3.9889998212456694 4.3524290919303885 3.5414605289697629 11.868045188486574 4.3578450530767432 2.6853666305541992 6.8807927221059799 6.9503868967294684 74.582685999572277 4.4077961221337318 2.3176984786987305 6.697864755988121 1.6793615892529485 2.7604390829801551 2.2839570790529242 2.9659368321299553 7.5096102431416512
leaf_count=24 14 27 45 55 23 34 24 46 78 21 19 32 39 375 38 19 34 16 31 30 38 105
internal_value=-0.00988892 -0.0186249 -0.0226838 0.0300321 -0.00150622 0.0131365 0.0384213 0.0122903 -0.000588136 -0.0308326 0.0295754 -0.0355997 -0.0267528 -0.024362 0.0523598 0.0563324 -0.0619033 0.0539404 0.0582778 0.0577855 0.0586123 0.0576729
internal_weight=177.815 145.89 134.559 31.9254 37.3895 26.1559 29.0407 12.5392 19.8492 97.1691 11.3308 11.2337 85.8909 81.5331 7.09316 6.3067 11.2782 8.18676 16.5015 13.7411 6.5074 11.4571
internal_count=1167 808 724 359 231 176 345 124 123 493 84 55 435 414 57 53 58 100 221 190 84 160
is_linear=0
shrinkage=0.05


Tree=22
num_leaves=23
num_cat=0
split_feature=26 15 10 18 11 11 24 23 17 17 23 14 27 24 20 10 28 15 24 0 0 0
split_gain=22.9213 12.0829 5.74089 4.95358 4.93981 15.0132 3.9735 4.3379 9.88965 3.60354 3.25928 2.68478 6.19463 2.30112 1.87895 1.04226 0.944359 0.365936 0.359688 0.000293754 1.20709e-06 3.26742e-07
threshold=10.500000000000002 2.5000000000000004 40.500000000000007 236844.92500000002 599.50000000000011 718.00000000000011 7.5000000000000009 1.5000000000000002 3381.8750000000005 140714.00500000003 2.5000000000000004 0.095950000000000021 4.5000000000000009 16.500000000000004 -0.2604999999999999 373.50000000000006 22.500000000000004 11.500000000000002 5.5000000000000009 20877.925000000003 17568.820000000003 3689.7150000000006
decision_type=2 2 2 2 2 2 2 2 2 2 2 2 2 2 2 2 2 2 2 2 2 2
left_child=1 2 14 10 16 -6 11 8 -8 -9 13 15 -13 -3 -1 -4 -2 -15 -16 20 -18 -7
right_child=4 3 6 -5 5 21 7 9 -10 -11 -12 12 -14 17 18 -17 19 -19 -20 -21 -22 -23
leaf_value=-0.025412873930310154 0.020591780337750984 0.018551513414418675 -0.032409034281181505 -0.032970992451996368 -0.065034689064879747 0.058000845105502942 -0.018961447294671002 -0.014429460733895925 0.033022566777632274 -0.050559394041604422 -0.0023922616018346035 0.015993092183129522 -0.0371983285809964 0.071419651950818105 -0.050780941110197486 -0.061956699265832485 0.057265785363417879 0.047051653701096263 -0.070003402421111124 0.057877148880041342 0.05723089720393109 0.05797742430750287
leaf_weight=4.7898460850119582 2.0148339867591867 5.0807380229234749 4.851064056158064 3.9149771556258193 4.2032716870307905 3.3960179388523102 26.423940859735012 22.513053998351097 13.994788236916063 9.9522177055478078 5.545678421854972 7.5150804445147541 20.14922734349966 4.4628356993198395 3.7836605533957464 7.7564707547426224 3.7825679630041105 2.352927565574646 6.8203134089708328 2.189883068203927 7.195572629570961 2.6521154344081879
leaf_count=26 20 36 25 22 24 46 141 124 90 49 37 44 105 37 21 37 55 22 35 30 105 36
internal_value=-0.00952406 -0.0169705 -0.0227565 0.0178559 0.0343643 0.00754787 -0.0188592 -0.0118945 -0.000962235 -0.0255051 0.0292642 -0.031464 -0.0227487 0.0440212 -0.0514042 -0.0505875 0.0524706 0.0630074 -0.0631445 0.0573484 0.0572429 0.0579906
internal_weight=175.341 149.907 128.55 21.3572 25.4343 10.2514 113.156 72.884 40.4187 32.4653 17.4422 40.2718 27.6643 11.8965 15.3938 12.6075 15.1829 6.81576 10.604 13.168 10.9781 6.04813
internal_count=1167 851 697 154 316 106 615 404 231 173 132 211 149 95 82 62 210 59 56 190 160 82
is_linear=0
shrinkage=0.05


Tree=23
num_leaves=23
num_cat=0
split_feature=9 15 7 10 2 2 11 11 0 14 10 10 9 0 0 27 8 18 2 0 0 0
split_gain=21.2169 9.67554 8.23981 6.50271 5.52803 5.70314 5.42675 14.4509 5.17293 5.15284 3.59739 3.51961 3.29041 3.11332 1.63837 1.28461 1.17232 0.276671 0.00798683 0.000247105 6.32408e-05 1.01603e-06
threshold=0.46650000000000008 4.5000000000000009 4.5000000000000009 21.500000000000004 23.500000000000004 18.500000000000004 599.50000000000011 718.00000000000011 17747.255000000005 0.032600000000000011 341.50000000000006 562.50000000000011 0.013950000000000002 7070.0400000000009 1489.7000000000003 9.5000000000000018 0.056150000000000005 68998.380000000019 24.500000000000004 20877.925000000003 2999.0350000000003 17568.820000000003
decision_type=2 2 2 2 2 2 2 2 2 2 2 2 2 2 2 2 2 2 2 2 2 2
left_child=1 3 -2 15 5 9 18 -8 11 -5 -3 -6 -10 -7 -12 16 -1 20 19 21 -9 -4
right_child=2 10 6 4 8 13 7 17 12 -11 14 -13 -14 -15 -16 -17 -18 -19 -20 -21 -22 -23
leaf_value=-0.029769548752312303 -0.052234799728070672 -0.0085276426397992659 0.056861394498266472 -0.042038607562521396 -0.034707402374743179 -0.067280343339415224 -0.064095721312967854 0.057549988518068522 0.002106257306331241 -0.0099924325048939052 0.019314189802052614 0.017065845389611319 0.056122427406831689 -0.02375781751532019 0.069572241757496087 -0.07715101025724698 -0.062945611619650954 0.034478465732708061 0.059971087148390584 0.057434180916294431 0.057876113439818938 0.056828688936584264
leaf_weight=6.465627655386923 2.8057637065649059 4.2120368480682355 3.6230302006006259 15.899340912699698 9.2390545234084147 9.7470200359821337 4.0553542375564557 3.2550575286149979 5.6720722243189794 59.438697963953018 2.6386850252747536 5.0917394235730162 5.6055638641119003 7.1036202758550635 4.2069499269127846 3.8016265928745261 4.5273026525974274 1.6323275938630102 2.6232373192906371 2.0987395942211142 2.7359763085842133 6.8918560445308685
leaf_count=37 14 27 55 80 47 45 24 46 35 328 19 31 41 37 38 19 24 16 31 30 38 105
internal_value=-0.00914876 -0.017105 0.0293052 -0.0208524 -0.0169282 -0.022637 0.0378052 0.0121611 0.00362287 -0.0167555 0.0278298 -0.0163123 0.0289551 -0.0489328 0.0502 -0.052097 -0.0434327 0.0527269 0.0574609 0.0569388 0.0576989 0.05684
internal_weight=173.371 143.649 29.7213 132.592 117.797 92.1887 26.9156 11.6787 25.6084 75.338 11.0577 14.3308 11.2776 16.8506 6.84563 14.7946 10.9929 7.62336 15.2369 12.6136 5.99103 10.5149
internal_count=1167 808 359 724 644 490 345 124 154 408 84 78 76 82 57 80 61 100 221 190 84 160
is_linear=0
shrinkage=0.05


Tree=24
num_leaves=23
num_cat=0
split_feature=27 3 1 1 15 11 11 2 6 21 14 17 27 14 2 8 1 27 24 0 0 0
split_gain=19.614 12.5532 7.33945 6.04331 5.90034 4.37234 13.2908 4.13394 3.41991 3.88997 3.39155 3.1074 4.16644 2.88075 2.74381 2.43734 1.3185 0.879334 0.275797 0.000595136 8.5693e-07 2.89685e-07
threshold=11.500000000000002 3.5000000000000004 1.0000000180025095e-35 10.500000000000002 1.5000000000000002 599.50000000000011 718.00000000000011 24.500000000000004 5.5000000000000009 46929.000000000007 0.38965000000000005 112787.60000000002 3.5000000000000004 0.22590000000000002 23.500000000000004 1.0000000180025095e-35 10.500000000000002 7.5000000000000009 24.500000000000004 20877.925000000003 17568.820000000003 3689.7150000000006
decision_type=2 2 2 2 2 2 2 2 2 2 2 2 2 2 2 2 2 2 2 2 2 2
left_child=1 2 -1 10 8 16 -7 17 9 -4 13 12 -6 14 -3 -10 19 -5 -12 20 -2 -8
right_child=5 3 4 7 11 6 21 -9 15 -11 18 -13 -14 -15 -16 -17 -18 -19 -20 -21 -22 -23
leaf_value=0.041727251408073124 0.056482136380706593 0.011416936501685146 0.010388744412007491 -0.024287778807493957 0.057472908990633009 -0.063227438939340144 0.057127752554533465 0.019713029028970264 -0.030652033592230888 -0.044973672011849139 0.068798165220147894 -0.033416178481515131 -0.0062594419531951028 -0.022406865798566045 0.057889407258619067 -0.05024912418574673 0.0064896878087523178 -0.054211258713598769 0.044616600526087215 0.057326895399817251 0.056451440226222095 0.057104737905713368
leaf_weight=3.9809935241937628 3.4688874557614344 13.425241127610215 8.5692608281970006 6.9241644889116269 3.6396139636635807 3.9091966152191144 3.1186111718416214 5.1188438832759848 45.320532262325287 5.038463056087493 2.9624691382050505 5.234747849404811 8.6804931834340078 4.5035581961274138 4.1604410707950583 24.412893675267696 1.4639526903629292 3.8038252145051956 1.9587585777044294 2.4788029789924613 6.5984354540705681 2.4347333908081055
leaf_count=25 55 82 48 36 26 24 46 38 233 26 27 27 55 28 37 124 14 19 20 36 105 36
internal_value=-0.00879896 -0.0155447 -0.0248618 0.00725526 -0.0274892 0.0336583 0.00740029 -0.0172574 -0.0330385 -0.01011 0.0216366 -0.00114391 0.0125684 0.0132739 0.0224114 -0.0375128 0.0513933 -0.0348978 0.0591734 0.0566329 0.056462 0.0571177
internal_weight=171.207 147.734 104.877 42.8573 100.896 23.4726 9.46254 15.8468 83.3411 13.6077 27.0105 17.5549 12.3201 22.0892 17.5857 69.7334 14.0101 10.728 4.92123 12.5461 10.0673 5.55334
internal_count=1167 851 564 287 539 316 106 93 431 74 194 108 81 147 119 357 210 55 47 196 160 82
is_linear=0
shrinkage=0.05


Tree=25
num_leaves=24
num_cat=0
split_feature=9 3 7 1 1 15 24 14 20 13 19 12 14 7 25 29 20 18 2 2 1 0 0
split_gain=18.2327 9.30583 7.45991 6.72039 6.69652 5.10965 4.99458 3.71054 3.56175 3.20664 3.21305 2.91938 2.73636 3.63162 2.30198 2.20959 1.56149 0.99169 0.985197 4.70617 0.0178065 0.0033442 7.23162e-07
threshold=0.46650000000000008 3.5000000000000004 4.5000000000000009 10.500000000000002 1.0000000180025095e-35 1.0000000180025095e-35 40.500000000000007 0.38965000000000005 -0.55019999999999991 1.0000000180025095e-35 0.16670000000000004 1.0000000180025095e-35 0.22590000000000002 1.5000000000000002 1.0000000180025095e-35 4.5000000000000009 -1.0000000180025095e-35 42912.570000000007 20.500000000000004 5.5000000000000009 9.5000000000000018 29551.910000000003 17568.820000000003
decision_type=2 2 2 2 2 2 2 2 2 2 2 2 2 2 2 2 2 2 2 2 2 2 2
left_child=1 4 -2 7 -1 14 8 12 -7 17 -11 16 13 -3 -6 -16 -4 -5 19 -18 -20 22 -13
right_child=2 3 11 9 5 6 -8 -9 -10 10 -12 21 -14 -15 15 -17 18 -19 20 -21 -22 -23 -24
leaf_value=0.039865985749089658 -0.050069050143572671 -0.025089123409812543 0.061258629466920268 -0.0586170525941416 -0.067132412509072245 -0.047155736201647591 0.049062106875390386 0.064973815664481946 -0.0049107973477214399 -0.02648984569510093 0.043003704003896914 0.056126162050705301 -0.022828803690722207 0.032912815718442887 -0.037070062353640458 -0.016039230353773571 0.03392319722251079 -0.024676607782510226 0.031490447678138543 -0.060396546515828348 0.026002954453817197 0.058714068315801608 0.056097338299795588
leaf_weight=3.9590765833854666 2.7113690823316601 3.373662188649182 2.139804244041442 4.3487397879362089 4.8478418588638297 6.8306032270193162 3.3040218800306311 3.9335468485951415 18.510794214904308 3.7637245357036582 2.9804282411932945 3.3201054595410806 4.435145452618598 13.489060752093796 46.184878095984459 17.118470534682274 3.679858073592186 4.2609234750270844 3.2905793786048889 2.0644841194152832 2.6842683926224709 1.4104109108448035 6.3152420148253441
leaf_count=25 14 19 24 21 26 35 22 39 105 20 21 55 27 95 238 91 50 24 44 14 35 18 105
internal_value=-0.00846832 -0.0157286 0.0286903 0.00448594 -0.0238712 -0.0264781 -0.00875891 0.0203575 -0.0162976 -0.0215964 0.00422128 0.0372648 0.0121173 0.0213086 -0.0339259 -0.0313829 0.0219819 -0.0418199 0.0148104 2.52144e-05 0.0290251 0.0564401 0.0561073
internal_weight=168.957 141.341 27.6161 40.5852 100.756 96.7966 28.6454 25.2314 25.3414 15.3538 6.74415 24.9048 21.2979 16.8627 68.1512 63.3033 13.859 8.60966 11.7192 5.74434 5.97485 11.0458 9.63535
internal_count=1167 808 359 266 542 517 162 180 140 86 41 345 141 114 355 329 167 45 143 64 79 178 160
is_linear=0
shrinkage=0.05


Tree=26
num_leaves=22
num_cat=0
split_feature=9 25 3 7 21 20 3 19 28 24 12 24 17 10 16 0 0 0 2 0 0
split_gain=16.7862 8.51841 8.94006 6.93576 5.88981 5.74408 5.03567 4.98848 5.22082 4.34262 2.87079 2.59726 2.74143 2.5764 1.51395 1.22818 0.922287 0.715994 0.129502 0.00281702 6.11341e-07
threshold=0.46650000000000008 1.0000000180025095e-35 3.5000000000000004 4.5000000000000009 22162.500000000004 0.71165000000000012 4.5000000000000009 1.3191000000000004 10.500000000000002 35.500000000000007 1.0000000180025095e-35 11.500000000000002 48779.830000000009 258.50000000000006 1.5000000000000002 16786.745000000006 3956.2900000000004 427935.14500000008 12.500000000000002 29551.910000000003 17568.820000000003
decision_type=2 2 2 2 2 2 2 2 2 2 2 2 2 2 2 2 2 2 2 2 2
left_child=1 -1 4 -2 5 9 7 8 -4 -3 14 16 -13 -8 15 18 -6 -9 -5 20 -12
right_child=3 2 6 10 11 -7 13 17 -10 -11 19 12 -14 -15 -16 -17 -18 -19 -20 -21 -22
leaf_value=-0.070904966503243891 -0.048550024245661967 -0.0108078330709974 -0.024791379765264559 0.032808993906032646 -0.06434081275751298 -0.058989770252668529 -0.052337077400401971 0.067110269560746116 0.02710732928258959 0.033871626296363637 0.055791802094518429 -0.014208149849110655 -0.060194453454965137 -0.0024113390640691746 0.060597243110317778 -0.0085383451795687914 -0.040806041415577025 0.033038544169355075 0.019728327704692017 0.058217385254121262 0.05576470834999786
leaf_weight=6.5149937421083441 2.6577672511339214 46.339879930019379 7.9124214425683084 3.6162358075380308 7.0255823880434063 5.5643184185028067 4.0203241556882841 4.6970307976007453 12.503041706979273 6.1615900546312323 3.1766296513378602 15.53737995028496 4.0950100272893897 7.2332684695720673 2.0791451446712026 3.908168837428093 10.215990155935286 2.2954613342881203 3.968751460313797 1.3527798950672156 6.0421685501933098
leaf_count=34 14 254 47 50 35 28 20 45 88 39 55 85 20 39 25 43 54 20 49 18 105
internal_value=-0.00814204 -0.0150768 -0.0123544 0.0281122 -0.0206081 -0.0106839 0.00791401 0.0194769 0.00699295 -0.00556424 0.0365512 -0.0362359 -0.0238002 -0.0202472 0.0213349 0.0142322 -0.050396 0.0559254 0.0259647 0.0560867 0.055774
internal_weight=166.918 140.116 133.601 26.8016 94.9398 58.0658 38.6615 27.408 20.4155 52.5015 24.1439 36.874 19.6324 11.2536 13.5723 11.4932 17.2416 6.99249 7.58499 10.5716 9.2188
internal_count=1167 808 774 359 515 321 259 200 135 293 345 194 105 59 167 142 89 65 99 178 160
is_linear=0
shrinkage=0.05


Tree=27
num_leaves=24
num_cat=0
split_feature=26 3 1 1 15 2 10 6 27 14 10 27 3 13 12 1 20 2 2 24 0 3 0
split_gain=15.3741 9.59514 6.08144 4.95407 4.89648 3.35274 3.25916 3.14947 3.54174 3.07758 2.85115 2.5882 3.43299 2.50165 2.49394 1.22656 0.846323 0.609633 3.70429 0.266465 0.00474297 0.000155692 3.95595e-11
threshold=10.500000000000002 3.5000000000000004 1.0000000180025095e-35 10.500000000000002 1.5000000000000002 24.500000000000004 623.50000000000011 5.5000000000000009 4.5000000000000009 0.38965000000000005 21.500000000000004 1.5000000000000002 4.5000000000000009 1.0000000180025095e-35 1.0000000180025095e-35 10.500000000000002 -1.0000000180025095e-35 5.5000000000000009 20.500000000000004 24.500000000000004 20877.925000000003 3.5000000000000004 17568.820000000003
decision_type=2 2 2 2 2 2 2 2 2 2 2 2 2 2 2 2 2 2 2 2 2 2 2
left_child=1 2 -1 9 7 16 13 8 -4 11 -9 -3 -13 -6 17 21 -5 -2 -19 -11 -20 -16 -23
right_child=14 3 4 5 6 -7 -8 10 -10 19 -12 12 -14 -15 15 -17 -18 18 20 -21 -22 22 -24
leaf_value=0.039001084022315773 0.03171141080219838 -0.025200083284676308 0.027747151324133901 -0.021353114137125317 -0.030242402685428521 0.017841559515645349 0.032792605297558911 -0.061298317661987595 -0.026334222733414205 0.067028059735832618 -0.030112583464717763 0.035596292846420539 -0.010838695280064143 0.017894198445196342 0.056013375741965722 0.0049710047941548801 -0.050973554447188311 -0.059724134444929446 0.027289487180587171 0.042273380040284636 0.024356690811244953 0.055452298836143603 0.05545203994837275
leaf_weight=3.9335094094276419 3.5558952689170837 3.8613811656832757 4.6644110679626456 6.7119485288858405 8.2331864014267939 4.9785072207450858 5.1971344724297515 8.3685631826519948 8.6256560534238798 2.734660852700471 59.00265746563673 11.81551066786051 6.0024249404668799 4.0154749229550353 1.4695211313664893 1.3780611157417304 3.7638419419527045 1.6354907751083372 2.9489847868680954 1.8043689318001268 2.5887102782726288 1.981472924351692 5.7790754176676273
leaf_count=25 50 23 28 36 47 38 36 49 46 27 308 93 31 25 25 14 19 12 40 20 34 36 105
internal_value=-0.00782285 -0.0137028 -0.0219592 0.00651376 -0.0244033 -0.0159407 -0.000384623 -0.0295982 -0.0073533 0.0197495 -0.0339863 0.011911 0.0199535 -0.0144618 0.0317809 0.0489721 -0.0319954 0.0147835 0.00639192 0.0571875 0.0259185 0.0555415 0.0554521
internal_weight=165.05 143.713 102.041 41.6726 98.1071 15.4543 17.4458 80.6613 13.2901 26.2183 67.3712 21.6793 17.8179 12.2487 21.3372 10.6081 10.4758 10.7291 7.17319 4.53903 5.5377 9.23007 7.76055
internal_count=1167 851 564 287 539 93 108 431 74 194 357 147 124 72 316 180 55 136 86 47 74 166 141
is_linear=0
shrinkage=0.05


Tree=28
num_leaves=25
num_cat=0
split_feature=26 3 0 24 18 24 15 11 11 0 14 17 11 11 21 3 3 20 11 21 28 0 0 0
split_gain=14.166 8.748 5.28058 5.16649 7.56342 4.75892 4.27621 3.98085 12.0031 3.95267 4.143 3.5562 2.98357 4.41911 2.55896 1.85735 1.6389 1.5748 1.424 1.24079 0.919275 0.000865739 5.18351e-06 4.05462e-07
threshold=10.500000000000002 3.5000000000000004 188395.81000000003 39.500000000000007 146198.59000000003 2.5000000000000004 4.5000000000000009 599.50000000000011 718.00000000000011 16840.745000000006 0.10270000000000001 30777.155000000002 880.00000000000011 1323.0000000000002 22162.500000000004 1.5000000000000002 1.0000000180025095e-35 -0.42899999999999999 481.00000000000006 34294.500000000007 22.500000000000004 20877.925000000003 3689.7150000000006 17568.820000000003
decision_type=2 2 2 2 2 2 2 2 2 2 2 2 2 2 2 2 2 2 2 2 2 2 2 2
left_child=1 2 3 6 19 -3 14 20 -9 10 17 -12 18 -14 -1 -8 -4 -7 -11 -5 -2 23 -10 -22
right_child=7 5 16 4 -6 9 15 8 22 12 11 -13 13 -15 -16 -17 -18 -19 -20 -21 21 -23 -24 -25
leaf_value=-0.017079334509395538 0.016379936350642971 -0.034634040803793571 -0.028314529725418449 0.069897265002054954 -0.041073139503998733 -0.0083301848226481796 0.051637127047017173 -0.062675806194742681 0.056100831514658771 0.034461117297971126 0.044426966753361045 -0.01416461933229265 -0.03067467984093903 0.042616376820769769 -0.036117227301332828 -0.0049980113418744516 -0.068113005492898823 -0.052465948621022822 0.076391264788827365 0.025977065052938671 0.055181017069705109 0.056356674892843489 0.056203721922728593 0.055157943550193878
leaf_weight=44.912355504930019 1.7707276716828353 6.0685362666845313 4.082557410001753 3.4064575880765897 3.6276898831129074 4.2363768368959427 2.5687703862786284 3.7175349593162519 2.7679176107048988 4.7678913809359091 5.7917917892336828 4.6842408403754234 3.7164481654763204 4.6053448468446732 29.079228430986404 3.316883847117424 7.060315415263176 3.8649979084730166 3.5196015983819962 3.0460103377699852 2.9048945084214193 1.8638278171420104 2.1946719288825989 5.5257952027022839
leaf_count=238 20 34 23 25 19 23 22 24 46 39 45 30 25 39 158 22 39 20 32 18 55 30 36 105
internal_value=-0.00752065 -0.0131459 -0.0210636 -0.0170418 0.016689 0.00625736 -0.0212985 0.0310798 0.00525703 0.0133098 -0.00253584 0.0182284 0.031033 0.00988516 -0.0245614 0.0197202 -0.0535315 -0.0293864 0.0522684 0.0491639 0.0496575 0.0553815 0.0561463 0.0551659
internal_weight=163.101 142.355 101.1 89.9574 10.0802 41.2552 79.8772 20.7454 8.68012 35.1867 18.5774 10.476 16.6093 8.32179 73.9916 5.88565 11.1429 8.10137 8.28749 6.45247 12.0652 10.2945 4.96259 8.43069
internal_count=1167 851 564 502 62 287 440 316 106 253 118 75 135 64 396 44 62 43 71 43 210 190 82 160
is_linear=0
shrinkage=0.05


Tree=29
num_leaves=21
num_cat=0
split_feature=9 25 3 7 1 11 11 21 23 3 11 9 2 1 2 24 28 0 0 0
split_gain=13.181 7.91229 6.708 6.23024 6.08702 4.55331 11.5506 4.49175 4.5019 4.12286 5.50657 5.37065 3.12235 2.16561 1.64078 0.337663 0.00678362 0.000732415 0.000550499 3.43518e-07
threshold=0.46650000000000008 1.0000000180025095e-35 3.5000000000000004 4.5000000000000009 1.0000000180025095e-35 599.50000000000011 718.00000000000011 22162.500000000004 1.5000000000000002 4.5000000000000009 913.50000000000011 0.013950000000000002 21.500000000000004 3.5000000000000004 22.500000000000004 14.500000000000002 22.500000000000004 20877.925000000003 3689.7150000000006 17568.820000000003
decision_type=2 2 2 2 2 2 2 2 2 2 2 2 2 2 2 2 2 2 2 2
left_child=1 -1 4 -2 -3 16 -7 8 -6 10 14 -12 -9 -11 -4 18 -5 19 -8 -18
right_child=3 2 9 5 7 6 15 12 -10 13 11 -13 -14 -15 -16 -17 17 -19 -20 -21
leaf_value=-0.068850132889682975 -0.047219895523750527 0.045238016716397753 0.029290485758672775 0.058139960452572685 0.00085467160875303126 -0.061919447986492016 0.055767988119542235 -0.044316672349868462 -0.028083155714867598 0.007881106382030708 -0.027555576364538249 0.035752576924745379 -0.010842476096994081 -0.037122567634804149 0.067930049551915714 0.028224127776981703 0.054902869783614396 0.056008345085592395 0.056816008439359404 0.054881147606234776
leaf_weight=6.1258450895547858 2.5715181529521969 3.6616815775632849 8.2828142605721968 2.2403497621417054 31.065425306558609 3.5783247947692853 2.6482407003641129 24.420946523547173 23.688949927687645 4.5429055690765363 8.8124758154153806 5.4045341834425917 9.7465791851282102 6.4949560016393661 4.1110842116177073 1.3653144687414167 2.7768657803535444 1.7836748063564307 2.3783210888504982 5.2821381948888302
leaf_count=34 14 24 62 31 177 24 46 134 127 25 56 43 53 34 39 15 55 30 39 105
internal_value=-0.00723644 -0.0133164 -0.0107042 0.026431 -0.0179405 0.035019 0.0100079 -0.0205421 -0.011665 0.00709082 0.0177471 -0.00348926 -0.0347679 -0.0186002 0.0421073 0.0502745 0.0556568 0.0550915 0.0562639 0.0548886
internal_weight=160.983 136.358 130.232 24.6247 92.5836 22.0532 9.9702 88.9219 54.7544 37.6488 26.6109 14.217 34.1675 11.0379 12.3939 6.39188 12.083 9.84268 5.02656 8.059
internal_count=1167 808 774 359 515 345 124 491 304 259 200 99 187 59 101 100 221 190 85 160
is_linear=0
shrinkage=0.05


Tree=30
num_leaves=22
num_cat=0
split_feature=9 15 7 10 2 20 2 9 11 11 10 29 0 29 28 9 28 28 12 0 0
split_gain=12.2031 6.70324 5.84135 5.6971 4.533 7.11689 4.94877 5.27272 4.33327 10.8558 3.16706 3.00877 2.97014 1.07269 0.971965 0.615621 0.344726 0.00575037 0.000620196 0.000476995 2.91322e-07
threshold=0.46650000000000008 4.5000000000000009 4.5000000000000009 3.5000000000000004 23.500000000000004 -0.5321499999999999 18.500000000000004 0.14300000000000004 599.50000000000011 718.00000000000011 444.00000000000006 2.5000000000000004 7070.0400000000009 3.5000000000000004 5.5000000000000009 0.015800000000000005 19.500000000000004 22.500000000000004 1.0000000180025095e-35 3689.7150000000006 17568.820000000003
decision_type=2 2 2 2 2 2 2 2 2 2 2 2 2 2 2 2 2 2 2 2 2
left_child=1 3 -2 14 6 -6 7 -5 17 -10 -3 -7 -8 -12 15 -1 -11 -4 -19 -18 -20
right_child=2 10 8 4 5 11 12 -9 9 16 13 -13 -14 -15 -16 -17 19 18 20 -21 -22
leaf_value=-0.071089184525233023 -0.045813479077460924 -0.0019584617237406753 0.057686117256548854 -0.0069084337328501558 -0.037071220516882677 0.0022912656924217603 -0.061856588974604193 -0.045276990682605954 -0.061216027320231785 0.027278127418911842 0.072838896174919773 0.042933387212157254 -0.018010039689754356 0.027239344160906471 -0.027995340608565851 -0.042116439805654153 0.055455126541099437 0.055681074977067348 0.054640945373239762 0.056452466569489657 0.054620482722671226
leaf_weight=4.7395615577697736 2.5192793756723431 5.200558200478552 2.1474275290966043 62.177973695099354 6.9161297157406834 9.1560192778706568 9.1228896975517255 10.460544593632219 3.4419252276420575 1.3433008082211015 2.9772114939987659 9.0597608238458616 6.6979895159602156 2.2753966450691223 3.4596700444817543 2.9902237206697464 2.5329366400837898 1.7064037173986433 2.6537777408957481 2.2761956304311752 5.0478970818221569
leaf_count=27 14 37 31 361 36 57 45 56 24 15 26 65 37 21 20 20 46 30 55 39 105
internal_value=-0.00696356 -0.0127604 0.0261564 -0.0159823 -0.0126291 0.00610999 -0.0179531 -0.0124338 0.0347292 0.00989153 0.0257005 0.0225049 -0.0432935 0.0530855 -0.0500224 -0.0598812 0.049672 0.0553515 0.0548186 0.0559272 0.0546275
internal_weight=158.903 135.234 23.6691 124.781 113.591 25.1319 88.4594 72.6385 21.1499 9.59436 10.4532 18.2158 15.8209 5.25261 11.1895 7.72979 6.15243 11.5555 9.40808 4.80913 7.70167
internal_count=1167 808 359 724 657 158 499 417 345 124 84 122 82 47 67 47 100 221 190 85 160
is_linear=0
shrinkage=0.05


Tree=31
num_leaves=23
num_cat=0
split_feature=26 3 0 1 19 21 1 28 28 14 14 27 7 12 3 1 20 0 21 0 3 0
split_gain=11.3156 7.2311 4.98133 5.4319 4.29978 4.62641 4.29669 3.73843 2.7294 3.99071 2.713 2.48327 3.12266 2.01086 1.57641 1.16161 0.867525 0.391881 0.177495 0.0304226 0.000109652 3.15126e-12
threshold=10.500000000000002 3.5000000000000004 188395.81000000003 1.0000000180025095e-35 0.07555000000000002 22162.500000000004 10.500000000000002 5.5000000000000009 15.500000000000002 0.11105000000000002 0.38965000000000005 1.5000000000000002 1.5000000000000002 1.0000000180025095e-35 1.0000000180025095e-35 10.500000000000002 -0.24539999999999998 16786.745000000006 45.000000000000007 3689.7150000000006 3.5000000000000004 17568.820000000003
decision_type=2 2 2 2 2 2 2 2 2 2 2 2 2 2 2 2 2 2 2 2 2 2
left_child=1 2 3 -1 7 -6 10 -5 9 -8 11 -3 -13 17 -4 20 -10 19 -12 -2 -15 -22
right_child=13 6 14 4 5 -7 8 -9 16 -11 18 12 -14 15 -16 -17 -18 -19 -20 -21 21 -23
leaf_value=0.0451326132234997 0.018357987604013894 -0.025143307996503651 -0.026278553211125336 0.0034174493543506026 0.0072756733183029906 -0.024247583697059431 -0.07157493639726252 -0.037571905474888811 -0.0057891245163509547 -0.0043527665696692589 0.043770442906007047 -0.022000805937366204 0.030325086773712834 0.054888225734076951 -0.066150908368376365 0.0031033259060298957 0.032890169485183383 -0.0003075650149342776 0.064456362690711713 0.025506827454923886 0.054374798908087621 0.054374878900597057
leaf_weight=3.606166958808898 3.5462639629840851 3.7950284555554452 3.9573013633489591 6.7935095429420462 24.968333445489407 21.802609965205193 3.760553836822508 30.704154834151268 3.21585463732481 5.3471609055995941 1.8409798517823208 3.5948609560728118 13.783378232270476 1.2391878366470335 6.6356894597411156 1.2844796478748319 2.6394980251789084 3.1698353290557861 2.3745416589081287 2.5643632709980011 1.6535229831933973 4.8228481225669384
leaf_count=24 54 23 23 40 147 126 19 165 20 34 20 21 103 25 39 14 20 42 27 40 36 105
internal_value=-0.0066902 -0.0115598 -0.018865 -0.0149604 -0.017532 -0.00741912 0.00626657 -0.0301458 -0.0149862 -0.0321086 0.0187921 0.0114991 0.019501 0.0302886 -0.0512555 0.0471281 0.0116469 0.0139579 0.0554225 0.021358 0.0544573 0.0543749
internal_weight=157.1 138.82 98.4678 87.8748 84.2686 46.7709 40.3519 37.4977 14.9631 9.10771 25.3888 21.1733 17.3782 18.2805 10.593 9.00004 5.85535 9.28046 4.21552 6.11063 7.71556 6.47637
internal_count=1167 851 564 502 478 273 287 205 93 53 194 147 124 316 62 180 40 136 47 94 166 141
is_linear=0
shrinkage=0.05


Tree=32
num_leaves=21
num_cat=0
split_feature=9 25 3 1 11 11 21 23 3 11 9 26 2 22 10 2 1 28 1 1
split_gain=10.4122 7.42476 5.47223 5.00748 4.28287 7.66689 4.06233 4.21168 3.70246 4.95724 4.94873 3.0097 2.93097 2.24195 2.17018 1.53906 0.118209 0.044251 0.00540632 0.000783793
threshold=0.46650000000000008 1.0000000180025095e-35 3.5000000000000004 1.0000000180025095e-35 599.50000000000011 718.00000000000011 22162.500000000004 1.5000000000000002 4.5000000000000009 913.50000000000011 0.013950000000000002 9.5000000000000018 21.500000000000004 1.0000000180025095e-35 258.50000000000006 22.500000000000004 3.5000000000000004 22.500000000000004 3.5000000000000004 9.5000000000000018
decision_type=2 2 2 2 2 2 2 2 2 2 2 2 2 2 2 2 2 2 2 2
left_child=1 -1 3 -3 13 -6 7 -5 9 15 -11 -7 -8 16 -10 -4 -2 -18 -13 -19
right_child=4 2 8 6 5 11 12 -9 14 10 -12 18 -14 -15 -16 -17 17 19 -20 -21
leaf_value=-0.067113621957238842 0.038870414251684471 0.042075396138994553 0.028400557065300737 0.0024077358159658798 -0.060700021369089023 -0.0096638511143063415 -0.041617737583120672 -0.025773731270285746 -0.048122117731958673 -0.025983839778228452 0.035325525519376955 0.055066970582844502 -0.0087636926722060981 -0.013017164819744534 -0.00119681012256878 0.066600586164418996 0.064077180033663125 0.054143326959015241 0.058575544783622917 0.055375048095816427
leaf_weight=5.7853408306837073 1.1514548957347894 3.5870807319879523 8.1394538097083586 30.67659305781126 3.3313917815685254 2.7874642722308636 23.328061901032925 23.348261103034019 3.7758354842662794 8.7629584893584234 5.2713299468159667 2.3859906792640686 9.5747462660074216 1.4200543388724316 7.0911857411265373 3.9002153128385535 1.3917344473302344 6.1861921660602093 2.0338426232337952 1.6323767602443693
leaf_count=34 22 24 62 177 24 25 134 127 20 56 43 46 53 14 39 39 20 141 37 30
internal_value=-0.00641948 -0.0117139 -0.0091993 -0.0158179 0.0251856 0.00202772 -0.0182069 -0.00977163 0.00701797 0.0172371 -0.00295582 0.031022 -0.0320572 0.0459 -0.0175014 0.0407753 0.0539744 0.0558627 0.0566815 0.0544005
internal_weight=155.562 133.241 127.456 90.5147 22.3205 10.5387 86.9277 54.0249 36.941 26.074 14.0343 7.2073 32.9028 11.7818 10.867 12.0397 10.3618 9.2103 4.41983 7.81857
internal_count=1167 808 774 515 359 132 491 304 259 200 99 108 187 227 59 101 213 191 83 171
is_linear=0
shrinkage=0.05


Tree=33
num_leaves=21
num_cat=0
split_feature=26 15 10 2 20 9 2 20 11 11 10 9 0 1 28 9 14 0 0 0
split_gain=9.65443 6.50597 4.76877 4.92678 6.39443 5.06653 5.00599 3.221 3.15724 9.46026 2.98453 2.9155 2.64583 1.16444 0.819386 0.493873 0.202463 0.000836627 8.86521e-07 1.42215e-07
threshold=10.500000000000002 4.5000000000000009 3.5000000000000004 23.500000000000004 -0.5321499999999999 0.14135 18.500000000000004 -0.48539999999999994 599.50000000000011 718.00000000000011 303.00000000000006 0.017450000000000004 15390.470000000003 10.500000000000002 5.5000000000000009 0.026150000000000003 0.76675000000000015 20877.925000000003 17568.820000000003 3689.7150000000006
decision_type=2 2 2 2 2 2 2 2 2 2 2 2 2 2 2 2 2 2 2 2
left_child=1 2 14 5 -5 6 -4 -3 13 -10 -9 -6 -7 17 15 -1 -12 18 -2 -11
right_child=8 7 3 4 11 12 -8 10 9 19 16 -13 -14 -15 -16 -17 -18 -19 -20 -21
leaf_value=-0.067388583881854744 0.053963157546194331 -0.014155597557687388 -0.0053078695394071854 -0.032569294211533407 0.0034946223351631496 -0.061557023847691177 -0.038185893964640567 -0.0026234535964285051 -0.060080246366647265 0.054795490061106171 0.069640594245475126 0.042962230914790255 -0.015511595926305678 0.0023532832727492735 -0.026285632699528536 -0.040296987927767612 0.049628365860909462 0.055129949413327266 0.053924976989697643 0.054814317078218079
leaf_weight=4.1089832186698896 2.3232202343642729 3.6449346765875807 60.978906258940697 6.9864508584141758 9.2381749004125613 8.5870906040072423 14.290903910994528 2.5343319140374643 3.2007769346237174 2.2805845662951469 3.678332444280386 9.4818080402910692 4.9000867232680312 1.2388516962528218 3.3788468241691589 2.8483628630638123 1.9254087246954439 1.8856363669037817 4.3993788957595825 1.7905825227499006
leaf_count=26 55 25 361 38 57 44 77 18 24 46 35 76 31 14 20 20 23 36 105 36
internal_value=-0.00617182 -0.0106083 -0.0139614 -0.0110243 0.00825084 -0.016607 -0.0115502 0.0249063 0.029224 0.00423708 0.0424016 0.0234853 -0.0448281 0.0476765 -0.0464866 -0.0562972 0.0627645 0.0541992 0.0539382 0.0548038
internal_weight=153.702 136.583 124.8 114.463 25.7064 88.757 75.2698 11.783 17.119 7.27194 8.13807 18.72 13.4872 9.84709 10.3362 6.95735 5.60374 8.60824 6.7226 4.07117
internal_count=1167 851 750 684 171 513 438 101 316 106 76 133 75 210 66 46 58 196 160 82
is_linear=0
shrinkage=0.05


Tree=34
num_leaves=19
num_cat=0
split_feature=26 25 15 10 23 17 17 20 17 12 1 28 2 0 20 19 1 1
split_gain=8.97101 6.17649 5.24514 4.77684 4.16109 6.19553 5.58105 2.98703 2.91361 1.7486 1.11145 0.876349 0.407888 0.378282 0.371942 0.0251982 2.53301e-05 7.35196e-06
threshold=10.500000000000002 1.0000000180025095e-35 4.5000000000000009 3.5000000000000004 1.5000000000000002 2832.9850000000001 83663.680000000008 -0.48539999999999994 112787.60000000002 1.0000000180025095e-35 10.500000000000002 5.5000000000000009 5.5000000000000009 20877.925000000003 0.28305000000000008 0.29765000000000003 5.5000000000000009 7.5000000000000009
decision_type=2 2 2 2 2 2 2 2 2 2 2 2 2 2 2 2 2 2
left_child=1 -1 3 11 5 -5 -6 -4 15 12 16 14 -2 -14 -3 -9 -11 -18
right_child=9 2 7 4 6 -7 -8 8 -10 10 -12 -13 13 -15 -16 -17 17 -19
leaf_value=-0.064304175280592332 0.028747966135876386 -0.042735936724378185 -0.013393334673878037 -0.012295794736765644 -0.0061424031129556139 0.018976915010196438 -0.043719264091841209 0.069188318406656041 0.0030656117646468868 0.054034162564232872 0.0022377463087621609 -0.023295378484575441 -0.0044233607387090153 0.022411533312611264 -0.066613633274008099 0.061962832406628199 0.053845031517579536 0.053718927763994687
leaf_weight=5.0689151585102072 2.7995256409049052 3.1160634681582433 3.6593793481588364 42.031442791223526 25.686456583440304 25.413315191864967 16.059090908616781 2.1664203107357007 3.0778026543557644 0.9343750923871984 1.2377037107944486 3.1986919641494751 3.5829030573368073 2.0731789395213127 3.4218918979167938 2.7235894538462162 1.5945809707045553 4.2004645988345146
leaf_count=32 50 21 25 246 155 166 88 20 24 22 14 19 52 34 23 32 39 105
internal_value=-0.00592622 -0.0101525 -0.00805001 -0.0111837 -0.00819131 -0.000512177 -0.0205978 0.024002 0.0411766 0.0289756 0.0457835 -0.044741 0.0131387 0.00541269 -0.0552333 0.0651639 0.0537926 0.0537536
internal_weight=152.046 135.623 130.554 118.927 109.19 67.4448 41.7455 11.6272 7.96781 16.4227 7.96712 9.73665 8.45561 5.65608 6.53796 4.89001 6.72942 5.79505
internal_count=1167 851 819 718 655 412 243 101 76 316 180 63 136 86 44 52 166 144
is_linear=0
shrinkage=0.05


Tree=35
num_leaves=21
num_cat=0
split_feature=9 25 7 21 10 2 23 11 11 10 2 0 14 9 7 28 2 0 12 0
split_gain=8.27314 6.75586 5.00609 4.2832 5.19874 6.81372 5.1876 3.69546 9.1307 3.58327 3.53578 4.10942 5.76633 2.27904 1.27376 0.416768 0.00561998 0.000930038 0.000647245 6.20675e-07
threshold=0.46650000000000008 1.0000000180025095e-35 4.5000000000000009 18271.000000000004 835.50000000000011 1.5000000000000002 1.5000000000000002 599.50000000000011 718.00000000000011 870.00000000000011 4.5000000000000009 3956.2900000000004 0.0068500000000000011 0.015100000000000001 4.5000000000000009 17.500000000000004 24.500000000000004 3689.7150000000006 1.0000000180025095e-35 17568.820000000003
decision_type=2 2 2 2 2 2 2 2 2 2 2 2 2 2 2 2 2 2 2 2
left_child=1 -1 -2 4 5 -3 -7 16 -9 -6 14 13 -13 -12 -5 -10 18 -17 -4 -20
right_child=2 3 7 10 9 6 -8 8 15 -11 11 12 -14 -15 -16 17 -18 -19 19 -21
leaf_value=-0.065252311312664596 -0.044030163854082177 0.063537296190203693 0.054706059411332643 -0.06961185207358371 0.076594067217935269 0.0028889571406036734 -0.025454716561872773 -0.059611116308711125 0.020585482897455563 0.0098081038165011396 -0.022111763864806337 0.058179426969297669 -0.011098063623918058 -0.066760903349517259 -0.030869721304754311 0.054411135741863251 0.05679018680642537 0.055879589572085123 0.053557884711331896 0.053524420889156821
leaf_weight=5.3643007948994628 2.3914908468723324 3.422462858259677 1.4643768221139923 4.0019442588090897 3.337339483201502 39.139533445239067 27.476030960679054 3.087047725915907 1.0926813855767248 5.043624859303236 9.6162528991699201 3.506682068109515 20.940706036984921 4.06666275858879 4.5153721421956998 2.1275401264429092 1.9191197901964185 2.1862648352980614 2.1173317991197109 4.0097583085298538
leaf_count=34 14 24 30 23 26 249 165 24 12 31 56 23 131 21 25 46 31 42 55 105
internal_value=-0.00567589 -0.0103066 0.0239375 -0.00794985 -0.000813315 -0.00526668 -0.00880158 0.0329657 0.00899513 0.0364026 -0.019947 -0.013441 -0.00116105 -0.0353818 -0.0490731 0.0481686 0.0543728 0.0551554 0.0537617 0.053536
internal_weight=150.827 130.431 20.3956 125.067 78.419 70.038 66.6156 18.0041 8.49353 8.38096 46.6476 38.1303 24.4474 13.6829 8.51732 5.40649 9.51059 4.3138 7.59147 6.12709
internal_count=1167 808 359 774 495 438 414 345 124 57 279 231 154 77 48 100 221 88 190 160
is_linear=0
shrinkage=0.05


Tree=36
num_leaves=24
num_cat=0
split_feature=9 12 1 2 14 7 20 11 11 11 13 8 1 18 9 28 14 28 27 2 1 1 1
split_gain=7.66702 5.1184 5.17569 5.78766 5.22733 4.69659 3.87115 3.52121 8.59171 3.39811 3.33442 3.12499 3.63798 2.14339 1.74225 1.35564 0.581509 0.421834 0.170357 0.00478491 0.000808247 0.000550312 5.28805e-07
threshold=0.46650000000000008 1.0000000180025095e-35 10.500000000000002 22.500000000000004 0.30040000000000006 4.5000000000000009 -0.46524999999999994 599.50000000000011 718.00000000000011 124.00000000000001 1.0000000180025095e-35 0.49340000000000006 7.5000000000000009 268.29500000000002 0.14135 13.500000000000002 0.20840000000000003 17.500000000000004 7.5000000000000009 24.500000000000004 2.5000000000000004 9.5000000000000018 7.5000000000000009
decision_type=2 2 2 2 2 2 2 2 2 2 2 2 2 2 2 2 2 2 2 2 2 2 2
left_child=1 2 3 11 9 -2 -6 19 -9 -4 -3 12 -1 -5 -11 -15 18 -10 -12 21 -19 22 -7
right_child=5 10 4 13 6 7 -8 8 17 14 16 -13 -14 15 -16 -17 -18 20 -20 -21 -22 -23 -24
leaf_value=-0.012746264816056299 -0.042731339233974673 -0.0060175965017446199 0.010385884167186013 -0.0064772998010953625 -0.02439338568480497 0.05337234998259871 0.044434751134567768 -0.059063995528064274 0.019787265867613091 -0.029568537445069543 -0.053805089527476792 0.030693043372440457 0.039905232382424348 0.054392983005167587 -0.062259734618014984 0.020007978928773828 -0.033587281524283745 0.054177536291152843 -0.069083526460104669 0.056421701277297169 0.055577809317932214 0.054455524429041703 0.053340733290814228
leaf_weight=46.808403998613358 2.342238217592242 6.0707891210913667 4.7838263884186736 3.1830992475152007 3.5284056439995766 2.0208927541971224 4.8523646220564824 2.9630011916160566 1.080245606601238 24.096948631107811 4.7953214943408966 5.483296610414981 3.5280726477503768 6.7472110465168935 4.9051978290081015 4.9837162792682648 2.9681834131479263 2.0322840362787247 2.9449664726853371 1.8371435105800626 2.0906458795070648 1.3992048427462576 3.8270026445388794
leaf_count=281 14 37 29 21 19 55 37 24 12 136 33 39 25 52 26 35 20 46 18 31 42 30 105
internal_value=-0.00544903 -0.0098536 -0.00602413 0.00224154 -0.0198896 0.0237039 0.0154573 0.0327244 0.00889842 -0.0286576 -0.0356205 -0.00515131 -0.00905593 0.0299112 -0.0350977 0.039785 -0.0524029 0.0476003 -0.0596181 0.0541425 0.0548876 0.0535648 0.0533517
internal_weight=149.272 129.68 112.901 70.7338 42.1667 19.5927 8.38077 17.2504 8.16618 33.786 16.7793 55.8198 50.3365 14.914 29.0021 11.7309 10.7085 5.20318 7.74029 9.08424 4.12293 7.2471 5.8479
internal_count=1167 808 700 453 247 359 56 345 124 191 108 345 306 108 162 87 71 100 51 221 88 190 160
is_linear=0
shrinkage=0.05


Tree=37
num_leaves=19
num_cat=0
split_feature=25 26 3 0 1 3 11 9 11 11 11 24 1 3 0 0 0 0
split_gain=7.36372 7.49181 5.48776 4.70597 4.72964 3.63177 4.03939 3.56088 3.51768 7.95572 3.23893 2.82691 2.0435 1.48826 0.00150369 0.000291214 6.567e-06 4.50555e-07
threshold=1.0000000180025095e-35 10.500000000000002 3.5000000000000004 188395.81000000003 2.5000000000000004 4.5000000000000009 182.00000000000003 0.025300000000000007 599.50000000000011 718.00000000000011 913.50000000000011 39.500000000000007 3.5000000000000004 1.0000000180025095e-35 20877.925000000003 29551.910000000003 3689.7150000000006 17568.820000000003
decision_type=2 2 2 2 2 2 2 2 2 2 2 2 2 2 2 2 2 2
left_child=-1 2 3 4 10 6 -4 -8 14 -10 -2 -6 -7 -5 17 -16 -11 -3
right_child=1 8 5 13 11 12 7 -9 9 16 -12 -13 -14 -15 15 -17 -18 -19
leaf_value=-0.064171803774908817 -0.00018687651086752067 0.053197082501550835 0.066511346511987909 -0.023069341838770175 -0.016940067113507703 0.010271186121209495 -0.004469720632880112 0.035482034440292715 -0.058552251542023939 0.053957230101387026 0.070041153660676397 0.013530981278308353 -0.034015082464655837 -0.063906040184292232 0.054219383775367273 0.055359969932754965 0.054094915859496856 0.053167207638499414
leaf_weight=5.1159732565283766 3.7525604814290991 1.9285059869289378 3.7979075312614468 3.7437853440642339 65.696556359529495 4.4485349878668767 14.458329401910307 9.079887639731167 2.8425021171569824 1.9408618584275246 2.9188416078686714 8.609081529080866 6.284915991127491 5.5217845514416695 1.336614824831486 0.96269231289625157 1.5637943744659424 3.6519386619329453
leaf_count=34 23 55 36 23 380 25 102 84 24 46 21 55 35 35 30 18 36 105
internal_value=-0.00523353 -0.00311813 -0.00693509 -0.0136512 -0.00978891 0.00898518 0.0186622 0.0109417 0.031307 0.00360507 0.030539 -0.0134097 -0.0156604 -0.0474058 0.0536209 0.0546969 0.0540187 0.0531775
internal_weight=147.655 142.539 128.312 90.2426 80.977 38.0696 27.3361 23.5382 14.2269 6.34716 6.6714 74.3056 10.7335 9.26557 7.87975 2.29931 3.50466 5.58044
internal_count=1167 1133 819 537 479 282 222 186 314 106 44 435 60 58 208 48 82 160
is_linear=0
shrinkage=0.05


Tree=38
num_leaves=23
num_cat=0
split_feature=26 15 10 2 1 9 8 10 10 18 11 11 0 8 24 1 0 18 15 0 0 0
split_gain=6.58852 5.09922 3.93235 3.62576 4.92862 4.45125 6.04667 3.12332 2.82453 2.63345 2.44714 7.52114 2.38185 1.50033 1.35339 1.10298 0.993101 0.924039 0.0384341 0.000469259 5.5833e-06 3.84085e-07
threshold=10.500000000000002 4.5000000000000009 21.500000000000004 24.500000000000004 10.500000000000002 0.14135 0.20040000000000005 418.00000000000006 444.00000000000006 268.29500000000002 599.50000000000011 718.00000000000011 15390.470000000003 0.12335 21.500000000000004 10.500000000000002 11869.745000000001 17041.075000000001 10.500000000000002 20877.925000000003 3689.7150000000006 17568.820000000003
decision_type=2 2 2 2 2 2 2 2 2 2 2 2 2 2 2 2 2 2 2 2 2 2
left_child=1 2 14 5 9 6 -4 -6 16 -5 15 -12 -7 18 17 19 -3 -1 -10 21 -13 -2
right_child=10 8 3 4 7 12 -8 -9 13 -11 11 20 -14 -15 -16 -17 -18 -19 -20 -21 -22 -23
leaf_value=-0.032977820388206847 0.053031455844500724 0.016956453623011656 -0.015551977011039412 -0.008245074758200471 -0.038244681849519201 -0.058082517577418002 0.021508227287226622 0.012691924126054528 0.071001675693190033 0.04569573314003203 -0.058073134672409245 0.053749367269335081 -0.013052427923247593 0.011452506728627486 -0.0086248106769096188 -0.00012085774935555406 -0.025291601969815683 -0.065895910190912871 0.060962168881016077 0.054005341129196319 0.053879287196474814 0.053003217093107097
leaf_weight=4.258847236633299 1.8400361575186233 3.1960292197763902 59.62911881506443 3.0579663887619999 6.2776958644390088 7.7507974803447706 13.497671909630297 5.7808267027139664 2.0471950620412831 8.7007445059716684 2.7256131768226624 1.8531640917062759 4.7279454469680786 1.8457152917981146 2.6633118167519561 1.1278722137212751 2.46286591142416 4.2686538174748421 1.7840926423668859 1.5346248485147951 1.493329793214798 3.4843078069388866
leaf_count=32 55 27 349 20 35 42 88 38 19 68 24 46 31 14 19 14 17 28 24 36 36 105
internal_value=-0.00502743 -0.00849438 -0.0115077 -0.00862052 0.00863472 -0.0134213 -0.00871144 -0.0138258 0.0235674 0.0316679 0.0275114 0.00358706 -0.0410215 0.0484859 -0.0397384 0.0457003 -0.00143076 -0.0494558 0.0663266 0.053235 0.0538073 0.053013
internal_weight=146.008 131.949 120.614 109.423 23.8172 85.6055 73.1268 12.0585 11.3359 11.7587 14.0589 6.07211 12.4787 5.677 11.1908 7.98684 5.6589 8.5275 3.83129 6.85897 3.34649 5.32434
internal_count=1167 851 750 671 161 510 437 73 101 88 316 106 73 57 79 210 44 60 43 196 82 160
is_linear=0
shrinkage=0.05


Tree=39
num_leaves=19
num_cat=0
split_feature=25 26 3 1 3 21 20 28 14 2 12 1 20 2 1 1 3 1
split_gain=6.88521 6.59247 4.88964 3.93621 3.2339 3.16836 5.21834 3.0422 3.17057 2.85624 2.16371 1.86686 1.7684 0.307733 0.00245267 0.00155534 3.29837e-05 2.57971e-10
threshold=1.0000000180025095e-35 10.500000000000002 3.5000000000000004 1.0000000180025095e-35 4.5000000000000009 22162.500000000004 0.92595000000000016 10.500000000000002 0.15225000000000002 21.500000000000004 1.0000000180025095e-35 3.5000000000000004 -0.26714999999999994 20.500000000000004 9.5000000000000018 10.500000000000002 3.5000000000000004 7.5000000000000009
decision_type=2 2 2 2 2 2 2 2 2 2 2 2 2 2 2 2 2 2
left_child=-1 2 3 -2 7 6 -5 8 -4 -7 13 -6 -9 -3 -15 16 -12 -18
right_child=1 10 4 5 11 9 -8 12 -10 -11 15 -13 -14 14 -16 -17 17 -19
leaf_value=-0.063214741698551444 0.039469259695392937 0.0013428930556315126 -0.027770691821589734 -0.0030192193968021611 0.010161629345588539 -0.037542938582504556 -0.061581102615622496 0.018027599664852699 0.024917483901705315 -0.0048550285782577203 0.053185716381730835 -0.032412613069002311 0.052112557829394425 0.023507681971913715 0.020917273577163407 0.055471772439930248 0.052847310425522112 0.052848182264835925
leaf_weight=4.8782737478613845 3.4802566543221465 3.3572709485888463 5.7473475635051745 50.109466064721346 4.4289061576127988 21.629162572324276 4.1165171936154357 9.0502240583300573 5.6743002906441689 9.670843571424486 0.86250755935907353 6.1509518548846245 6.5662794187664977 1.9464814811944962 1.7223415151238441 0.66238456964492787 1.1392964422702787 3.3238534815609455
leaf_count=34 24 62 35 296 25 135 24 67 54 58 25 35 66 40 34 12 36 105
internal_value=-0.00482468 -0.00278482 -0.00626772 -0.0126553 0.00884569 -0.0147764 -0.00746489 0.0180161 -0.00159509 -0.0274433 0.0311029 -0.0145903 0.0323593 0.0122817 0.0222916 0.0531869 0.0529027 0.052848
internal_weight=144.517 139.638 126.624 89.0062 37.618 85.526 54.226 27.0382 11.4216 31.3 13.0141 10.5799 15.6165 7.02609 3.66882 5.98804 5.32566 4.46315
internal_count=1167 1133 819 537 282 513 320 222 89 193 314 60 133 136 74 178 166 141
is_linear=0
shrinkage=0.05


Tree=40
num_leaves=20
num_cat=0
split_feature=25 26 3 0 1 19 11 11 16 3 11 14 10 10 20 0 0 0 0
split_gain=6.49475 6.08132 4.44962 4.27095 4.1978 3.59726 3.16241 7.11428 3.15973 2.7684 4.18755 2.95773 1.67898 1.49771 0.135708 0.00120125 0.000222446 5.50746e-07 2.73781e-07
threshold=1.0000000180025095e-35 10.500000000000002 3.5000000000000004 188395.81000000003 1.0000000180025095e-35 0.07555000000000002 599.50000000000011 718.00000000000011 7.5000000000000009 4.5000000000000009 913.50000000000011 0.15340000000000001 358.50000000000006 341.50000000000006 1.7617000000000003 20877.925000000003 29551.910000000003 3689.7150000000006 17568.820000000003
decision_type=2 2 2 2 2 2 2 2 2 2 2 2 2 2 2 2 2 2 2
left_child=-1 2 3 4 -2 -6 15 -8 9 10 -4 -11 14 -10 -5 18 -17 -9 -3
right_child=1 6 8 12 5 -7 7 17 13 11 -12 -13 -14 -15 -16 16 -18 -19 -20
leaf_value=-0.062470031859549441 0.047660269257450399 0.052726565854887268 0.0350691466402921 -0.068163783933164912 -0.023123270808068291 -0.0012427165093053195 -0.05771585972043497 0.053548393697584788 0.011241890911075577 0.0055208131489498172 -0.0075871382160548426 -0.051993983133922943 -0.015271494272062376 0.066753225248978657 -0.052770382149567863 0.053708206823130371 0.054759222126001574 0.053590402554526712 0.052701571354375726
leaf_weight=4.6942689120769492 3.1992336735129348 1.674172792583702 10.555932220071556 3.0889621004462224 33.356102176010609 42.998932421207428 2.6299513578414917 1.7670199051499367 1.9958010129630555 4.8760774582624418 12.646561708301304 4.1274534836411476 3.0756911784410477 3.106147225946188 2.6688230186700821 1.1971499025821688 0.86879029870033253 1.3970650434494019 3.1703208480030298
leaf_count=34 23 55 88 20 192 264 24 46 17 29 88 21 18 39 20 30 18 36 105
internal_value=-0.00463059 -0.00266879 -0.00600089 -0.0121128 -0.00845035 -0.0108014 0.0302985 0.00305494 0.00847903 0.00268749 0.0118193 -0.0208455 -0.0450967 0.0450381 -0.0610287 0.0531407 0.0541502 0.0535669 0.0527102
internal_weight=143.094 138.4 125.696 88.3877 79.5543 76.355 12.7045 5.79404 37.308 32.206 23.2025 9.00353 8.83348 5.10195 5.75779 6.91043 2.06594 3.16408 4.84449
internal_count=1167 1133 819 537 479 456 314 106 282 226 176 50 58 56 40 208 48 82 160
is_linear=0
shrinkage=0.05


Tree=41
num_leaves=19
num_cat=0
split_feature=25 26 15 23 2 19 17 21 11 11 20 17 18 11 0 0 0 0
split_gain=6.12999 5.70568 3.88089 3.85548 4.86792 5.92023 4.33685 4.41868 3.00274 6.72983 2.7118 2.60005 2.46276 0.0253167 0.00102392 0.000189322 4.6901e-07 2.33816e-07
threshold=1.0000000180025095e-35 10.500000000000002 4.5000000000000009 1.5000000000000002 3.5000000000000004 0.060050000000000006 2832.9850000000001 18864.000000000004 599.50000000000011 718.00000000000011 -0.48539999999999994 112787.60000000002 76870.035000000018 1356.5000000000002 20877.925000000003 29551.910000000003 3689.7150000000006 17568.820000000003
decision_type=2 2 2 2 2 2 2 2 2 2 2 2 2 2 2 2 2 2
left_child=-1 2 3 6 -5 -6 12 -8 14 -10 -4 13 -2 -12 17 -16 -11 -3
right_child=1 8 10 4 5 -7 7 -9 9 16 11 -13 -14 -15 15 -17 -18 -19
leaf_value=-0.061773633284603439 -0.015000480536139447 0.05258652894011201 -0.012962687866309115 0.040071859139878471 -0.050416889259049191 -0.010608613820619306 0.028786197575548084 -0.014785132987175315 -0.057289283304987206 0.053363378012549922 0.060623667279096786 0.0034180536300190498 0.024169381433963202 0.068236819333320611 0.053514295370837399 0.054506419481342154 0.053403058402309092 0.052562876501201811
leaf_weight=4.5143867358565322 38.797124002128839 1.5966561399400214 3.6177288480103016 3.1248789206147185 14.44354600086808 26.430510625243187 18.004742749035362 8.5972140766680223 2.5198423564434052 1.6865216270089149 2.598408278077839 2.9566371738910675 4.4758476838469496 1.8835593946278093 1.1427862197160719 0.8301548771560191 1.3334736227989197 3.0234585888683796
leaf_count=34 238 55 25 21 81 167 124 56 24 46 34 24 31 18 30 18 36 105
internal_value=-0.00444603 -0.00255786 -0.00573701 -0.00848298 -0.0200771 -0.0246755 -0.0011824 0.0147048 0.0301773 0.00304162 0.0225449 0.0398138 -0.010949 0.0638231 0.0529782 0.0539318 0.0533809 0.0525711
internal_weight=141.577 137.063 124.93 113.874 43.9989 40.8741 69.8749 26.602 12.1329 5.53984 11.0563 7.4386 43.273 4.48197 6.59306 1.97294 3.02 4.62011
internal_count=1167 1133 819 718 269 248 449 180 314 106 101 76 269 52 208 48 82 160
is_linear=0
shrinkage=0.05


Tree=42
num_leaves=27
num_cat=0
split_feature=3 0 7 24 11 8 19 24 20 19 2 7 3 16 11 18 21 10 10 11 24 0 21 2 22 20
split_gain=4.90612 4.45949 3.84856 4.79898 4.64643 4.84801 3.72954 4.75392 3.47734 3.38581 3.1986 2.76601 2.58284 2.46664 2.49605 2.29251 2.25827 1.55646 1.16749 6.48944 1.04487 0.644381 0.441463 0.275896 0.271602 0.135079
threshold=3.5000000000000004 188395.81000000003 3.5000000000000004 39.500000000000007 227.50000000000003 0.20675000000000002 0.99720000000000009 7.5000000000000009 -0.097099999999999978 20.822900000000004 13.500000000000002 1.5000000000000002 4.5000000000000009 6.5000000000000009 949.00000000000011 45992.430000000008 24267.000000000004 358.50000000000006 1.0000000180025095e-35 599.50000000000011 2.5000000000000004 31539.650000000005 10415.500000000002 16.500000000000004 1.5000000000000002 1.7617000000000003
decision_type=2 2 2 2 2 2 2 2 2 2 2 2 2 2 2 2 2 2 2 2 2 2 2 2 2 2
left_child=1 2 4 8 -1 22 7 20 10 -10 -4 -9 18 14 -13 -5 -7 25 19 23 -2 -20 -6 -8 -23 -3
right_child=6 17 3 15 5 16 12 11 9 -11 -12 13 -14 -15 -16 -17 -18 -19 21 -21 -22 24 -24 -25 -26 -27
leaf_value=0.02850238467419304 -0.048477351841021782 -0.067126717109828302 0.0047253701985459813 0.07162453096500325 -0.065544488205347515 0.012509184457476136 0.054878974641528327 -0.02656826013296781 0.019925379107396873 -0.055827868450112367 -0.024802488825867674 0.039005495275188082 -0.012816681774483009 0.060719751551427427 -0.0089838778766571491 0.014754034670001324 -0.041548687379647627 -0.01612329014880216 0.024053423618592935 -0.066715340612417448 -0.014786967767632853 0.069471496441895472 -0.045009279075720644 0.028716814739581899 0.046158777204142007 -0.051807127414885967
leaf_weight=3.4569371566176441 4.4858360067009944 2.981630787253378 14.431138213723896 2.8905599340796462 6.1727516576647776 5.5529776215553266 4.1534889191389102 3.5429457724094418 15.707526357844474 1.6278980299830426 25.163587059825659 4.7202162332832795 3.1808040291070929 3.2971777990460387 6.3611218258738518 4.5795087516307831 2.9627393633127213 3.172239825129509 1.5975343436002729 1.5715210586786268 4.7259675376117229 3.1851401068270206 4.5436688661575317 1.3305266350507734 2.0557025782763958 2.7810011208057404
leaf_count=21 26 20 94 20 32 35 143 22 194 9 149 39 18 34 39 30 20 19 15 14 29 32 29 31 30 23
internal_value=-0.00426419 -0.0106098 -0.00715852 -0.00091971 -0.0248666 -0.0344596 0.00951918 -0.00200136 -0.00586387 0.0128117 -0.0140404 0.0130034 0.0278264 0.0227541 0.0114577 0.0367602 -0.00629832 -0.0442502 0.037131 0.0228619 -0.031193 0.0518531 -0.0568377 0.0485315 0.0603272 -0.0597336
internal_weight=140.232 96.0242 87.0893 64.4002 22.6891 19.2321 44.208 27.1333 56.9301 17.3354 39.5947 17.9215 17.0747 14.3785 11.0813 7.47007 8.51572 8.93487 13.8939 7.05554 9.2118 6.83838 10.7164 5.48402 5.24084 5.76263
internal_count=1167 695 633 496 137 116 472 189 446 203 243 134 283 112 78 50 55 62 265 188 55 77 61 174 62 43
is_linear=0
shrinkage=0.05


Tree=43
num_leaves=26
num_cat=0
split_feature=26 2 9 8 12 16 17 23 20 9 11 8 10 28 11 11 14 0 8 0 0 12 0 0 0
split_gain=4.59886 4.02752 4.36936 4.29599 5.47266 4.6513 11.8093 3.81524 3.64672 3.67191 2.96996 2.85299 2.53249 2.07379 1.97856 6.25053 1.96631 1.77867 1.38301 1.32952 0.749376 0.000285588 3.92496e-06 3.77229e-07 1.85347e-10
threshold=10.500000000000002 24.500000000000004 0.14135 0.20040000000000005 1.0000000180025095e-35 1.5000000000000002 50008.055000000008 1.5000000000000002 -0.5321499999999999 0.016800000000000002 1771.5000000000002 0.052000000000000011 643.00000000000011 11.500000000000002 599.50000000000011 718.00000000000011 0.09215000000000001 4969.6850000000004 0.13595000000000004 5204.2450000000008 22543.150000000005 1.0000000180025095e-35 16786.745000000006 3689.7150000000006 17568.820000000003
decision_type=2 2 2 2 2 2 2 2 2 2 2 2 2 2 2 2 2 2 2 2 2 2 2 2 2
left_child=1 2 3 5 7 11 -7 -5 19 12 16 -1 13 -10 20 -16 -11 -4 -19 -3 21 -2 -23 -17 -24
right_child=14 8 17 4 -6 6 -8 -9 9 10 -12 -13 -14 -15 15 23 -18 18 -20 -21 -22 22 24 -25 -26
leaf_value=-0.018212536267310158 0.05323687326383858 -0.04264504474948809 -0.059919588471503839 0.050798973958964461 -0.042529045165749825 0.032369567435211598 -0.028765335260399257 -0.0028043821436675911 -0.044170507094374763 0.09443670611131405 -0.0088380594460970678 -0.053345224630965839 0.035619844909810648 0.0096377319476692279 -0.056829992132454071 0.05312569521088082 0.039718586987887231 -0.0010074490949271064 -0.040626454013331981 0.00073913500353793593 0.0089476187192657122 0.052447744301556048 0.052300983805869242 0.053162445064618237 0.052301797366756324
leaf_weight=28.395635314285755 1.0635723173618297 3.6177769303321865 5.3657281324267379 8.1639630533754843 3.3188167922198764 15.384919408708813 16.234967295080423 5.5941889174282542 3.6800605058670062 2.1965894401073438 2.4447610378265372 7.2549228221178046 3.1806119345128536 3.4876495748758316 2.3763685822486877 1.5813950076699257 6.5009848065674305 3.8740544989705068 5.1057498529553413 3.4499254375696182 1.2150892205536363 0.52482092566788185 0.94002849608659778 1.2504336386919022 2.7426330093294382
leaf_count=179 30 20 30 58 27 109 95 38 23 18 16 43 23 23 24 46 65 30 31 23 20 19 36 36 105
internal_value=-0.00409077 -0.00684836 -0.0116334 -0.00729467 0.0151014 -0.01298 0.000980361 0.0290034 0.00968778 0.0199341 0.0398518 -0.0253621 -0.00151176 -0.0179886 0.0259158 0.00296452 0.0535378 -0.0371435 -0.0235341 -0.0214681 0.044345 0.0525049 0.0523198 0.0531419 0.0523016
internal_weight=138.946 127.251 98.6929 84.3474 17.077 67.2704 31.6199 13.7582 28.5584 21.4907 11.1423 35.6506 10.3483 7.16771 11.6943 5.2082 8.69757 14.3455 8.9798 7.0677 6.48614 5.27105 4.20748 2.83183 3.68266
internal_count=1167 851 640 549 123 426 204 96 211 168 99 222 69 46 316 106 83 91 61 43 210 190 160 82 141
is_linear=0
shrinkage=0.05


Tree=44
num_leaves=20
num_cat=0
split_feature=25 23 17 20 21 1 20 16 27 17 9 10 18 25 12 22 0 2 1
split_gain=5.63052 4.97788 4.97919 5.19817 4.48275 4.1204 4.16623 3.27117 3.39159 4.00405 4.71058 3.00215 2.32156 1.94813 1.7964 1.27135 0.7316 0.24507 0.00103535
threshold=1.0000000180025095e-35 1.5000000000000002 83663.680000000008 -0.64774999999999994 357.50000000000006 10.500000000000002 -1.0000000180025095e-35 9.5000000000000018 11.500000000000002 2832.9850000000001 1.0000000180025095e-35 193.50000000000003 76870.035000000018 6.5000000000000009 1.0000000180025095e-35 3.5000000000000004 15074.735000000002 5.5000000000000009 10.500000000000002
decision_type=2 2 2 2 2 2 2 2 2 2 2 2 2 2 2 2 2 2 2
left_child=-1 7 3 -3 13 6 -5 8 9 12 -11 -7 -2 -4 17 16 -6 -10 -16
right_child=1 2 4 5 15 11 -8 -9 14 10 -12 -13 -14 -15 18 -17 -18 -19 -20
leaf_value=-0.060718941559411904 -0.014055687587095002 -0.052645034953617331 0.027301728205902799 0.036503579316655974 -0.073488629092650068 -0.061093348860891739 -0.02063812678956832 0.060109963462583321 0.025740984357576831 -0.00123578174946889 0.041977775963072603 -0.0010458959661098367 0.024204789823269502 -0.029960225078239811 0.052250898243807908 -0.025447894233173236 -0.04613302788043399 0.0042904743502578946 0.054526406328129121
leaf_weight=4.2303146049380294 37.966611433774233 4.3508390411734608 3.3140920326113728 12.221423380076891 4.869468152523039 2.9878151342272741 4.3165589254349461 2.6442040838301173 1.9974279478192309 17.305673547089103 9.9218989647924882 6.8623381704092026 4.4270889684557906 2.6917534880340099 4.2212034370750189 3.730082891881465 4.9071211852133274 3.9941479861736298 0.56703317910432804
leaf_count=34 238 24 25 91 25 19 32 27 50 108 80 47 31 20 166 23 29 86 12
internal_value=-0.0039287 -0.00212641 -0.0145477 -0.00200797 -0.034302 0.006341 0.0215891 0.00538981 0.0035902 -0.000450679 0.0145115 -0.0192599 -0.0100602 0.00163755 0.0296881 -0.0502828 -0.0597582 0.0114415 0.0525204
internal_weight=137.527 133.297 50.2515 30.739 19.5125 26.3881 16.538 83.0453 80.4011 69.6213 27.2276 9.85015 42.3937 6.00585 10.7798 13.5067 9.77659 5.99158 4.78824
internal_count=1167 1133 335 213 122 189 123 798 771 457 188 66 269 45 314 77 54 136 178
is_linear=0
shrinkage=0.05


Tree=45
num_leaves=24
num_cat=0
split_feature=3 1 7 1 10 11 11 7 27 18 24 5 11 28 14 27 27 29 28 7 18 28 18
split_gain=4.20939 4.1747 3.57796 3.8229 3.793 3.1218 2.5852 3.88795 2.79262 2.49577 3.8884 4.26685 2.27878 2.21101 3.39094 2.06947 1.88441 1.5255 1.51253 1.27934 0.791758 0.77141 0.465404
threshold=3.5000000000000004 10.500000000000002 4.5000000000000009 2.5000000000000004 788.50000000000011 676.50000000000011 2024.5000000000002 1.5000000000000002 1.5000000000000002 212494.13500000004 39.500000000000007 1.0000000180025095e-35 124.00000000000001 15.500000000000002 0.11105000000000002 1.5000000000000002 6.5000000000000009 4.5000000000000009 17.500000000000004 1.5000000000000002 39862.010000000009 12.500000000000002 765.66500000000008
decision_type=2 2 2 2 2 2 2 2 2 2 2 2 2 2 2 2 2 2 2 2 2 2 2
left_child=2 6 4 5 12 18 7 -2 -9 10 11 -5 -1 14 -3 -14 -10 -11 -4 -17 -15 -7 -23
right_child=1 13 3 9 -6 21 -8 8 16 17 -12 -13 15 20 -16 19 -18 -19 -20 -21 -22 22 -24
leaf_value=0.0041009662753258179 -0.017178271264824931 -0.065433418356695069 0.026414289672856556 -0.065217822918440346 0.021270455848885317 0.084617579733441028 -0.037179860716949516 -0.013615744787711284 0.059458191253651461 -0.015402658473387607 0.035992448743918513 -0.0041709417563685243 -0.0054834112622645283 -0.0081458664738043793 -0.0020680879104275998 -0.030908042674978042 0.027350109381889576 -0.057904035061032789 -0.031937133263463972 -0.05840517114410948 0.030686621735407274 0.056716643463698702 0.013797580939130503
leaf_weight=3.7765538617968621 4.7134616486728254 3.6464748084545118 2.2733550518751127 3.0891715809702864 3.9227076694369307 1.6332433968782423 1.8410036005079735 2.8252514079213169 7.3874667361378696 5.2522127628326398 5.5163911245763293 38.980616126209497 3.9487758278846767 2.4884680099785319 5.015103705227375 7.8836747184395888 11.980590412393211 3.5304698571562767 2.1712205410003662 9.1277428157627494 2.7779589146375656 1.7463329210877421 0.98955973610281933
leaf_count=23 33 21 18 17 26 12 14 20 68 32 37 289 26 16 34 53 242 19 31 56 24 48 8
internal_value=-0.00376285 0.00925661 -0.00968361 -0.00320984 -0.0244074 0.0274127 0.0201418 0.0240638 0.0328229 -0.00799791 -0.00347804 -0.0086536 -0.031651 -0.0132106 -0.0287445 -0.0380926 0.0395969 -0.0324874 -0.00209098 -0.0456621 0.0123377 0.0574257 0.041193
internal_weight=136.518 42.6758 93.842 65.1826 28.6595 8.81371 28.7478 26.9068 22.1933 56.3689 47.5862 42.0698 24.7367 13.928 8.66158 20.9602 19.3681 8.78268 4.44458 17.0114 5.26643 4.36914 2.73589
internal_count=1167 472 695 511 184 117 377 363 330 394 343 306 158 95 55 135 310 51 49 109 40 68 56
is_linear=0
shrinkage=0.05


Tree=46
num_leaves=20
num_cat=0
split_feature=25 23 14 17 28 10 26 21 28 17 18 17 15 11 11 19 28 19 1
split_gain=5.20264 4.45429 4.78289 4.56686 4.22386 5.55964 3.31522 3.23106 3.10863 2.92639 5.86221 3.23012 2.84226 2.67869 5.8199 2.18598 0.922728 0.784822 0.000806087
threshold=1.0000000180025095e-35 1.5000000000000002 0.40580000000000005 124137.49500000001 13.500000000000002 3.5000000000000004 10.500000000000002 304.50000000000006 4.5000000000000009 108136.07500000001 212494.13500000004 35057.295000000006 3.5000000000000004 599.50000000000011 718.00000000000011 0.59525000000000017 13.500000000000002 0.92365000000000008 10.500000000000002
decision_type=2 2 2 2 2 2 2 2 2 2 2 2 2 2 2 2 2 2 2
left_child=-1 2 6 4 5 -3 9 -5 -7 11 -11 -2 15 18 -15 -6 -9 -4 -8
right_child=1 3 17 7 12 8 13 16 -10 10 -12 -13 -14 14 -16 -17 -18 -19 -20
leaf_value=-0.059781065767488484 -0.0021958958057753733 -0.048856952822401517 0.068705471268560261 0.0037354981835113522 -0.045583354751043657 0.06036179078438917 0.052275615988986703 -0.063907887621091938 0.010500048997881499 0.062529958183270659 -0.01673019466819349 -0.042014405247333485 0.021323050323420693 -0.056497373545019852 0.05285304185008867 6.0821347424587437e-05 -0.034377254060810235 0.027698326302768451 0.054304125563028417
leaf_weight=3.999897699803113 51.643829263746738 3.1503473222255733 3.0421447716653338 3.5681100636720648 9.4696323350071925 4.2658705189824095 4.9422962162643653 6.1257805004715902 11.697347071021793 4.8065019063651544 4.5330052301287651 5.6504202038049689 2.958276391029357 2.2913459837436676 2.5946244783699512 3.6280840933322898 4.6557073779404163 1.8927272669970987 0.54361011087894429
leaf_count=34 335 22 30 25 53 35 196 33 79 35 30 34 33 24 82 26 29 20 12
internal_value=-0.00360531 -0.00189607 0.00525878 -0.0137354 -0.00403632 0.0118451 0.00220074 -0.0375068 0.0238247 -0.0018923 0.0240604 -0.00612284 -0.0229421 0.0284963 0.00157159 -0.0329399 -0.0511558 0.0529775 0.0524766
internal_weight=135.46 131.46 81.9405 49.5192 35.1696 19.1136 77.0056 14.3496 15.9632 66.6338 9.33951 57.2942 16.056 10.3719 4.88597 13.0977 10.7815 4.93487 5.48591
internal_count=1167 1133 798 335 248 136 748 87 114 434 65 369 112 314 106 79 62 50 208
is_linear=0
shrinkage=0.05


Tree=47
num_leaves=22
num_cat=0
split_feature=25 26 2 9 1 2 12 10 28 11 11 19 19 9 3 28 2 2 1 1 1
split_gain=4.91892 3.9131 3.35903 4.50054 3.84061 3.70064 3.58141 3.47074 2.61684 2.54446 5.51043 2.16783 3.76045 2.12616 1.9773 1.15816 0.000737697 0.000141256 1.60049e-05 9.82047e-06 1.06727e-10
threshold=1.0000000180025095e-35 10.500000000000002 23.500000000000004 0.14135 6.5000000000000009 18.500000000000004 1.0000000180025095e-35 646.50000000000011 8.5000000000000018 599.50000000000011 718.00000000000011 2.4393000000000007 0.051850000000000007 0.017700000000000004 3.5000000000000004 11.500000000000002 22.500000000000004 24.500000000000004 6.5000000000000009 5.5000000000000009 7.5000000000000009
decision_type=2 2 2 2 2 2 2 2 2 2 2 2 2 2 2 2 2 2 2 2 2
left_child=-1 2 3 5 11 6 -2 13 -7 16 -11 12 -4 -6 15 -5 19 -18 -12 -3 -21
right_child=1 9 4 14 7 8 -8 -9 -10 10 18 -13 -14 -15 -16 -17 17 -19 -20 20 -22
leaf_value=-0.059248327953027591 0.005617455586039561 0.052160046374918903 0.00097199074633367547 -0.068135000914407925 -0.042121425539705437 0.0046697254145672551 -0.028972621070211646 0.036064780461549449 -0.041068930013080512 -0.056145345207499954 0.052588867462870108 -0.0080544143279690505 0.062671297683904767 0.0018589144881158853 -0.0080727253393589708 -0.03261782161788087 0.052822025026367951 0.053755462681201405 0.052843996589831778 0.051913929447995749 0.05191460134443876
leaf_weight=3.8381638191640368 55.115729752928019 0.46825876459479188 3.8712274581193942 4.1371386498212797 5.699070140719412 4.5241994410753241 8.6589289233088476 3.5296376086771479 10.127025190740822 2.1929154992103577 1.3366728015244007 2.9545355737209311 6.820613794028759 5.3069664351642132 4.5070526190102091 5.1555011123418808 0.94188351184129693 0.71144035458564758 1.1381129175424576 0.79360717535018954 2.3154433071613312
leaf_count=34 361 19 26 24 34 31 62 28 60 24 46 25 61 40 34 33 30 18 36 36 105
internal_value=-0.0034605 -0.00181727 -0.00430156 -0.00891803 0.0108058 -0.00428482 0.000921029 -0.0070786 -0.0269451 0.0284027 0.00156706 0.0298557 0.0403316 -0.0209147 -0.0352493 -0.0484303 0.0523503 0.0532237 0.0527062 0.0519466 0.0519144
internal_weight=134.144 130.306 120.408 92.2256 28.1821 78.4259 63.7747 14.5357 14.6512 9.89833 4.6677 13.6464 10.6918 11.006 13.7997 9.29264 5.23063 1.65332 2.47479 3.57731 3.10905
internal_count=1167 1133 819 605 214 514 423 102 91 314 106 112 87 74 91 57 208 48 82 160 141
is_linear=0
shrinkage=0.05


Tree=48
num_leaves=21
num_cat=0
split_feature=25 23 14 17 20 21 9 16 26 2 18 14 11 11 25 22 29 21 19 0
split_gain=4.65298 4.04032 4.46464 4.31927 4.54737 3.7966 3.26428 4.46876 2.94939 2.91063 3.1263 2.58434 2.4171 5.21872 1.77384 1.18664 0.923178 0.80087 0.78927 0.000630298
threshold=1.0000000180025095e-35 1.5000000000000002 0.40580000000000005 83663.680000000008 -0.64774999999999994 357.50000000000006 0.14135 1.5000000000000002 10.500000000000002 4.5000000000000009 68998.380000000019 0.073300000000000018 599.50000000000011 718.00000000000011 6.5000000000000009 3.5000000000000004 3.5000000000000004 40.000000000000007 1.0467000000000002 20877.925000000003
decision_type=2 2 2 2 2 2 2 2 2 2 2 2 2 2 2 2 2 2 2 2
left_child=-1 2 8 4 -3 14 7 -6 9 11 -11 -2 19 -14 -5 16 -7 -4 -8 -10
right_child=1 3 17 5 6 15 18 -9 12 10 -12 -13 13 -15 -16 -17 -18 -19 -20 -21
leaf_value=-0.058747867428937908 -0.054217611750787501 -0.049373296617936185 0.0276872753922182 0.026126186327334808 -0.010854186142777798 -0.072074539066158863 -0.042626829503361642 0.036927814870971513 0.051848045373498734 -0.003587575258863108 0.024076520940206167 -0.0061001317215371165 -0.055814200455753443 0.052567254893525255 -0.029015382636617071 -0.022869937739764076 -0.040526043757515354 0.06908366100932653 -0.0056549793697270234 0.05305680093079921
leaf_weight=3.6812873743474475 4.4216784089803678 4.2276306375861195 2.0008477866649619 3.2505741454660919 8.6372072696685844 4.7065421491861326 3.2610595822334281 11.28863677754998 3.4091454464942199 40.57233077287674 13.648055493831633 7.5643721744418144 2.0980283319950104 2.3601539134979248 2.6454160027205944 3.6475695297121993 4.570750255137682 2.8081115446984768 2.5899909641593695 1.577512042596936
leaf_count=34 26 24 19 25 58 26 23 89 160 263 98 47 24 82 20 23 28 31 19 48
internal_value=-0.00331864 -0.00174034 0.00514515 -0.0130871 -0.00130888 -0.0318641 0.0065741 0.0162159 0.0021756 -0.00155325 0.00337588 -0.0238508 0.0283141 0.00156275 0.00138524 -0.0470315 -0.0565312 0.05186 -0.0262611 0.0522304
internal_weight=132.967 129.286 80.4602 48.8254 30.0045 18.8209 25.7769 19.9258 75.6513 66.2064 54.2204 11.9861 9.44484 4.45818 5.89599 12.9249 9.27729 4.80896 5.85105 4.98666
internal_count=1167 1133 798 335 213 122 189 147 748 434 361 73 314 106 45 77 54 50 42 208
is_linear=0
shrinkage=0.05


Tree=49
num_leaves=18
num_cat=0
split_feature=25 3 0 1 24 10 3 11 27 17 20 21 25 20 10 24 20
split_gain=4.4029 3.71264 4.03809 3.25667 3.53234 4.4466 2.90543 3.69629 3.48442 3.11199 2.58542 2.76723 2.1747 1.78403 1.5438 0.368441 0.133429
threshold=1.0000000180025095e-35 3.5000000000000004 188395.81000000003 2.5000000000000004 4.5000000000000009 188.00000000000003 4.5000000000000009 182.00000000000003 1.5000000000000002 212939.43000000002 -0.30829999999999996 29511.500000000004 9.5000000000000018 -0.32899999999999996 358.50000000000006 4.5000000000000009 1.5235000000000001
decision_type=2 2 2 2 2 2 2 2 2 2 2 2 2 2 2 2 2
left_child=-1 2 3 4 5 -2 7 15 -9 -10 11 -5 -12 -8 16 -3 -4
right_child=1 6 14 10 -6 -7 13 8 9 -11 12 -13 -14 -15 -16 -17 -18
leaf_value=-0.058277355253883383 0.028299154627652298 0.038967213106565757 -0.065811277960481987 -0.0061887952048526994 0.055659777882239504 -0.081938858011954885 0.010007605794364886 -0.030581965024937697 0.026825134952641407 -0.030652999684548529 0.0095957947355838902 -0.033210359014986437 -0.027914395480905397 -0.032148654989965442 -0.012525789449054079 0.071279560536659084 -0.049567401541681926
leaf_weight=3.5293040387332431 2.7450838703662139 1.2455361746251608 2.6245646700263006 27.522650243714452 4.4979795068502426 1.3719282597303388 4.749613955616951 4.1094943508505848 18.875410791486505 2.690581150352954 25.031757162883881 14.448569916188715 4.5693976879119864 5.3215751573443395 2.9585958793759346 3.0243142563849688 2.4389776065945625
leaf_count=34 76 33 19 170 35 6 28 28 291 20 202 92 29 32 18 33 21
internal_value=-0.00318405 -0.00166766 -0.00739806 -0.00401436 0.0250291 -0.00843589 0.010964 0.0187773 0.0116136 0.0196541 -0.00751025 -0.015491 0.00380551 -0.0122676 -0.0412207 0.0618539 -0.057987
internal_weight=131.755 128.226 88.2095 80.1874 8.61499 4.11701 40.0165 29.9453 25.6755 21.566 71.5724 41.9712 29.6012 10.0712 8.02214 4.26985 5.06354
internal_count=1167 1133 668 610 117 82 465 405 339 311 493 262 231 60 58 66 40
is_linear=0
shrinkage=0.05


Tree=50
num_leaves=20
num_cat=0
split_feature=3 0 1 24 18 5 26 26 19 24 0 1 7 8 28 14 3 29 19
split_gain=3.28379 3.65529 3.40068 2.91506 4.49334 2.75118 2.15952 2.29658 2.32026 3.23962 2.20521 1.94318 3.34374 2.34309 1.90122 2.95025 1.57612 1.52588 0.708387
threshold=3.5000000000000004 188395.81000000003 10.500000000000002 39.500000000000007 146198.59000000003 1.0000000180025095e-35 1.0000000180025095e-35 4.5000000000000009 0.11745000000000001 13.500000000000002 4042.9850000000006 2.5000000000000004 4.5000000000000009 0.49340000000000006 15.500000000000002 0.11105000000000002 1.0000000180025095e-35 2.5000000000000004 0.2899000000000001
decision_type=2 2 2 2 2 2 2 2 2 2 2 2 2 2 2 2 2 2 2
left_child=1 3 6 5 17 -1 -2 -8 9 -9 -10 12 -7 -13 15 -4 -3 -5 -16
right_child=2 16 14 4 -6 11 7 8 10 -11 -12 13 -14 -15 18 -17 -18 -19 -20
leaf_value=-0.047501283698467678 -0.033953468830507781 -0.013838648049123995 -0.062577463515020096 0.018813046618945173 -0.028189169043147461 -0.053979993791908071 0.081302990365314062 -0.028834522199518826 0.089137058619296966 0.034279881125958034 0.024193043458695163 -0.012015125148509208 0.033622518503415418 0.022831403305507925 -0.0068549519048507705 -0.0019167894362813317 -0.058818674494911807 0.069912878811682719 0.030321831353812913
leaf_weight=4.2596251145005217 1.8057915270328546 3.2866754457354528 3.3837299570441228 2.6422550901770574 2.9855755865573883 1.3251467943191526 1.5653066821396375 4.8645849749445933 1.4407588765025128 3.4931812360882759 14.090846996754406 56.108900636434555 6.1198050603270522 5.2777860406786195 2.5156893692910662 4.9171462692320347 4.780024029314518 3.2675049602985382 2.6114893965423107
leaf_count=23 13 23 21 19 19 7 15 29 12 29 279 392 103 46 17 34 39 24 23
internal_value=-0.00305095 -0.00837739 0.00873771 -0.0052176 0.0218079 -0.00850665 0.0188828 0.0226311 0.0187867 -0.00245546 0.0302174 -0.00609348 0.0180299 -0.00901916 -0.011858 -0.0266442 -0.0404921 0.0470661 0.0120808
internal_weight=130.742 90.0533 40.6885 81.9866 8.89534 73.0913 27.2605 25.4547 23.8894 8.35777 15.5316 68.8316 7.44495 61.3867 13.4281 8.30088 8.0667 5.90976 5.12718
internal_count=1167 695 472 633 62 571 377 364 349 58 291 548 110 438 95 55 62 43 40
is_linear=0
shrinkage=0.05


Tree=51
num_leaves=17
num_cat=0
split_feature=25 23 2 19 14 2 0 24 2 28 18 21 18 28 0 19
split_gain=4.07588 3.56117 4.15566 5.6456 4.07771 3.83394 3.66654 2.84364 2.48824 3.45956 4.68254 4.4486 2.54212 1.27753 1.22873 0.78923
threshold=1.0000000180025095e-35 1.5000000000000002 3.5000000000000004 0.060050000000000006 0.40580000000000005 5.5000000000000009 188395.81000000003 25.500000000000004 4.5000000000000009 15.500000000000002 37784.265000000007 201872.50000000003 35279.090000000004 12.500000000000002 2999.0350000000003 0.92365000000000008
decision_type=2 2 2 2 2 2 2 2 2 2 2 2 2 2 2 2
left_child=-1 4 -3 7 8 -5 -7 13 12 10 -10 -11 14 -4 -2 -6
right_child=1 2 3 5 15 6 -8 -9 9 11 -12 -13 -14 -15 -16 -17
leaf_value=-0.057588265453954679 0.013029343935454933 0.041596765206804616 -0.034510776513048597 -0.060114263843422923 0.066952217294308752 0.011848846538931647 -0.035850567135708632 -0.010010053717993446 -0.01437980619014715 0.029351015583682707 0.023303761232945624 -0.046549556497409536 -0.051743443262801649 -0.069893048697611232 -0.023048283215943044 0.02462505138147374
leaf_weight=3.3223285041749469 5.151486821472643 3.3321062065660945 4.3385134935379011 2.6762438192963627 2.8384040482342234 21.072746926918629 4.9810352046042672 5.1603869274258605 26.406785596162081 20.25137711875141 11.985078100115059 2.1339404955506316 3.8306993320584288 6.1926437616348267 4.3553589656949043 1.7995054014027116
leaf_count=34 72 25 27 15 30 156 40 38 168 359 85 13 24 34 27 20
internal_value=-0.00292062 -0.00148493 -0.012258 -0.0162977 0.00504759 -0.00312445 0.00272954 -0.0404169 0.00220146 0.00649318 -0.00261584 0.0221156 -0.0173553 -0.0553166 -0.00349885 0.0505293
internal_weight=129.829 126.506 47.7537 44.4216 78.7526 28.73 26.0538 15.6915 74.1147 60.7772 38.3919 22.3853 13.3375 10.5312 9.50685 4.63791
internal_count=1167 1133 335 310 798 211 196 99 748 625 253 372 123 61 99 50
is_linear=0
shrinkage=0.05


Tree=52
num_leaves=15
num_cat=0
split_feature=25 23 17 20 19 14 1 0 14 14 27 19 2 19
split_gain=3.85997 3.23921 3.81993 4.6696 4.58343 3.79385 3.71988 2.43703 2.58697 4.54136 3.03187 1.59571 1.38546 0.773988
threshold=1.0000000180025095e-35 1.5000000000000002 124137.49500000001 -0.64774999999999994 5.9753000000000016 0.40580000000000005 10.500000000000002 100.02000000000002 0.15000000000000005 0.17665000000000003 1.0000000180025095e-35 0.060050000000000006 16.500000000000004 0.92365000000000008
decision_type=2 2 2 2 2 2 2 2 2 2 2 2 2 2
left_child=-1 5 3 -3 6 7 -5 -2 10 -10 -9 -4 -13 -7
right_child=1 2 11 4 -6 13 -8 8 9 -11 -12 12 -14 -15
leaf_value=-0.057184166233103975 -0.043042802057915677 -0.048956272402967384 -0.054183854404035718 0.026047886876917094 -0.054519924161230554 0.065967885538538551 -0.01282258372004874 0.068616138939541674 -0.039307353375061568 0.0045421617851956258 0.0088452630591359625 -0.043898710004658885 -0.0014663086668292803 0.023631927284713854
leaf_weight=3.1820634305477133 2.8735337108373633 4.7048310451209501 5.7304179742932302 16.299398036673672 2.9351696632802478 2.7392343170940867 9.8895275592803973 2.2452213689684859 8.0591340027749556 22.087505226954818 38.545551354065537 3.3456433191895485 4.526261679828167 1.7818329203873871
leaf_count=34 16 28 34 130 19 30 71 17 51 153 511 21 32 20
internal_value=-0.00279883 -0.00142277 -0.0117349 -0.00273732 0.00472909 0.00482141 0.0113695 0.00209807 0.00392664 -0.00718018 0.0121352 -0.034112 -0.0195005 0.0492825
internal_weight=128.945 125.763 47.4312 33.8289 29.1241 78.332 26.1889 73.8109 70.9374 30.1466 40.7908 13.6023 7.8719 4.52107
internal_count=1167 1133 335 248 220 798 201 748 732 204 528 87 53 50
is_linear=0
shrinkage=0.05


Tree=53
num_leaves=19
num_cat=0
split_feature=25 7 11 8 11 14 19 18 19 19 0 25 10 17 11 17 17 8
split_gain=3.65728 3.23339 3.70071 5.02014 4.16703 3.37715 3.03944 3.42615 3.10503 3.77232 2.99151 2.26478 2.25824 1.30577 1.28582 1.23925 1.00957 0.4554
threshold=1.0000000180025095e-35 3.5000000000000004 202.00000000000003 0.20675000000000002 1520.0000000000002 0.17555000000000001 5.9753000000000016 208471.09000000003 0.29765000000000003 0.23640000000000003 1280.2550000000003 3.5000000000000004 558.50000000000011 4473.0950000000003 1898.5000000000002 232381.31500000003 116251.83 0.10655000000000002
decision_type=2 2 2 2 2 2 2 2 2 2 2 2 2 2 2 2 2 2
left_child=-1 2 -2 13 5 -5 7 8 9 -3 -10 -8 15 17 -6 -9 -15 -4
right_child=1 6 3 4 14 -7 11 12 10 -11 -12 -13 -14 16 -16 -17 -18 -19
leaf_value=-0.056803473866090762 0.025165712352904348 0.0057699497145265108 -0.045264061716564052 -0.048662366702133635 0.054849391806387905 0.011477767035767231 -0.0008207519458752195 -0.0072629827829492934 0.072839424111574763 -0.051642433087753598 0.01758287510251955 -0.054939186044556498 0.012090393251953805 -0.0085794790314267424 0.0080901415878475973 -0.045888327903582139 -0.049152274461552785 -0.070097749219367886
leaf_weight=3.046644400805234 5.0057009309530249 34.975203718990088 3.6758005693554896 5.3289845138788206 2.9133742153644553 4.1539231054484844 4.0895130038261405 3.3108792714774591 2.671469133347272 3.1160382218658915 29.468447050079703 3.6663648635149002 4.4682230390608302 3.4471000619232655 2.9680722244083881 5.5704103782773018 2.7615206018090248 3.7086755856871605
leaf_count=34 36 236 23 35 23 33 31 25 21 18 479 24 33 24 20 33 17 22
internal_value=-0.00267553 -0.00135941 -0.0145311 -0.0213933 -0.00181162 -0.0223184 0.00353844 0.00631692 0.0107305 0.00107335 0.0221758 -0.0264037 -0.0169026 -0.0435266 0.0312523 -0.0314891 -0.0266258 -0.0577362
internal_weight=128.346 125.3 33.9632 28.9575 15.3644 9.48291 91.3365 83.5807 70.2312 38.0912 32.1399 7.75588 13.3495 13.5931 5.88145 8.88129 6.20862 7.38448
internal_count=1167 1133 233 197 111 68 900 845 754 254 500 55 91 86 43 58 41 45
is_linear=0
shrinkage=0.05


Tree=54
num_leaves=18
num_cat=0
split_feature=25 7 9 11 8 11 9 20 15 10 25 16 20 21 7 25 1
split_gain=3.46555 2.9506 3.43366 3.29379 4.12197 3.35741 2.77487 3.85335 2.96098 3.63855 3.53429 4.12661 3.24017 2.3068 2.27571 1.67025 0.474145
threshold=1.0000000180025095e-35 3.5000000000000004 0.29550000000000004 227.50000000000003 0.20675000000000002 1520.0000000000002 0.078050000000000008 -0.50429999999999986 2.5000000000000004 434.50000000000006 3.5000000000000004 1.5000000000000002 -0.47869999999999996 162709.00000000003 4.5000000000000009 2.5000000000000004 6.5000000000000009
decision_type=2 2 2 2 2 2 2 2 2 2 2 2 2 2 2 2 2
left_child=-1 2 3 -2 15 -6 8 -8 10 -10 12 -12 -3 14 -9 -5 -11
right_child=1 6 -4 4 5 -7 7 13 9 16 11 -13 -14 -15 -16 -17 -18
leaf_value=-0.05644462208974365 0.031285465496427155 0.027864227335004765 -0.053832983446544552 -0.057595323652897747 -0.017640190720930388 0.032549737929489758 -0.035579225878791955 -0.051817323190370961 -0.0078703612876486456 0.03880354677834217 -0.044645685848244465 -0.0031439051550676994 -0.0051485203916872497 0.082997684299790972 0.026140293914196491 -0.017987365543121227 0.071007575873883871
leaf_weight=2.9160159006714812 4.5919902026653316 10.558047235012049 4.6529663801193228 5.4395544677972811 8.0074294619262201 5.7067321985959998 2.8175732903182533 0.99347323179245606 4.2503829300403577 2.106128228828311 10.059199690818788 14.805250357836483 25.108808271586899 1.6815363988280285 16.220897754654288 5.2120534740388393 2.4992708116769791
leaf_count=34 33 69 31 34 59 42 21 7 32 24 62 92 167 16 386 34 24
internal_value=-0.00256284 -0.00130297 -0.0139647 -0.00755864 -0.0148792 0.00324482 0.00336847 0.0189678 -0.00151307 0.0254907 -0.00546374 -0.0199339 0.00462386 0.0271013 0.0216412 -0.0382143 0.0562801
internal_weight=127.627 124.711 33.6107 28.9578 24.3658 13.7142 91.1006 21.7135 69.3871 8.85578 60.5313 24.8645 35.6669 18.8959 17.2144 10.6516 4.6054
internal_count=1167 1133 233 202 169 101 900 430 470 80 390 154 236 409 393 68 48
is_linear=0
shrinkage=0.05


Tree=55
num_leaves=20
num_cat=0
split_feature=3 0 1 24 27 5 13 24 11 7 24 27 19 15 26 16 27 10 1
split_gain=2.84452 3.14071 2.69719 2.47166 3.56237 2.44386 2.23921 2.2294 2.17707 3.08336 2.55037 2.2967 2.10257 1.68008 2.16109 1.73103 1.49909 1.49328 0.134571
threshold=3.5000000000000004 188395.81000000003 10.500000000000002 39.500000000000007 7.5000000000000009 1.0000000180025095e-35 1.0000000180025095e-35 52.500000000000007 2024.5000000000002 1.5000000000000002 30.500000000000004 1.5000000000000002 0.11470000000000001 4.5000000000000009 4.5000000000000009 11.500000000000002 7.5000000000000009 358.50000000000006 5.5000000000000009
decision_type=2 2 2 2 2 2 2 2 2 2 2 2 2 2 2 2 2 2 2
left_child=1 3 8 5 7 -1 16 -5 9 -2 11 -11 -8 14 -7 -15 -4 18 -3
right_child=2 17 6 4 -6 13 12 -9 -10 10 -12 -13 -14 15 -16 -17 -18 -19 -20
leaf_value=-0.044982397613626657 -0.015818213829300775 -0.063198600641647604 -0.0069674134846390559 0.073598785808191583 -0.023826080377792956 0.015053606027128158 -0.018451356583977223 0.010829367250532823 -0.03476170326303489 -0.021739731761380509 0.072565408671400697 0.030172174870240459 0.044618137676853686 0.049579774374871294 -0.011360024971796319 -0.011295820496524124 -0.05146078924602631 -0.010023134485945398 -0.046214360637581497
leaf_weight=4.1230769678950301 4.4715251140296521 2.5881043970584861 4.1265168599784356 2.9892419464886171 2.9522487670183182 9.064611576497553 2.4970721378922462 2.6854045167565346 1.8311381340026844 2.4925525709986749 3.0051497388631097 14.673980282619594 2.8068205863237381 2.7059436589479438 53.14668514765799 2.0543463714420795 3.4978113099932671 2.9170146211981773 2.1229079551994801
leaf_count=23 33 22 31 22 21 58 17 19 14 18 34 278 24 27 447 16 23 19 21
internal_value=-0.00245611 -0.00748681 0.00869621 -0.00455408 0.0207195 -0.00762088 -0.0100238 0.0438945 0.0178378 0.0217462 0.0300733 0.0226347 0.014925 -0.00532073 -0.00751138 0.0233084 -0.0273796 -0.0381371 -0.055545
internal_weight=126.752 87.3496 39.4026 79.7216 8.6269 71.0947 12.9282 5.67465 26.4743 24.6432 20.1717 17.1665 5.30389 66.9716 62.2113 4.76029 7.62433 7.62803 4.71101
internal_count=1167 695 472 633 62 571 95 41 377 363 330 296 41 548 505 43 54 62 43
is_linear=0
shrinkage=0.05


Tree=56
num_leaves=19
num_cat=0
split_feature=25 3 0 7 11 1 24 25 27 3 11 9 28 9 20 3 9 10
split_gain=3.24666 2.64677 2.99845 2.5589 3.22349 2.97854 3.27494 3.10186 2.53447 2.51388 3.33833 2.97625 2.85594 2.71802 1.63456 1.50217 0.286483 0.168675
threshold=1.0000000180025095e-35 3.5000000000000004 188395.81000000003 3.5000000000000004 227.50000000000003 2.5000000000000004 3.5000000000000004 1.5000000000000002 2.5000000000000004 4.5000000000000009 182.00000000000003 0.025300000000000007 15.500000000000002 0.27525000000000005 -0.32899999999999996 1.0000000180025095e-35 0.0012500000000000002 112.50000000000001
decision_type=2 2 2 2 2 2 2 2 2 2 2 2 2 2 2 2 2 2
left_child=-1 2 3 4 -2 6 -5 -7 -6 10 16 12 -12 -13 -11 -4 -3 -18
right_child=1 9 15 5 8 7 -8 -9 -10 14 11 13 -14 -15 -16 -17 17 -19
leaf_value=-0.056003177025221298 0.025391878782419365 0.074084868071424378 -0.010671596649776875 -0.0043491770272598975 0.0019153319019610115 0.019920093976655645 0.062945982532458158 -0.0091385915522928605 -0.040682084914114604 0.0094780080811078266 -0.022855237485027671 0.057443323359577747 0.025387633909541171 0.007936129733320231 -0.031545086543577544 -0.056525357885756466 0.030843222098629126 0.059975964925811746
leaf_weight=2.757656790316104 3.4445671811699894 1.8998019471764593 3.1409075409173957 3.3426914885640135 5.0095999315381077 12.082040291279553 3.9375440403819084 38.280702024698257 11.525925055146216 4.6025607958436012 8.5558639056980628 4.8802081663161498 4.7826069649308911 6.4189522620290518 5.1398749724030477 4.1408673785626888 0.89529545232653651 1.1164204105734823
leaf_count=34 21 18 23 79 35 121 33 245 76 28 58 53 44 184 32 35 31 17
internal_value=-0.00234806 -0.00114703 -0.00606872 -0.00319082 -0.0186105 0.00215392 0.0320477 -0.0021674 -0.0277768 0.00976595 0.0172499 0.0104373 -0.0055574 0.0293187 -0.0121648 -0.0367469 0.0601605 0.0470107
internal_weight=125.954 123.196 84.9048 77.6231 19.9801 57.643 7.28024 50.3627 16.5355 38.2916 28.5491 24.6376 13.3385 11.2992 9.74244 7.28177 3.91152 2.01172
internal_count=1167 1133 668 610 132 478 112 366 111 465 405 339 102 237 60 58 66 48
is_linear=0
shrinkage=0.05


Tree=57
num_leaves=17
num_cat=0
split_feature=25 23 17 20 14 21 9 16 4 5 7 25 25 21 21 27
split_gain=3.07808 2.69764 3.5434 3.77237 3.33194 3.17149 2.96858 3.35156 2.23471 2.37628 2.05002 1.36078 1.09195 0.770665 0.714837 0.522642
threshold=1.0000000180025095e-35 1.5000000000000002 83663.680000000008 -0.64774999999999994 0.40580000000000005 357.50000000000006 0.14135 1.5000000000000002 1.0000000180025095e-35 1.0000000180025095e-35 3.5000000000000004 6.5000000000000009 8.5000000000000018 40.000000000000007 1824.0000000000002 5.5000000000000009
decision_type=2 2 2 2 2 2 2 2 2 2 2 2 2 2 2 2
left_child=-1 4 3 -3 8 11 7 -5 9 -2 -11 -4 15 -6 -8 -7
right_child=1 2 5 6 13 12 14 -9 -10 10 -12 -13 -14 -15 -16 -17
leaf_value=-0.055689049215801548 -0.039650101206401112 -0.044976392417899962 0.024903427215799832 -0.0072971579676215153 0.022989863174229401 -0.06358089945552324 -0.044412873290240261 0.035221160506502348 0.055764845130081078 -0.01285597145365616 0.0076736033930709519 -0.024545811771012432 -0.017002556329001026 0.065981196613344797 -0.0082610967937838051 -0.039304921282956831
leaf_weight=2.637586371973156 3.4724963419139376 3.9700560346245792 3.08341917395592 8.1168464757502132 1.8194013871252526 4.5775009244680387 2.5088171493262044 10.804201785475014 1.8905159384012211 15.974645830690859 50.924994267523289 2.5351293366402388 3.0166537761688224 2.4409764371812344 3.0054044239223003 4.2996978238224983
leaf_count=34 21 24 25 58 19 27 18 89 14 111 602 20 24 31 24 26
internal_value=-0.00224759 -0.00109637 -0.0106772 0.000228693 0.00465264 -0.0283668 0.00757327 0.0169814 0.00211933 0.000678163 0.00277144 0.00259158 -0.0429913 0.0476217 -0.0247091 -0.0518228
internal_weight=125.078 122.441 45.9177 28.4053 76.523 17.5124 24.4353 18.921 72.2627 70.3721 66.8996 5.61855 11.8939 4.26038 5.51422 8.8772
internal_count=1167 1133 335 213 798 122 189 147 748 734 713 45 77 50 42 53
is_linear=0
shrinkage=0.05


Tree=58
num_leaves=25
num_cat=0
split_feature=2 1 9 10 2 19 20 14 20 18 25 25 20 20 14 20 28 19 18 1 19 19 11 17
split_gain=2.44969 3.20585 3.24844 2.91432 2.91419 2.74671 2.59428 2.33219 2.39403 2.24213 2.15986 4.332 2.02938 1.86218 1.64687 1.62317 1.40548 2.29373 1.35538 1.19714 1.13756 1.7465 1.2995 1.0454
threshold=23.500000000000004 6.5000000000000009 0.0023500000000000005 562.50000000000011 18.500000000000004 0.44595000000000001 -0.38734999999999992 0.59850000000000014 0.92595000000000016 552.0150000000001 9.5000000000000018 7.5000000000000009 -0.24539999999999998 -0.33684999999999993 0.13900000000000004 2.9264500000000004 12.500000000000002 1.5161500000000003 7048.2450000000008 10.500000000000002 0.051850000000000007 0.33705000000000002 856.50000000000011 91282.340000000011
decision_type=2 2 2 2 2 2 2 2 2 2 2 2 2 2 2 2 2 2 2 2 2 2 2 2
left_child=4 9 14 6 7 13 -4 8 10 -2 11 -1 -7 19 -3 -10 -14 -18 -8 -6 -11 -22 -23 -9
right_child=1 2 3 -5 5 12 18 23 15 20 -12 -13 16 -15 -16 -17 17 -19 -20 -21 21 22 -24 -25
leaf_value=0.00082253720683210562 -0.0083917473306212662 -0.057331094844998098 -0.045728297359450013 0.064132936532989807 -0.0060794513462727913 -0.053456305591107846 -0.0077514055078135927 0.063387385929030149 -0.058438267657181131 -0.0013021916104896366 0.030219582579013877 -0.044025894459627984 0.054308990260442058 -0.070447888356753294 -0.0055318407343090403 -0.0080620397350645908 0.021807403757078667 -0.050686406581821698 0.050177038828633197 -0.047823472652510503 0.08288582726720907 0.058726356020706749 0.012527731629024878 0.0087419102744634852
leaf_weight=57.371252607554197 3.0819650851190117 3.2388776242732993 2.2354863993823519 2.2209758460521698 3.658041425049305 1.5271166041493422 2.0061858911067239 1.8886768538504832 3.1457122936844817 1.4077076464891423 5.1716536767780772 5.9420260414481154 1.4332844316959361 3.5026000067591685 2.9158691018819809 3.2521262671798468 3.3354428447782993 1.6216280385851858 2.0330342389643192 3.237599790096283 2.4505845569074136 2.7324727531522512 3.4364590272307396 1.6310391742736099
leaf_count=586 23 18 15 21 24 9 22 25 20 9 38 35 12 21 22 31 80 12 22 20 22 36 27 17
internal_value=-0.00214879 0.0109438 -0.0051292 0.0149103 -0.00590658 -0.0238633 -0.00251233 -0.00171168 -0.00358129 0.0289066 -0.000848768 -0.00338654 -0.00167363 -0.0407591 -0.0327907 -0.0328312 0.010701 -0.00190781 0.0214053 -0.0256789 0.0403706 0.0471764 0.032991 0.0380646
internal_weight=124.478 27.7596 14.6504 8.49568 96.7182 18.3157 6.27471 78.4025 74.8828 13.1092 68.4849 63.3133 7.91747 10.3982 6.15475 6.39784 6.39036 4.95707 4.03922 6.89564 10.0272 8.61952 6.16893 3.51972
internal_count=1167 237 120 80 930 178 59 752 710 117 659 621 113 65 40 51 104 92 44 44 94 85 63 42
is_linear=0
shrinkage=0.05


Tree=59
num_leaves=17
num_cat=0
split_feature=25 23 2 19 2 0 24 16 2 28 21 18 0 21 2 28
split_gain=2.89574 2.49366 3.52474 4.82169 3.09324 2.88335 2.46861 2.44391 2.1898 3.14 3.8185 3.49415 2.32422 2.42092 2.40375 1.16086
threshold=1.0000000180025095e-35 1.5000000000000002 3.5000000000000004 0.060050000000000006 5.5000000000000009 281097.03000000009 25.500000000000004 9.5000000000000018 4.5000000000000009 15.500000000000002 201872.50000000003 37784.265000000007 2999.0350000000003 16565.500000000004 2.5000000000000004 12.500000000000002
decision_type=2 2 2 2 2 2 2 2 2 2 2 2 2 2 2 2
left_child=-1 7 -3 6 -5 -6 15 8 12 11 -11 -10 14 -14 -2 -4
right_child=1 2 3 4 5 -7 -8 -9 9 10 -12 -13 13 -15 -16 -17
leaf_value=-0.055268744903802063 0.057058290366527126 0.040212051626245734 -0.031282520004887203 -0.055614210682130419 0.010309434043219422 -0.039100695676325369 -0.0081513927066051341 0.056430064338128021 -0.012014468841992422 0.028407639513540223 -0.043310511691051878 0.020358206616497412 -0.0063115864213198758 -0.063676989204069903 -0.013492425604598396 -0.066179809480914398
leaf_weight=2.5048538576811543 1.7588717490434627 3.2158045619726172 4.0800184831023198 2.4249474331736591 21.539264470338825 3.4216424319893113 4.881192870438098 2.2066730950027695 26.108370043337345 20.377357991412286 2.0419716462492934 12.244568202644585 3.7982037514448166 3.5657942928373814 3.8502217195928097 5.7296843156218529
leaf_count=34 12 25 27 15 168 28 38 27 176 371 13 87 23 25 64 34
internal_value=-0.00205574 -0.000956382 -0.0102421 -0.0140981 -0.00170133 0.00353629 -0.0372075 0.00458096 0.00302949 0.00701032 0.0218755 -0.00167916 -0.0156187 -0.0340891 0.00863052 -0.0516654
internal_weight=123.749 121.245 45.2926 42.0768 27.3859 24.9609 14.6909 75.952 73.7454 60.7723 22.4193 38.3529 12.9731 7.364 5.60909 9.8097
internal_count=1167 1133 335 310 211 196 99 798 771 647 384 263 124 48 76 61
is_linear=0
shrinkage=0.05


Tree=60
num_leaves=15
num_cat=0
split_feature=25 3 0 3 11 27 17 24 27 5 24 1 6 25
split_gain=2.74599 2.31537 2.81426 2.12553 3.1384 2.7924 2.34253 1.81466 2.46406 2.10315 1.96537 1.5065 1.47242 0.25455
threshold=1.0000000180025095e-35 3.5000000000000004 589166.90000000002 4.5000000000000009 182.00000000000003 1.5000000000000002 212939.43000000002 39.500000000000007 7.5000000000000009 1.0000000180025095e-35 53.500000000000007 3.5000000000000004 4.5000000000000009 1.5000000000000002
decision_type=2 2 2 2 2 2 2 2 2 2 2 2 2 2
left_child=-1 2 7 4 13 -6 -7 9 10 -2 -9 -5 -11 -3
right_child=1 3 -4 11 5 6 -8 8 -10 12 -12 -13 -14 -15
leaf_value=-0.054994555317322363 -0.041852547623227293 0.039838103217338591 -0.054232410445880813 0.011416404013495777 -0.028699645370145285 0.023829568682909433 -0.027528739726274398 0.062128240462203492 -0.018900681479488472 0.013393307619744239 0.0036913822783581972 -0.028612523213303903 -0.0074597025800946723 0.068113409005311862
leaf_weight=2.3942696936428538 3.9674210995435706 1.1581775732338457 2.8673843108117572 4.2081183418631536 3.9343117587268379 17.607308698818091 2.5406347531825295 3.2804186232388002 3.0575938373804092 9.9242185540497285 2.5629952773451805 5.3247218728065491 57.578158538788557 2.5451868064701557
leaf_count=34 23 34 24 25 28 291 20 25 23 66 19 35 488 32
internal_value=-0.0019718 -0.000918764 -0.00555842 0.00942991 0.0164193 0.00982968 0.0173533 -0.00382188 0.0174674 -0.00647329 0.0364971 -0.0109424 -0.00439389 0.0592707
internal_weight=122.951 120.557 83.2382 37.3185 27.7856 24.0823 20.1479 80.3708 8.90101 71.4698 5.84341 9.53284 67.5024 3.70336
internal_count=1167 1133 668 465 405 339 311 644 67 577 44 60 554 66
is_linear=0
shrinkage=0.05


Tree=61
num_leaves=18
num_cat=0
split_feature=25 23 17 20 14 21 9 16 0 14 21 14 25 22 29 0 19
split_gain=2.60513 2.28631 3.14911 3.25398 2.9361 2.82672 2.6639 2.9699 2.05618 1.92133 4.42278 4.11283 1.24553 0.976208 0.980399 0.765373 0.680515
threshold=1.0000000180025095e-35 1.5000000000000002 83663.680000000008 -0.64774999999999994 0.40580000000000005 357.50000000000006 0.14135 1.5000000000000002 100.02000000000002 0.15000000000000005 18864.000000000004 0.17665000000000003 6.5000000000000009 3.5000000000000004 3.5000000000000004 71405.780000000013 1.0467000000000002
decision_type=2 2 2 2 2 2 2 2 2 2 2 2 2 2 2 2 2
left_child=-1 4 3 -3 8 12 7 -5 -2 10 -10 -11 -4 14 -7 -6 -8
right_child=1 2 5 6 15 13 16 -9 9 11 -12 -13 -14 -15 -16 -17 -18
leaf_value=-0.054735531568909271 -0.040367069817038498 -0.042202388072001877 0.024139879280824394 -0.0067205496745846782 0.063214508062182456 -0.067358460623373542 -0.039907724874447006 0.033654810112413808 0.036629123247227002 -0.037237690539805385 3.6855256935567263e-05 0.0053493257293829874 -0.023617314227128892 -0.017955882484226471 -0.032726332606592495 0.018505993344057278 -0.0041178356679301134
leaf_weight=2.2880049087107173 2.7411107048392287 3.8371760472655323 3.0316805876791504 7.9733069129288259 2.4761734660714856 4.121581666171549 2.9272554554045191 10.622414572164415 11.789414349943398 7.7161153666675117 27.565025417134166 21.371668174862862 2.4838023781776428 3.2965693622827521 4.0531755350530148 1.5605686567723749 2.4313543196767569
leaf_count=34 16 24 25 58 31 26 23 89 86 51 442 153 20 23 28 19 19
internal_value=-0.00188433 -0.000876619 -0.00982167 0.000544782 0.00444835 -0.0267818 0.00739233 0.016343 0.00209592 0.00379657 0.0109988 -0.00594773 0.00263325 -0.0409248 -0.0501873 0.0459306 -0.0236688
internal_weight=122.286 119.998 44.7783 27.7915 75.2201 16.9868 23.9543 18.5957 71.1833 68.4422 39.3544 29.0878 5.51548 11.4713 8.17476 4.03674 5.35861
internal_count=1167 1133 335 213 798 122 189 147 748 732 528 204 45 77 54 50 42
is_linear=0
shrinkage=0.05


Tree=62
num_leaves=25
num_cat=0
split_feature=2 1 2 18 19 20 18 18 14 6 22 13 15 20 20 27 21 18 1 18 14 21 25 11
split_gain=2.27249 2.87644 2.76148 2.68184 2.45197 2.37106 2.18333 2.01413 1.96554 2.2077 2.51173 3.72134 3.079 1.80148 1.77534 1.69982 1.42039 1.4556 1.11856 1.01472 0.977987 1.42165 1.63836 0.717357
threshold=23.500000000000004 6.5000000000000009 18.500000000000004 212494.13500000004 0.44595000000000001 -0.52724999999999989 3172.5800000000004 552.0150000000001 0.59850000000000014 4.5000000000000009 2.5000000000000004 1.0000000180025095e-35 2.5000000000000004 -0.24539999999999998 -0.33684999999999993 4.5000000000000009 3961.5000000000005 7308.6750000000011 10.500000000000002 112264.31000000001 0.010100000000000001 71935.500000000015 6.5000000000000009 1107.0000000000002
decision_type=2 2 2 2 2 2 2 2 2 2 2 2 2 2 2 2 2 2 2 2 2 2 2 2
left_child=2 7 8 5 14 -3 -7 -2 9 15 12 -12 -11 -6 18 -1 -15 -18 -4 -10 -9 22 -22 -8
right_child=1 3 4 -5 13 6 23 20 19 10 11 -13 -14 16 -16 -17 17 -19 -20 -21 21 -23 -24 -25
leaf_value=0.041309357297736327 -0.0074522529562286045 -0.031676512505805318 -0.0055880523546310845 -0.052248479775147828 -0.051966327796678827 -0.0099646476156963568 0.062354232857123604 0.081169552113882881 0.062449082498273106 -0.0047695041872883228 -0.049322275345005051 0.010677716695705953 0.049239110503288851 0.057630903635278022 -0.069226866567702466 0.00012530814507574244 0.020752753074002442 -0.033638641434902639 -0.046471162233117973 0.007194165692324922 0.069083908423394555 0.0056126209053648304 0.012842191811037957 0.023827179458162116
leaf_weight=4.5508979484438878 3.0311525017023113 3.1579029187560073 3.5880626663565636 2.4372218996286383 1.4652193412184722 3.7077289465814811 2.1693916097283363 1.2152591347694386 1.7502841558307403 49.336860347539186 7.2447623051702958 4.0172503516077995 2.788029294461011 1.2363975532352904 3.3451499827206153 5.5743576735258102 2.918910775333643 2.1259137615561485 3.1347226500511169 1.5817961636930702 3.4959294684231264 3.0169980712234974 2.056688355281949 2.7269528806209564
leaf_count=30 23 22 24 15 9 34 29 10 25 541 42 32 27 11 21 38 77 16 20 17 37 24 23 20
internal_value=-0.00180296 0.0109878 -0.00545341 -0.00451239 -0.0231905 0.00537909 0.0189794 0.0281609 -0.00134153 -0.00304402 -0.00650711 -0.0279198 -0.00188072 -0.00204284 -0.0394618 0.0186359 0.0096028 -0.00216805 -0.0246512 0.0362186 0.0391932 0.0332405 0.048252 0.0408971
internal_weight=121.674 27.0152 94.6586 14.1992 17.8144 11.762 8.60407 12.816 76.8442 73.5122 63.3869 11.262 52.1249 7.74644 10.0679 10.1253 6.28122 5.04482 6.72279 3.33208 9.78488 8.56962 5.55262 4.89634
internal_count=1167 237 930 120 178 105 83 117 752 710 642 74 568 113 65 68 104 93 44 42 94 84 60 49
is_linear=0
shrinkage=0.05


Tree=63
num_leaves=16
num_cat=0
split_feature=25 7 9 17 8 17 19 9 0 0 28 27 11 25 28
split_gain=2.4589 2.18138 3.12387 2.60378 3.47122 4.86303 2.34641 2.01566 6.1349 3.43622 2.7396 2.11033 1.76727 1.4143 1.14321
threshold=1.0000000180025095e-35 3.5000000000000004 0.29550000000000004 293745.32000000001 0.17205000000000001 4473.0950000000003 10.339450000000001 1.0000000180025095e-35 1592.3700000000001 1078.7750000000003 8.5000000000000018 7.5000000000000009 574.50000000000011 3.5000000000000004 7.5000000000000009
decision_type=2 2 2 2 2 2 2 2 2 2 2 2 2 2 2
left_child=-1 2 3 4 5 -2 7 9 -9 11 -11 -3 -10 -6 -8
right_child=1 6 -4 -5 13 -7 14 8 12 10 -12 -13 -14 -15 -16
leaf_value=-0.054445874220221728 -0.053561915443018339 0.030765436167908403 -0.051647821328494541 -0.055016367583537007 0.0016236689434853753 0.015752110464174084 -0.051893922681580322 -0.037146596205461839 0.044374860504091902 0.0098740615600006985 -0.019535757306294289 -0.0068779921355510143 0.016216202919106783 0.033106112467893904 -0.0057112358158699986
leaf_weight=2.1718374397605649 5.7863397747278302 11.101209882646801 4.2918438725173464 2.4455919489264479 8.6474128514528257 4.4972159434109926 2.6694719344377509 4.6247822940349606 8.3128903266042489 12.074525635689495 23.005585687234998 5.6019682101905337 16.900336217135191 6.072385322302579 2.6906443275511265
leaf_count=34 37 81 31 17 63 34 23 28 258 85 150 39 217 51 19
internal_value=-0.00172403 -0.000759566 -0.0119791 -0.00577657 -0.000960399 -0.0232494 0.00333459 0.00543907 0.0157902 -0.000525337 -0.00941294 0.0181405 0.0255002 0.0146112 -0.0287114
internal_weight=120.894 118.722 31.7408 27.4489 25.0034 10.2836 86.9814 81.6213 29.838 51.7833 35.0801 16.7032 25.2132 14.7198 5.36012
internal_count=1167 1133 233 202 185 71 900 858 503 355 235 120 475 114 42
is_linear=0
shrinkage=0.05


Tree=64
num_leaves=24
num_cat=0
split_feature=3 19 30 10 17 23 16 17 11 1 11 7 27 10 7 10 3 1 27 2 28 14 9
split_gain=2.0698 2.27313 2.77614 3.97754 3.23452 2.53595 2.38322 2.94324 2.53567 1.96404 1.9652 2.50101 2.17533 2.05643 1.95246 1.77258 2.20915 2.08 1.7649 1.44981 3.20075 1.28506 0.960151
threshold=3.5000000000000004 1.5161500000000003 1.0000000180025095e-35 726.50000000000011 45365.095000000008 1.5000000000000002 1.5000000000000002 264117.33500000002 1799.0000000000002 10.500000000000002 2024.5000000000002 1.5000000000000002 1.5000000000000002 1.5000000000000002 3.5000000000000004 98.500000000000014 2.5000000000000004 4.5000000000000009 9.5000000000000018 13.500000000000002 15.500000000000002 0.13020000000000001 0.071550000000000016
decision_type=2 2 2 2 2 2 2 2 2 2 2 2 2 2 2 2 2 2 2 2 2 2 2
left_child=1 2 6 4 5 -4 14 8 -8 10 11 -2 -13 -14 22 -3 17 -17 -16 -11 21 -21 -1
right_child=9 15 3 -5 -6 -7 7 -9 -10 19 -12 12 13 -15 18 16 -18 -19 -20 20 -22 -23 -24
leaf_value=-0.055646107576653683 -0.014646112246192495 -0.050427254665049576 0.0079049305559822612 0.089126483056129968 -0.033951323994569328 0.065014870525463411 0.017526265202029909 -0.032209290982154769 -0.033383693600944002 -0.040868312185673994 -0.034185661119514481 -0.014383866907670684 0.0077713901504609471 0.04638662257241067 -0.018440968946712277 0.034237271659845268 -0.041011332581979108 -0.020084953722595496 0.019430540610683146 -0.046089444403423635 0.041086182772004855 3.7217805646936133e-05 -0.017596316973146949
leaf_weight=4.3541633188724544 4.2347387038171318 4.3167867846786967 8.4965823981910962 1.6677070185542096 3.5428795590996733 2.520440597087144 18.494091570377357 4.8923866748809806 2.8185907527804366 2.6754634566605082 1.7971889115869988 2.6248747222125592 4.9512451551854637 11.353980315849183 13.878522653132679 3.195972125977276 4.3264424540102482 3.9279335886240005 3.9524423237889996 2.7109168916940671 3.23623251542449 3.4083311147987843 2.6774881221354008
leaf_count=31 33 39 154 14 23 19 138 31 17 17 14 20 189 121 94 24 26 24 40 19 32 27 21
internal_value=-0.00165382 -0.0060351 -0.00203138 0.015984 0.0076062 0.0209704 -0.00775607 0.002765 0.0107935 0.0081837 0.016182 0.0200896 0.0278601 0.0346607 -0.0188452 -0.0231233 -0.0128297 0.00428543 -0.0100463 -0.00841123 0.000870788 -0.0203976 -0.0411576
internal_weight=120.055 83.0624 67.2953 16.2276 14.5599 11.017 51.0677 26.2051 21.3127 36.993 24.962 23.1648 18.9301 16.3052 24.8626 15.7671 11.4503 7.12391 17.831 12.0309 9.35548 6.11925 7.03165
internal_count=1167 695 582 210 196 173 372 186 155 472 377 363 330 310 186 113 74 48 134 95 78 46 52
is_linear=0
shrinkage=0.05


Tree=65
num_leaves=26
num_cat=0
split_feature=2 2 1 9 10 0 11 6 19 25 20 25 14 0 7 24 11 18 20 11 11 10 9 18 20
split_gain=2.07518 2.57802 2.54444 2.6482 2.60053 3.0245 2.48096 2.23202 2.68689 1.80952 3.40551 2.74402 2.2516 3.04356 2.23691 3.35122 2.91706 1.76728 1.50245 1.25481 3.39924 0.863567 1.56063 0.851892 0.29245
threshold=23.500000000000004 18.500000000000004 6.5000000000000009 0.0023500000000000005 562.50000000000011 15390.470000000003 1081.0000000000002 5.5000000000000009 0.34285000000000004 9.5000000000000018 -0.30994999999999989 4.5000000000000009 0.41400000000000009 1280.2550000000003 3.5000000000000004 39.500000000000007 1376.0000000000002 552.0150000000001 -0.37469999999999998 320.00000000000006 676.50000000000011 64.500000000000014 0.055200000000000006 15237.940000000002 -0.46149999999999997
decision_type=2 2 2 2 2 2 2 2 2 2 2 2 2 2 2 2 2 2 2 2 2 2 2 2 2
left_child=1 9 17 6 5 -5 -4 -3 18 11 -11 14 13 -13 16 -16 -1 -2 -9 -10 -21 -19 24 -7 -23
right_child=2 7 3 4 -6 23 -8 8 19 10 -12 12 -14 -15 15 -17 -18 21 -20 20 -22 22 -24 -25 -26
leaf_value=-0.024823216206002863 -0.0065635428360231235 -0.057310573447793903 0.00050902073209573386 -0.040508336442141399 0.062232096210600711 0.0041838634848695736 -0.065161238963803145 -0.013308327409123775 0.050666298395418731 0.053358722997527711 -0.012723725542481901 0.0078374168780797442 0.012977338748935996 -0.043050434634119734 0.0057129599874504592 0.065929182295194025 0.019642940115098637 0.0037374270844591586 -0.059137838437115169 -0.053963726421583702 0.030681454421897642 0.082448729927350181 0.019704001615929178 0.056155572667904531 0.055116954401596474
leaf_weight=12.48059416934848 2.9626117795705822 3.6367540508508709 3.1206063963472834 2.7702740579843503 2.1123486887663603 1.5239667091518643 2.6676835715770721 3.9120662361383438 1.4732550829648969 4.0666456241160631 3.7450626380741587 4.0527293309569385 4.0644239000976077 10.685216773301361 28.664851982146505 2.5131214633584014 5.2355113290250292 1.5680451970547418 3.2942718341946584 1.9254262521862981 3.0888924896717072 1.4687319472432125 3.5572271998971701 1.6337699405848978 2.9335142131894836
leaf_count=94 23 22 25 19 21 20 15 27 37 39 33 28 38 68 392 18 42 16 22 16 54 11 36 20 31
internal_value=-0.00158663 -0.00509985 0.0108062 -0.00396879 0.0145961 -0.00237817 -0.0297568 -0.0224914 -0.0132443 -0.00110814 0.0216777 -0.00373747 -0.0199706 -0.029057 0.00250504 0.0105667 -0.0116825 0.0271645 -0.0342586 0.0100982 -0.00182108 0.0376524 0.0443337 0.0310733 0.0642357
internal_weight=119.158 92.8388 26.3188 13.8286 8.04036 5.92801 5.78829 17.3307 13.6939 75.5082 7.81171 67.6964 18.8024 14.7379 48.8941 31.178 17.7161 12.4901 7.20634 6.48757 5.01432 9.52752 7.95947 3.15774 4.40225
internal_count=1167 930 237 120 80 59 40 178 156 752 72 680 134 96 546 410 136 117 49 107 70 94 78 40 42
is_linear=0
shrinkage=0.05


Tree=66
num_leaves=26
num_cat=0
split_feature=2 2 1 10 9 3 6 20 14 25 2 6 19 17 6 19 18 20 18 10 24 10 9 17 20
split_gain=1.89209 2.38105 2.31543 2.43528 2.40953 2.1218 4.00658 3.33877 3.03423 2.75221 2.63343 4.36513 2.4065 2.33108 2.07649 2.46663 1.62191 1.43968 1.20854 2.02778 1.09943 0.801617 1.46737 0.765489 0.255005
threshold=23.500000000000004 18.500000000000004 6.5000000000000009 646.50000000000011 0.078050000000000008 3.5000000000000004 4.5000000000000009 0.71165000000000012 0.10410000000000001 8.5000000000000018 13.500000000000002 2.5000000000000004 0.80685000000000018 45365.095000000008 5.5000000000000009 0.34285000000000004 552.0150000000001 -0.37469999999999998 19262.785000000003 142.50000000000003 31.500000000000004 64.500000000000014 0.055200000000000006 1422.0100000000002 -0.45669999999999994
decision_type=2 2 2 2 2 2 2 2 2 2 2 2 2 2 2 2 2 2 2 2 2 2 2 2 2
left_child=1 5 16 4 23 6 8 13 -1 10 12 -12 -7 -8 -3 17 -2 -16 19 -17 -6 -18 24 -4 -23
right_child=2 14 3 -5 20 9 7 -9 -10 -11 11 -13 -14 -15 15 18 21 -19 -20 -21 -22 22 -24 -25 -26
leaf_value=-0.0098329001551357518 -0.0062344553143766808 -0.055773432345354507 -0.05147690558652062 0.034358841373959552 0.047854155999326499 -0.03553378213574291 -0.00096674388515861692 -0.056430527699639035 0.055167742918444729 0.056365801165960794 -0.071946125994758026 0.03089295528900576 0.017025564608976841 -0.028332924690284075 -0.01269961603914219 0.003382953234104126 0.0035482699819827561 -0.057985300482036775 -0.01596906349094912 0.083158389131879104 -0.01093902311473326 0.078085235941422693 0.018822534846711966 -0.018278688805965629 0.052927687861703369
leaf_weight=3.1306454688310614 2.9630331881344345 3.5523004978895214 2.8755558133125287 3.1983931697905055 1.7189819738268854 5.6128756031394058 29.644153552129865 3.9310859795659772 4.2093556132167578 2.965978091582655 1.1450786441564584 10.436044672504062 3.558613907545805 10.551324695348738 3.8950444608926773 2.5665539689362054 1.5690294206142406 3.194311071187256 2.6643719021230936 1.1550514623522756 1.4795823134481905 1.6009595096111287 3.5381222888827324 4.3831659369170666 2.7163246497511873
leaf_count=21 23 22 20 28 28 34 280 32 31 37 6 178 62 71 27 76 16 22 22 9 12 13 36 32 29
internal_value=-0.00152209 -0.00488319 0.0103788 -0.00382075 -0.0154981 -0.00105962 -0.00676175 -0.0124515 0.0274438 0.0113134 0.00487442 0.0207248 -0.0151403 -0.00815037 -0.0217661 -0.0128013 0.026032 -0.0331044 0.00973809 0.0281424 0.0206578 0.0361766 0.0426937 -0.0314302 0.0622568
internal_weight=118.256 92.2128 26.0431 13.6557 10.4573 75.1852 51.4666 44.1266 7.34 23.7186 20.7526 11.5811 9.17149 40.1955 17.0276 13.4753 12.3875 7.08936 6.38598 3.72161 3.19856 9.42444 7.85541 7.25872 4.31728
internal_count=1167 930 237 120 92 752 435 383 52 317 280 184 96 351 178 156 117 49 107 85 40 94 78 52 42
is_linear=0
shrinkage=0.05


Tree=67
num_leaves=20
num_cat=0
split_feature=3 0 0 2 27 19 1 3 11 19 10 28 20 2 10 1 24 1 21
split_gain=1.74792 2.44378 1.91723 2.22057 2.38441 4.2471 3.59242 1.80155 2.82699 2.6235 4.03042 2.15726 1.57769 1.53295 1.52895 0.922349 0.205984 0.140975 0.0288492
threshold=3.5000000000000004 188395.81000000003 92564.450000000012 1.5000000000000002 2.5000000000000004 0.051000000000000011 10.500000000000002 4.5000000000000009 182.00000000000003 1.2375000000000003 269.50000000000006 10.500000000000002 -0.32899999999999996 20.500000000000004 358.50000000000006 10.500000000000002 4.5000000000000009 5.5000000000000009 9748.5000000000018
decision_type=2 2 2 2 2 2 2 2 2 2 2 2 2 2 2 2 2 2 2
left_child=1 2 3 -1 6 -6 -5 8 16 10 13 -12 -9 -10 17 18 -2 -3 -11
right_child=7 14 -4 4 5 -7 -8 12 9 15 11 -13 -14 -15 -16 -17 -18 -19 -20
leaf_value=0.041649256602991527 0.036537228246463722 -0.062009031649690738 0.027973143080700775 0.030569834839582366 -0.029349684597803183 -0.00016963722088080561 -0.018504409895819456 0.010592909538073333 0.039278680875548401 0.057154151705237022 -0.044671202651399206 0.00045878219116898686 -0.03049703690188801 -0.010766251062771815 -0.0048578131472760003 0.015680166150947288 0.06426656293337045 -0.043321135185688746 0.068030898670863413
leaf_weight=2.4612128399312487 0.91528454795480074 2.2429188042879096 4.7054712176322928 9.141384329646824 20.766329627484083 31.212187087163329 6.2988675273954859 4.4133830219507217 5.9867481924593502 1.7176331616938108 4.9243693575263006 5.7281277794390917 4.9632097780704481 2.0556020773947239 2.6572831831872463 1.9389587119221685 2.4962566327303648 1.8346109874546526 0.94508627988398064
leaf_count=19 33 22 38 67 142 323 44 28 174 31 36 53 34 17 19 19 34 21 13
internal_value=-0.00146012 -0.00552407 -0.00291949 -0.00499969 -0.00670268 -0.0118276 0.0105499 0.0076984 0.014318 0.00809301 -0.000231566 -0.0204036 -0.0111568 0.0264873 -0.0343688 0.0419126 0.056827 -0.0536007 0.0610147
internal_weight=117.405 81.3203 74.5855 69.88 67.4188 51.9785 15.4403 36.0847 26.7081 23.2965 18.6948 10.6525 9.37659 8.04235 6.73481 4.60168 3.41154 4.07753 2.66272
internal_count=1167 695 633 595 576 465 111 472 410 343 280 89 62 191 62 63 67 43 44
is_linear=0
shrinkage=0.05


Tree=68
num_leaves=19
num_cat=0
split_feature=23 17 20 19 28 1 17 18 17 17 24 19 25 0 1 19 23 27
split_gain=1.82909 2.53811 3.26871 3.39392 3.12677 3.54779 2.29477 3.61739 3.43048 3.73161 4.05253 2.7828 1.74471 1.78199 1.24527 1.2248 1.2837 1.2049
threshold=1.5000000000000002 124137.49500000001 -0.64774999999999994 5.9753000000000016 3.5000000000000004 10.500000000000002 92877.095000000016 212494.13500000004 35057.295000000006 2832.9850000000001 9.5000000000000018 0.39070000000000005 1.0000000180025095e-35 13561.455000000002 9.5000000000000018 0.060050000000000006 2.5000000000000004 4.5000000000000009
decision_type=2 2 2 2 2 2 2 2 2 2 2 2 2 2 2 2 2 2
left_child=6 2 -2 4 -4 -6 8 11 9 12 -11 -8 -1 -14 -12 -3 -17 -10
right_child=1 15 3 -5 5 -7 7 -9 17 10 14 -13 13 -15 -16 16 -18 -19
leaf_value=-0.054059089319296087 -0.043044238708691868 -0.048576123581664452 0.05460216026360229 -0.049254005252956402 0.018976878656218079 -0.023938308497132035 0.078043950158916797 -0.0072089063236467632 -0.065151802014401142 -0.0041629428910044614 0.037052946312359544 0.0078220163107728599 -0.0082515551213695592 0.01215699757398851 0.084590597934229433 0.0052330648435213976 -0.037578101622582308 -0.017595880401557712
leaf_weight=1.5891936719417561 4.2057103402912608 4.8591349720954877 3.4183634854853251 2.6553831510245791 12.907562503591182 7.6821420118212691 3.6403307691216451 4.8964871019124985 2.3619736321270457 4.5104588717222196 2.8894152343273163 2.3036210965365171 29.192060066387057 16.881243474781513 2.632974011823535 3.5459703765809536 3.4591320604085922 3.054242204874754
leaf_count=27 28 34 30 20 113 61 31 38 15 34 26 21 287 295 23 29 24 31
internal_value=-0.00139649 -0.00963161 -0.00207722 0.00438464 0.0103173 0.00296497 0.00336221 0.024614 -0.000288133 0.00328353 0.0309991 0.0508289 -0.00255054 -0.000773868 0.059718 -0.0292871 -0.0159072 -0.0383347
internal_weight=116.685 42.7334 30.8692 26.6635 24.0081 20.5897 73.952 10.8404 63.1116 57.6953 10.0328 5.94395 47.6625 46.0733 5.52239 11.8642 7.0051 5.41622
internal_count=1167 339 252 224 204 174 828 90 738 692 83 52 609 582 49 87 53 46
is_linear=0
shrinkage=0.05


Tree=69
num_leaves=23
num_cat=0
split_feature=2 2 20 28 20 26 19 3 26 0 14 25 2 11 19 7 19 0 20 0 10 0
split_gain=1.79228 2.09426 2.09278 1.98785 2.19044 1.91872 2.1961 1.75255 3.58285 3.22764 2.66785 2.55375 2.34753 3.69821 2.08949 1.75879 1.72073 1.48649 1.38326 1.12413 2.72937 0.968965
threshold=23.500000000000004 18.500000000000004 -0.5321499999999999 4.5000000000000009 0.85300000000000009 5.5000000000000009 0.34285000000000004 3.5000000000000004 4.5000000000000009 225731.19000000003 0.10410000000000001 8.5000000000000018 13.500000000000002 1608.0000000000002 0.80685000000000018 3.5000000000000004 1.9052000000000002 1592.3700000000001 -0.37469999999999998 33811.525000000009 142.50000000000003 5204.2450000000008
decision_type=2 2 2 2 2 2 2 2 2 2 2 2 2 2 2 2 2 2 2 2 2 2
left_child=1 7 21 -4 16 -3 18 8 10 15 -1 12 14 -14 -9 -10 17 -5 -7 20 -8 -2
right_child=2 5 3 4 -6 6 19 11 9 -11 -12 -13 13 -15 -16 -17 -18 -19 -20 -21 -22 -23
leaf_value=-0.0090581291823787283 -0.034155575732804477 -0.05404797110253038 -0.014034574215295671 -0.004565083771996623 0.074801684750666356 -0.011554386723596339 0.00050696403763656253 -0.033857778865783693 -0.022128566388888195 -0.061826682265547821 0.052219995530974242 0.054601794528262221 0.0051886953638860247 0.077232535257953774 0.015459835814009337 -0.00029882197553114746 -0.013372963119362286 0.039679551343888814 -0.056643855540542902 -0.015416470268671229 0.096961254652925891 0.0053917663442271425
leaf_weight=3.0820834860205641 3.1790688186883953 3.4178893491625812 3.7734855730086592 2.5055466555058938 2.0335740856826297 3.8326435089111328 2.6497345454990868 5.5589914321899467 14.213921200484036 2.9855980947613707 4.1920652780681849 2.8604863137006751 9.0357380853965861 2.2186973430216304 3.4999025613069534 26.298415573313832 3.1267811227589837 7.833621391095221 3.0582165382802469 2.6776666678488255 1.0141369476914404 3.0204507596790791
leaf_count=21 21 22 35 17 26 27 77 34 106 30 31 37 165 19 62 247 24 89 22 22 8 25
internal_value=-0.00133609 -0.00463064 0.0103814 0.0185097 0.0264329 -0.0206512 -0.0120249 -0.00102332 -0.0062237 -0.0116553 0.0262562 0.0103703 0.00414172 0.0193914 -0.0148039 -0.00795788 0.0191284 0.0289575 -0.0315654 0.00920836 0.0272049 -0.0148878
internal_weight=116.069 90.5962 25.4725 19.273 15.4995 16.6503 13.2324 73.9459 50.7721 43.4979 7.27415 23.1738 20.3133 11.2544 9.05889 40.5123 13.4659 10.3392 6.89086 6.34154 3.66387 6.19952
internal_count=1167 930 237 191 156 178 156 752 435 383 52 317 280 184 96 353 130 106 49 107 85 46
is_linear=0
shrinkage=0.05


Tree=70
num_leaves=17
num_cat=0
split_feature=23 2 19 14 19 1 17 4 24 5 2 19 0 20 28 19
split_gain=1.68566 2.7844 3.61011 2.42447 2.28097 2.38338 2.64105 2.14976 2.10339 2.01366 1.79705 2.21939 1.75344 1.60557 1.01015 0.786565
threshold=1.5000000000000002 3.5000000000000004 0.060050000000000006 0.40580000000000005 5.9753000000000016 10.500000000000002 112787.60000000002 1.0000000180025095e-35 25.500000000000004 1.0000000180025095e-35 4.5000000000000009 0.0016000000000000001 54219.310000000005 -0.32434999999999997 12.500000000000002 0.92365000000000008
decision_type=2 2 2 2 2 2 2 2 2 2 2 2 2 2 2 2
left_child=3 -2 8 7 5 6 -4 9 14 -1 12 -12 -11 -7 -3 -5
right_child=1 2 4 15 -6 13 -8 -9 -10 10 11 -13 -14 -15 -16 -17
leaf_value=-0.037663242339912875 0.036571393244419541 -0.028338402148668181 0.028546256933178249 0.062250438957714066 -0.044988911169106034 -0.039965079802943004 -0.014241199145766851 0.054648864217493758 -0.006043738732802683 -0.0062512427876612615 -0.012660886469641381 0.011632468934728996 -0.054246915082658803 0.0095774055189764909 -0.062475374049022675 0.015038311982913721
leaf_weight=3.4107070919126263 3.0742159858345977 3.7570040673017484 10.519011103548118 2.1646212600171562 2.7419481948018065 4.3155196309089661 5.4880982153117648 1.8331626430153836 4.4926662221550933 10.049510985612867 12.337504163384436 39.506667382083833 2.3474508803337804 2.6332057658582917 5.1208812817931175 1.4890826828777788
leaf_count=24 26 27 96 30 21 30 42 14 38 109 92 518 21 25 34 20
internal_value=-0.00127992 -0.00924499 -0.0128502 0.00330955 -0.00188681 0.0032615 0.0138764 0.00122205 -0.0339215 -0.000225653 0.00176199 0.00585131 -0.0153396 -0.0211911 -0.0480291 0.0430089
internal_weight=115.281 42.1426 39.0683 73.1387 25.6978 22.9558 16.0071 69.485 13.3706 67.6518 64.2411 51.8442 12.397 6.94873 8.87789 3.6537
internal_count=1167 339 313 828 214 193 138 778 99 764 740 610 130 55 61 50
is_linear=0
shrinkage=0.05


Tree=71
num_leaves=19
num_cat=0
split_feature=23 25 14 25 21 17 28 17 8 8 12 28 21 24 9 9 21 11
split_gain=1.53422 2.29148 2.25523 2.08328 1.86561 2.51497 2.38449 2.23778 1.85527 4.71261 2.48087 2.24284 1.9808 1.58752 1.49465 1.09645 0.732369 0.624504
threshold=1.5000000000000002 1.5000000000000002 0.40580000000000005 1.0000000180025095e-35 71935.500000000015 1232.2350000000004 8.5000000000000018 112787.60000000002 0.20040000000000005 0.070250000000000021 1.0000000180025095e-35 1.0000000180025095e-35 1287.5000000000002 39.500000000000007 0.041900000000000007 0.059350000000000007 45.000000000000007 1052.5000000000002
decision_type=2 2 2 2 2 2 2 2 2 2 2 2 2 2 2 2 2 2
left_child=2 -2 3 -1 5 -3 7 -7 9 11 12 -5 -10 -8 -12 -11 -4 -6
right_child=1 4 16 8 17 6 13 -9 10 15 14 -13 -14 -15 -16 -17 -18 -19
leaf_value=-0.053793956337004623 0.032517809780065847 0.034220064771950193 0.017471997087800131 -0.048605069917536346 -0.054846741796463698 0.028768623864779786 -0.028987404537753989 -0.020260835185656245 0.0064080007034798842 -0.061027902857834562 -0.052519754119301078 0.0063175144280402497 0.056650216894476663 0.0059307903004829216 0.020746927618322933 -0.02070424357088186 0.062956787376899484 -0.021884176418167665
leaf_weight=1.6827068012207735 3.0980788804590693 3.2432147376239291 1.6437738668173545 1.9335188344120968 2.8899544402956954 5.5979577805846947 16.067618214525286 3.9831962082535028 3.3804044350981695 3.2820427343249312 1.5230370052158826 48.113558703102171 4.6745038963854313 4.0819704681634894 1.2820283081382511 3.4662325903773308 1.9171700496226547 2.8579090461134911
leaf_count=30 29 26 21 13 23 50 122 30 22 22 13 590 37 37 28 23 29 22
internal_value=-0.00122586 -0.0088601 0.00315366 0.00116069 -0.0121707 -0.00758852 -0.0121493 0.00838549 0.00252751 -0.00109309 0.0214625 0.00419564 0.0355651 -0.0219136 -0.0190339 -0.0403158 0.0419605 -0.0384573
internal_weight=114.719 41.8199 72.899 69.338 38.7218 32.974 29.7307 9.58115 67.6553 56.7954 10.86 50.0471 8.05491 20.1496 2.80507 6.74828 3.56094 5.74786
internal_count=1167 339 828 778 310 265 239 80 748 648 100 603 59 159 41 45 50 45
is_linear=0
shrinkage=0.05


Tree=72
num_leaves=28
num_cat=0
split_feature=2 2 20 9 11 26 19 25 17 0 19 3 2 27 0 21 14 10 11 20 21 20 14 11 11 10 18
split_gain=1.6701 1.95778 1.87348 1.85394 2.22749 1.75992 1.91078 1.65009 1.85087 1.63261 3.47585 3.2859 2.4199 2.4228 2.40309 2.454 2.20079 1.91727 1.88654 1.68249 1.59622 1.31807 1.22456 1.01862 3.13059 0.917151 0.888697
threshold=23.500000000000004 18.500000000000004 -0.5321499999999999 0.016800000000000002 1771.5000000000002 5.5000000000000009 0.34285000000000004 1.5000000000000002 297.52000000000004 1078.7750000000003 0.11745000000000001 1.5000000000000002 5.5000000000000009 8.5000000000000018 4556.755000000001 126177.50000000001 0.18630000000000005 232.00000000000003 718.00000000000011 -0.50429999999999986 15142.500000000002 -0.37469999999999998 0.09215000000000001 320.00000000000006 676.50000000000011 418.00000000000006 67369.520000000004
decision_type=2 2 2 2 2 2 2 2 2 2 2 2 2 2 2 2 2 2 2 2 2 2 2 2 2 2 2
left_child=1 9 26 7 22 -3 21 -4 -9 10 11 -1 13 20 17 -16 -13 -14 -15 -12 -11 -7 -5 -8 -25 -24 -2
right_child=2 5 3 4 -6 6 23 8 -10 12 19 16 14 18 15 -17 -18 -19 -20 -21 -22 -23 25 24 -26 -27 -28
leaf_value=0.038056497543929785 -0.030132641566344959 -0.052666151703485681 0.031337902247713788 0.077247665404343246 -0.011860925660187753 -0.010782527445969969 0.045253828022110337 -0.050514414218823384 0.0070891728963548761 -0.020166932930101425 0.013577973674771794 -0.039041992189992256 0.0097840444247342222 -0.030787697362207211 0.0030986479133443944 0.049905294366981205 0.010704920273060012 -0.037516459376859296 0.034646092279074017 0.069474504884746976 -0.061298900479717457 -0.055560723742000218 0.013836722849694295 -0.053961901024691332 0.028228875839234731 0.055838098816583019 0.0085622519714298045
leaf_weight=3.6232729144394424 3.5308864116668728 3.2967004701495197 3.1854554936289805 2.235989945009349 2.1139474771916866 3.7423809692263603 1.41621364839375 2.1420768573880196 3.9957091044634581 5.8125400841236097 2.368212953209877 5.3104537650942785 3.2898730617016536 1.8891027271747578 27.787808259017769 3.1140905804932109 3.8243086524307728 6.1420474611222744 2.6422651577740908 3.1196418926119796 3.9695378392934799 2.9301444292068464 2.8417643718421459 1.8634454086422918 3.0628058314323425 2.3952342243865132 2.5594217739999294
leaf_count=30 26 22 25 30 16 27 37 14 37 38 16 37 44 17 356 26 29 40 61 26 32 22 38 16 54 31 20
internal_value=-0.00117424 -0.00437518 0.0102471 0.0180148 0.0334536 -0.0200337 -0.0117679 0.00213939 -0.0130144 -0.000871184 0.0120788 -0.0022341 -0.00519499 -0.0228573 0.00107291 0.00781551 -0.0182152 -0.0210179 0.0073671 0.0453531 -0.0368582 -0.0304462 0.0462721 0.00788236 -0.0028613 0.0330468 -0.0138713
internal_weight=114.205 89.2048 25.0005 18.9102 9.58694 16.3117 13.015 9.32324 6.13779 72.8932 18.2459 12.758 54.6473 14.3134 40.3338 30.9019 9.13476 9.43192 4.53137 5.48785 9.78208 6.67253 7.47299 6.34246 4.92625 5.237 6.09031
internal_count=1167 930 237 191 115 178 156 76 51 752 138 96 614 148 466 382 66 84 78 42 70 49 99 107 70 69 46
is_linear=0
shrinkage=0.05


Tree=73
num_leaves=25
num_cat=0
split_feature=2 1 14 9 14 2 6 0 3 6 0 25 14 2 11 19 9 11 17 18 11 23 14 25
split_gain=1.52213 2.0823 2.2876 2.69527 2.88918 1.80631 1.64013 1.75333 1.56149 3.14464 3.00868 2.32781 2.29463 2.04352 3.22103 1.79652 1.69067 1.41544 2.31998 1.31797 0.955305 0.853365 0.973278 0.864676
threshold=23.500000000000004 6.5000000000000009 0.23425000000000004 0.0023500000000000005 0.15225000000000002 18.500000000000004 5.5000000000000009 1125.8850000000002 3.5000000000000004 4.5000000000000009 225731.19000000003 8.5000000000000018 0.10410000000000001 13.500000000000002 1608.0000000000002 0.80685000000000018 0.047400000000000005 320.00000000000006 7217.0700000000006 552.0150000000001 676.50000000000011 1.5000000000000002 0.086850000000000024 3.5000000000000004
decision_type=2 2 2 2 2 2 2 2 2 2 2 2 2 2 2 2 2 2 2 2 2 2 2 2
left_child=5 19 3 -3 -5 8 -7 -8 9 12 16 13 -1 15 -15 -10 -11 18 -9 -2 -19 22 -21 -23
right_child=1 2 -4 4 -6 6 7 17 11 10 -12 -13 -14 14 -16 -17 -18 20 -20 21 -22 23 -24 -25
leaf_value=-0.0082352072861362913 -0.0043133777441534812 -0.047071494367488302 0.031625192806538575 0.03529653502111154 -0.0387435278346734 -0.051300091892002776 -0.043613907590659272 0.09414591386878586 -0.031522488004745094 -0.0010469503995735347 -0.060960424589558304 0.053276024296084482 0.04893407016247249 0.005214992730216088 0.073413475893186864 0.014462656399658231 -0.024063561558279184 -0.039428540698463188 -0.018466643811295643 0.022757995916444555 0.00036753975943842367 0.045310921240720149 0.071997187230188484 0.0022652340845770529
leaf_weight=3.0386085659265509 2.8916912376880672 4.1029865182936174 3.3460179157555094 3.3759950194507837 2.1609851531684399 3.2173012271523502 3.1722458750009528 0.93092416226863661 5.4696091972291523 28.803978428244591 2.8091941587626925 2.7362603694200507 4.1556420288980007 8.8962999340146762 2.1497211828827849 3.4722216948866844 11.035022690892218 2.0415509529411793 0.89903734438121319 1.7350795418024043 5.770138293504715 2.0004883036017418 2.3804818112403154 2.7988439975306392
leaf_count=21 23 27 39 38 16 22 24 33 34 214 30 37 31 165 19 62 139 19 7 16 73 16 32 30
internal_value=-0.00112934 0.00982179 -0.00399496 -0.0163587 0.00640001 -0.00419382 -0.0193832 -0.0113695 -0.00083823 -0.00579063 -0.0109488 0.0100242 0.0247877 0.00410322 0.0184874 -0.0136659 -0.00742233 -0.00076067 0.0388208 0.0250187 -0.010033 0.0345331 0.0512384 0.0202078
internal_weight=113.39 24.7926 12.986 9.63997 5.53698 88.5978 16.0312 12.8139 72.5666 49.8424 42.6482 22.7241 7.19425 19.9879 11.046 8.94183 39.839 9.64165 1.82996 11.8066 7.81169 8.91489 4.11556 4.79933
internal_count=1167 237 120 81 54 930 178 156 752 435 383 317 52 280 184 96 353 132 40 117 92 94 48 46
is_linear=0
shrinkage=0.05


Tree=74
num_leaves=16
num_cat=0
split_feature=7 9 10 8 8 11 28 10 10 22 14 15 22 19 11
split_gain=1.42641 2.69377 2.47625 2.61291 2.55581 2.0935 1.89502 1.76199 2.76607 2.78252 5.51619 2.66217 1.59505 1.25464 0.994364
threshold=3.5000000000000004 0.29550000000000004 804.00000000000011 0.20040000000000005 0.29415000000000008 1520.0000000000002 1.0000000180025095e-35 899.50000000000011 837.50000000000011 1.5000000000000002 0.25730000000000003 6.5000000000000009 1.0000000180025095e-35 0.13905000000000003 635.50000000000011
decision_type=2 2 2 2 2 2 2 2 2 2 2 2 2 2 2
left_child=1 2 3 12 -5 -6 -2 8 9 10 -8 -11 -1 -10 -14
right_child=6 -3 -4 4 5 -7 7 -9 13 11 -12 -13 14 -15 -16
leaf_value=-0.055447426198690801 -0.035734892178499643 -0.04948864740298594 0.036495892266791383 0.049178742602658594 -0.023700624511840438 0.02493103473202047 0.0050187863464623006 -0.030890506663537116 0.07007724066846123 -0.020019846637725464 0.075719591818806331 0.035365561615405432 0.0059862179250369119 0.018510915368745263 -0.033069449426073025
leaf_weight=3.6952277738601058 3.1535330377519122 3.8541839085519305 3.1994060203433028 2.5859174169600001 6.3446227917447668 3.3982493802905083 48.887706712819636 3.5030502472072831 2.1931381300091735 17.251643060706559 2.9238670133054248 2.4817379973828784 3.1314115272834897 2.5523840487003326 3.3984549753367901
leaf_count=32 28 31 26 21 53 29 634 23 20 130 31 38 26 21 24
internal_value=-0.00108217 -0.0105035 -0.00466903 -0.0105085 0.00499015 -0.00673822 0.0022807 0.00378312 0.00537524 0.00292325 0.00900862 -0.0130544 -0.0291959 0.0423422 -0.0143402
internal_weight=112.555 29.6075 25.7533 22.5539 12.3288 9.74287 82.9471 79.7935 76.2905 71.545 51.8116 19.7334 10.2251 4.74552 6.52987
internal_count=1167 242 211 185 103 82 925 897 874 833 665 168 82 41 50
is_linear=0
shrinkage=0.05


Tree=75
num_leaves=22
num_cat=0
split_feature=23 2 19 19 20 7 17 18 17 17 24 19 10 0 11 24 2 1 18 0 0
split_gain=1.34921 2.48106 3.17375 2.06539 1.95976 1.99448 1.91226 3.2412 3.2057 3.10852 3.35723 2.49889 2.23252 2.17871 1.89536 1.81609 1.51796 1.11238 1.0216 0.981837 0.586204
threshold=1.5000000000000002 3.5000000000000004 0.060050000000000006 1.8476500000000002 -0.12234999999999999 1.5000000000000002 92877.095000000016 212494.13500000004 35057.295000000006 2832.9850000000001 9.5000000000000018 0.39070000000000005 751.50000000000011 183.90000000000001 1524.5000000000002 25.500000000000004 16.500000000000004 9.5000000000000018 48725.040000000008 199163.23500000002 970.08000000000004
decision_type=2 2 2 2 2 2 2 2 2 2 2 2 2 2 2 2 2 2 2 2 2
left_child=6 -2 15 4 5 -4 8 11 9 12 -11 -8 13 -1 -14 20 -5 -12 -10 -18 -3
right_child=1 2 3 16 -6 -7 7 -9 18 10 17 -13 14 -15 -16 -17 19 -19 -20 -21 -22
leaf_value=-0.043748028822559307 0.035510991470368736 -0.032971055246893102 -0.034026663290011978 -0.059843395942983185 0.040618898863594696 0.0092228901416274156 0.074681723292613231 -0.0077032085031356924 -0.014792563141388847 -0.0033449138272180975 0.034179214724133648 0.0065502031132994055 -0.007487728915472708 0.0062693227914452426 -0.056129022978204157 -0.005871688886933432 0.017643699496611737 0.080402503794045482 -0.059238831087105662 -0.029968496198303125 -0.059395685557558656
leaf_weight=2.3212696537375441 2.9973129704594603 4.3882224485278112 3.4672021474689254 2.1621074713766566 3.5328302700072554 11.530827593058348 3.48659331910312 4.7146581225097179 2.4877766221761695 4.3298588991165143 2.7306771632283926 2.1919123847037554 5.577894661575554 35.078515293076634 3.1246135421097279 4.3685447983443728 1.9615117497742174 2.4870408438146114 2.6916859038174152 2.4170225579291582 4.022846020758152
leaf_count=16 26 31 27 16 31 95 31 38 25 34 26 21 41 533 19 38 21 23 21 24 30
internal_value=-0.00103484 -0.00827893 -0.0117465 -0.00140973 0.00711623 -0.000775419 0.00311988 0.0229405 -0.00026663 0.00323512 0.0292026 0.0483828 -0.00214262 0.00316493 -0.0249523 -0.0320256 -0.0255654 0.0562117 -0.0378906 -0.00863901 -0.0456094
internal_weight=112.071 40.8484 37.8511 25.0715 18.5309 14.998 71.2225 10.3932 60.8293 55.6499 9.54758 5.67851 46.1023 37.3998 8.70251 12.7796 6.54064 5.21772 5.17946 4.37853 8.41107
internal_count=1167 339 313 214 153 122 828 90 738 692 83 52 609 549 60 99 61 49 46 45 61
is_linear=0
shrinkage=0.05


Tree=76
num_leaves=26
num_cat=0
split_feature=1 14 2 23 3 0 27 2 0 29 3 21 14 2 25 19 19 6 1 23 10 28 27 18 3
split_gain=1.34651 3.01108 2.38074 2.22644 2.0679 3.36248 3.48392 4.05392 2.8884 2.00495 1.9927 2.67801 2.66705 1.86477 2.10197 1.6692 1.47291 1.31913 1.30119 1.25484 1.07038 1.05336 0.963747 0.944508 0.0174588
threshold=10.500000000000002 0.23425000000000004 22.500000000000004 1.5000000000000002 3.5000000000000004 225731.19000000003 2.5000000000000004 6.5000000000000009 92564.450000000012 5.5000000000000009 1.5000000000000002 18271.000000000004 0.027350000000000003 18.500000000000004 8.5000000000000018 0.17005000000000001 0.0078500000000000011 1.0000000180025095e-35 7.5000000000000009 2.5000000000000004 418.00000000000006 22.500000000000004 7.5000000000000009 7523.9500000000007 3.5000000000000004
decision_type=2 2 2 2 2 2 2 2 2 2 2 2 2 2 2 2 2 2 2 2 2 2 2 2 2
left_child=2 9 4 15 5 6 7 -1 -8 17 -4 16 21 14 18 -3 -12 -2 -6 23 -5 -13 -17 -19 -18
right_child=1 3 10 20 13 -7 8 -9 -10 -11 11 12 -14 -15 -16 22 24 19 -20 -21 -22 -23 -24 -25 -26
leaf_value=-0.024797566196360737 0.012397269922413898 0.066810897740601921 0.054558008829819066 -0.035230142370294357 0.0035617915399061544 -0.061308095867373735 -0.016488368483766998 0.049794342951954895 0.04159613225700956 0.024199762560578486 0.010126380760887911 0.072365974762299418 -0.033379187389322454 -0.041493677960160236 0.065942770661785763 0.03643078788596165 0.067094270430965483 -0.035136528384706593 0.042014809135828765 -0.05978175105337688 0.0097642139527062029 -0.0015688380941812766 -0.0092559633603519331 -0.012465978513893345 0.059044959791914924
leaf_weight=2.7329624295234662 2.4158664308488431 2.1973336674272996 3.3840757980942717 2.5929924100637436 11.612827923148876 2.7385426405817261 27.245961671695117 5.4617359936237335 2.322780765593051 2.531157672405242 2.5923941023647767 1.0183881893754003 4.278575798496604 1.4593122899532307 1.9690151596441854 2.3375070318579674 1.290686581283808 8.0202344581484848 2.7141748527064911 2.5115405395627013 2.6961541790515184 0.91421955823898304 2.2804372124373913 10.75554074719548 1.409123884513974
leaf_count=18 17 19 31 21 123 28 284 43 18 24 20 12 33 11 32 19 15 70 119 19 24 34 21 84 28
internal_value=-0.000991204 -0.0085812 0.00298708 0.0120476 -0.00157297 -0.00781011 -0.00393052 0.0249177 -0.0119255 -0.0180993 0.0208314 0.0109096 -0.011359 0.0126547 0.0175037 0.0309386 0.0370452 -0.0226162 0.0108465 -0.0265898 -0.0122942 0.0373911 0.0138697 -0.0221499 0.0628931
internal_weight=111.484 38.3388 73.1448 12.1044 58.2573 40.502 37.7634 8.1947 29.5687 26.2343 14.8875 11.5034 6.21118 17.7553 16.296 6.81528 5.2922 23.7032 14.327 21.2873 5.28915 1.93261 4.61794 18.7758 2.69981
internal_count=1167 318 849 104 676 391 363 61 302 214 173 142 79 285 274 59 63 190 242 173 45 46 40 154 43
is_linear=0
shrinkage=0.05


Tree=77
num_leaves=20
num_cat=0
split_feature=15 10 25 25 24 9 14 29 23 17 9 1 25 3 10 0 29 14 20
split_gain=1.31357 2.14512 1.91258 2.09481 3.0682 6.22015 3.44589 2.49526 2.02346 2.40217 2.72618 2.07838 2.04197 1.93211 1.91316 1.54341 0.889642 0.873404 0.846834
threshold=4.5000000000000009 444.00000000000006 1.0000000180025095e-35 1.5000000000000002 4.5000000000000009 0.13220000000000001 0.11105000000000002 2.5000000000000004 1.5000000000000002 2832.9850000000001 1.0000000180025095e-35 10.500000000000002 2.5000000000000004 1.5000000000000002 373.50000000000006 2200.1600000000003 3.5000000000000004 0.073300000000000018 -0.45209999999999995
decision_type=2 2 2 2 2 2 2 2 2 2 2 2 2 2 2 2 2 2 2
left_child=2 18 -1 4 6 7 17 -6 9 12 -11 13 -5 -10 -8 -13 -3 -4 -2
right_child=1 16 3 8 5 -7 14 -9 11 10 -12 15 -14 -15 -16 -17 -18 -19 -20
leaf_value=-0.053536083800998516 -0.03258728959482108 0.067632979476429211 0.010159012170961117 -0.034681003802876732 0.016508514600353817 -0.045107057627152343 -0.060073956125569629 0.064904331717179561 0.019221804916688689 -0.001132242127882979 0.035983613016190984 -0.061136270930716032 0.00010362703158420732 -0.015531676301088435 -0.0080833596880761759 -0.020480852573310629 0.018054327820196513 0.060318630317065747 0.012749177256087561
leaf_weight=1.8013029182329763 1.7239925675094125 2.1207732660695915 8.2085033692419564 6.3873778749257353 4.7386302277445775 2.4103962779045096 3.1374088153243056 6.0818098969757557 5.4108655415475431 13.104264963418247 7.9481063457205883 3.4490901157259923 12.428346646949647 15.329111803323029 4.0583220366388559 7.2235942482948303 1.5781416455283759 0.97045714966952878 2.5587726645171633
leaf_count=34 14 30 315 47 35 18 25 50 39 94 76 27 91 122 27 56 27 10 30
internal_value=-0.000950051 0.0185886 -0.00246875 -0.00155695 0.00962263 0.0275295 -0.00484617 0.0437102 -0.00620025 0.0012775 0.0128805 -0.0156908 -0.0117047 -0.00646482 -0.0307518 -0.0336195 0.0464803 0.0154622 -0.00550065
internal_weight=110.669 7.98168 102.688 100.886 29.6055 13.2308 16.3747 10.8204 71.2808 39.8681 21.0524 31.4127 18.8157 20.74 7.19573 10.6727 3.69891 9.17896 4.28277
internal_count=1167 101 1066 1032 480 103 377 85 552 308 170 244 138 161 52 83 57 325 44
is_linear=0
shrinkage=0.05


Tree=78
num_leaves=20
num_cat=0
split_feature=7 9 10 8 28 28 1 10 14 22 22 16 27 28 10 27 16 11 28
split_gain=1.25176 2.45633 2.21402 2.43649 2.16909 1.66456 1.51673 3.06704 2.46404 2.26519 2.15642 3.3241 2.2854 1.71721 1.41854 1.33474 1.27 1.13624 0.812096
threshold=3.5000000000000004 0.29550000000000004 804.00000000000011 0.15825000000000003 15.500000000000002 1.0000000180025095e-35 10.500000000000002 908.00000000000011 0.23425000000000004 1.5000000000000002 1.5000000000000002 1.5000000000000002 8.5000000000000018 17.500000000000004 418.00000000000006 6.5000000000000009 1.5000000000000002 1224.5000000000002 4.5000000000000009
decision_type=2 2 2 2 2 2 2 2 2 2 2 2 2 2 2 2 2 2 2
left_child=1 2 3 16 18 -2 7 10 13 -10 11 -7 -12 17 -11 -15 -1 -8 -5
right_child=5 -3 -4 4 -6 6 8 -9 9 14 12 -13 -14 15 -16 -17 -18 -19 -20
leaf_value=-0.052582597296883055 -0.033930324316688902 -0.048289673947754456 0.034781741544524007 0.011599074750140605 0.032015716209122379 0.010024891384849013 -0.010846444425108471 -0.060210999807487758 0.055379158783107896 -0.023695145839486387 0.006723888057649785 0.048913290398592657 -0.03950505474571997 -0.017539306729494188 0.027605462580081515 0.032040343871640078 -0.012185084191140264 -0.039386912731323297 -0.019737151771643549
leaf_weight=3.901306018233309 3.057061666622757 3.6346378251910201 3.1652351170778266 2.9337218161672336 4.3017904721200457 29.074392477981746 7.1669537983834797 1.5599361918866623 2.6429509371519071 3.0467865541577339 9.5434237681329233 6.7757006082683793 3.7138588894158593 2.5966121181845656 2.4161191917955875 2.8445566575974226 3.8808225346729159 6.7923144064843655 7.0026700347661972
leaf_count=33 28 31 26 34 37 474 58 9 21 25 90 63 29 20 28 30 32 50 49
internal_value=-0.000912485 -0.00986501 -0.00431978 -0.00994029 0.00235568 0.00226382 0.00367923 0.00881075 -0.00577315 0.0173786 0.0110033 0.0173748 -0.00622656 -0.0154464 -0.00100605 0.00838015 -0.032437 -0.0247337 -0.0104851
internal_weight=110.051 28.8202 25.1855 22.0203 14.2382 81.2307 78.1736 50.6673 27.5063 8.10586 49.1074 35.8501 13.2573 19.4004 5.46291 5.44117 7.78213 13.9593 9.93639
internal_count=1167 242 211 185 120 925 897 665 232 74 656 537 119 158 53 50 65 108 83
is_linear=0
shrinkage=0.05


Tree=79
num_leaves=26
num_cat=0
split_feature=3 19 28 3 17 24 18 24 27 28 28 13 3 19 28 19 17 9 14 24 14 15 10 24 24
split_gain=1.27266 1.68313 1.85147 2.8601 3.01418 1.95921 1.81541 1.87025 1.90445 1.63468 1.67186 1.82811 1.46161 2.26318 2.52115 2.61991 1.86054 1.7784 1.20683 1.11513 2.32591 1.83539 0.992886 0.632763 0.0157694
threshold=3.5000000000000004 1.5161500000000003 5.5000000000000009 1.0000000180025095e-35 114767.85000000002 16.500000000000004 432385.08000000007 39.500000000000007 8.5000000000000018 4.5000000000000009 9.5000000000000018 1.0000000180025095e-35 4.5000000000000009 1.2375000000000003 10.500000000000002 0.39070000000000005 3320.2000000000003 0.021900000000000003 0.15340000000000001 7.5000000000000009 0.22590000000000002 1.5000000000000002 434.50000000000006 19.500000000000004 7.5000000000000009
decision_type=2 2 2 2 2 2 2 2 2 2 2 2 2 2 2 2 2 2 2 2 2 2 2 2 2
left_child=1 2 3 -1 5 -5 7 8 -4 -3 -11 -12 13 14 15 16 -2 18 -14 20 -16 -21 -9 24 -15
right_child=12 9 6 4 -6 -7 -8 22 -10 10 11 -13 17 23 19 -17 -18 -19 -20 21 -22 -23 -24 -25 -26
leaf_value=0.057758846899541499 -0.029445755661950276 -0.055881379098048238 -0.013305064732783265 -0.0014602614674250952 -0.046539198881874799 0.056687415656398489 -0.044787338412550795 0.0013427049662170841 0.0093143609154321735 0.020305465551069157 -0.040278913614069059 0.0077152846245736179 0.024865220645975676 0.064548165623790163 0.015153678119782696 -0.059699659957383779 0.035703138172647857 -0.046577634490396945 -0.019042707585989409 0.051213731903020421 -0.079264397942035519 -0.0072260616958019887 0.047043427429582667 0.025370092347841197 0.056469115736137269
leaf_weight=3.1515908502042285 2.0932428129017415 2.5897194026038042 29.182664796710014 3.8837131503969413 2.3247366920113564 2.310410063713789 2.7175446525216094 2.135829320177435 13.662201883271335 2.9848711341619483 5.5443818494677526 3.0898371003568172 3.2563962526619417 1.527610952034592 5.6658381968736631 2.4701774548739195 2.3000218980014324 2.4360049813985825 3.0128398537635803 4.5027689691632986 0.73712208122014988 1.914922136813402 2.6794874705374241 2.3655568519607186 0.99897959735244501
leaf_count=25 15 30 219 35 16 21 20 17 206 20 39 24 24 21 202 15 28 17 21 45 4 24 23 34 22
internal_value=-0.000875394 -0.00443584 -0.000881142 0.0170637 0.00200832 0.0202288 -0.00503822 -0.00277176 -0.00609227 -0.0199588 -0.0119522 -0.0231037 0.00728256 0.0135187 0.00595451 -0.0185021 0.00466188 -0.0103231 0.00376416 0.0190472 0.00428407 0.0337764 0.0267729 0.0439542 0.0613538
internal_weight=109.538 76.257 62.0482 11.6705 8.51886 6.19412 50.3777 47.6602 42.8449 14.2088 11.6191 8.63422 33.2815 24.5762 19.6841 6.86344 4.39326 8.70524 6.26924 12.8207 6.40296 6.41769 4.81532 4.89215 2.52659
internal_count=1167 695 582 97 72 56 485 465 425 113 83 63 472 410 333 58 43 62 45 275 206 69 40 77 43
is_linear=0
shrinkage=0.05


Tree=80
num_leaves=26
num_cat=0
split_feature=2 2 20 19 24 25 27 9 6 19 0 1 19 20 2 27 0 1 24 21 10 20 0 0 10
split_gain=1.21785 1.66341 1.62614 1.65933 1.96352 2.17289 1.73169 1.63339 1.5408 1.49616 1.40563 3.61559 2.59179 1.95287 1.885 2.20661 1.98625 2.2793 1.85069 1.58006 1.34204 1.27777 1.26096 0.938894 2.18757
threshold=23.500000000000004 18.500000000000004 0.85300000000000009 6.7615500000000006 30.500000000000004 1.5000000000000002 5.5000000000000009 0.076700000000000004 5.5000000000000009 0.34285000000000004 1078.7750000000003 1.5000000000000002 0.10810000000000002 -0.63839999999999986 5.5000000000000009 8.5000000000000018 4556.755000000001 3.5000000000000004 25.500000000000004 15142.500000000002 544.50000000000011 -0.37469999999999998 14164.345000000001 33811.525000000009 142.50000000000003
decision_type=2 2 2 2 2 2 2 2 2 2 2 2 2 2 2 2 2 2 2 2 2 2 2 2 2
left_child=1 10 3 4 5 6 -2 -7 -3 21 11 -1 13 -13 15 19 18 -18 -16 -12 -17 -10 -6 24 -11
right_child=2 8 -4 -5 22 7 -8 -9 9 23 14 12 -14 -15 16 20 17 -19 -20 -21 -22 -23 -24 -25 -26
leaf_value=0.063275011972068723 -0.0079932227828149044 -0.050408333408126518 0.049650509303872117 -0.034799927658616996 0.0092955274717967454 -0.023118896413912866 0.055898068592249175 0.02166738046534962 -0.0081173356479887493 -0.001641545199191101 -0.017669904133305808 -0.047665522358524205 0.031783602324049483 0.001401581478103011 -0.033284642096580018 0.029000104787240518 -0.01452102108269558 0.016099416691650378 0.017586188771912706 -0.060080862155011162 -0.029376076096361361 -0.05389067377085445 0.06462919581431581 -0.015907649111236134 0.085286321405006055
leaf_weight=2.8650684580206898 1.7546725831925964 3.0416016578674308 2.2490850426256648 2.3377423342317334 1.8470926899462927 7.6304689701646549 2.680910587310791 2.7766415663063526 3.5306653305888176 2.4582637473940854 5.56732105091214 2.8624575808644295 4.8459894377738228 6.9547235630452615 6.5582590140402299 2.8473589001223436 8.5023601632565278 21.3086888641119 2.4579432234168053 3.6267597787082195 1.5048994952812789 2.6834287978708726 2.3262722324579954 2.5652837492525578 1.0257314406335352
leaf_count=27 14 22 33 16 19 57 35 34 27 77 38 20 36 55 64 66 63 319 20 32 12 22 29 22 8
internal_value=-0.00083906 -0.00362312 0.00921144 0.0049522 0.00983913 0.00131962 0.0306233 -0.0111698 -0.0185532 -0.0106523 -0.000354194 0.0119018 0.00186386 -0.0129052 -0.00445599 -0.0205153 0.0011469 0.00736621 -0.0194165 -0.0343996 0.00881512 -0.0278836 0.040139 0.00704842 0.0239511
internal_weight=108.81 85.2068 23.6029 21.3538 19.0161 14.8427 4.43558 10.4071 15.305 12.2634 69.9018 17.5282 14.6632 9.81718 52.3736 13.5463 38.8273 29.811 9.0162 9.19408 4.35226 6.21409 4.17336 6.04928 3.484
internal_count=1167 930 237 204 188 140 49 91 178 156 752 138 111 75 614 148 466 382 84 70 78 49 48 107 85
is_linear=0
shrinkage=0.05


Tree=81
num_leaves=22
num_cat=0
split_feature=15 22 16 23 27 2 20 25 24 21 18 2 20 27 3 11 24 20 17 17 19
split_gain=1.20457 1.52046 5.4745 1.94851 3.84073 2.28907 2.59151 1.61276 2.73736 2.45179 3.52326 2.43374 2.13364 1.82859 1.60262 1.37787 1.85992 1.20238 1.82564 0.717112 0.017421
threshold=4.5000000000000009 1.5000000000000002 2.5000000000000004 1.5000000000000002 9.5000000000000018 13.500000000000002 -0.58999999999999997 1.5000000000000002 6.5000000000000009 22162.500000000004 11196.715000000002 11.500000000000002 -0.57959999999999989 11.500000000000002 2.5000000000000004 294.00000000000006 30.500000000000004 -0.48539999999999994 112787.60000000002 121385.48000000003 0.29765000000000003
decision_type=2 2 2 2 2 2 2 2 2 2 2 2 2 2 2 2 2 2 2 2 2
left_child=1 2 7 4 5 -3 -7 8 13 10 -9 -11 -10 -1 -4 -5 19 -2 20 -17 -19
right_child=17 3 14 15 -6 6 -8 9 12 11 -12 -13 -14 -15 -16 16 -18 18 -20 -21 -22
leaf_value=-0.018700522466830658 -0.0076510565496607204 -0.017507677068017983 0.023812456009575902 0.0014638265791294554 -0.047462044073785924 -0.012464986581712944 0.061131409762803859 -0.022244473255501562 0.062939660071176767 -0.047528030689545114 0.023649629875044147 -0.010067463258165571 0.012841581825273025 0.013489562424799409 0.075476750944014293 -0.057220192831963716 0.00017298133077789081 0.063478015740588575 -0.0021805184429262731 -0.026900623163747996 0.055597931406418645
leaf_weight=10.990584639832383 2.8438356257975101 2.7002801895141619 3.3627507817000142 3.8726180978119364 2.7905020359903565 1.7269785404205311 3.8913277434185156 7.1526670325547483 2.8496817089617243 6.0791647136211422 10.068550754338501 15.118538852781056 8.3607754884287697 7.3703206563368431 2.7112431339919567 5.0402647070586664 3.0602481663227072 1.4153940789401525 2.0871012229472399 3.1810318157076836 1.3903377242386339
leaf_count=92 25 18 29 34 18 12 40 51 23 51 79 123 73 314 23 34 26 20 24 26 32
internal_value=-0.000806028 -0.00227196 0.00139341 -0.0126085 0.00329793 0.0203256 0.038509 -0.00266964 0.00610781 -0.00942572 0.00458796 -0.0208106 0.0255764 -0.00577898 0.0468738 -0.0242691 -0.0331025 0.0182038 0.0332313 -0.0454888 0.0595732
internal_weight=108.064 100.328 74.0643 26.2633 11.1091 8.31859 5.61831 67.9903 29.5714 38.4189 17.2212 21.1977 11.2105 18.3609 6.07399 15.1542 11.2815 7.73667 4.89283 8.2213 2.80573
internal_count=1167 1066 858 208 88 70 52 806 502 304 130 174 96 406 52 120 86 101 76 60 52
is_linear=0
shrinkage=0.05


Tree=82
num_leaves=13
num_cat=0
split_feature=5 28 0 17 17 14 0 16 22 14 17 21
split_gain=1.12313 2.03192 1.24165 1.38689 2.45343 2.41161 2.12525 1.81173 4.32732 2.09583 1.02502 0.316385
threshold=1.0000000180025095e-35 11.500000000000002 100.02000000000002 279583.51000000007 381631.00500000006 0.11105000000000002 277952.10500000004 1.5000000000000002 1.5000000000000002 0.23190000000000002 1056.3050000000001 7942.0000000000009
decision_type=2 2 2 2 2 2 2 2 2 2 2 2
left_child=1 -1 -2 6 -5 -6 7 9 -9 -4 -8 -12
right_child=2 -3 3 4 5 -7 10 8 -10 -11 11 -13
leaf_value=0.013648506637528496 -0.026507330258847019 -0.047353361143431666 -0.0032856019826653332 -0.051645119044275871 -0.03062422584339726 0.034582522654010871 0.0024760289576373591 0.042398697583354822 0.0026402270956745848 0.035160449948183979 -0.025122208172867578 -0.053504188138477397
leaf_weight=2.3057184722274533 4.1044896841049185 3.3461700100451708 46.494848374277353 3.2760135233402234 2.7747497782111168 2.8998297601938248 2.1918401643633834 9.8716891855001432 22.312928029336035 3.8373686783015719 1.851314213126898 2.0908763557672501
leaf_count=21 31 25 627 20 24 27 26 85 209 29 23 20
internal_value=-0.000773095 -0.0224673 0.000432472 0.00156539 -0.0171923 0.0026978 0.00345925 0.00556999 0.014835 -0.000354444 -0.0249351 -0.0401756
internal_weight=107.358 5.65189 101.706 97.6015 8.95059 5.67458 88.6509 82.5168 32.1846 50.3322 6.13403 3.94219
internal_count=1167 46 1121 1090 71 51 1019 950 294 656 69 43
is_linear=0
shrinkage=0.05


Tree=83
num_leaves=16
num_cat=0
split_feature=3 0 21 1 20 8 10 28 11 7 28 29 0 11 1
split_gain=1.15444 1.79118 1.81499 1.97959 1.4501 3.27985 1.5704 1.4182 1.418 1.70899 1.77186 1.75195 1.55489 2.19512 1.09661
threshold=3.5000000000000004 589166.90000000002 277585.00000000006 1.0000000180025095e-35 -0.097099999999999978 0.49340000000000006 820.50000000000011 15.500000000000002 2004.5000000000002 1.5000000000000002 1.5000000000000002 3.5000000000000004 33069.56500000001 1922.5000000000002 10.500000000000002
decision_type=2 2 2 2 2 2 2 2 2 2 2 2 2 2 2
left_child=1 2 3 7 5 -5 -6 -1 9 11 -11 -2 13 -12 -14
right_child=8 -3 -4 4 6 -7 -8 -9 -10 10 12 -13 14 -15 -16
leaf_value=0.071481608148881715 -0.046147137816290089 -0.04876440544878443 -0.034176231801311019 -0.011479936686486315 0.0038626525458332291 0.039030385997357947 0.050174427618216701 0.0016970234190588148 -0.031676718433539836 -0.035523538727134332 0.0060041195366399907 0.011166817058622021 0.057832768391017246 0.082169234706967312 0.017600108453913584
leaf_weight=1.5826019905507558 2.5077773481607464 2.1849758345633736 4.3376966761425129 41.710668476298451 17.966961844824258 3.4822287112474433 2.0381367579102507 1.3483069706708191 2.194171641021966 1.5948516800999666 15.48858929611743 2.8470993023365736 3.630084140226244 1.0075272470712651 3.1751311961561441
leaf_count=16 19 25 36 321 224 29 15 29 21 16 293 25 58 8 32
internal_value=-0.000738863 -0.00416121 -0.00281636 -0.000819705 -0.00262678 -0.00758799 0.00858094 0.0393786 0.00713544 0.00995056 0.0154622 -0.0156743 0.0189519 0.010656 0.0390613
internal_weight=107.097 74.6516 72.4666 68.1289 65.198 45.1929 20.0051 2.93091 32.4452 30.2511 24.8962 5.35488 23.3013 16.4961 6.80522
internal_count=1167 695 670 634 589 350 239 45 472 451 407 44 391 301 90
is_linear=0
shrinkage=0.05


Tree=84
num_leaves=24
num_cat=0
split_feature=2 1 10 9 2 6 19 20 3 5 18 11 20 23 10 11 11 11 23 11 17 10 11
split_gain=1.16633 1.55516 1.93419 1.69878 1.50763 1.39539 1.29713 1.22659 1.53611 1.20511 1.17044 1.10964 2.97696 2.39766 1.09017 0.94965 2.64666 1.60274 0.77605 0.719223 0.632744 0.466533 0.296457
threshold=23.500000000000004 6.5000000000000009 646.50000000000011 0.078050000000000008 18.500000000000004 5.5000000000000009 0.34285000000000004 0.71165000000000012 3.5000000000000004 1.0000000180025095e-35 552.0150000000001 1404.5000000000002 -0.46859999999999996 3.5000000000000004 550.50000000000011 676.50000000000011 320.00000000000006 1283.0000000000002 1.5000000000000002 1245.5000000000002 1422.0100000000002 112.50000000000001 1481.0000000000002
decision_type=2 2 2 2 2 2 2 2 2 2 2 2 2 2 2 2 2 2 2 2 2 2 2
left_child=4 10 3 20 7 -6 14 9 -9 -1 -2 13 -13 -11 -7 16 -8 -17 22 -5 -3 -20 -12
right_child=1 2 -4 19 5 6 15 8 -10 11 18 12 -14 -15 -16 17 -18 -19 21 -21 -22 -23 -24
leaf_value=-0.030167472232785094 -0.0054805339821836201 -0.048602681185633545 0.0325055198402475 0.043476639419483307 -0.048846925569875438 -0.046276387566414015 0.04048656452604521 -0.044298465768461442 0.0074253619663052859 0.0017589090419100383 0.060322555880784057 0.045467663419593622 -0.00099482490472495994 -0.054124546558479147 -0.0036486990965893815 0.055954749769932616 -0.053708572405526692 -0.019708439733595359 -0.0042904261904964285 -0.0075236780998314927 -0.016222037745326236 0.029674209985851397 0.03192260955895021
leaf_weight=2.8282112739980212 2.7518345564603832 2.4473101459443551 2.8840258922427884 1.3990184571594002 2.920134410262107 3.2605594508349878 1.3037222195416691 3.3574303276836863 2.5074448361992836 42.530927055515349 2.2567563485354172 5.2272830940783015 10.125684229657052 2.0100964456796637 2.7775316797196865 1.7940887100994589 1.742354270070791 1.1475881971418855 1.5348920691758392 1.3665085360407827 3.933618413284421 2.9623550847172737 1.5500348787754772
leaf_count=19 23 20 28 29 22 26 37 34 26 527 34 44 88 14 23 45 16 9 13 11 32 33 14
internal_value=-0.000704552 0.00924296 -0.00319746 -0.0144552 -0.00345378 -0.0178434 -0.010315 -0.000318118 -0.0221847 0.00172653 0.02278 0.00323257 0.0148244 -0.000763061 -0.0266676 0.00617502 -0.013393 0.0264375 0.0321452 0.0182762 -0.0286412 0.0180822 0.0487588
internal_weight=106.619 23.0864 12.0305 9.14646 83.5331 14.946 12.0258 68.5871 5.86488 62.7222 11.0559 59.894 15.353 44.541 6.03809 5.98775 3.04608 2.94168 8.30404 2.76553 6.38093 4.49725 3.80679
internal_count=1167 237 120 92 930 178 156 752 60 692 117 673 132 541 49 107 53 54 94 40 52 46 48
is_linear=0
shrinkage=0.05


Tree=85
num_leaves=18
num_cat=0
split_feature=15 23 2 19 14 4 20 5 17 24 21 11 20 17 18 20 19
split_gain=1.13707 1.35813 2.28175 2.91385 2.24198 1.89608 1.61663 1.52298 1.2571 1.23396 2.39728 1.76558 1.07473 1.7079 0.860979 0.63481 0.0144175
threshold=4.5000000000000009 1.5000000000000002 3.5000000000000004 0.060050000000000006 0.079600000000000018 1.0000000180025095e-35 -0.55019999999999991 1.0000000180025095e-35 38726.390000000007 11.500000000000002 6594.0000000000009 5.5000000000000009 -0.48539999999999994 112787.60000000002 118702.74500000001 -0.44679999999999992 0.29765000000000003
decision_type=2 2 2 2 2 2 2 2 2 2 2 2 2 2 2 2 2
left_child=1 5 -3 8 15 7 -6 -1 14 11 -11 -9 -2 16 -4 -5 -14
right_child=12 2 3 4 6 -7 -8 9 -10 10 -12 -13 13 -15 -16 -17 -18
leaf_value=-0.032918143778902655 -0.0064742483526933296 0.034310455108731069 0.00073417305944557809 0.045695945576055608 -0.04951318771694712 0.051548248335638362 -0.0060484719186327529 0.04176952304079571 -0.056814520561971116 0.033852369461929634 -0.0006417544139903867 -0.0055236591493509225 0.062669360311281147 -0.0016899144520523377 -0.040662782075494265 0.0097504033493954444 0.055312330138220213
leaf_weight=3.2198561988770953 2.7963801138103008 2.6251846291124812 2.4796098582446593 2.1696927696466446 2.5512892268598106 1.8792160190641869 13.248942330479617 2.0857073953375211 4.4100568257272243 7.9138313326984671 13.855954056605695 36.671061588451266 1.351103458553552 2.0469623329117894 2.5453196987509727 2.8307884745299843 1.3131368160247801
leaf_count=25 25 22 20 17 17 17 111 48 37 72 111 520 20 24 24 25 32
internal_value=-0.000676296 -0.00210613 -0.0104037 -0.0142859 -0.00383212 0.00204873 -0.0130668 0.000589503 -0.0373328 0.00237202 0.0118977 -0.00297856 0.0180806 0.0326554 -0.020235 0.0253471 0.0590433
internal_weight=105.994 98.4865 32.8609 30.2357 20.8007 65.6256 15.8002 63.7464 9.43499 60.5266 21.7698 38.7568 7.50758 4.7112 5.02493 5.00048 2.66424
internal_count=1167 1066 273 251 170 793 128 776 81 751 183 568 101 76 44 42 52
is_linear=0
shrinkage=0.05


Tree=86
num_leaves=19
num_cat=0
split_feature=24 27 10 5 29 23 25 8 8 10 14 20 27 20 20 19 10 9
split_gain=1.09194 2.35143 1.94453 1.1736 1.25512 1.13956 2.37282 1.78052 3.58911 3.39063 2.02365 1.70354 1.47587 1.18288 1.1554 1.12004 0.716789 0.627791
threshold=39.500000000000007 8.5000000000000018 410.50000000000006 1.0000000180025095e-35 2.5000000000000004 1.5000000000000002 1.5000000000000002 0.18890000000000004 0.070250000000000021 227.50000000000003 0.24150000000000002 -0.55019999999999991 8.5000000000000018 -0.63274999999999992 -0.47869999999999996 1.9749500000000002 745.50000000000011 0.059350000000000007
decision_type=2 2 2 2 2 2 2 2 2 2 2 2 2 2 2 2 2 2
left_child=3 2 -2 4 -1 7 -7 8 10 12 -5 13 -9 -8 -11 -13 -4 -10
right_child=1 -3 16 5 -6 6 11 9 17 14 -12 15 -14 -15 -16 -17 -18 -19
leaf_value=-0.051749496398504347 0.0010475985280869078 -0.031536883237330698 0.067440072713690347 -0.00087724828276039405 -0.0017039110638047306 0.037549539279500721 -0.018259382035395941 -0.052899243835327438 -0.055365071442835062 0.011060849242583465 0.027826423383786731 0.00042095826351257437 0.014715104531180868 -0.060455543168986672 0.055592251355299452 -0.027809370531318385 0.027153559883111564 -0.022337135145997517
leaf_weight=2.423813432455062 3.9473831187933666 2.1926659997552624 2.4433795074000955 37.148711103014648 2.5932398568838835 2.4976191930472877 4.2801494300365448 1.6665045935660585 2.7443803474307051 2.0988225378096104 7.3564344234764567 15.508842795155944 1.564962546341121 2.7139996849000481 4.7602793090045452 4.5426637586206189 2.0143469274044037 3.0242904275655746
leaf_count=20 36 23 27 538 22 25 33 17 25 16 76 133 30 20 42 43 18 23
internal_value=-0.000647178 0.0145751 0.0266045 -0.00234666 -0.0258817 -0.00103335 -0.00907972 0.00290468 -0.000942482 0.0220722 0.0038673 -0.0133859 -0.0201544 -0.0346331 0.041966 -0.00597462 0.0492355 -0.0380498
internal_weight=105.522 10.5978 8.40511 94.9247 5.01705 89.9077 29.5433 60.3644 50.2738 10.0906 44.5051 27.0457 3.23147 6.99415 6.8591 20.0515 4.45773 5.76867
internal_count=1167 104 81 1063 42 1021 254 767 662 105 614 229 47 53 58 176 45 48
is_linear=0
shrinkage=0.05


end of trees

feature_importances:
amount=155
account_age_days=140
transaction_type=130
payment_rail=128
device_age_days=101
authentication_method=95
amount_zscore_account=91
velocity_score=81
merchant_familiarity_score=79
amount_to_avg_7d_ratio=79
avg_amount_last_1d=71
campaign_step=67
hour_of_day=66
account_tx_count_to_date=62
avg_amount_last_7d=58
seconds_since_prev_tx=55
location_region=52
merchant_category_code=45
transaction_count_last_1h=42
distinct_devices_last_7d=39
location_country=31
merchant_risk_score=25
is_new_device=21
transaction_count_last_24h=18
distinct_beneficiaries_last_24h=16
currency=14
day_of_week=13
auth_success=10
is_new_beneficiary=7
card_present=3
is_night=1

parameters:
[boosting: gbdt]
[objective: binary]
[metric: binary_logloss]
[tree_learner: serial]
[device_type: cpu]
[data_sample_strategy: bagging]
[data: ]
[valid: ]
[num_iterations: 400]
[learning_rate: 0.05]
[num_leaves: 31]
[num_threads: 10]
[seed: 42]
[deterministic: 0]
[force_col_wise: 0]
[force_row_wise: 0]
[histogram_pool_size: -1]
[max_depth: 6]
[min_data_in_leaf: 20]
[min_sum_hessian_in_leaf: 0.001]
[bagging_fraction: 0.8]
[pos_bagging_fraction: 1]
[neg_bagging_fraction: 1]
[bagging_freq: 0]
[bagging_seed: 400]
[bagging_by_query: 0]
[feature_fraction: 0.8]
[feature_fraction_bynode: 1]
[feature_fraction_seed: 30056]
[extra_trees: 0]
[extra_seed: 12879]
[early_stopping_round: 0]
[early_stopping_min_delta: 0]
[first_metric_only: 0]
[max_delta_step: 0]
[lambda_l1: 0]
[lambda_l2: 0]
[linear_lambda: 0]
[min_gain_to_split: 0]
[drop_rate: 0.1]
[max_drop: 50]
[skip_drop: 0.5]
[xgboost_dart_mode: 0]
[uniform_drop: 0]
[drop_seed: 17869]
[top_rate: 0.2]
[other_rate: 0.1]
[min_data_per_group: 100]
[max_cat_threshold: 32]
[cat_l2: 10]
[cat_smooth: 10]
[max_cat_to_onehot: 4]
[top_k: 20]
[monotone_constraints: ]
[monotone_constraints_method: basic]
[monotone_penalty: 0]
[feature_contri: ]
[forcedsplits_filename: ]
[refit_decay_rate: 0.9]
[cegb_tradeoff: 1]
[cegb_penalty_split: 0]
[cegb_penalty_feature_lazy: ]
[cegb_penalty_feature_coupled: ]
[path_smooth: 0]
[interaction_constraints: ]
[verbosity: -1]
[saved_feature_importance_type: 0]
[use_quantized_grad: 0]
[num_grad_quant_bins: 4]
[quant_train_renew_leaf: 0]
[stochastic_rounding: 1]
[linear_tree: 0]
[max_bin: 255]
[max_bin_by_feature: ]
[min_data_in_bin: 3]
[bin_construct_sample_cnt: 200000]
[data_random_seed: 175]
[is_enable_sparse: 1]
[enable_bundle: 1]
[use_missing: 1]
[zero_as_missing: 0]
[feature_pre_filter: 1]
[pre_partition: 0]
[two_round: 0]
[header: 0]
[label_column: ]
[weight_column: ]
[group_column: ]
[ignore_column: ]
[categorical_feature: ]
[forcedbins_filename: ]
[precise_float_parser: 0]
[parser_config_file: ]
[objective_seed: 16083]
[num_class: 1]
[is_unbalance: 0]
[scale_pos_weight: 0.620833]
[sigmoid: 1]
[boost_from_average: 1]
[reg_sqrt: 0]
[alpha: 0.9]
[fair_c: 1]
[poisson_max_delta_step: 0.7]
[tweedie_variance_power: 1.5]
[lambdarank_truncation_level: 30]
[lambdarank_norm: 1]
[label_gain: ]
[lambdarank_position_bias_regularization: 0]
[eval_at: ]
[multi_error_top_k: 1]
[auc_mu_weights: ]
[num_machines: 1]
[local_listen_port: 12400]
[time_out: 120]
[machine_list_filename: ]
[machines: ]
[gpu_platform_id: -1]
[gpu_device_id: -1]
[gpu_device_id_list: ]
[gpu_use_dp: 0]
[num_gpu: 1]

end of parameters

pandas_categorical:[]
